item_id,item_name,category,household_id,timestamp,quantity_consumed,unit,day_of_week,is_weekend,month,season,is_holiday
ITM001,Milk,Dairy,HH001,2026-01-07,0.96,liters,2,0,1,winter,0
ITM001,Milk,Dairy,HH001,2026-01-13,0.79,liters,1,0,1,winter,0
ITM001,Milk,Dairy,HH001,2026-01-18,1.28,liters,6,1,1,winter,0
ITM001,Milk,Dairy,HH001,2026-01-23,0.85,liters,4,0,1,winter,0
ITM001,Milk,Dairy,HH001,2026-01-25,1.29,liters,6,1,1,winter,0
ITM001,Milk,Dairy,HH001,2026-01-29,0.62,liters,3,0,1,winter,0
ITM001,Milk,Dairy,HH001,2026-02-01,1.09,liters,6,1,2,winter,0
ITM001,Milk,Dairy,HH001,2026-02-08,0.92,liters,6,1,2,winter,0
ITM001,Milk,Dairy,HH001,2026-02-13,1.1,liters,4,0,2,winter,0
ITM001,Milk,Dairy,HH001,2026-02-18,1.19,liters,2,0,2,winter,0
ITM001,Milk,Dairy,HH001,2026-02-20,0.89,liters,4,0,2,winter,0
ITM001,Milk,Dairy,HH001,2026-02-24,1.09,liters,1,0,2,winter,0
ITM001,Milk,Dairy,HH001,2026-02-26,0.86,liters,3,0,2,winter,0
ITM001,Milk,Dairy,HH001,2026-03-08,0.92,liters,6,1,3,spring,1
ITM001,Milk,Dairy,HH001,2026-03-10,0.48,liters,1,0,3,spring,0
ITM001,Milk,Dairy,HH001,2026-03-11,0.41,liters,2,0,3,spring,0
ITM001,Milk,Dairy,HH001,2026-03-12,0.3,liters,3,0,3,spring,0
ITM001,Milk,Dairy,HH001,2026-03-19,0.38,liters,3,0,3,spring,0
ITM001,Milk,Dairy,HH001,2026-03-26,0.35,liters,3,0,3,spring,0
ITM001,Milk,Dairy,HH001,2026-03-27,0.34,liters,4,0,3,spring,0
ITM001,Milk,Dairy,HH001,2026-04-05,0.4,liters,6,1,4,spring,0
ITM001,Milk,Dairy,HH001,2026-04-08,0.35,liters,2,0,4,spring,0
ITM001,Milk,Dairy,HH001,2026-04-11,0.51,liters,5,1,4,spring,0
ITM001,Milk,Dairy,HH001,2026-04-13,0.43,liters,0,0,4,spring,0
ITM001,Milk,Dairy,HH001,2026-04-14,0.48,liters,1,0,4,spring,1
ITM001,Milk,Dairy,HH001,2026-04-18,0.38,liters,5,1,4,spring,0
ITM001,Milk,Dairy,HH001,2026-04-20,0.34,liters,0,0,4,spring,0
ITM001,Milk,Dairy,HH001,2026-05-03,0.44,liters,6,1,5,spring,0
ITM001,Milk,Dairy,HH001,2026-05-06,0.32,liters,2,0,5,spring,0
ITM001,Milk,Dairy,HH001,2026-05-09,0.47,liters,5,1,5,spring,0
ITM001,Milk,Dairy,HH001,2026-05-10,0.42,liters,6,1,5,spring,0
ITM001,Milk,Dairy,HH001,2026-05-12,0.32,liters,1,0,5,spring,0
ITM001,Milk,Dairy,HH001,2026-05-18,0.43,liters,0,0,5,spring,0
ITM001,Milk,Dairy,HH001,2026-05-20,0.29,liters,2,0,5,spring,0
ITM001,Milk,Dairy,HH001,2026-05-25,0.39,liters,0,0,5,spring,0
ITM001,Milk,Dairy,HH001,2026-05-26,0.46,liters,1,0,5,spring,0
ITM001,Milk,Dairy,HH001,2026-05-31,0.55,liters,6,1,5,spring,0
ITM001,Milk,Dairy,HH001,2026-06-02,0.41,liters,1,0,6,summer,0
ITM001,Milk,Dairy,HH001,2026-06-15,0.33,liters,0,0,6,summer,0
ITM001,Milk,Dairy,HH001,2026-06-18,0.42,liters,3,0,6,summer,0
ITM001,Milk,Dairy,HH001,2026-06-22,0.36,liters,0,0,6,summer,0
ITM001,Milk,Dairy,HH001,2026-06-25,0.39,liters,3,0,6,summer,0
ITM001,Milk,Dairy,HH001,2026-06-28,0.32,liters,6,1,6,summer,0
ITM001,Milk,Dairy,HH002,2026-01-11,1.69,liters,6,1,1,winter,0
ITM001,Milk,Dairy,HH002,2026-01-14,0.81,liters,2,0,1,winter,0
ITM001,Milk,Dairy,HH002,2026-01-23,0.79,liters,4,0,1,winter,0
ITM001,Milk,Dairy,HH002,2026-01-24,1.39,liters,5,1,1,winter,0
ITM001,Milk,Dairy,HH002,2026-01-27,0.93,liters,1,0,1,winter,0
ITM001,Milk,Dairy,HH002,2026-01-28,1.38,liters,2,0,1,winter,0
ITM001,Milk,Dairy,HH002,2026-02-03,0.84,liters,1,0,2,winter,0
ITM001,Milk,Dairy,HH002,2026-02-07,1.76,liters,5,1,2,winter,0
ITM001,Milk,Dairy,HH002,2026-02-08,1.63,liters,6,1,2,winter,0
ITM001,Milk,Dairy,HH002,2026-02-17,0.84,liters,1,0,2,winter,0
ITM001,Milk,Dairy,HH002,2026-02-25,1.06,liters,2,0,2,winter,0
ITM001,Milk,Dairy,HH002,2026-03-02,0.66,liters,0,0,3,spring,0
ITM001,Milk,Dairy,HH002,2026-03-05,0.53,liters,3,0,3,spring,0
ITM001,Milk,Dairy,HH002,2026-03-07,0.49,liters,5,1,3,spring,0
ITM001,Milk,Dairy,HH002,2026-03-11,0.6,liters,2,0,3,spring,0
ITM001,Milk,Dairy,HH002,2026-03-12,0.56,liters,3,0,3,spring,0
ITM001,Milk,Dairy,HH002,2026-03-14,0.64,liters,5,1,3,spring,0
ITM001,Milk,Dairy,HH002,2026-03-17,0.39,liters,1,0,3,spring,0
ITM001,Milk,Dairy,HH002,2026-03-19,0.43,liters,3,0,3,spring,0
ITM001,Milk,Dairy,HH002,2026-03-22,0.53,liters,6,1,3,spring,0
ITM001,Milk,Dairy,HH002,2026-03-26,0.48,liters,3,0,3,spring,0
ITM001,Milk,Dairy,HH002,2026-03-28,0.53,liters,5,1,3,spring,0
ITM001,Milk,Dairy,HH002,2026-04-05,0.61,liters,6,1,4,spring,0
ITM001,Milk,Dairy,HH002,2026-04-09,0.37,liters,3,0,4,spring,0
ITM001,Milk,Dairy,HH002,2026-04-11,0.74,liters,5,1,4,spring,0
ITM001,Milk,Dairy,HH002,2026-04-14,0.82,liters,1,0,4,spring,1
ITM001,Milk,Dairy,HH002,2026-04-15,0.39,liters,2,0,4,spring,0
ITM001,Milk,Dairy,HH002,2026-04-16,0.51,liters,3,0,4,spring,0
ITM001,Milk,Dairy,HH002,2026-04-17,0.36,liters,4,0,4,spring,0
ITM001,Milk,Dairy,HH002,2026-04-19,0.56,liters,6,1,4,spring,0
ITM001,Milk,Dairy,HH002,2026-04-25,0.5,liters,5,1,4,spring,0
ITM001,Milk,Dairy,HH002,2026-04-27,0.49,liters,0,0,4,spring,0
ITM001,Milk,Dairy,HH002,2026-04-28,0.36,liters,1,0,4,spring,0
ITM001,Milk,Dairy,HH002,2026-05-01,0.75,liters,4,0,5,spring,1
ITM001,Milk,Dairy,HH002,2026-05-04,0.49,liters,0,0,5,spring,0
ITM001,Milk,Dairy,HH002,2026-05-06,0.46,liters,2,0,5,spring,0
ITM001,Milk,Dairy,HH002,2026-05-10,0.32,liters,6,1,5,spring,0
ITM001,Milk,Dairy,HH002,2026-05-14,0.43,liters,3,0,5,spring,0
ITM001,Milk,Dairy,HH002,2026-05-18,0.48,liters,0,0,5,spring,0
ITM001,Milk,Dairy,HH002,2026-05-27,0.37,liters,2,0,5,spring,0
ITM001,Milk,Dairy,HH002,2026-05-29,0.21,liters,4,0,5,spring,0
ITM001,Milk,Dairy,HH002,2026-06-01,0.44,liters,0,0,6,summer,0
ITM001,Milk,Dairy,HH002,2026-06-05,0.56,liters,4,0,6,summer,0
ITM001,Milk,Dairy,HH002,2026-06-11,0.37,liters,3,0,6,summer,0
ITM001,Milk,Dairy,HH002,2026-06-12,0.53,liters,4,0,6,summer,0
ITM001,Milk,Dairy,HH002,2026-06-14,0.57,liters,6,1,6,summer,0
ITM001,Milk,Dairy,HH002,2026-06-18,0.4,liters,3,0,6,summer,0
ITM001,Milk,Dairy,HH002,2026-06-21,0.7,liters,6,1,6,summer,0
ITM001,Milk,Dairy,HH002,2026-06-23,0.49,liters,1,0,6,summer,0
ITM001,Milk,Dairy,HH002,2026-06-27,0.61,liters,5,1,6,summer,0
ITM001,Milk,Dairy,HH002,2026-06-28,0.48,liters,6,1,6,summer,0
ITM001,Milk,Dairy,HH003,2026-01-03,2.05,liters,5,1,1,winter,0
ITM001,Milk,Dairy,HH003,2026-01-06,0.94,liters,1,0,1,winter,0
ITM001,Milk,Dairy,HH003,2026-01-11,0.91,liters,6,1,1,winter,0
ITM001,Milk,Dairy,HH003,2026-01-12,1.63,liters,0,0,1,winter,0
ITM001,Milk,Dairy,HH003,2026-01-15,0.87,liters,3,0,1,winter,0
ITM001,Milk,Dairy,HH003,2026-01-30,0.88,liters,4,0,1,winter,0
ITM001,Milk,Dairy,HH003,2026-02-01,1.26,liters,6,1,2,winter,0
ITM001,Milk,Dairy,HH003,2026-02-11,0.54,liters,2,0,2,winter,0
ITM001,Milk,Dairy,HH003,2026-02-14,2.2,liters,5,1,2,winter,0
ITM001,Milk,Dairy,HH003,2026-02-15,1.37,liters,6,1,2,winter,0
ITM001,Milk,Dairy,HH003,2026-02-20,1.34,liters,4,0,2,winter,0
ITM001,Milk,Dairy,HH003,2026-02-23,0.77,liters,0,0,2,winter,0
ITM001,Milk,Dairy,HH003,2026-02-25,0.89,liters,2,0,2,winter,0
ITM001,Milk,Dairy,HH003,2026-02-27,1.73,liters,4,0,2,winter,0
ITM001,Milk,Dairy,HH003,2026-03-09,0.47,liters,0,0,3,spring,0
ITM001,Milk,Dairy,HH003,2026-03-13,0.55,liters,4,0,3,spring,0
ITM001,Milk,Dairy,HH003,2026-03-15,0.53,liters,6,1,3,spring,0
ITM001,Milk,Dairy,HH003,2026-03-16,0.53,liters,0,0,3,spring,0
ITM001,Milk,Dairy,HH003,2026-03-21,0.91,liters,5,1,3,spring,0
ITM001,Milk,Dairy,HH003,2026-03-30,0.78,liters,0,0,3,spring,0
ITM001,Milk,Dairy,HH003,2026-03-31,0.51,liters,1,0,3,spring,0
ITM001,Milk,Dairy,HH003,2026-04-06,0.39,liters,0,0,4,spring,0
ITM001,Milk,Dairy,HH003,2026-04-07,0.64,liters,1,0,4,spring,0
ITM001,Milk,Dairy,HH003,2026-04-08,0.48,liters,2,0,4,spring,0
ITM001,Milk,Dairy,HH003,2026-04-12,0.53,liters,6,1,4,spring,0
ITM001,Milk,Dairy,HH003,2026-04-17,0.48,liters,4,0,4,spring,0
ITM001,Milk,Dairy,HH003,2026-04-26,0.75,liters,6,1,4,spring,0
ITM001,Milk,Dairy,HH003,2026-04-29,0.51,liters,2,0,4,spring,0
ITM001,Milk,Dairy,HH003,2026-04-30,0.63,liters,3,0,4,spring,0
ITM001,Milk,Dairy,HH003,2026-05-01,0.77,liters,4,0,5,spring,1
ITM001,Milk,Dairy,HH003,2026-05-04,0.56,liters,0,0,5,spring,0
ITM001,Milk,Dairy,HH003,2026-05-07,0.58,liters,3,0,5,spring,0
ITM001,Milk,Dairy,HH003,2026-05-23,0.96,liters,5,1,5,spring,0
ITM001,Milk,Dairy,HH003,2026-05-26,0.58,liters,1,0,5,spring,0
ITM001,Milk,Dairy,HH003,2026-05-31,0.68,liters,6,1,5,spring,0
ITM001,Milk,Dairy,HH003,2026-06-02,0.52,liters,1,0,6,summer,0
ITM001,Milk,Dairy,HH003,2026-06-06,0.91,liters,5,1,6,summer,1
ITM001,Milk,Dairy,HH003,2026-06-09,0.65,liters,1,0,6,summer,0
ITM001,Milk,Dairy,HH003,2026-06-12,0.72,liters,4,0,6,summer,0
ITM001,Milk,Dairy,HH003,2026-06-14,0.85,liters,6,1,6,summer,0
ITM001,Milk,Dairy,HH003,2026-06-15,0.52,liters,0,0,6,summer,0
ITM001,Milk,Dairy,HH003,2026-06-16,0.5,liters,1,0,6,summer,0
ITM001,Milk,Dairy,HH003,2026-06-17,0.47,liters,2,0,6,summer,0
ITM001,Milk,Dairy,HH003,2026-06-20,0.68,liters,5,1,6,summer,0
ITM001,Milk,Dairy,HH003,2026-06-28,0.69,liters,6,1,6,summer,0
ITM001,Milk,Dairy,HH003,2026-06-29,0.52,liters,0,0,6,summer,0
ITM001,Milk,Dairy,HH004,2026-01-03,2.4,liters,5,1,1,winter,0
ITM001,Milk,Dairy,HH004,2026-01-08,1.46,liters,3,0,1,winter,0
ITM001,Milk,Dairy,HH004,2026-01-10,2.2,liters,5,1,1,winter,0
ITM001,Milk,Dairy,HH004,2026-01-13,1.59,liters,1,0,1,winter,0
ITM001,Milk,Dairy,HH004,2026-01-14,1.61,liters,2,0,1,winter,0
ITM001,Milk,Dairy,HH004,2026-01-16,1.05,liters,4,0,1,winter,0
ITM001,Milk,Dairy,HH004,2026-01-19,1.23,liters,0,0,1,winter,0
ITM001,Milk,Dairy,HH004,2026-01-22,1.25,liters,3,0,1,winter,0
ITM001,Milk,Dairy,HH004,2026-01-24,1.45,liters,5,1,1,winter,0
ITM001,Milk,Dairy,HH004,2026-01-25,1.41,liters,6,1,1,winter,0
ITM001,Milk,Dairy,HH004,2026-02-01,1.86,liters,6,1,2,winter,0
ITM001,Milk,Dairy,HH004,2026-02-07,2.13,liters,5,1,2,winter,0
ITM001,Milk,Dairy,HH004,2026-02-15,1.93,liters,6,1,2,winter,0
ITM001,Milk,Dairy,HH004,2026-02-17,1.56,liters,1,0,2,winter,0
ITM001,Milk,Dairy,HH004,2026-02-18,1.15,liters,2,0,2,winter,0
ITM001,Milk,Dairy,HH004,2026-02-20,1.28,liters,4,0,2,winter,0
ITM001,Milk,Dairy,HH004,2026-03-03,0.56,liters,1,0,3,spring,0
ITM001,Milk,Dairy,HH004,2026-03-04,0.67,liters,2,0,3,spring,0
ITM001,Milk,Dairy,HH004,2026-03-24,0.47,liters,1,0,3,spring,0
ITM001,Milk,Dairy,HH004,2026-03-26,0.48,liters,3,0,3,spring,0
ITM001,Milk,Dairy,HH004,2026-03-27,0.39,liters,4,0,3,spring,0
ITM001,Milk,Dairy,HH004,2026-03-31,0.61,liters,1,0,3,spring,0
ITM001,Milk,Dairy,HH004,2026-04-13,0.56,liters,0,0,4,spring,0
ITM001,Milk,Dairy,HH004,2026-04-17,0.54,liters,4,0,4,spring,0
ITM001,Milk,Dairy,HH004,2026-04-24,0.7,liters,4,0,4,spring,0
ITM001,Milk,Dairy,HH004,2026-04-27,0.55,liters,0,0,4,spring,0
ITM001,Milk,Dairy,HH004,2026-04-28,0.75,liters,1,0,4,spring,0
ITM001,Milk,Dairy,HH004,2026-04-29,0.58,liters,2,0,4,spring,0
ITM001,Milk,Dairy,HH004,2026-05-02,0.93,liters,5,1,5,spring,0
ITM001,Milk,Dairy,HH004,2026-05-03,0.95,liters,6,1,5,spring,0
ITM001,Milk,Dairy,HH004,2026-05-09,0.98,liters,5,1,5,spring,0
ITM001,Milk,Dairy,HH004,2026-05-12,0.54,liters,1,0,5,spring,0
ITM001,Milk,Dairy,HH004,2026-05-22,0.52,liters,4,0,5,spring,0
ITM001,Milk,Dairy,HH004,2026-05-26,0.52,liters,1,0,5,spring,0
ITM001,Milk,Dairy,HH004,2026-05-27,0.46,liters,2,0,5,spring,0
ITM001,Milk,Dairy,HH004,2026-06-03,0.67,liters,2,0,6,summer,0
ITM001,Milk,Dairy,HH004,2026-06-09,0.47,liters,1,0,6,summer,0
ITM001,Milk,Dairy,HH004,2026-06-13,0.62,liters,5,1,6,summer,0
ITM001,Milk,Dairy,HH004,2026-06-16,0.65,liters,1,0,6,summer,0
ITM001,Milk,Dairy,HH004,2026-06-29,0.54,liters,0,0,6,summer,0
ITM001,Milk,Dairy,HH005,2026-01-05,0.72,liters,0,0,1,winter,0
ITM001,Milk,Dairy,HH005,2026-01-08,0.75,liters,3,0,1,winter,0
ITM001,Milk,Dairy,HH005,2026-01-15,0.52,liters,3,0,1,winter,0
ITM001,Milk,Dairy,HH005,2026-01-17,1.22,liters,5,1,1,winter,0
ITM001,Milk,Dairy,HH005,2026-01-25,0.92,liters,6,1,1,winter,0
ITM001,Milk,Dairy,HH005,2026-01-27,0.7,liters,1,0,1,winter,0
ITM001,Milk,Dairy,HH005,2026-01-29,0.82,liters,3,0,1,winter,0
ITM001,Milk,Dairy,HH005,2026-02-03,0.6,liters,1,0,2,winter,0
ITM001,Milk,Dairy,HH005,2026-02-06,0.95,liters,4,0,2,winter,0
ITM001,Milk,Dairy,HH005,2026-02-12,0.73,liters,3,0,2,winter,0
ITM001,Milk,Dairy,HH005,2026-02-15,1.09,liters,6,1,2,winter,0
ITM001,Milk,Dairy,HH005,2026-02-18,0.87,liters,2,0,2,winter,0
ITM001,Milk,Dairy,HH005,2026-02-21,0.7,liters,5,1,2,winter,0
ITM001,Milk,Dairy,HH005,2026-02-28,1.2,liters,5,1,2,winter,0
ITM001,Milk,Dairy,HH005,2026-03-05,0.23,liters,3,0,3,spring,0
ITM001,Milk,Dairy,HH005,2026-03-10,0.39,liters,1,0,3,spring,0
ITM001,Milk,Dairy,HH005,2026-03-13,0.38,liters,4,0,3,spring,0
ITM001,Milk,Dairy,HH005,2026-03-14,0.38,liters,5,1,3,spring,0
ITM001,Milk,Dairy,HH005,2026-03-18,0.24,liters,2,0,3,spring,0
ITM001,Milk,Dairy,HH005,2026-03-20,0.34,liters,4,0,3,spring,0
ITM001,Milk,Dairy,HH005,2026-03-28,0.49,liters,5,1,3,spring,0
ITM001,Milk,Dairy,HH005,2026-04-03,0.32,liters,4,0,4,spring,0
ITM001,Milk,Dairy,HH005,2026-04-12,0.61,liters,6,1,4,spring,0
ITM001,Milk,Dairy,HH005,2026-04-20,0.37,liters,0,0,4,spring,0
ITM001,Milk,Dairy,HH005,2026-04-21,0.35,liters,1,0,4,spring,0
ITM001,Milk,Dairy,HH005,2026-04-29,0.22,liters,2,0,4,spring,0
ITM001,Milk,Dairy,HH005,2026-05-05,0.18,liters,1,0,5,spring,0
ITM001,Milk,Dairy,HH005,2026-05-08,0.34,liters,4,0,5,spring,0
ITM001,Milk,Dairy,HH005,2026-05-09,0.34,liters,5,1,5,spring,0
ITM001,Milk,Dairy,HH005,2026-05-10,0.51,liters,6,1,5,spring,0
ITM001,Milk,Dairy,HH005,2026-05-11,0.27,liters,0,0,5,spring,0
ITM001,Milk,Dairy,HH005,2026-05-15,0.39,liters,4,0,5,spring,0
ITM001,Milk,Dairy,HH005,2026-05-20,0.27,liters,2,0,5,spring,0
ITM001,Milk,Dairy,HH005,2026-05-22,0.28,liters,4,0,5,spring,0
ITM001,Milk,Dairy,HH005,2026-05-25,0.4,liters,0,0,5,spring,0
ITM001,Milk,Dairy,HH005,2026-05-30,0.33,liters,5,1,5,spring,0
ITM001,Milk,Dairy,HH005,2026-05-31,0.41,liters,6,1,5,spring,0
ITM001,Milk,Dairy,HH005,2026-06-09,0.25,liters,1,0,6,summer,0
ITM001,Milk,Dairy,HH005,2026-06-10,0.27,liters,2,0,6,summer,0
ITM001,Milk,Dairy,HH005,2026-06-14,0.37,liters,6,1,6,summer,0
ITM001,Milk,Dairy,HH005,2026-06-18,0.28,liters,3,0,6,summer,0
ITM001,Milk,Dairy,HH005,2026-06-20,0.57,liters,5,1,6,summer,0
ITM001,Milk,Dairy,HH005,2026-06-24,0.34,liters,2,0,6,summer,0
ITM001,Milk,Dairy,HH005,2026-06-29,0.34,liters,0,0,6,summer,0
ITM001,Milk,Dairy,HH006,2026-01-09,1.03,liters,4,0,1,winter,0
ITM001,Milk,Dairy,HH006,2026-01-12,0.99,liters,0,0,1,winter,0
ITM001,Milk,Dairy,HH006,2026-01-20,0.78,liters,1,0,1,winter,0
ITM001,Milk,Dairy,HH006,2026-01-24,0.8,liters,5,1,1,winter,0
ITM001,Milk,Dairy,HH006,2026-01-27,0.81,liters,1,0,1,winter,0
ITM001,Milk,Dairy,HH006,2026-02-10,0.88,liters,1,0,2,winter,0
ITM001,Milk,Dairy,HH006,2026-02-13,1.09,liters,4,0,2,winter,0
ITM001,Milk,Dairy,HH006,2026-02-14,1.25,liters,5,1,2,winter,0
ITM001,Milk,Dairy,HH006,2026-02-15,1.48,liters,6,1,2,winter,0
ITM001,Milk,Dairy,HH006,2026-03-08,0.7,liters,6,1,3,spring,1
ITM001,Milk,Dairy,HH006,2026-03-17,0.35,liters,1,0,3,spring,0
ITM001,Milk,Dairy,HH006,2026-03-26,0.38,liters,3,0,3,spring,0
ITM001,Milk,Dairy,HH006,2026-03-29,0.54,liters,6,1,3,spring,0
ITM001,Milk,Dairy,HH006,2026-04-07,0.37,liters,1,0,4,spring,0
ITM001,Milk,Dairy,HH006,2026-04-09,0.21,liters,3,0,4,spring,0
ITM001,Milk,Dairy,HH006,2026-04-10,0.34,liters,4,0,4,spring,0
ITM001,Milk,Dairy,HH006,2026-04-12,0.44,liters,6,1,4,spring,0
ITM001,Milk,Dairy,HH006,2026-04-14,0.54,liters,1,0,4,spring,1
ITM001,Milk,Dairy,HH006,2026-04-15,0.35,liters,2,0,4,spring,0
ITM001,Milk,Dairy,HH006,2026-04-16,0.27,liters,3,0,4,spring,0
ITM001,Milk,Dairy,HH006,2026-04-22,0.48,liters,2,0,4,spring,0
ITM001,Milk,Dairy,HH006,2026-04-24,0.42,liters,4,0,4,spring,0
ITM001,Milk,Dairy,HH006,2026-04-28,0.47,liters,1,0,4,spring,0
ITM001,Milk,Dairy,HH006,2026-05-03,0.4,liters,6,1,5,spring,0
ITM001,Milk,Dairy,HH006,2026-05-06,0.52,liters,2,0,5,spring,0
ITM001,Milk,Dairy,HH006,2026-05-09,0.39,liters,5,1,5,spring,0
ITM001,Milk,Dairy,HH006,2026-05-12,0.33,liters,1,0,5,spring,0
ITM001,Milk,Dairy,HH006,2026-05-13,0.39,liters,2,0,5,spring,0
ITM001,Milk,Dairy,HH006,2026-05-15,0.31,liters,4,0,5,spring,0
ITM001,Milk,Dairy,HH006,2026-05-17,0.72,liters,6,1,5,spring,0
ITM001,Milk,Dairy,HH006,2026-05-18,0.35,liters,0,0,5,spring,0
ITM001,Milk,Dairy,HH006,2026-05-26,0.41,liters,1,0,5,spring,0
ITM001,Milk,Dairy,HH006,2026-05-31,0.53,liters,6,1,5,spring,0
ITM001,Milk,Dairy,HH006,2026-06-02,0.34,liters,1,0,6,summer,0
ITM001,Milk,Dairy,HH006,2026-06-03,0.5,liters,2,0,6,summer,0
ITM001,Milk,Dairy,HH006,2026-06-06,0.82,liters,5,1,6,summer,1
ITM001,Milk,Dairy,HH006,2026-06-09,0.46,liters,1,0,6,summer,0
ITM001,Milk,Dairy,HH006,2026-06-11,0.38,liters,3,0,6,summer,0
ITM001,Milk,Dairy,HH006,2026-06-12,0.29,liters,4,0,6,summer,0
ITM001,Milk,Dairy,HH006,2026-06-16,0.36,liters,1,0,6,summer,0
ITM001,Milk,Dairy,HH006,2026-06-17,0.34,liters,2,0,6,summer,0
ITM001,Milk,Dairy,HH006,2026-06-23,0.4,liters,1,0,6,summer,0
ITM001,Milk,Dairy,HH006,2026-06-27,0.49,liters,5,1,6,summer,0
ITM001,Milk,Dairy,HH006,2026-06-28,0.46,liters,6,1,6,summer,0
ITM001,Milk,Dairy,HH007,2026-01-12,0.94,liters,0,0,1,winter,0
ITM001,Milk,Dairy,HH007,2026-01-13,0.94,liters,1,0,1,winter,0
ITM001,Milk,Dairy,HH007,2026-01-21,1.28,liters,2,0,1,winter,0
ITM001,Milk,Dairy,HH007,2026-01-30,1.06,liters,4,0,1,winter,0
ITM001,Milk,Dairy,HH007,2026-02-04,1.28,liters,2,0,2,winter,0
ITM001,Milk,Dairy,HH007,2026-02-05,0.95,liters,3,0,2,winter,0
ITM001,Milk,Dairy,HH007,2026-02-07,1.53,liters,5,1,2,winter,0
ITM001,Milk,Dairy,HH007,2026-02-11,1.05,liters,2,0,2,winter,0
ITM001,Milk,Dairy,HH007,2026-02-13,0.93,liters,4,0,2,winter,0
ITM001,Milk,Dairy,HH007,2026-02-14,0.98,liters,5,1,2,winter,0
ITM001,Milk,Dairy,HH007,2026-02-17,1.11,liters,1,0,2,winter,0
ITM001,Milk,Dairy,HH007,2026-02-23,0.89,liters,0,0,2,winter,0
ITM001,Milk,Dairy,HH007,2026-03-02,0.33,liters,0,0,3,spring,0
ITM001,Milk,Dairy,HH007,2026-03-06,0.45,liters,4,0,3,spring,0
ITM001,Milk,Dairy,HH007,2026-03-08,0.95,liters,6,1,3,spring,1
ITM001,Milk,Dairy,HH007,2026-03-13,0.33,liters,4,0,3,spring,0
ITM001,Milk,Dairy,HH007,2026-03-14,0.67,liters,5,1,3,spring,0
ITM001,Milk,Dairy,HH007,2026-03-20,0.52,liters,4,0,3,spring,0
ITM001,Milk,Dairy,HH007,2026-03-21,0.65,liters,5,1,3,spring,0
ITM001,Milk,Dairy,HH007,2026-03-22,0.61,liters,6,1,3,spring,0
ITM001,Milk,Dairy,HH007,2026-03-24,0.52,liters,1,0,3,spring,0
ITM001,Milk,Dairy,HH007,2026-03-26,0.34,liters,3,0,3,spring,0
ITM001,Milk,Dairy,HH007,2026-03-30,0.4,liters,0,0,3,spring,0
ITM001,Milk,Dairy,HH007,2026-04-01,0.53,liters,2,0,4,spring,0
ITM001,Milk,Dairy,HH007,2026-04-04,0.56,liters,5,1,4,spring,0
ITM001,Milk,Dairy,HH007,2026-04-07,0.34,liters,1,0,4,spring,0
ITM001,Milk,Dairy,HH007,2026-04-08,0.55,liters,2,0,4,spring,0
ITM001,Milk,Dairy,HH007,2026-04-13,0.34,liters,0,0,4,spring,0
ITM001,Milk,Dairy,HH007,2026-04-18,0.65,liters,5,1,4,spring,0
ITM001,Milk,Dairy,HH007,2026-04-26,0.62,liters,6,1,4,spring,0
ITM001,Milk,Dairy,HH007,2026-05-05,0.39,liters,1,0,5,spring,0
ITM001,Milk,Dairy,HH007,2026-05-07,0.51,liters,3,0,5,spring,0
ITM001,Milk,Dairy,HH007,2026-05-10,0.71,liters,6,1,5,spring,0
ITM001,Milk,Dairy,HH007,2026-05-15,0.52,liters,4,0,5,spring,0
ITM001,Milk,Dairy,HH007,2026-05-19,0.46,liters,1,0,5,spring,0
ITM001,Milk,Dairy,HH007,2026-05-24,0.65,liters,6,1,5,spring,0
ITM001,Milk,Dairy,HH007,2026-05-26,0.44,liters,1,0,5,spring,0
ITM001,Milk,Dairy,HH007,2026-05-29,0.51,liters,4,0,5,spring,0
ITM001,Milk,Dairy,HH007,2026-05-31,0.6,liters,6,1,5,spring,0
ITM001,Milk,Dairy,HH007,2026-06-01,0.51,liters,0,0,6,summer,0
ITM001,Milk,Dairy,HH007,2026-06-04,0.5,liters,3,0,6,summer,0
ITM001,Milk,Dairy,HH007,2026-06-05,0.57,liters,4,0,6,summer,0
ITM001,Milk,Dairy,HH007,2026-06-12,0.52,liters,4,0,6,summer,0
ITM001,Milk,Dairy,HH007,2026-06-14,1.04,liters,6,1,6,summer,0
ITM001,Milk,Dairy,HH007,2026-06-18,0.43,liters,3,0,6,summer,0
ITM001,Milk,Dairy,HH007,2026-06-22,0.44,liters,0,0,6,summer,0
ITM001,Milk,Dairy,HH007,2026-06-23,0.44,liters,1,0,6,summer,0
ITM001,Milk,Dairy,HH007,2026-06-29,0.43,liters,0,0,6,summer,0
ITM001,Milk,Dairy,HH008,2026-01-03,1.22,liters,5,1,1,winter,0
ITM001,Milk,Dairy,HH008,2026-01-04,1.55,liters,6,1,1,winter,0
ITM001,Milk,Dairy,HH008,2026-01-05,1.53,liters,0,0,1,winter,0
ITM001,Milk,Dairy,HH008,2026-01-23,1.04,liters,4,0,1,winter,0
ITM001,Milk,Dairy,HH008,2026-01-24,1.42,liters,5,1,1,winter,0
ITM001,Milk,Dairy,HH008,2026-01-26,1.76,liters,0,0,1,winter,1
ITM001,Milk,Dairy,HH008,2026-02-01,1.14,liters,6,1,2,winter,0
ITM001,Milk,Dairy,HH008,2026-02-06,1.17,liters,4,0,2,winter,0
ITM001,Milk,Dairy,HH008,2026-02-08,1.35,liters,6,1,2,winter,0
ITM001,Milk,Dairy,HH008,2026-02-14,1.25,liters,5,1,2,winter,0
ITM001,Milk,Dairy,HH008,2026-02-15,2.09,liters,6,1,2,winter,0
ITM001,Milk,Dairy,HH008,2026-02-17,1.32,liters,1,0,2,winter,0
ITM001,Milk,Dairy,HH008,2026-02-18,1.24,liters,2,0,2,winter,0
ITM001,Milk,Dairy,HH008,2026-02-19,1.39,liters,3,0,2,winter,0
ITM001,Milk,Dairy,HH008,2026-02-23,1.08,liters,0,0,2,winter,0
ITM001,Milk,Dairy,HH008,2026-02-27,1.08,liters,4,0,2,winter,0
ITM001,Milk,Dairy,HH008,2026-03-03,0.75,liters,1,0,3,spring,0
ITM001,Milk,Dairy,HH008,2026-03-11,0.42,liters,2,0,3,spring,0
ITM001,Milk,Dairy,HH008,2026-03-12,0.42,liters,3,0,3,spring,0
ITM001,Milk,Dairy,HH008,2026-03-13,0.48,liters,4,0,3,spring,0
ITM001,Milk,Dairy,HH008,2026-03-15,0.92,liters,6,1,3,spring,0
ITM001,Milk,Dairy,HH008,2026-03-17,0.75,liters,1,0,3,spring,0
ITM001,Milk,Dairy,HH008,2026-03-21,0.63,liters,5,1,3,spring,0
ITM001,Milk,Dairy,HH008,2026-03-22,0.9,liters,6,1,3,spring,0
ITM001,Milk,Dairy,HH008,2026-03-24,0.82,liters,1,0,3,spring,0
ITM001,Milk,Dairy,HH008,2026-03-26,0.46,liters,3,0,3,spring,0
ITM001,Milk,Dairy,HH008,2026-03-27,0.53,liters,4,0,3,spring,0
ITM001,Milk,Dairy,HH008,2026-04-05,0.52,liters,6,1,4,spring,0
ITM001,Milk,Dairy,HH008,2026-04-08,0.46,liters,2,0,4,spring,0
ITM001,Milk,Dairy,HH008,2026-04-11,0.57,liters,5,1,4,spring,0
ITM001,Milk,Dairy,HH008,2026-04-15,0.63,liters,2,0,4,spring,0
ITM001,Milk,Dairy,HH008,2026-04-16,0.48,liters,3,0,4,spring,0
ITM001,Milk,Dairy,HH008,2026-04-18,0.96,liters,5,1,4,spring,0
ITM001,Milk,Dairy,HH008,2026-04-19,0.59,liters,6,1,4,spring,0
ITM001,Milk,Dairy,HH008,2026-04-21,0.58,liters,1,0,4,spring,0
ITM001,Milk,Dairy,HH008,2026-04-22,0.67,liters,2,0,4,spring,0
ITM001,Milk,Dairy,HH008,2026-04-23,0.56,liters,3,0,4,spring,0
ITM001,Milk,Dairy,HH008,2026-04-24,0.61,liters,4,0,4,spring,0
ITM001,Milk,Dairy,HH008,2026-04-25,0.8,liters,5,1,4,spring,0
ITM001,Milk,Dairy,HH008,2026-04-30,0.55,liters,3,0,4,spring,0
ITM001,Milk,Dairy,HH008,2026-05-02,0.94,liters,5,1,5,spring,0
ITM001,Milk,Dairy,HH008,2026-05-04,0.42,liters,0,0,5,spring,0
ITM001,Milk,Dairy,HH008,2026-05-06,0.45,liters,2,0,5,spring,0
ITM001,Milk,Dairy,HH008,2026-05-08,0.4,liters,4,0,5,spring,0
ITM001,Milk,Dairy,HH008,2026-05-10,0.6,liters,6,1,5,spring,0
ITM001,Milk,Dairy,HH008,2026-05-15,0.48,liters,4,0,5,spring,0
ITM001,Milk,Dairy,HH008,2026-05-20,0.69,liters,2,0,5,spring,0
ITM001,Milk,Dairy,HH008,2026-05-22,0.54,liters,4,0,5,spring,0
ITM001,Milk,Dairy,HH008,2026-05-26,0.67,liters,1,0,5,spring,0
ITM001,Milk,Dairy,HH008,2026-05-27,0.62,liters,2,0,5,spring,0
ITM001,Milk,Dairy,HH008,2026-06-10,0.5,liters,2,0,6,summer,0
ITM001,Milk,Dairy,HH008,2026-06-12,0.55,liters,4,0,6,summer,0
ITM001,Milk,Dairy,HH008,2026-06-13,0.78,liters,5,1,6,summer,0
ITM001,Milk,Dairy,HH008,2026-06-21,0.66,liters,6,1,6,summer,0
ITM001,Milk,Dairy,HH008,2026-06-28,0.82,liters,6,1,6,summer,0
ITM001,Milk,Dairy,HH009,2026-01-01,2.45,liters,3,0,1,winter,1
ITM001,Milk,Dairy,HH009,2026-01-02,1.24,liters,4,0,1,winter,0
ITM001,Milk,Dairy,HH009,2026-01-03,1.3,liters,5,1,1,winter,0
ITM001,Milk,Dairy,HH009,2026-01-05,1.47,liters,0,0,1,winter,0
ITM001,Milk,Dairy,HH009,2026-01-07,0.89,liters,2,0,1,winter,0
ITM001,Milk,Dairy,HH009,2026-01-10,1.62,liters,5,1,1,winter,0
ITM001,Milk,Dairy,HH009,2026-01-11,2.24,liters,6,1,1,winter,0
ITM001,Milk,Dairy,HH009,2026-01-13,1.14,liters,1,0,1,winter,0
ITM001,Milk,Dairy,HH009,2026-01-14,1.17,liters,2,0,1,winter,0
ITM001,Milk,Dairy,HH009,2026-01-15,1.07,liters,3,0,1,winter,0
ITM001,Milk,Dairy,HH009,2026-01-23,1.55,liters,4,0,1,winter,0
ITM001,Milk,Dairy,HH009,2026-01-26,2.71,liters,0,0,1,winter,1
ITM001,Milk,Dairy,HH009,2026-01-29,1.37,liters,3,0,1,winter,0
ITM001,Milk,Dairy,HH009,2026-01-30,1.07,liters,4,0,1,winter,0
ITM001,Milk,Dairy,HH009,2026-02-01,1.67,liters,6,1,2,winter,0
ITM001,Milk,Dairy,HH009,2026-02-03,1.26,liters,1,0,2,winter,0
ITM001,Milk,Dairy,HH009,2026-02-07,1.87,liters,5,1,2,winter,0
ITM001,Milk,Dairy,HH009,2026-02-10,1.57,liters,1,0,2,winter,0
ITM001,Milk,Dairy,HH009,2026-02-16,1.67,liters,0,0,2,winter,0
ITM001,Milk,Dairy,HH009,2026-02-20,1.51,liters,4,0,2,winter,0
ITM001,Milk,Dairy,HH009,2026-02-22,1.87,liters,6,1,2,winter,0
ITM001,Milk,Dairy,HH009,2026-02-24,1.23,liters,1,0,2,winter,0
ITM001,Milk,Dairy,HH009,2026-02-26,1.25,liters,3,0,2,winter,0
ITM001,Milk,Dairy,HH009,2026-02-27,1.25,liters,4,0,2,winter,0
ITM001,Milk,Dairy,HH009,2026-03-03,0.6,liters,1,0,3,spring,0
ITM001,Milk,Dairy,HH009,2026-03-09,0.46,liters,0,0,3,spring,0
ITM001,Milk,Dairy,HH009,2026-03-10,0.62,liters,1,0,3,spring,0
ITM001,Milk,Dairy,HH009,2026-03-12,0.71,liters,3,0,3,spring,0
ITM001,Milk,Dairy,HH009,2026-03-14,0.74,liters,5,1,3,spring,0
ITM001,Milk,Dairy,HH009,2026-03-18,0.57,liters,2,0,3,spring,0
ITM001,Milk,Dairy,HH009,2026-03-29,1.32,liters,6,1,3,spring,0
ITM001,Milk,Dairy,HH009,2026-03-31,0.41,liters,1,0,3,spring,0
ITM001,Milk,Dairy,HH009,2026-04-04,0.97,liters,5,1,4,spring,0
ITM001,Milk,Dairy,HH009,2026-04-05,0.78,liters,6,1,4,spring,0
ITM001,Milk,Dairy,HH009,2026-04-07,0.62,liters,1,0,4,spring,0
ITM001,Milk,Dairy,HH009,2026-04-08,0.48,liters,2,0,4,spring,0
ITM001,Milk,Dairy,HH009,2026-04-09,0.56,liters,3,0,4,spring,0
ITM001,Milk,Dairy,HH009,2026-04-13,0.84,liters,0,0,4,spring,0
ITM001,Milk,Dairy,HH009,2026-04-20,0.58,liters,0,0,4,spring,0
ITM001,Milk,Dairy,HH009,2026-04-22,0.63,liters,2,0,4,spring,0
ITM001,Milk,Dairy,HH009,2026-04-23,0.52,liters,3,0,4,spring,0
ITM001,Milk,Dairy,HH009,2026-04-25,0.79,liters,5,1,4,spring,0
ITM001,Milk,Dairy,HH009,2026-04-26,0.66,liters,6,1,4,spring,0
ITM001,Milk,Dairy,HH009,2026-05-11,0.46,liters,0,0,5,spring,0
ITM001,Milk,Dairy,HH009,2026-05-14,0.82,liters,3,0,5,spring,0
ITM001,Milk,Dairy,HH009,2026-05-19,0.31,liters,1,0,5,spring,0
ITM001,Milk,Dairy,HH009,2026-05-22,0.53,liters,4,0,5,spring,0
ITM001,Milk,Dairy,HH009,2026-05-24,0.69,liters,6,1,5,spring,0
ITM001,Milk,Dairy,HH009,2026-05-27,0.84,liters,2,0,5,spring,0
ITM001,Milk,Dairy,HH009,2026-05-29,0.54,liters,4,0,5,spring,0
ITM001,Milk,Dairy,HH009,2026-06-08,0.56,liters,0,0,6,summer,0
ITM001,Milk,Dairy,HH009,2026-06-10,0.57,liters,2,0,6,summer,0
ITM001,Milk,Dairy,HH009,2026-06-11,0.55,liters,3,0,6,summer,0
ITM001,Milk,Dairy,HH009,2026-06-13,0.82,liters,5,1,6,summer,0
ITM001,Milk,Dairy,HH009,2026-06-17,0.74,liters,2,0,6,summer,0
ITM001,Milk,Dairy,HH009,2026-06-20,0.5,liters,5,1,6,summer,0
ITM001,Milk,Dairy,HH009,2026-06-23,0.58,liters,1,0,6,summer,0
ITM001,Milk,Dairy,HH009,2026-06-26,0.6,liters,4,0,6,summer,0
ITM001,Milk,Dairy,HH009,2026-06-27,0.98,liters,5,1,6,summer,0
ITM001,Milk,Dairy,HH010,2026-01-02,0.83,liters,4,0,1,winter,0
ITM001,Milk,Dairy,HH010,2026-01-06,0.93,liters,1,0,1,winter,0
ITM001,Milk,Dairy,HH010,2026-01-07,0.73,liters,2,0,1,winter,0
ITM001,Milk,Dairy,HH010,2026-01-12,0.56,liters,0,0,1,winter,0
ITM001,Milk,Dairy,HH010,2026-01-17,0.89,liters,5,1,1,winter,0
ITM001,Milk,Dairy,HH010,2026-01-18,0.89,liters,6,1,1,winter,0
ITM001,Milk,Dairy,HH010,2026-01-22,0.69,liters,3,0,1,winter,0
ITM001,Milk,Dairy,HH010,2026-01-25,0.78,liters,6,1,1,winter,0
ITM001,Milk,Dairy,HH010,2026-01-28,0.78,liters,2,0,1,winter,0
ITM001,Milk,Dairy,HH010,2026-01-31,0.91,liters,5,1,1,winter,0
ITM001,Milk,Dairy,HH010,2026-02-01,0.76,liters,6,1,2,winter,0
ITM001,Milk,Dairy,HH010,2026-02-02,0.63,liters,0,0,2,winter,0
ITM001,Milk,Dairy,HH010,2026-02-06,0.7,liters,4,0,2,winter,0
ITM001,Milk,Dairy,HH010,2026-02-07,1.19,liters,5,1,2,winter,0
ITM001,Milk,Dairy,HH010,2026-02-10,0.87,liters,1,0,2,winter,0
ITM001,Milk,Dairy,HH010,2026-02-12,0.74,liters,3,0,2,winter,0
ITM001,Milk,Dairy,HH010,2026-02-17,0.66,liters,1,0,2,winter,0
ITM001,Milk,Dairy,HH010,2026-03-01,0.47,liters,6,1,3,spring,0
ITM001,Milk,Dairy,HH010,2026-03-08,0.43,liters,6,1,3,spring,1
ITM001,Milk,Dairy,HH010,2026-03-14,0.38,liters,5,1,3,spring,0
ITM001,Milk,Dairy,HH010,2026-03-15,0.39,liters,6,1,3,spring,0
ITM001,Milk,Dairy,HH010,2026-03-20,0.39,liters,4,0,3,spring,0
ITM001,Milk,Dairy,HH010,2026-03-21,0.47,liters,5,1,3,spring,0
ITM001,Milk,Dairy,HH010,2026-04-04,0.54,liters,5,1,4,spring,0
ITM001,Milk,Dairy,HH010,2026-04-05,0.34,liters,6,1,4,spring,0
ITM001,Milk,Dairy,HH010,2026-04-06,0.28,liters,0,0,4,spring,0
ITM001,Milk,Dairy,HH010,2026-04-10,0.29,liters,4,0,4,spring,0
ITM001,Milk,Dairy,HH010,2026-04-12,0.37,liters,6,1,4,spring,0
ITM001,Milk,Dairy,HH010,2026-04-17,0.31,liters,4,0,4,spring,0
ITM001,Milk,Dairy,HH010,2026-04-20,0.28,liters,0,0,4,spring,0
ITM001,Milk,Dairy,HH010,2026-04-23,0.3,liters,3,0,4,spring,0
ITM001,Milk,Dairy,HH010,2026-04-25,0.37,liters,5,1,4,spring,0
ITM001,Milk,Dairy,HH010,2026-04-26,0.36,liters,6,1,4,spring,0
ITM001,Milk,Dairy,HH010,2026-04-29,0.35,liters,2,0,4,spring,0
ITM001,Milk,Dairy,HH010,2026-05-09,0.61,liters,5,1,5,spring,0
ITM001,Milk,Dairy,HH010,2026-05-21,0.32,liters,3,0,5,spring,0
ITM001,Milk,Dairy,HH010,2026-05-22,0.33,liters,4,0,5,spring,0
ITM001,Milk,Dairy,HH010,2026-05-30,0.35,liters,5,1,5,spring,0
ITM001,Milk,Dairy,HH010,2026-06-04,0.34,liters,3,0,6,summer,0
ITM001,Milk,Dairy,HH010,2026-06-05,0.32,liters,4,0,6,summer,0
ITM001,Milk,Dairy,HH010,2026-06-15,0.29,liters,0,0,6,summer,0
ITM001,Milk,Dairy,HH010,2026-06-17,0.35,liters,2,0,6,summer,0
ITM001,Milk,Dairy,HH010,2026-06-24,0.31,liters,2,0,6,summer,0
ITM001,Milk,Dairy,HH010,2026-06-27,0.44,liters,5,1,6,summer,0
ITM001,Milk,Dairy,HH010,2026-06-28,0.6,liters,6,1,6,summer,0
ITM001,Milk,Dairy,HH011,2026-01-04,0.93,liters,6,1,1,winter,0
ITM001,Milk,Dairy,HH011,2026-01-08,0.84,liters,3,0,1,winter,0
ITM001,Milk,Dairy,HH011,2026-01-10,1.23,liters,5,1,1,winter,0
ITM001,Milk,Dairy,HH011,2026-01-13,0.82,liters,1,0,1,winter,0
ITM001,Milk,Dairy,HH011,2026-01-15,0.62,liters,3,0,1,winter,0
ITM001,Milk,Dairy,HH011,2026-01-16,0.68,liters,4,0,1,winter,0
ITM001,Milk,Dairy,HH011,2026-01-20,0.72,liters,1,0,1,winter,0
ITM001,Milk,Dairy,HH011,2026-01-21,0.78,liters,2,0,1,winter,0
ITM001,Milk,Dairy,HH011,2026-01-28,0.78,liters,2,0,1,winter,0
ITM001,Milk,Dairy,HH011,2026-01-31,0.86,liters,5,1,1,winter,0
ITM001,Milk,Dairy,HH011,2026-02-04,0.57,liters,2,0,2,winter,0
ITM001,Milk,Dairy,HH011,2026-02-05,0.86,liters,3,0,2,winter,0
ITM001,Milk,Dairy,HH011,2026-02-11,0.94,liters,2,0,2,winter,0
ITM001,Milk,Dairy,HH011,2026-02-12,0.86,liters,3,0,2,winter,0
ITM001,Milk,Dairy,HH011,2026-02-13,0.79,liters,4,0,2,winter,0
ITM001,Milk,Dairy,HH011,2026-02-25,0.65,liters,2,0,2,winter,0
ITM001,Milk,Dairy,HH011,2026-02-26,0.78,liters,3,0,2,winter,0
ITM001,Milk,Dairy,HH011,2026-03-03,0.41,liters,1,0,3,spring,0
ITM001,Milk,Dairy,HH011,2026-03-06,0.37,liters,4,0,3,spring,0
ITM001,Milk,Dairy,HH011,2026-03-12,0.34,liters,3,0,3,spring,0
ITM001,Milk,Dairy,HH011,2026-03-16,0.43,liters,0,0,3,spring,0
ITM001,Milk,Dairy,HH011,2026-03-24,0.44,liters,1,0,3,spring,0
ITM001,Milk,Dairy,HH011,2026-03-25,0.36,liters,2,0,3,spring,0
ITM001,Milk,Dairy,HH011,2026-03-30,0.29,liters,0,0,3,spring,0
ITM001,Milk,Dairy,HH011,2026-04-03,0.32,liters,4,0,4,spring,0
ITM001,Milk,Dairy,HH011,2026-04-05,0.53,liters,6,1,4,spring,0
ITM001,Milk,Dairy,HH011,2026-04-09,0.44,liters,3,0,4,spring,0
ITM001,Milk,Dairy,HH011,2026-04-19,0.7,liters,6,1,4,spring,0
ITM001,Milk,Dairy,HH011,2026-04-23,0.34,liters,3,0,4,spring,0
ITM001,Milk,Dairy,HH011,2026-04-24,0.28,liters,4,0,4,spring,0
ITM001,Milk,Dairy,HH011,2026-04-28,0.36,liters,1,0,4,spring,0
ITM001,Milk,Dairy,HH011,2026-04-30,0.39,liters,3,0,4,spring,0
ITM001,Milk,Dairy,HH011,2026-05-03,0.61,liters,6,1,5,spring,0
ITM001,Milk,Dairy,HH011,2026-05-08,0.47,liters,4,0,5,spring,0
ITM001,Milk,Dairy,HH011,2026-05-09,0.52,liters,5,1,5,spring,0
ITM001,Milk,Dairy,HH011,2026-05-10,0.39,liters,6,1,5,spring,0
ITM001,Milk,Dairy,HH011,2026-05-14,0.4,liters,3,0,5,spring,0
ITM001,Milk,Dairy,HH011,2026-05-19,0.32,liters,1,0,5,spring,0
ITM001,Milk,Dairy,HH011,2026-05-21,0.4,liters,3,0,5,spring,0
ITM001,Milk,Dairy,HH011,2026-05-23,0.52,liters,5,1,5,spring,0
ITM001,Milk,Dairy,HH011,2026-05-28,0.46,liters,3,0,5,spring,0
ITM001,Milk,Dairy,HH011,2026-06-01,0.34,liters,0,0,6,summer,0
ITM001,Milk,Dairy,HH011,2026-06-09,0.42,liters,1,0,6,summer,0
ITM001,Milk,Dairy,HH011,2026-06-14,0.42,liters,6,1,6,summer,0
ITM001,Milk,Dairy,HH011,2026-06-15,0.47,liters,0,0,6,summer,0
ITM001,Milk,Dairy,HH011,2026-06-16,0.54,liters,1,0,6,summer,0
ITM001,Milk,Dairy,HH011,2026-06-20,0.44,liters,5,1,6,summer,0
ITM001,Milk,Dairy,HH011,2026-06-21,0.5,liters,6,1,6,summer,0
ITM001,Milk,Dairy,HH011,2026-06-23,0.43,liters,1,0,6,summer,0
ITM001,Milk,Dairy,HH011,2026-06-26,0.41,liters,4,0,6,summer,0
ITM001,Milk,Dairy,HH011,2026-06-27,0.62,liters,5,1,6,summer,0
ITM001,Milk,Dairy,HH012,2026-01-03,1.65,liters,5,1,1,winter,0
ITM001,Milk,Dairy,HH012,2026-01-05,0.89,liters,0,0,1,winter,0
ITM001,Milk,Dairy,HH012,2026-01-08,0.84,liters,3,0,1,winter,0
ITM001,Milk,Dairy,HH012,2026-01-09,1.21,liters,4,0,1,winter,0
ITM001,Milk,Dairy,HH012,2026-01-10,1.45,liters,5,1,1,winter,0
ITM001,Milk,Dairy,HH012,2026-01-16,0.69,liters,4,0,1,winter,0
ITM001,Milk,Dairy,HH012,2026-01-17,1.3,liters,5,1,1,winter,0
ITM001,Milk,Dairy,HH012,2026-01-19,0.79,liters,0,0,1,winter,0
ITM001,Milk,Dairy,HH012,2026-01-24,1.5,liters,5,1,1,winter,0
ITM001,Milk,Dairy,HH012,2026-01-29,0.71,liters,3,0,1,winter,0
ITM001,Milk,Dairy,HH012,2026-01-31,1.63,liters,5,1,1,winter,0
ITM001,Milk,Dairy,HH012,2026-02-06,1.06,liters,4,0,2,winter,0
ITM001,Milk,Dairy,HH012,2026-02-10,0.59,liters,1,0,2,winter,0
ITM001,Milk,Dairy,HH012,2026-02-16,0.91,liters,0,0,2,winter,0
ITM001,Milk,Dairy,HH012,2026-02-24,0.99,liters,1,0,2,winter,0
ITM001,Milk,Dairy,HH012,2026-02-26,0.94,liters,3,0,2,winter,0
ITM001,Milk,Dairy,HH012,2026-02-27,0.94,liters,4,0,2,winter,0
ITM001,Milk,Dairy,HH012,2026-03-07,0.79,liters,5,1,3,spring,0
ITM001,Milk,Dairy,HH012,2026-03-09,0.38,liters,0,0,3,spring,0
ITM001,Milk,Dairy,HH012,2026-03-10,0.56,liters,1,0,3,spring,0
ITM001,Milk,Dairy,HH012,2026-03-11,0.42,liters,2,0,3,spring,0
ITM001,Milk,Dairy,HH012,2026-03-12,0.38,liters,3,0,3,spring,0
ITM001,Milk,Dairy,HH012,2026-03-14,0.61,liters,5,1,3,spring,0
ITM001,Milk,Dairy,HH012,2026-03-18,0.42,liters,2,0,3,spring,0
ITM001,Milk,Dairy,HH012,2026-03-30,0.43,liters,0,0,3,spring,0
ITM001,Milk,Dairy,HH012,2026-04-04,0.72,liters,5,1,4,spring,0
ITM001,Milk,Dairy,HH012,2026-04-06,0.39,liters,0,0,4,spring,0
ITM001,Milk,Dairy,HH012,2026-04-10,0.44,liters,4,0,4,spring,0
ITM001,Milk,Dairy,HH012,2026-04-15,0.56,liters,2,0,4,spring,0
ITM001,Milk,Dairy,HH012,2026-04-19,0.73,liters,6,1,4,spring,0
ITM001,Milk,Dairy,HH012,2026-04-21,0.42,liters,1,0,4,spring,0
ITM001,Milk,Dairy,HH012,2026-04-22,0.32,liters,2,0,4,spring,0
ITM001,Milk,Dairy,HH012,2026-04-23,0.42,liters,3,0,4,spring,0
ITM001,Milk,Dairy,HH012,2026-04-29,0.31,liters,2,0,4,spring,0
ITM001,Milk,Dairy,HH012,2026-05-05,0.51,liters,1,0,5,spring,0
ITM001,Milk,Dairy,HH012,2026-05-15,0.45,liters,4,0,5,spring,0
ITM001,Milk,Dairy,HH012,2026-05-17,0.71,liters,6,1,5,spring,0
ITM001,Milk,Dairy,HH012,2026-05-28,0.48,liters,3,0,5,spring,0
ITM001,Milk,Dairy,HH012,2026-05-29,0.48,liters,4,0,5,spring,0
ITM001,Milk,Dairy,HH012,2026-05-31,0.61,liters,6,1,5,spring,0
ITM001,Milk,Dairy,HH012,2026-06-02,0.34,liters,1,0,6,summer,0
ITM001,Milk,Dairy,HH012,2026-06-06,0.96,liters,5,1,6,summer,1
ITM001,Milk,Dairy,HH012,2026-06-10,0.46,liters,2,0,6,summer,0
ITM001,Milk,Dairy,HH012,2026-06-11,0.49,liters,3,0,6,summer,0
ITM001,Milk,Dairy,HH012,2026-06-16,0.34,liters,1,0,6,summer,0
ITM001,Milk,Dairy,HH012,2026-06-17,0.37,liters,2,0,6,summer,0
ITM001,Milk,Dairy,HH012,2026-06-19,0.51,liters,4,0,6,summer,0
ITM001,Milk,Dairy,HH012,2026-06-20,0.43,liters,5,1,6,summer,0
ITM001,Milk,Dairy,HH013,2026-01-01,1.91,liters,3,0,1,winter,1
ITM001,Milk,Dairy,HH013,2026-01-08,1.56,liters,3,0,1,winter,0
ITM001,Milk,Dairy,HH013,2026-01-12,1.26,liters,0,0,1,winter,0
ITM001,Milk,Dairy,HH013,2026-01-14,1.09,liters,2,0,1,winter,0
ITM001,Milk,Dairy,HH013,2026-01-16,0.64,liters,4,0,1,winter,0
ITM001,Milk,Dairy,HH013,2026-01-19,1.37,liters,0,0,1,winter,0
ITM001,Milk,Dairy,HH013,2026-01-24,1.5,liters,5,1,1,winter,0
ITM001,Milk,Dairy,HH013,2026-01-25,1.09,liters,6,1,1,winter,0
ITM001,Milk,Dairy,HH013,2026-01-29,1.36,liters,3,0,1,winter,0
ITM001,Milk,Dairy,HH013,2026-02-02,0.74,liters,0,0,2,winter,0
ITM001,Milk,Dairy,HH013,2026-02-06,1.21,liters,4,0,2,winter,0
ITM001,Milk,Dairy,HH013,2026-02-08,1.78,liters,6,1,2,winter,0
ITM001,Milk,Dairy,HH013,2026-02-09,1.49,liters,0,0,2,winter,0
ITM001,Milk,Dairy,HH013,2026-02-10,0.86,liters,1,0,2,winter,0
ITM001,Milk,Dairy,HH013,2026-02-11,1.28,liters,2,0,2,winter,0
ITM001,Milk,Dairy,HH013,2026-02-17,1.15,liters,1,0,2,winter,0
ITM001,Milk,Dairy,HH013,2026-02-23,1.1,liters,0,0,2,winter,0
ITM001,Milk,Dairy,HH013,2026-02-26,0.99,liters,3,0,2,winter,0
ITM001,Milk,Dairy,HH013,2026-03-01,0.94,liters,6,1,3,spring,0
ITM001,Milk,Dairy,HH013,2026-03-03,0.32,liters,1,0,3,spring,0
ITM001,Milk,Dairy,HH013,2026-03-12,0.53,liters,3,0,3,spring,0
ITM001,Milk,Dairy,HH013,2026-03-13,0.55,liters,4,0,3,spring,0
ITM001,Milk,Dairy,HH013,2026-03-14,0.68,liters,5,1,3,spring,0
ITM001,Milk,Dairy,HH013,2026-03-15,0.78,liters,6,1,3,spring,0
ITM001,Milk,Dairy,HH013,2026-03-25,0.6,liters,2,0,3,spring,0
ITM001,Milk,Dairy,HH013,2026-04-05,0.81,liters,6,1,4,spring,0
ITM001,Milk,Dairy,HH013,2026-04-07,0.68,liters,1,0,4,spring,0
ITM001,Milk,Dairy,HH013,2026-04-12,0.83,liters,6,1,4,spring,0
ITM001,Milk,Dairy,HH013,2026-04-14,0.53,liters,1,0,4,spring,1
ITM001,Milk,Dairy,HH013,2026-04-19,0.9,liters,6,1,4,spring,0
ITM001,Milk,Dairy,HH013,2026-04-20,0.53,liters,0,0,4,spring,0
ITM001,Milk,Dairy,HH013,2026-04-22,0.62,liters,2,0,4,spring,0
ITM001,Milk,Dairy,HH013,2026-04-26,0.8,liters,6,1,4,spring,0
ITM001,Milk,Dairy,HH013,2026-05-02,0.44,liters,5,1,5,spring,0
ITM001,Milk,Dairy,HH013,2026-05-06,0.5,liters,2,0,5,spring,0
ITM001,Milk,Dairy,HH013,2026-05-07,0.73,liters,3,0,5,spring,0
ITM001,Milk,Dairy,HH013,2026-05-16,0.74,liters,5,1,5,spring,0
ITM001,Milk,Dairy,HH013,2026-05-22,0.45,liters,4,0,5,spring,0
ITM001,Milk,Dairy,HH013,2026-05-29,0.78,liters,4,0,5,spring,0
ITM001,Milk,Dairy,HH013,2026-05-30,0.58,liters,5,1,5,spring,0
ITM001,Milk,Dairy,HH013,2026-06-01,0.44,liters,0,0,6,summer,0
ITM001,Milk,Dairy,HH013,2026-06-03,0.54,liters,2,0,6,summer,0
ITM001,Milk,Dairy,HH013,2026-06-04,0.54,liters,3,0,6,summer,0
ITM001,Milk,Dairy,HH013,2026-06-05,0.46,liters,4,0,6,summer,0
ITM001,Milk,Dairy,HH013,2026-06-06,1.11,liters,5,1,6,summer,1
ITM001,Milk,Dairy,HH013,2026-06-13,0.64,liters,5,1,6,summer,0
ITM001,Milk,Dairy,HH013,2026-06-17,0.52,liters,2,0,6,summer,0
ITM001,Milk,Dairy,HH013,2026-06-18,0.37,liters,3,0,6,summer,0
ITM001,Milk,Dairy,HH013,2026-06-22,0.57,liters,0,0,6,summer,0
ITM001,Milk,Dairy,HH013,2026-06-23,0.51,liters,1,0,6,summer,0
ITM001,Milk,Dairy,HH013,2026-06-27,0.83,liters,5,1,6,summer,0
ITM001,Milk,Dairy,HH014,2026-01-01,1.51,liters,3,0,1,winter,1
ITM001,Milk,Dairy,HH014,2026-01-02,1.38,liters,4,0,1,winter,0
ITM001,Milk,Dairy,HH014,2026-01-03,1.22,liters,5,1,1,winter,0
ITM001,Milk,Dairy,HH014,2026-01-06,1.67,liters,1,0,1,winter,0
ITM001,Milk,Dairy,HH014,2026-01-07,1.46,liters,2,0,1,winter,0
ITM001,Milk,Dairy,HH014,2026-01-09,1.51,liters,4,0,1,winter,0
ITM001,Milk,Dairy,HH014,2026-01-13,1.41,liters,1,0,1,winter,0
ITM001,Milk,Dairy,HH014,2026-01-15,1.02,liters,3,0,1,winter,0
ITM001,Milk,Dairy,HH014,2026-01-16,1.28,liters,4,0,1,winter,0
ITM001,Milk,Dairy,HH014,2026-01-20,1.12,liters,1,0,1,winter,0
ITM001,Milk,Dairy,HH014,2026-01-21,1.2,liters,2,0,1,winter,0
ITM001,Milk,Dairy,HH014,2026-01-22,1.52,liters,3,0,1,winter,0
ITM001,Milk,Dairy,HH014,2026-01-26,3.02,liters,0,0,1,winter,1
ITM001,Milk,Dairy,HH014,2026-01-29,1.27,liters,3,0,1,winter,0
ITM001,Milk,Dairy,HH014,2026-01-31,1.61,liters,5,1,1,winter,0
ITM001,Milk,Dairy,HH014,2026-02-02,1.8,liters,0,0,2,winter,0
ITM001,Milk,Dairy,HH014,2026-02-05,0.7,liters,3,0,2,winter,0
ITM001,Milk,Dairy,HH014,2026-02-06,1.71,liters,4,0,2,winter,0
ITM001,Milk,Dairy,HH014,2026-02-16,0.97,liters,0,0,2,winter,0
ITM001,Milk,Dairy,HH014,2026-02-17,1.42,liters,1,0,2,winter,0
ITM001,Milk,Dairy,HH014,2026-02-19,1.26,liters,3,0,2,winter,0
ITM001,Milk,Dairy,HH014,2026-02-20,1.68,liters,4,0,2,winter,0
ITM001,Milk,Dairy,HH014,2026-02-21,1.94,liters,5,1,2,winter,0
ITM001,Milk,Dairy,HH014,2026-02-25,1.54,liters,2,0,2,winter,0
ITM001,Milk,Dairy,HH014,2026-03-02,0.52,liters,0,0,3,spring,0
ITM001,Milk,Dairy,HH014,2026-03-03,0.54,liters,1,0,3,spring,0
ITM001,Milk,Dairy,HH014,2026-03-05,0.65,liters,3,0,3,spring,0
ITM001,Milk,Dairy,HH014,2026-03-06,0.78,liters,4,0,3,spring,0
ITM001,Milk,Dairy,HH014,2026-03-10,0.55,liters,1,0,3,spring,0
ITM001,Milk,Dairy,HH014,2026-03-15,1.05,liters,6,1,3,spring,0
ITM001,Milk,Dairy,HH014,2026-03-24,0.62,liters,1,0,3,spring,0
ITM001,Milk,Dairy,HH014,2026-03-30,0.48,liters,0,0,3,spring,0
ITM001,Milk,Dairy,HH014,2026-04-02,0.47,liters,3,0,4,spring,0
ITM001,Milk,Dairy,HH014,2026-04-10,0.87,liters,4,0,4,spring,0
ITM001,Milk,Dairy,HH014,2026-04-11,0.84,liters,5,1,4,spring,0
ITM001,Milk,Dairy,HH014,2026-04-15,0.44,liters,2,0,4,spring,0
ITM001,Milk,Dairy,HH014,2026-04-19,0.93,liters,6,1,4,spring,0
ITM001,Milk,Dairy,HH014,2026-04-24,0.53,liters,4,0,4,spring,0
ITM001,Milk,Dairy,HH014,2026-04-30,0.65,liters,3,0,4,spring,0
ITM001,Milk,Dairy,HH014,2026-05-01,0.91,liters,4,0,5,spring,1
ITM001,Milk,Dairy,HH014,2026-05-07,0.49,liters,3,0,5,spring,0
ITM001,Milk,Dairy,HH014,2026-05-09,0.7,liters,5,1,5,spring,0
ITM001,Milk,Dairy,HH014,2026-05-12,0.59,liters,1,0,5,spring,0
ITM001,Milk,Dairy,HH014,2026-05-13,0.78,liters,2,0,5,spring,0
ITM001,Milk,Dairy,HH014,2026-05-16,0.89,liters,5,1,5,spring,0
ITM001,Milk,Dairy,HH014,2026-05-20,0.56,liters,2,0,5,spring,0
ITM001,Milk,Dairy,HH014,2026-05-23,0.79,liters,5,1,5,spring,0
ITM001,Milk,Dairy,HH014,2026-05-28,0.57,liters,3,0,5,spring,0
ITM001,Milk,Dairy,HH014,2026-06-03,0.74,liters,2,0,6,summer,0
ITM001,Milk,Dairy,HH014,2026-06-06,1.16,liters,5,1,6,summer,1
ITM001,Milk,Dairy,HH014,2026-06-13,0.91,liters,5,1,6,summer,0
ITM001,Milk,Dairy,HH014,2026-06-16,0.63,liters,1,0,6,summer,0
ITM001,Milk,Dairy,HH014,2026-06-17,0.85,liters,2,0,6,summer,0
ITM001,Milk,Dairy,HH014,2026-06-20,0.92,liters,5,1,6,summer,0
ITM001,Milk,Dairy,HH014,2026-06-22,0.57,liters,0,0,6,summer,0
ITM001,Milk,Dairy,HH014,2026-06-24,0.51,liters,2,0,6,summer,0
ITM001,Milk,Dairy,HH014,2026-06-25,0.68,liters,3,0,6,summer,0
ITM001,Milk,Dairy,HH015,2026-01-14,0.77,liters,2,0,1,winter,0
ITM001,Milk,Dairy,HH015,2026-01-19,0.77,liters,0,0,1,winter,0
ITM001,Milk,Dairy,HH015,2026-01-21,0.55,liters,2,0,1,winter,0
ITM001,Milk,Dairy,HH015,2026-01-24,1.24,liters,5,1,1,winter,0
ITM001,Milk,Dairy,HH015,2026-01-25,1.27,liters,6,1,1,winter,0
ITM001,Milk,Dairy,HH015,2026-01-26,0.81,liters,0,0,1,winter,1
ITM001,Milk,Dairy,HH015,2026-02-07,0.99,liters,5,1,2,winter,0
ITM001,Milk,Dairy,HH015,2026-02-22,0.69,liters,6,1,2,winter,0
ITM001,Milk,Dairy,HH015,2026-02-23,0.65,liters,0,0,2,winter,0
ITM001,Milk,Dairy,HH015,2026-03-03,0.41,liters,1,0,3,spring,0
ITM001,Milk,Dairy,HH015,2026-03-04,0.27,liters,2,0,3,spring,0
ITM001,Milk,Dairy,HH015,2026-03-08,0.49,liters,6,1,3,spring,1
ITM001,Milk,Dairy,HH015,2026-03-10,0.38,liters,1,0,3,spring,0
ITM001,Milk,Dairy,HH015,2026-03-15,0.39,liters,6,1,3,spring,0
ITM001,Milk,Dairy,HH015,2026-03-16,0.3,liters,0,0,3,spring,0
ITM001,Milk,Dairy,HH015,2026-03-17,0.28,liters,1,0,3,spring,0
ITM001,Milk,Dairy,HH015,2026-03-18,0.38,liters,2,0,3,spring,0
ITM001,Milk,Dairy,HH015,2026-03-19,0.29,liters,3,0,3,spring,0
ITM001,Milk,Dairy,HH015,2026-03-24,0.33,liters,1,0,3,spring,0
ITM001,Milk,Dairy,HH015,2026-03-28,0.52,liters,5,1,3,spring,0
ITM001,Milk,Dairy,HH015,2026-04-02,0.32,liters,3,0,4,spring,0
ITM001,Milk,Dairy,HH015,2026-04-07,0.42,liters,1,0,4,spring,0
ITM001,Milk,Dairy,HH015,2026-04-09,0.21,liters,3,0,4,spring,0
ITM001,Milk,Dairy,HH015,2026-04-10,0.35,liters,4,0,4,spring,0
ITM001,Milk,Dairy,HH015,2026-04-13,0.41,liters,0,0,4,spring,0
ITM001,Milk,Dairy,HH015,2026-04-26,0.41,liters,6,1,4,spring,0
ITM001,Milk,Dairy,HH015,2026-04-29,0.3,liters,2,0,4,spring,0
ITM001,Milk,Dairy,HH015,2026-05-03,0.53,liters,6,1,5,spring,0
ITM001,Milk,Dairy,HH015,2026-05-04,0.31,liters,0,0,5,spring,0
ITM001,Milk,Dairy,HH015,2026-05-13,0.31,liters,2,0,5,spring,0
ITM001,Milk,Dairy,HH015,2026-05-14,0.29,liters,3,0,5,spring,0
ITM001,Milk,Dairy,HH015,2026-05-17,0.34,liters,6,1,5,spring,0
ITM001,Milk,Dairy,HH015,2026-05-20,0.37,liters,2,0,5,spring,0
ITM001,Milk,Dairy,HH015,2026-05-25,0.27,liters,0,0,5,spring,0
ITM001,Milk,Dairy,HH015,2026-05-26,0.24,liters,1,0,5,spring,0
ITM001,Milk,Dairy,HH015,2026-05-29,0.37,liters,4,0,5,spring,0
ITM001,Milk,Dairy,HH015,2026-05-30,0.46,liters,5,1,5,spring,0
ITM001,Milk,Dairy,HH015,2026-06-02,0.26,liters,1,0,6,summer,0
ITM001,Milk,Dairy,HH015,2026-06-06,0.53,liters,5,1,6,summer,1
ITM001,Milk,Dairy,HH015,2026-06-07,0.42,liters,6,1,6,summer,0
ITM001,Milk,Dairy,HH015,2026-06-08,0.24,liters,0,0,6,summer,0
ITM001,Milk,Dairy,HH015,2026-06-10,0.32,liters,2,0,6,summer,0
ITM001,Milk,Dairy,HH015,2026-06-15,0.37,liters,0,0,6,summer,0
ITM001,Milk,Dairy,HH015,2026-06-21,0.46,liters,6,1,6,summer,0
ITM001,Milk,Dairy,HH015,2026-06-26,0.25,liters,4,0,6,summer,0
ITM001,Milk,Dairy,HH015,2026-06-28,0.44,liters,6,1,6,summer,0
ITM001,Milk,Dairy,HH015,2026-06-29,0.36,liters,0,0,6,summer,0
ITM001,Milk,Dairy,HH016,2026-01-02,0.77,liters,4,0,1,winter,0
ITM001,Milk,Dairy,HH016,2026-01-08,0.85,liters,3,0,1,winter,0
ITM001,Milk,Dairy,HH016,2026-01-12,0.96,liters,0,0,1,winter,0
ITM001,Milk,Dairy,HH016,2026-01-14,0.78,liters,2,0,1,winter,0
ITM001,Milk,Dairy,HH016,2026-01-19,1.29,liters,0,0,1,winter,0
ITM001,Milk,Dairy,HH016,2026-01-24,1.15,liters,5,1,1,winter,0
ITM001,Milk,Dairy,HH016,2026-02-04,1.08,liters,2,0,2,winter,0
ITM001,Milk,Dairy,HH016,2026-02-05,0.85,liters,3,0,2,winter,0
ITM001,Milk,Dairy,HH016,2026-02-09,0.74,liters,0,0,2,winter,0
ITM001,Milk,Dairy,HH016,2026-02-15,1.65,liters,6,1,2,winter,0
ITM001,Milk,Dairy,HH016,2026-02-19,1.01,liters,3,0,2,winter,0
ITM001,Milk,Dairy,HH016,2026-02-23,0.96,liters,0,0,2,winter,0
ITM001,Milk,Dairy,HH016,2026-02-24,0.61,liters,1,0,2,winter,0
ITM001,Milk,Dairy,HH016,2026-02-28,1.14,liters,5,1,2,winter,0
ITM001,Milk,Dairy,HH016,2026-03-03,0.41,liters,1,0,3,spring,0
ITM001,Milk,Dairy,HH016,2026-03-04,0.45,liters,2,0,3,spring,0
ITM001,Milk,Dairy,HH016,2026-03-08,0.85,liters,6,1,3,spring,1
ITM001,Milk,Dairy,HH016,2026-03-10,0.36,liters,1,0,3,spring,0
ITM001,Milk,Dairy,HH016,2026-03-14,0.67,liters,5,1,3,spring,0
ITM001,Milk,Dairy,HH016,2026-03-18,0.26,liters,2,0,3,spring,0
ITM001,Milk,Dairy,HH016,2026-03-21,0.48,liters,5,1,3,spring,0
ITM001,Milk,Dairy,HH016,2026-03-23,0.4,liters,0,0,3,spring,0
ITM001,Milk,Dairy,HH016,2026-04-01,0.35,liters,2,0,4,spring,0
ITM001,Milk,Dairy,HH016,2026-04-08,0.37,liters,2,0,4,spring,0
ITM001,Milk,Dairy,HH016,2026-04-14,0.46,liters,1,0,4,spring,1
ITM001,Milk,Dairy,HH016,2026-04-23,0.33,liters,3,0,4,spring,0
ITM001,Milk,Dairy,HH016,2026-04-24,0.5,liters,4,0,4,spring,0
ITM001,Milk,Dairy,HH016,2026-04-28,0.45,liters,1,0,4,spring,0
ITM001,Milk,Dairy,HH016,2026-05-11,0.35,liters,0,0,5,spring,0
ITM001,Milk,Dairy,HH016,2026-05-16,0.49,liters,5,1,5,spring,0
ITM001,Milk,Dairy,HH016,2026-05-19,0.41,liters,1,0,5,spring,0
ITM001,Milk,Dairy,HH016,2026-05-20,0.55,liters,2,0,5,spring,0
ITM001,Milk,Dairy,HH016,2026-05-27,0.36,liters,2,0,5,spring,0
ITM001,Milk,Dairy,HH016,2026-05-29,0.35,liters,4,0,5,spring,0
ITM001,Milk,Dairy,HH016,2026-06-01,0.41,liters,0,0,6,summer,0
ITM001,Milk,Dairy,HH016,2026-06-02,0.44,liters,1,0,6,summer,0
ITM001,Milk,Dairy,HH016,2026-06-03,0.53,liters,2,0,6,summer,0
ITM001,Milk,Dairy,HH016,2026-06-05,0.31,liters,4,0,6,summer,0
ITM001,Milk,Dairy,HH016,2026-06-06,0.76,liters,5,1,6,summer,1
ITM001,Milk,Dairy,HH016,2026-06-08,0.39,liters,0,0,6,summer,0
ITM001,Milk,Dairy,HH016,2026-06-10,0.41,liters,2,0,6,summer,0
ITM001,Milk,Dairy,HH016,2026-06-14,0.58,liters,6,1,6,summer,0
ITM001,Milk,Dairy,HH016,2026-06-19,0.32,liters,4,0,6,summer,0
ITM001,Milk,Dairy,HH016,2026-06-23,0.43,liters,1,0,6,summer,0
ITM001,Milk,Dairy,HH016,2026-06-28,0.8,liters,6,1,6,summer,0
ITM001,Milk,Dairy,HH017,2026-01-02,1.22,liters,4,0,1,winter,0
ITM001,Milk,Dairy,HH017,2026-01-09,1.02,liters,4,0,1,winter,0
ITM001,Milk,Dairy,HH017,2026-01-10,1.3,liters,5,1,1,winter,0
ITM001,Milk,Dairy,HH017,2026-01-11,1.77,liters,6,1,1,winter,0
ITM001,Milk,Dairy,HH017,2026-01-17,1.61,liters,5,1,1,winter,0
ITM001,Milk,Dairy,HH017,2026-01-23,1.28,liters,4,0,1,winter,0
ITM001,Milk,Dairy,HH017,2026-01-25,1.35,liters,6,1,1,winter,0
ITM001,Milk,Dairy,HH017,2026-01-26,1.6,liters,0,0,1,winter,1
ITM001,Milk,Dairy,HH017,2026-02-04,0.85,liters,2,0,2,winter,0
ITM001,Milk,Dairy,HH017,2026-02-05,1.24,liters,3,0,2,winter,0
ITM001,Milk,Dairy,HH017,2026-02-07,1.28,liters,5,1,2,winter,0
ITM001,Milk,Dairy,HH017,2026-02-10,1.05,liters,1,0,2,winter,0
ITM001,Milk,Dairy,HH017,2026-02-11,0.73,liters,2,0,2,winter,0
ITM001,Milk,Dairy,HH017,2026-02-21,1.79,liters,5,1,2,winter,0
ITM001,Milk,Dairy,HH017,2026-03-01,0.72,liters,6,1,3,spring,0
ITM001,Milk,Dairy,HH017,2026-03-05,0.38,liters,3,0,3,spring,0
ITM001,Milk,Dairy,HH017,2026-03-15,0.53,liters,6,1,3,spring,0
ITM001,Milk,Dairy,HH017,2026-03-17,0.4,liters,1,0,3,spring,0
ITM001,Milk,Dairy,HH017,2026-03-18,0.42,liters,2,0,3,spring,0
ITM001,Milk,Dairy,HH017,2026-03-19,0.46,liters,3,0,3,spring,0
ITM001,Milk,Dairy,HH017,2026-03-24,0.45,liters,1,0,3,spring,0
ITM001,Milk,Dairy,HH017,2026-03-26,0.43,liters,3,0,3,spring,0
ITM001,Milk,Dairy,HH017,2026-03-28,0.7,liters,5,1,3,spring,0
ITM001,Milk,Dairy,HH017,2026-04-02,0.54,liters,3,0,4,spring,0
ITM001,Milk,Dairy,HH017,2026-04-03,0.55,liters,4,0,4,spring,0
ITM001,Milk,Dairy,HH017,2026-04-04,0.74,liters,5,1,4,spring,0
ITM001,Milk,Dairy,HH017,2026-04-06,0.38,liters,0,0,4,spring,0
ITM001,Milk,Dairy,HH017,2026-04-08,0.4,liters,2,0,4,spring,0
ITM001,Milk,Dairy,HH017,2026-04-10,0.47,liters,4,0,4,spring,0
ITM001,Milk,Dairy,HH017,2026-04-12,0.9,liters,6,1,4,spring,0
ITM001,Milk,Dairy,HH017,2026-04-13,0.49,liters,0,0,4,spring,0
ITM001,Milk,Dairy,HH017,2026-04-21,0.34,liters,1,0,4,spring,0
ITM001,Milk,Dairy,HH017,2026-04-24,0.54,liters,4,0,4,spring,0
ITM001,Milk,Dairy,HH017,2026-05-06,0.5,liters,2,0,5,spring,0
ITM001,Milk,Dairy,HH017,2026-05-07,0.35,liters,3,0,5,spring,0
ITM001,Milk,Dairy,HH017,2026-05-12,0.43,liters,1,0,5,spring,0
ITM001,Milk,Dairy,HH017,2026-05-13,0.5,liters,2,0,5,spring,0
ITM001,Milk,Dairy,HH017,2026-05-16,0.57,liters,5,1,5,spring,0
ITM001,Milk,Dairy,HH017,2026-05-22,0.53,liters,4,0,5,spring,0
ITM001,Milk,Dairy,HH017,2026-05-30,0.56,liters,5,1,5,spring,0
ITM001,Milk,Dairy,HH017,2026-06-01,0.42,liters,0,0,6,summer,0
ITM001,Milk,Dairy,HH017,2026-06-07,0.65,liters,6,1,6,summer,0
ITM001,Milk,Dairy,HH017,2026-06-14,0.93,liters,6,1,6,summer,0
ITM001,Milk,Dairy,HH017,2026-06-15,0.59,liters,0,0,6,summer,0
ITM001,Milk,Dairy,HH017,2026-06-17,0.41,liters,2,0,6,summer,0
ITM001,Milk,Dairy,HH017,2026-06-21,0.37,liters,6,1,6,summer,0
ITM001,Milk,Dairy,HH017,2026-06-23,0.38,liters,1,0,6,summer,0
ITM001,Milk,Dairy,HH017,2026-06-26,0.44,liters,4,0,6,summer,0
ITM001,Milk,Dairy,HH017,2026-06-29,0.45,liters,0,0,6,summer,0
ITM001,Milk,Dairy,HH018,2026-01-03,1.42,liters,5,1,1,winter,0
ITM001,Milk,Dairy,HH018,2026-01-04,1.66,liters,6,1,1,winter,0
ITM001,Milk,Dairy,HH018,2026-01-12,1.04,liters,0,0,1,winter,0
ITM001,Milk,Dairy,HH018,2026-01-19,1.4,liters,0,0,1,winter,0
ITM001,Milk,Dairy,HH018,2026-01-21,1.07,liters,2,0,1,winter,0
ITM001,Milk,Dairy,HH018,2026-01-22,1.31,liters,3,0,1,winter,0
ITM001,Milk,Dairy,HH018,2026-01-23,1.06,liters,4,0,1,winter,0
ITM001,Milk,Dairy,HH018,2026-01-27,1.0,liters,1,0,1,winter,0
ITM001,Milk,Dairy,HH018,2026-01-31,1.5,liters,5,1,1,winter,0
ITM001,Milk,Dairy,HH018,2026-02-02,1.1,liters,0,0,2,winter,0
ITM001,Milk,Dairy,HH018,2026-02-04,1.34,liters,2,0,2,winter,0
ITM001,Milk,Dairy,HH018,2026-02-06,1.1,liters,4,0,2,winter,0
ITM001,Milk,Dairy,HH018,2026-02-08,1.32,liters,6,1,2,winter,0
ITM001,Milk,Dairy,HH018,2026-02-09,1.23,liters,0,0,2,winter,0
ITM001,Milk,Dairy,HH018,2026-02-11,1.24,liters,2,0,2,winter,0
ITM001,Milk,Dairy,HH018,2026-02-12,1.01,liters,3,0,2,winter,0
ITM001,Milk,Dairy,HH018,2026-02-15,1.53,liters,6,1,2,winter,0
ITM001,Milk,Dairy,HH018,2026-02-22,1.62,liters,6,1,2,winter,0
ITM001,Milk,Dairy,HH018,2026-02-26,1.0,liters,3,0,2,winter,0
ITM001,Milk,Dairy,HH018,2026-03-05,0.53,liters,3,0,3,spring,0
ITM001,Milk,Dairy,HH018,2026-03-08,1.16,liters,6,1,3,spring,1
ITM001,Milk,Dairy,HH018,2026-03-10,0.38,liters,1,0,3,spring,0
ITM001,Milk,Dairy,HH018,2026-03-11,0.53,liters,2,0,3,spring,0
ITM001,Milk,Dairy,HH018,2026-03-12,0.42,liters,3,0,3,spring,0
ITM001,Milk,Dairy,HH018,2026-03-15,0.6,liters,6,1,3,spring,0
ITM001,Milk,Dairy,HH018,2026-03-16,0.68,liters,0,0,3,spring,0
ITM001,Milk,Dairy,HH018,2026-03-19,0.6,liters,3,0,3,spring,0
ITM001,Milk,Dairy,HH018,2026-03-21,0.78,liters,5,1,3,spring,0
ITM001,Milk,Dairy,HH018,2026-03-24,0.46,liters,1,0,3,spring,0
ITM001,Milk,Dairy,HH018,2026-03-29,1.03,liters,6,1,3,spring,0
ITM001,Milk,Dairy,HH018,2026-03-30,0.53,liters,0,0,3,spring,0
ITM001,Milk,Dairy,HH018,2026-03-31,0.54,liters,1,0,3,spring,0
ITM001,Milk,Dairy,HH018,2026-04-02,0.56,liters,3,0,4,spring,0
ITM001,Milk,Dairy,HH018,2026-04-06,0.41,liters,0,0,4,spring,0
ITM001,Milk,Dairy,HH018,2026-04-11,0.69,liters,5,1,4,spring,0
ITM001,Milk,Dairy,HH018,2026-04-13,0.75,liters,0,0,4,spring,0
ITM001,Milk,Dairy,HH018,2026-04-14,1.08,liters,1,0,4,spring,1
ITM001,Milk,Dairy,HH018,2026-04-22,0.48,liters,2,0,4,spring,0
ITM001,Milk,Dairy,HH018,2026-04-28,0.57,liters,1,0,4,spring,0
ITM001,Milk,Dairy,HH018,2026-04-30,0.59,liters,3,0,4,spring,0
ITM001,Milk,Dairy,HH018,2026-05-04,0.59,liters,0,0,5,spring,0
ITM001,Milk,Dairy,HH018,2026-05-31,0.65,liters,6,1,5,spring,0
ITM001,Milk,Dairy,HH018,2026-06-01,0.48,liters,0,0,6,summer,0
ITM001,Milk,Dairy,HH018,2026-06-03,0.5,liters,2,0,6,summer,0
ITM001,Milk,Dairy,HH018,2026-06-06,1.18,liters,5,1,6,summer,1
ITM001,Milk,Dairy,HH018,2026-06-07,0.68,liters,6,1,6,summer,0
ITM001,Milk,Dairy,HH018,2026-06-12,0.34,liters,4,0,6,summer,0
ITM001,Milk,Dairy,HH018,2026-06-13,0.75,liters,5,1,6,summer,0
ITM001,Milk,Dairy,HH018,2026-06-14,0.95,liters,6,1,6,summer,0
ITM001,Milk,Dairy,HH018,2026-06-25,0.37,liters,3,0,6,summer,0
ITM001,Milk,Dairy,HH019,2026-01-08,0.97,liters,3,0,1,winter,0
ITM001,Milk,Dairy,HH019,2026-01-10,1.7,liters,5,1,1,winter,0
ITM001,Milk,Dairy,HH019,2026-01-12,0.9,liters,0,0,1,winter,0
ITM001,Milk,Dairy,HH019,2026-01-14,1.5,liters,2,0,1,winter,0
ITM001,Milk,Dairy,HH019,2026-01-15,1.5,liters,3,0,1,winter,0
ITM001,Milk,Dairy,HH019,2026-01-22,1.2,liters,3,0,1,winter,0
ITM001,Milk,Dairy,HH019,2026-01-25,1.86,liters,6,1,1,winter,0
ITM001,Milk,Dairy,HH019,2026-02-04,1.35,liters,2,0,2,winter,0
ITM001,Milk,Dairy,HH019,2026-02-05,1.15,liters,3,0,2,winter,0
ITM001,Milk,Dairy,HH019,2026-02-06,1.71,liters,4,0,2,winter,0
ITM001,Milk,Dairy,HH019,2026-02-07,1.61,liters,5,1,2,winter,0
ITM001,Milk,Dairy,HH019,2026-02-10,0.82,liters,1,0,2,winter,0
ITM001,Milk,Dairy,HH019,2026-02-14,1.64,liters,5,1,2,winter,0
ITM001,Milk,Dairy,HH019,2026-02-21,1.9,liters,5,1,2,winter,0
ITM001,Milk,Dairy,HH019,2026-02-23,1.05,liters,0,0,2,winter,0
ITM001,Milk,Dairy,HH019,2026-02-24,1.43,liters,1,0,2,winter,0
ITM001,Milk,Dairy,HH019,2026-02-27,1.13,liters,4,0,2,winter,0
ITM001,Milk,Dairy,HH019,2026-02-28,1.32,liters,5,1,2,winter,0
ITM001,Milk,Dairy,HH019,2026-03-02,0.6,liters,0,0,3,spring,0
ITM001,Milk,Dairy,HH019,2026-03-07,0.61,liters,5,1,3,spring,0
ITM001,Milk,Dairy,HH019,2026-03-11,0.48,liters,2,0,3,spring,0
ITM001,Milk,Dairy,HH019,2026-03-16,0.61,liters,0,0,3,spring,0
ITM001,Milk,Dairy,HH019,2026-03-17,0.77,liters,1,0,3,spring,0
ITM001,Milk,Dairy,HH019,2026-03-20,0.55,liters,4,0,3,spring,0
ITM001,Milk,Dairy,HH019,2026-03-21,0.98,liters,5,1,3,spring,0
ITM001,Milk,Dairy,HH019,2026-03-22,0.63,liters,6,1,3,spring,0
ITM001,Milk,Dairy,HH019,2026-03-23,0.53,liters,0,0,3,spring,0
ITM001,Milk,Dairy,HH019,2026-03-28,0.54,liters,5,1,3,spring,0
ITM001,Milk,Dairy,HH019,2026-04-01,0.87,liters,2,0,4,spring,0
ITM001,Milk,Dairy,HH019,2026-04-04,0.77,liters,5,1,4,spring,0
ITM001,Milk,Dairy,HH019,2026-04-09,0.47,liters,3,0,4,spring,0
ITM001,Milk,Dairy,HH019,2026-04-12,0.7,liters,6,1,4,spring,0
ITM001,Milk,Dairy,HH019,2026-04-18,0.97,liters,5,1,4,spring,0
ITM001,Milk,Dairy,HH019,2026-04-19,0.66,liters,6,1,4,spring,0
ITM001,Milk,Dairy,HH019,2026-05-02,0.88,liters,5,1,5,spring,0
ITM001,Milk,Dairy,HH019,2026-05-03,0.74,liters,6,1,5,spring,0
ITM001,Milk,Dairy,HH019,2026-05-17,0.53,liters,6,1,5,spring,0
ITM001,Milk,Dairy,HH019,2026-05-19,0.65,liters,1,0,5,spring,0
ITM001,Milk,Dairy,HH019,2026-05-20,0.57,liters,2,0,5,spring,0
ITM001,Milk,Dairy,HH019,2026-05-21,0.63,liters,3,0,5,spring,0
ITM001,Milk,Dairy,HH019,2026-05-24,0.52,liters,6,1,5,spring,0
ITM001,Milk,Dairy,HH019,2026-05-26,0.55,liters,1,0,5,spring,0
ITM001,Milk,Dairy,HH019,2026-05-27,0.45,liters,2,0,5,spring,0
ITM001,Milk,Dairy,HH019,2026-05-29,0.66,liters,4,0,5,spring,0
ITM001,Milk,Dairy,HH019,2026-06-02,0.49,liters,1,0,6,summer,0
ITM001,Milk,Dairy,HH019,2026-06-08,0.48,liters,0,0,6,summer,0
ITM001,Milk,Dairy,HH019,2026-06-15,0.49,liters,0,0,6,summer,0
ITM001,Milk,Dairy,HH019,2026-06-16,0.38,liters,1,0,6,summer,0
ITM001,Milk,Dairy,HH019,2026-06-18,0.52,liters,3,0,6,summer,0
ITM001,Milk,Dairy,HH019,2026-06-20,0.74,liters,5,1,6,summer,0
ITM001,Milk,Dairy,HH019,2026-06-24,0.63,liters,2,0,6,summer,0
ITM001,Milk,Dairy,HH019,2026-06-25,0.49,liters,3,0,6,summer,0
ITM001,Milk,Dairy,HH019,2026-06-26,0.56,liters,4,0,6,summer,0
ITM001,Milk,Dairy,HH019,2026-06-29,0.63,liters,0,0,6,summer,0
ITM001,Milk,Dairy,HH020,2026-01-06,0.72,liters,1,0,1,winter,0
ITM001,Milk,Dairy,HH020,2026-01-07,0.49,liters,2,0,1,winter,0
ITM001,Milk,Dairy,HH020,2026-01-18,0.75,liters,6,1,1,winter,0
ITM001,Milk,Dairy,HH020,2026-01-23,0.98,liters,4,0,1,winter,0
ITM001,Milk,Dairy,HH020,2026-01-29,0.65,liters,3,0,1,winter,0
ITM001,Milk,Dairy,HH020,2026-02-04,0.72,liters,2,0,2,winter,0
ITM001,Milk,Dairy,HH020,2026-02-05,0.98,liters,3,0,2,winter,0
ITM001,Milk,Dairy,HH020,2026-02-11,0.7,liters,2,0,2,winter,0
ITM001,Milk,Dairy,HH020,2026-02-14,0.86,liters,5,1,2,winter,0
ITM001,Milk,Dairy,HH020,2026-02-15,0.91,liters,6,1,2,winter,0
ITM001,Milk,Dairy,HH020,2026-02-16,0.54,liters,0,0,2,winter,0
ITM001,Milk,Dairy,HH020,2026-02-18,0.43,liters,2,0,2,winter,0
ITM001,Milk,Dairy,HH020,2026-02-26,0.71,liters,3,0,2,winter,0
ITM001,Milk,Dairy,HH020,2026-02-28,1.27,liters,5,1,2,winter,0
ITM001,Milk,Dairy,HH020,2026-03-04,0.43,liters,2,0,3,spring,0
ITM001,Milk,Dairy,HH020,2026-03-08,0.96,liters,6,1,3,spring,1
ITM001,Milk,Dairy,HH020,2026-03-18,0.34,liters,2,0,3,spring,0
ITM001,Milk,Dairy,HH020,2026-03-23,0.24,liters,0,0,3,spring,0
ITM001,Milk,Dairy,HH020,2026-03-25,0.28,liters,2,0,3,spring,0
ITM001,Milk,Dairy,HH020,2026-03-26,0.3,liters,3,0,3,spring,0
ITM001,Milk,Dairy,HH020,2026-03-28,0.47,liters,5,1,3,spring,0
ITM001,Milk,Dairy,HH020,2026-04-01,0.32,liters,2,0,4,spring,0
ITM001,Milk,Dairy,HH020,2026-04-04,0.29,liters,5,1,4,spring,0
ITM001,Milk,Dairy,HH020,2026-04-05,0.36,liters,6,1,4,spring,0
ITM001,Milk,Dairy,HH020,2026-04-08,0.22,liters,2,0,4,spring,0
ITM001,Milk,Dairy,HH020,2026-04-09,0.37,liters,3,0,4,spring,0
ITM001,Milk,Dairy,HH020,2026-04-13,0.39,liters,0,0,4,spring,0
ITM001,Milk,Dairy,HH020,2026-04-23,0.29,liters,3,0,4,spring,0
ITM001,Milk,Dairy,HH020,2026-04-24,0.27,liters,4,0,4,spring,0
ITM001,Milk,Dairy,HH020,2026-04-26,0.42,liters,6,1,4,spring,0
ITM001,Milk,Dairy,HH020,2026-04-27,0.33,liters,0,0,4,spring,0
ITM001,Milk,Dairy,HH020,2026-04-28,0.25,liters,1,0,4,spring,0
ITM001,Milk,Dairy,HH020,2026-04-29,0.35,liters,2,0,4,spring,0
ITM001,Milk,Dairy,HH020,2026-05-09,0.36,liters,5,1,5,spring,0
ITM001,Milk,Dairy,HH020,2026-05-20,0.25,liters,2,0,5,spring,0
ITM001,Milk,Dairy,HH020,2026-05-22,0.27,liters,4,0,5,spring,0
ITM001,Milk,Dairy,HH020,2026-05-25,0.41,liters,0,0,5,spring,0
ITM001,Milk,Dairy,HH020,2026-05-31,0.53,liters,6,1,5,spring,0
ITM001,Milk,Dairy,HH020,2026-06-01,0.35,liters,0,0,6,summer,0
ITM001,Milk,Dairy,HH020,2026-06-04,0.36,liters,3,0,6,summer,0
ITM001,Milk,Dairy,HH020,2026-06-12,0.38,liters,4,0,6,summer,0
ITM001,Milk,Dairy,HH020,2026-06-15,0.22,liters,0,0,6,summer,0
ITM001,Milk,Dairy,HH020,2026-06-16,0.34,liters,1,0,6,summer,0
ITM001,Milk,Dairy,HH020,2026-06-19,0.33,liters,4,0,6,summer,0
ITM002,Eggs,Dairy,HH001,2026-01-09,0.35,dozen,4,0,1,winter,0
ITM002,Eggs,Dairy,HH001,2026-01-13,0.38,dozen,1,0,1,winter,0
ITM002,Eggs,Dairy,HH001,2026-01-14,0.26,dozen,2,0,1,winter,0
ITM002,Eggs,Dairy,HH001,2026-01-20,0.36,dozen,1,0,1,winter,0
ITM002,Eggs,Dairy,HH001,2026-01-24,0.42,dozen,5,1,1,winter,0
ITM002,Eggs,Dairy,HH001,2026-01-29,0.36,dozen,3,0,1,winter,0
ITM002,Eggs,Dairy,HH001,2026-01-30,0.39,dozen,4,0,1,winter,0
ITM002,Eggs,Dairy,HH001,2026-02-09,0.33,dozen,0,0,2,winter,0
ITM002,Eggs,Dairy,HH001,2026-02-10,0.28,dozen,1,0,2,winter,0
ITM002,Eggs,Dairy,HH001,2026-02-22,0.65,dozen,6,1,2,winter,0
ITM002,Eggs,Dairy,HH001,2026-02-28,0.64,dozen,5,1,2,winter,0
ITM002,Eggs,Dairy,HH001,2026-03-01,0.57,dozen,6,1,3,spring,0
ITM002,Eggs,Dairy,HH001,2026-03-06,0.35,dozen,4,0,3,spring,0
ITM002,Eggs,Dairy,HH001,2026-03-07,0.4,dozen,5,1,3,spring,0
ITM002,Eggs,Dairy,HH001,2026-03-08,0.96,dozen,6,1,3,spring,1
ITM002,Eggs,Dairy,HH001,2026-03-09,0.31,dozen,0,0,3,spring,0
ITM002,Eggs,Dairy,HH001,2026-03-13,0.31,dozen,4,0,3,spring,0
ITM002,Eggs,Dairy,HH001,2026-03-18,0.42,dozen,2,0,3,spring,0
ITM002,Eggs,Dairy,HH001,2026-03-22,0.49,dozen,6,1,3,spring,0
ITM002,Eggs,Dairy,HH001,2026-04-02,0.38,dozen,3,0,4,spring,0
ITM002,Eggs,Dairy,HH001,2026-04-06,0.24,dozen,0,0,4,spring,0
ITM002,Eggs,Dairy,HH001,2026-04-08,0.37,dozen,2,0,4,spring,0
ITM002,Eggs,Dairy,HH001,2026-04-09,0.42,dozen,3,0,4,spring,0
ITM002,Eggs,Dairy,HH001,2026-04-11,0.49,dozen,5,1,4,spring,0
ITM002,Eggs,Dairy,HH001,2026-04-14,0.57,dozen,1,0,4,spring,1
ITM002,Eggs,Dairy,HH001,2026-04-18,0.41,dozen,5,1,4,spring,0
ITM002,Eggs,Dairy,HH001,2026-04-25,0.48,dozen,5,1,4,spring,0
ITM002,Eggs,Dairy,HH001,2026-04-29,0.39,dozen,2,0,4,spring,0
ITM002,Eggs,Dairy,HH001,2026-05-01,0.5,dozen,4,0,5,spring,1
ITM002,Eggs,Dairy,HH001,2026-05-06,0.4,dozen,2,0,5,spring,0
ITM002,Eggs,Dairy,HH001,2026-05-13,0.38,dozen,2,0,5,spring,0
ITM002,Eggs,Dairy,HH001,2026-05-17,0.44,dozen,6,1,5,spring,0
ITM002,Eggs,Dairy,HH001,2026-05-29,0.44,dozen,4,0,5,spring,0
ITM002,Eggs,Dairy,HH001,2026-06-02,0.31,dozen,1,0,6,summer,0
ITM002,Eggs,Dairy,HH001,2026-06-07,0.52,dozen,6,1,6,summer,0
ITM002,Eggs,Dairy,HH001,2026-06-09,0.3,dozen,1,0,6,summer,0
ITM002,Eggs,Dairy,HH001,2026-06-10,0.27,dozen,2,0,6,summer,0
ITM002,Eggs,Dairy,HH001,2026-06-11,0.37,dozen,3,0,6,summer,0
ITM002,Eggs,Dairy,HH001,2026-06-14,0.48,dozen,6,1,6,summer,0
ITM002,Eggs,Dairy,HH001,2026-06-16,0.22,dozen,1,0,6,summer,0
ITM002,Eggs,Dairy,HH001,2026-06-20,0.41,dozen,5,1,6,summer,0
ITM002,Eggs,Dairy,HH001,2026-06-21,0.5,dozen,6,1,6,summer,0
ITM002,Eggs,Dairy,HH001,2026-06-22,0.38,dozen,0,0,6,summer,0
ITM002,Eggs,Dairy,HH001,2026-06-23,0.25,dozen,1,0,6,summer,0
ITM002,Eggs,Dairy,HH002,2026-01-05,0.4,dozen,0,0,1,winter,0
ITM002,Eggs,Dairy,HH002,2026-01-06,0.28,dozen,1,0,1,winter,0
ITM002,Eggs,Dairy,HH002,2026-01-11,0.68,dozen,6,1,1,winter,0
ITM002,Eggs,Dairy,HH002,2026-01-14,0.28,dozen,2,0,1,winter,0
ITM002,Eggs,Dairy,HH002,2026-01-17,0.49,dozen,5,1,1,winter,0
ITM002,Eggs,Dairy,HH002,2026-01-18,0.45,dozen,6,1,1,winter,0
ITM002,Eggs,Dairy,HH002,2026-01-19,0.4,dozen,0,0,1,winter,0
ITM002,Eggs,Dairy,HH002,2026-01-26,0.67,dozen,0,0,1,winter,1
ITM002,Eggs,Dairy,HH002,2026-02-01,0.59,dozen,6,1,2,winter,0
ITM002,Eggs,Dairy,HH002,2026-02-04,0.45,dozen,2,0,2,winter,0
ITM002,Eggs,Dairy,HH002,2026-02-08,0.62,dozen,6,1,2,winter,0
ITM002,Eggs,Dairy,HH002,2026-02-13,0.38,dozen,4,0,2,winter,0
ITM002,Eggs,Dairy,HH002,2026-02-16,0.4,dozen,0,0,2,winter,0
ITM002,Eggs,Dairy,HH002,2026-02-22,0.62,dozen,6,1,2,winter,0
ITM002,Eggs,Dairy,HH002,2026-03-05,0.52,dozen,3,0,3,spring,0
ITM002,Eggs,Dairy,HH002,2026-03-09,0.36,dozen,0,0,3,spring,0
ITM002,Eggs,Dairy,HH002,2026-03-15,0.54,dozen,6,1,3,spring,0
ITM002,Eggs,Dairy,HH002,2026-03-16,0.38,dozen,0,0,3,spring,0
ITM002,Eggs,Dairy,HH002,2026-03-20,0.31,dozen,4,0,3,spring,0
ITM002,Eggs,Dairy,HH002,2026-03-24,0.47,dozen,1,0,3,spring,0
ITM002,Eggs,Dairy,HH002,2026-03-25,0.33,dozen,2,0,3,spring,0
ITM002,Eggs,Dairy,HH002,2026-03-28,0.66,dozen,5,1,3,spring,0
ITM002,Eggs,Dairy,HH002,2026-03-31,0.46,dozen,1,0,3,spring,0
ITM002,Eggs,Dairy,HH002,2026-04-01,0.42,dozen,2,0,4,spring,0
ITM002,Eggs,Dairy,HH002,2026-04-05,0.73,dozen,6,1,4,spring,0
ITM002,Eggs,Dairy,HH002,2026-04-11,0.68,dozen,5,1,4,spring,0
ITM002,Eggs,Dairy,HH002,2026-04-12,0.65,dozen,6,1,4,spring,0
ITM002,Eggs,Dairy,HH002,2026-04-17,0.46,dozen,4,0,4,spring,0
ITM002,Eggs,Dairy,HH002,2026-04-18,0.59,dozen,5,1,4,spring,0
ITM002,Eggs,Dairy,HH002,2026-04-21,0.4,dozen,1,0,4,spring,0
ITM002,Eggs,Dairy,HH002,2026-04-28,0.44,dozen,1,0,4,spring,0
ITM002,Eggs,Dairy,HH002,2026-05-01,0.65,dozen,4,0,5,spring,1
ITM002,Eggs,Dairy,HH002,2026-05-02,0.66,dozen,5,1,5,spring,0
ITM002,Eggs,Dairy,HH002,2026-05-04,0.4,dozen,0,0,5,spring,0
ITM002,Eggs,Dairy,HH002,2026-05-05,0.41,dozen,1,0,5,spring,0
ITM002,Eggs,Dairy,HH002,2026-05-18,0.49,dozen,0,0,5,spring,0
ITM002,Eggs,Dairy,HH002,2026-05-22,0.41,dozen,4,0,5,spring,0
ITM002,Eggs,Dairy,HH002,2026-06-08,0.48,dozen,0,0,6,summer,0
ITM002,Eggs,Dairy,HH002,2026-06-14,0.56,dozen,6,1,6,summer,0
ITM002,Eggs,Dairy,HH002,2026-06-15,0.42,dozen,0,0,6,summer,0
ITM002,Eggs,Dairy,HH002,2026-06-16,0.35,dozen,1,0,6,summer,0
ITM002,Eggs,Dairy,HH002,2026-06-19,0.32,dozen,4,0,6,summer,0
ITM002,Eggs,Dairy,HH003,2026-01-02,0.41,dozen,4,0,1,winter,0
ITM002,Eggs,Dairy,HH003,2026-01-09,0.43,dozen,4,0,1,winter,0
ITM002,Eggs,Dairy,HH003,2026-01-11,0.64,dozen,6,1,1,winter,0
ITM002,Eggs,Dairy,HH003,2026-01-13,0.33,dozen,1,0,1,winter,0
ITM002,Eggs,Dairy,HH003,2026-01-16,0.44,dozen,4,0,1,winter,0
ITM002,Eggs,Dairy,HH003,2026-01-21,0.39,dozen,2,0,1,winter,0
ITM002,Eggs,Dairy,HH003,2026-02-12,0.64,dozen,3,0,2,winter,0
ITM002,Eggs,Dairy,HH003,2026-02-15,0.71,dozen,6,1,2,winter,0
ITM002,Eggs,Dairy,HH003,2026-02-22,0.8,dozen,6,1,2,winter,0
ITM002,Eggs,Dairy,HH003,2026-02-24,0.51,dozen,1,0,2,winter,0
ITM002,Eggs,Dairy,HH003,2026-02-27,0.49,dozen,4,0,2,winter,0
ITM002,Eggs,Dairy,HH003,2026-02-28,0.53,dozen,5,1,2,winter,0
ITM002,Eggs,Dairy,HH003,2026-03-07,0.56,dozen,5,1,3,spring,0
ITM002,Eggs,Dairy,HH003,2026-03-17,0.44,dozen,1,0,3,spring,0
ITM002,Eggs,Dairy,HH003,2026-03-25,0.51,dozen,2,0,3,spring,0
ITM002,Eggs,Dairy,HH003,2026-03-29,0.51,dozen,6,1,3,spring,0
ITM002,Eggs,Dairy,HH003,2026-03-30,0.56,dozen,0,0,3,spring,0
ITM002,Eggs,Dairy,HH003,2026-04-07,0.5,dozen,1,0,4,spring,0
ITM002,Eggs,Dairy,HH003,2026-04-08,0.49,dozen,2,0,4,spring,0
ITM002,Eggs,Dairy,HH003,2026-04-13,0.51,dozen,0,0,4,spring,0
ITM002,Eggs,Dairy,HH003,2026-04-14,0.62,dozen,1,0,4,spring,1
ITM002,Eggs,Dairy,HH003,2026-04-20,0.47,dozen,0,0,4,spring,0
ITM002,Eggs,Dairy,HH003,2026-04-24,0.59,dozen,4,0,4,spring,0
ITM002,Eggs,Dairy,HH003,2026-04-26,0.76,dozen,6,1,4,spring,0
ITM002,Eggs,Dairy,HH003,2026-04-29,0.35,dozen,2,0,4,spring,0
ITM002,Eggs,Dairy,HH003,2026-05-02,0.51,dozen,5,1,5,spring,0
ITM002,Eggs,Dairy,HH003,2026-05-03,0.66,dozen,6,1,5,spring,0
ITM002,Eggs,Dairy,HH003,2026-05-08,0.53,dozen,4,0,5,spring,0
ITM002,Eggs,Dairy,HH003,2026-05-14,0.48,dozen,3,0,5,spring,0
ITM002,Eggs,Dairy,HH003,2026-05-22,0.48,dozen,4,0,5,spring,0
ITM002,Eggs,Dairy,HH003,2026-05-27,0.57,dozen,2,0,5,spring,0
ITM002,Eggs,Dairy,HH003,2026-06-01,0.39,dozen,0,0,6,summer,0
ITM002,Eggs,Dairy,HH003,2026-06-08,0.49,dozen,0,0,6,summer,0
ITM002,Eggs,Dairy,HH003,2026-06-26,0.5,dozen,4,0,6,summer,0
ITM002,Eggs,Dairy,HH003,2026-06-27,0.48,dozen,5,1,6,summer,0
ITM002,Eggs,Dairy,HH004,2026-01-02,0.43,dozen,4,0,1,winter,0
ITM002,Eggs,Dairy,HH004,2026-01-04,0.46,dozen,6,1,1,winter,0
ITM002,Eggs,Dairy,HH004,2026-01-07,0.53,dozen,2,0,1,winter,0
ITM002,Eggs,Dairy,HH004,2026-01-15,0.49,dozen,3,0,1,winter,0
ITM002,Eggs,Dairy,HH004,2026-01-19,0.63,dozen,0,0,1,winter,0
ITM002,Eggs,Dairy,HH004,2026-01-22,0.59,dozen,3,0,1,winter,0
ITM002,Eggs,Dairy,HH004,2026-01-23,0.47,dozen,4,0,1,winter,0
ITM002,Eggs,Dairy,HH004,2026-01-24,0.8,dozen,5,1,1,winter,0
ITM002,Eggs,Dairy,HH004,2026-01-27,0.52,dozen,1,0,1,winter,0
ITM002,Eggs,Dairy,HH004,2026-01-28,0.46,dozen,2,0,1,winter,0
ITM002,Eggs,Dairy,HH004,2026-01-29,0.46,dozen,3,0,1,winter,0
ITM002,Eggs,Dairy,HH004,2026-01-30,0.57,dozen,4,0,1,winter,0
ITM002,Eggs,Dairy,HH004,2026-02-02,0.66,dozen,0,0,2,winter,0
ITM002,Eggs,Dairy,HH004,2026-02-03,0.62,dozen,1,0,2,winter,0
ITM002,Eggs,Dairy,HH004,2026-02-05,0.49,dozen,3,0,2,winter,0
ITM002,Eggs,Dairy,HH004,2026-02-19,0.55,dozen,3,0,2,winter,0
ITM002,Eggs,Dairy,HH004,2026-02-20,0.45,dozen,4,0,2,winter,0
ITM002,Eggs,Dairy,HH004,2026-02-23,0.41,dozen,0,0,2,winter,0
ITM002,Eggs,Dairy,HH004,2026-02-26,0.58,dozen,3,0,2,winter,0
ITM002,Eggs,Dairy,HH004,2026-02-27,0.53,dozen,4,0,2,winter,0
ITM002,Eggs,Dairy,HH004,2026-03-09,0.62,dozen,0,0,3,spring,0
ITM002,Eggs,Dairy,HH004,2026-03-13,0.57,dozen,4,0,3,spring,0
ITM002,Eggs,Dairy,HH004,2026-03-15,0.91,dozen,6,1,3,spring,0
ITM002,Eggs,Dairy,HH004,2026-03-25,0.34,dozen,2,0,3,spring,0
ITM002,Eggs,Dairy,HH004,2026-03-28,0.61,dozen,5,1,3,spring,0
ITM002,Eggs,Dairy,HH004,2026-04-01,0.7,dozen,2,0,4,spring,0
ITM002,Eggs,Dairy,HH004,2026-04-09,0.59,dozen,3,0,4,spring,0
ITM002,Eggs,Dairy,HH004,2026-04-10,0.5,dozen,4,0,4,spring,0
ITM002,Eggs,Dairy,HH004,2026-04-11,0.71,dozen,5,1,4,spring,0
ITM002,Eggs,Dairy,HH004,2026-04-12,0.71,dozen,6,1,4,spring,0
ITM002,Eggs,Dairy,HH004,2026-04-17,0.65,dozen,4,0,4,spring,0
ITM002,Eggs,Dairy,HH004,2026-04-18,0.71,dozen,5,1,4,spring,0
ITM002,Eggs,Dairy,HH004,2026-04-23,0.68,dozen,3,0,4,spring,0
ITM002,Eggs,Dairy,HH004,2026-04-28,0.39,dozen,1,0,4,spring,0
ITM002,Eggs,Dairy,HH004,2026-05-03,0.84,dozen,6,1,5,spring,0
ITM002,Eggs,Dairy,HH004,2026-05-07,0.52,dozen,3,0,5,spring,0
ITM002,Eggs,Dairy,HH004,2026-05-13,0.38,dozen,2,0,5,spring,0
ITM002,Eggs,Dairy,HH004,2026-05-17,0.63,dozen,6,1,5,spring,0
ITM002,Eggs,Dairy,HH004,2026-05-18,0.44,dozen,0,0,5,spring,0
ITM002,Eggs,Dairy,HH004,2026-05-20,0.5,dozen,2,0,5,spring,0
ITM002,Eggs,Dairy,HH004,2026-05-23,0.82,dozen,5,1,5,spring,0
ITM002,Eggs,Dairy,HH004,2026-05-25,0.49,dozen,0,0,5,spring,0
ITM002,Eggs,Dairy,HH004,2026-06-01,0.48,dozen,0,0,6,summer,0
ITM002,Eggs,Dairy,HH004,2026-06-03,0.54,dozen,2,0,6,summer,0
ITM002,Eggs,Dairy,HH004,2026-06-04,0.43,dozen,3,0,6,summer,0
ITM002,Eggs,Dairy,HH004,2026-06-05,0.54,dozen,4,0,6,summer,0
ITM002,Eggs,Dairy,HH004,2026-06-12,0.63,dozen,4,0,6,summer,0
ITM002,Eggs,Dairy,HH004,2026-06-19,0.73,dozen,4,0,6,summer,0
ITM002,Eggs,Dairy,HH004,2026-06-21,0.72,dozen,6,1,6,summer,0
ITM002,Eggs,Dairy,HH004,2026-06-24,0.53,dozen,2,0,6,summer,0
ITM002,Eggs,Dairy,HH004,2026-06-26,0.51,dozen,4,0,6,summer,0
ITM002,Eggs,Dairy,HH004,2026-06-28,0.64,dozen,6,1,6,summer,0
ITM002,Eggs,Dairy,HH004,2026-06-29,0.53,dozen,0,0,6,summer,0
ITM002,Eggs,Dairy,HH005,2026-01-01,0.42,dozen,3,0,1,winter,1
ITM002,Eggs,Dairy,HH005,2026-01-07,0.22,dozen,2,0,1,winter,0
ITM002,Eggs,Dairy,HH005,2026-01-08,0.25,dozen,3,0,1,winter,0
ITM002,Eggs,Dairy,HH005,2026-01-18,0.33,dozen,6,1,1,winter,0
ITM002,Eggs,Dairy,HH005,2026-01-22,0.26,dozen,3,0,1,winter,0
ITM002,Eggs,Dairy,HH005,2026-01-31,0.4,dozen,5,1,1,winter,0
ITM002,Eggs,Dairy,HH005,2026-02-01,0.29,dozen,6,1,2,winter,0
ITM002,Eggs,Dairy,HH005,2026-02-04,0.24,dozen,2,0,2,winter,0
ITM002,Eggs,Dairy,HH005,2026-02-10,0.23,dozen,1,0,2,winter,0
ITM002,Eggs,Dairy,HH005,2026-02-11,0.37,dozen,2,0,2,winter,0
ITM002,Eggs,Dairy,HH005,2026-02-14,0.44,dozen,5,1,2,winter,0
ITM002,Eggs,Dairy,HH005,2026-02-17,0.3,dozen,1,0,2,winter,0
ITM002,Eggs,Dairy,HH005,2026-02-19,0.26,dozen,3,0,2,winter,0
ITM002,Eggs,Dairy,HH005,2026-02-20,0.3,dozen,4,0,2,winter,0
ITM002,Eggs,Dairy,HH005,2026-02-22,0.43,dozen,6,1,2,winter,0
ITM002,Eggs,Dairy,HH005,2026-02-23,0.26,dozen,0,0,2,winter,0
ITM002,Eggs,Dairy,HH005,2026-02-25,0.31,dozen,2,0,2,winter,0
ITM002,Eggs,Dairy,HH005,2026-02-28,0.49,dozen,5,1,2,winter,0
ITM002,Eggs,Dairy,HH005,2026-03-01,0.34,dozen,6,1,3,spring,0
ITM002,Eggs,Dairy,HH005,2026-03-02,0.25,dozen,0,0,3,spring,0
ITM002,Eggs,Dairy,HH005,2026-03-03,0.33,dozen,1,0,3,spring,0
ITM002,Eggs,Dairy,HH005,2026-03-05,0.25,dozen,3,0,3,spring,0
ITM002,Eggs,Dairy,HH005,2026-03-08,0.71,dozen,6,1,3,spring,1
ITM002,Eggs,Dairy,HH005,2026-03-09,0.33,dozen,0,0,3,spring,0
ITM002,Eggs,Dairy,HH005,2026-03-10,0.19,dozen,1,0,3,spring,0
ITM002,Eggs,Dairy,HH005,2026-03-11,0.27,dozen,2,0,3,spring,0
ITM002,Eggs,Dairy,HH005,2026-03-13,0.24,dozen,4,0,3,spring,0
ITM002,Eggs,Dairy,HH005,2026-03-15,0.51,dozen,6,1,3,spring,0
ITM002,Eggs,Dairy,HH005,2026-03-20,0.32,dozen,4,0,3,spring,0
ITM002,Eggs,Dairy,HH005,2026-03-21,0.4,dozen,5,1,3,spring,0
ITM002,Eggs,Dairy,HH005,2026-03-29,0.19,dozen,6,1,3,spring,0
ITM002,Eggs,Dairy,HH005,2026-04-03,0.25,dozen,4,0,4,spring,0
ITM002,Eggs,Dairy,HH005,2026-04-06,0.29,dozen,0,0,4,spring,0
ITM002,Eggs,Dairy,HH005,2026-04-08,0.22,dozen,2,0,4,spring,0
ITM002,Eggs,Dairy,HH005,2026-04-12,0.46,dozen,6,1,4,spring,0
ITM002,Eggs,Dairy,HH005,2026-04-13,0.29,dozen,0,0,4,spring,0
ITM002,Eggs,Dairy,HH005,2026-04-14,0.36,dozen,1,0,4,spring,1
ITM002,Eggs,Dairy,HH005,2026-04-16,0.26,dozen,3,0,4,spring,0
ITM002,Eggs,Dairy,HH005,2026-04-18,0.48,dozen,5,1,4,spring,0
ITM002,Eggs,Dairy,HH005,2026-04-21,0.27,dozen,1,0,4,spring,0
ITM002,Eggs,Dairy,HH005,2026-04-22,0.25,dozen,2,0,4,spring,0
ITM002,Eggs,Dairy,HH005,2026-04-27,0.25,dozen,0,0,4,spring,0
ITM002,Eggs,Dairy,HH005,2026-04-29,0.38,dozen,2,0,4,spring,0
ITM002,Eggs,Dairy,HH005,2026-05-06,0.3,dozen,2,0,5,spring,0
ITM002,Eggs,Dairy,HH005,2026-05-08,0.27,dozen,4,0,5,spring,0
ITM002,Eggs,Dairy,HH005,2026-05-12,0.31,dozen,1,0,5,spring,0
ITM002,Eggs,Dairy,HH005,2026-05-20,0.24,dozen,2,0,5,spring,0
ITM002,Eggs,Dairy,HH005,2026-05-25,0.28,dozen,0,0,5,spring,0
ITM002,Eggs,Dairy,HH005,2026-05-26,0.31,dozen,1,0,5,spring,0
ITM002,Eggs,Dairy,HH005,2026-05-31,0.34,dozen,6,1,5,spring,0
ITM002,Eggs,Dairy,HH005,2026-06-07,0.4,dozen,6,1,6,summer,0
ITM002,Eggs,Dairy,HH005,2026-06-11,0.22,dozen,3,0,6,summer,0
ITM002,Eggs,Dairy,HH005,2026-06-12,0.29,dozen,4,0,6,summer,0
ITM002,Eggs,Dairy,HH005,2026-06-14,0.55,dozen,6,1,6,summer,0
ITM002,Eggs,Dairy,HH005,2026-06-19,0.25,dozen,4,0,6,summer,0
ITM002,Eggs,Dairy,HH005,2026-06-21,0.39,dozen,6,1,6,summer,0
ITM002,Eggs,Dairy,HH005,2026-06-24,0.22,dozen,2,0,6,summer,0
ITM002,Eggs,Dairy,HH005,2026-06-26,0.37,dozen,4,0,6,summer,0
ITM002,Eggs,Dairy,HH005,2026-06-28,0.38,dozen,6,1,6,summer,0
ITM002,Eggs,Dairy,HH006,2026-01-07,0.38,dozen,2,0,1,winter,0
ITM002,Eggs,Dairy,HH006,2026-01-08,0.36,dozen,3,0,1,winter,0
ITM002,Eggs,Dairy,HH006,2026-01-13,0.3,dozen,1,0,1,winter,0
ITM002,Eggs,Dairy,HH006,2026-01-18,0.5,dozen,6,1,1,winter,0
ITM002,Eggs,Dairy,HH006,2026-01-20,0.45,dozen,1,0,1,winter,0
ITM002,Eggs,Dairy,HH006,2026-01-22,0.35,dozen,3,0,1,winter,0
ITM002,Eggs,Dairy,HH006,2026-01-25,0.48,dozen,6,1,1,winter,0
ITM002,Eggs,Dairy,HH006,2026-01-28,0.28,dozen,2,0,1,winter,0
ITM002,Eggs,Dairy,HH006,2026-01-30,0.39,dozen,4,0,1,winter,0
ITM002,Eggs,Dairy,HH006,2026-02-04,0.39,dozen,2,0,2,winter,0
ITM002,Eggs,Dairy,HH006,2026-02-05,0.29,dozen,3,0,2,winter,0
ITM002,Eggs,Dairy,HH006,2026-02-08,0.37,dozen,6,1,2,winter,0
ITM002,Eggs,Dairy,HH006,2026-02-16,0.36,dozen,0,0,2,winter,0
ITM002,Eggs,Dairy,HH006,2026-02-17,0.38,dozen,1,0,2,winter,0
ITM002,Eggs,Dairy,HH006,2026-02-28,0.51,dozen,5,1,2,winter,0
ITM002,Eggs,Dairy,HH006,2026-03-01,0.61,dozen,6,1,3,spring,0
ITM002,Eggs,Dairy,HH006,2026-03-03,0.33,dozen,1,0,3,spring,0
ITM002,Eggs,Dairy,HH006,2026-03-04,0.35,dozen,2,0,3,spring,0
ITM002,Eggs,Dairy,HH006,2026-03-05,0.41,dozen,3,0,3,spring,0
ITM002,Eggs,Dairy,HH006,2026-03-06,0.31,dozen,4,0,3,spring,0
ITM002,Eggs,Dairy,HH006,2026-03-09,0.27,dozen,0,0,3,spring,0
ITM002,Eggs,Dairy,HH006,2026-03-11,0.41,dozen,2,0,3,spring,0
ITM002,Eggs,Dairy,HH006,2026-03-12,0.37,dozen,3,0,3,spring,0
ITM002,Eggs,Dairy,HH006,2026-03-23,0.34,dozen,0,0,3,spring,0
ITM002,Eggs,Dairy,HH006,2026-03-25,0.29,dozen,2,0,3,spring,0
ITM002,Eggs,Dairy,HH006,2026-03-29,0.39,dozen,6,1,3,spring,0
ITM002,Eggs,Dairy,HH006,2026-03-31,0.31,dozen,1,0,3,spring,0
ITM002,Eggs,Dairy,HH006,2026-04-01,0.38,dozen,2,0,4,spring,0
ITM002,Eggs,Dairy,HH006,2026-04-02,0.35,dozen,3,0,4,spring,0
ITM002,Eggs,Dairy,HH006,2026-04-10,0.32,dozen,4,0,4,spring,0
ITM002,Eggs,Dairy,HH006,2026-04-13,0.31,dozen,0,0,4,spring,0
ITM002,Eggs,Dairy,HH006,2026-04-16,0.29,dozen,3,0,4,spring,0
ITM002,Eggs,Dairy,HH006,2026-04-17,0.34,dozen,4,0,4,spring,0
ITM002,Eggs,Dairy,HH006,2026-04-18,0.49,dozen,5,1,4,spring,0
ITM002,Eggs,Dairy,HH006,2026-04-19,0.44,dozen,6,1,4,spring,0
ITM002,Eggs,Dairy,HH006,2026-04-22,0.21,dozen,2,0,4,spring,0
ITM002,Eggs,Dairy,HH006,2026-05-01,0.46,dozen,4,0,5,spring,1
ITM002,Eggs,Dairy,HH006,2026-05-12,0.33,dozen,1,0,5,spring,0
ITM002,Eggs,Dairy,HH006,2026-05-14,0.35,dozen,3,0,5,spring,0
ITM002,Eggs,Dairy,HH006,2026-05-16,0.46,dozen,5,1,5,spring,0
ITM002,Eggs,Dairy,HH006,2026-05-19,0.33,dozen,1,0,5,spring,0
ITM002,Eggs,Dairy,HH006,2026-05-21,0.33,dozen,3,0,5,spring,0
ITM002,Eggs,Dairy,HH006,2026-05-25,0.28,dozen,0,0,5,spring,0
ITM002,Eggs,Dairy,HH006,2026-05-26,0.29,dozen,1,0,5,spring,0
ITM002,Eggs,Dairy,HH006,2026-05-29,0.29,dozen,4,0,5,spring,0
ITM002,Eggs,Dairy,HH006,2026-06-03,0.39,dozen,2,0,6,summer,0
ITM002,Eggs,Dairy,HH006,2026-06-05,0.28,dozen,4,0,6,summer,0
ITM002,Eggs,Dairy,HH006,2026-06-06,0.76,dozen,5,1,6,summer,1
ITM002,Eggs,Dairy,HH006,2026-06-09,0.28,dozen,1,0,6,summer,0
ITM002,Eggs,Dairy,HH006,2026-06-10,0.4,dozen,2,0,6,summer,0
ITM002,Eggs,Dairy,HH006,2026-06-15,0.34,dozen,0,0,6,summer,0
ITM002,Eggs,Dairy,HH006,2026-06-16,0.38,dozen,1,0,6,summer,0
ITM002,Eggs,Dairy,HH006,2026-06-17,0.31,dozen,2,0,6,summer,0
ITM002,Eggs,Dairy,HH006,2026-06-22,0.36,dozen,0,0,6,summer,0
ITM002,Eggs,Dairy,HH006,2026-06-27,0.52,dozen,5,1,6,summer,0
ITM002,Eggs,Dairy,HH006,2026-06-28,0.4,dozen,6,1,6,summer,0
ITM002,Eggs,Dairy,HH007,2026-01-01,0.7,dozen,3,0,1,winter,1
ITM002,Eggs,Dairy,HH007,2026-01-03,0.46,dozen,5,1,1,winter,0
ITM002,Eggs,Dairy,HH007,2026-01-06,0.5,dozen,1,0,1,winter,0
ITM002,Eggs,Dairy,HH007,2026-01-12,0.41,dozen,0,0,1,winter,0
ITM002,Eggs,Dairy,HH007,2026-01-15,0.32,dozen,3,0,1,winter,0
ITM002,Eggs,Dairy,HH007,2026-01-16,0.41,dozen,4,0,1,winter,0
ITM002,Eggs,Dairy,HH007,2026-01-19,0.35,dozen,0,0,1,winter,0
ITM002,Eggs,Dairy,HH007,2026-01-22,0.38,dozen,3,0,1,winter,0
ITM002,Eggs,Dairy,HH007,2026-01-24,0.61,dozen,5,1,1,winter,0
ITM002,Eggs,Dairy,HH007,2026-01-31,0.58,dozen,5,1,1,winter,0
ITM002,Eggs,Dairy,HH007,2026-02-06,0.41,dozen,4,0,2,winter,0
ITM002,Eggs,Dairy,HH007,2026-02-13,0.4,dozen,4,0,2,winter,0
ITM002,Eggs,Dairy,HH007,2026-02-22,0.59,dozen,6,1,2,winter,0
ITM002,Eggs,Dairy,HH007,2026-02-24,0.4,dozen,1,0,2,winter,0
ITM002,Eggs,Dairy,HH007,2026-02-26,0.46,dozen,3,0,2,winter,0
ITM002,Eggs,Dairy,HH007,2026-03-01,0.52,dozen,6,1,3,spring,0
ITM002,Eggs,Dairy,HH007,2026-03-02,0.45,dozen,0,0,3,spring,0
ITM002,Eggs,Dairy,HH007,2026-03-03,0.31,dozen,1,0,3,spring,0
ITM002,Eggs,Dairy,HH007,2026-03-07,0.54,dozen,5,1,3,spring,0
ITM002,Eggs,Dairy,HH007,2026-03-10,0.41,dozen,1,0,3,spring,0
ITM002,Eggs,Dairy,HH007,2026-03-12,0.44,dozen,3,0,3,spring,0
ITM002,Eggs,Dairy,HH007,2026-03-19,0.37,dozen,3,0,3,spring,0
ITM002,Eggs,Dairy,HH007,2026-03-21,0.56,dozen,5,1,3,spring,0
ITM002,Eggs,Dairy,HH007,2026-03-22,0.63,dozen,6,1,3,spring,0
ITM002,Eggs,Dairy,HH007,2026-03-24,0.39,dozen,1,0,3,spring,0
ITM002,Eggs,Dairy,HH007,2026-03-25,0.35,dozen,2,0,3,spring,0
ITM002,Eggs,Dairy,HH007,2026-03-28,0.61,dozen,5,1,3,spring,0
ITM002,Eggs,Dairy,HH007,2026-03-29,0.47,dozen,6,1,3,spring,0
ITM002,Eggs,Dairy,HH007,2026-04-02,0.4,dozen,3,0,4,spring,0
ITM002,Eggs,Dairy,HH007,2026-04-05,0.63,dozen,6,1,4,spring,0
ITM002,Eggs,Dairy,HH007,2026-04-07,0.4,dozen,1,0,4,spring,0
ITM002,Eggs,Dairy,HH007,2026-04-08,0.36,dozen,2,0,4,spring,0
ITM002,Eggs,Dairy,HH007,2026-04-10,0.45,dozen,4,0,4,spring,0
ITM002,Eggs,Dairy,HH007,2026-04-13,0.5,dozen,0,0,4,spring,0
ITM002,Eggs,Dairy,HH007,2026-04-16,0.38,dozen,3,0,4,spring,0
ITM002,Eggs,Dairy,HH007,2026-04-22,0.29,dozen,2,0,4,spring,0
ITM002,Eggs,Dairy,HH007,2026-04-30,0.29,dozen,3,0,4,spring,0
ITM002,Eggs,Dairy,HH007,2026-05-04,0.26,dozen,0,0,5,spring,0
ITM002,Eggs,Dairy,HH007,2026-05-05,0.38,dozen,1,0,5,spring,0
ITM002,Eggs,Dairy,HH007,2026-05-08,0.38,dozen,4,0,5,spring,0
ITM002,Eggs,Dairy,HH007,2026-05-11,0.44,dozen,0,0,5,spring,0
ITM002,Eggs,Dairy,HH007,2026-05-16,0.41,dozen,5,1,5,spring,0
ITM002,Eggs,Dairy,HH007,2026-05-19,0.35,dozen,1,0,5,spring,0
ITM002,Eggs,Dairy,HH007,2026-05-26,0.36,dozen,1,0,5,spring,0
ITM002,Eggs,Dairy,HH007,2026-05-29,0.54,dozen,4,0,5,spring,0
ITM002,Eggs,Dairy,HH007,2026-05-31,0.6,dozen,6,1,5,spring,0
ITM002,Eggs,Dairy,HH007,2026-06-02,0.38,dozen,1,0,6,summer,0
ITM002,Eggs,Dairy,HH007,2026-06-04,0.49,dozen,3,0,6,summer,0
ITM002,Eggs,Dairy,HH007,2026-06-05,0.36,dozen,4,0,6,summer,0
ITM002,Eggs,Dairy,HH007,2026-06-09,0.34,dozen,1,0,6,summer,0
ITM002,Eggs,Dairy,HH007,2026-06-11,0.32,dozen,3,0,6,summer,0
ITM002,Eggs,Dairy,HH007,2026-06-13,0.5,dozen,5,1,6,summer,0
ITM002,Eggs,Dairy,HH007,2026-06-17,0.45,dozen,2,0,6,summer,0
ITM002,Eggs,Dairy,HH007,2026-06-19,0.41,dozen,4,0,6,summer,0
ITM002,Eggs,Dairy,HH007,2026-06-21,0.63,dozen,6,1,6,summer,0
ITM002,Eggs,Dairy,HH007,2026-06-25,0.4,dozen,3,0,6,summer,0
ITM002,Eggs,Dairy,HH007,2026-06-27,0.56,dozen,5,1,6,summer,0
ITM002,Eggs,Dairy,HH007,2026-06-28,0.52,dozen,6,1,6,summer,0
ITM002,Eggs,Dairy,HH008,2026-01-01,0.65,dozen,3,0,1,winter,1
ITM002,Eggs,Dairy,HH008,2026-01-03,0.77,dozen,5,1,1,winter,0
ITM002,Eggs,Dairy,HH008,2026-01-05,0.45,dozen,0,0,1,winter,0
ITM002,Eggs,Dairy,HH008,2026-01-10,0.62,dozen,5,1,1,winter,0
ITM002,Eggs,Dairy,HH008,2026-01-11,0.57,dozen,6,1,1,winter,0
ITM002,Eggs,Dairy,HH008,2026-01-13,0.48,dozen,1,0,1,winter,0
ITM002,Eggs,Dairy,HH008,2026-01-21,0.48,dozen,2,0,1,winter,0
ITM002,Eggs,Dairy,HH008,2026-01-22,0.4,dozen,3,0,1,winter,0
ITM002,Eggs,Dairy,HH008,2026-01-25,0.61,dozen,6,1,1,winter,0
ITM002,Eggs,Dairy,HH008,2026-02-09,0.59,dozen,0,0,2,winter,0
ITM002,Eggs,Dairy,HH008,2026-02-11,0.55,dozen,2,0,2,winter,0
ITM002,Eggs,Dairy,HH008,2026-02-12,0.41,dozen,3,0,2,winter,0
ITM002,Eggs,Dairy,HH008,2026-02-14,0.74,dozen,5,1,2,winter,0
ITM002,Eggs,Dairy,HH008,2026-02-16,0.46,dozen,0,0,2,winter,0
ITM002,Eggs,Dairy,HH008,2026-02-17,0.44,dozen,1,0,2,winter,0
ITM002,Eggs,Dairy,HH008,2026-02-27,0.54,dozen,4,0,2,winter,0
ITM002,Eggs,Dairy,HH008,2026-03-03,0.45,dozen,1,0,3,spring,0
ITM002,Eggs,Dairy,HH008,2026-03-07,0.56,dozen,5,1,3,spring,0
ITM002,Eggs,Dairy,HH008,2026-03-09,0.56,dozen,0,0,3,spring,0
ITM002,Eggs,Dairy,HH008,2026-03-19,0.48,dozen,3,0,3,spring,0
ITM002,Eggs,Dairy,HH008,2026-03-24,0.45,dozen,1,0,3,spring,0
ITM002,Eggs,Dairy,HH008,2026-04-02,0.39,dozen,3,0,4,spring,0
ITM002,Eggs,Dairy,HH008,2026-04-05,0.69,dozen,6,1,4,spring,0
ITM002,Eggs,Dairy,HH008,2026-04-07,0.34,dozen,1,0,4,spring,0
ITM002,Eggs,Dairy,HH008,2026-04-08,0.5,dozen,2,0,4,spring,0
ITM002,Eggs,Dairy,HH008,2026-04-12,0.69,dozen,6,1,4,spring,0
ITM002,Eggs,Dairy,HH008,2026-04-13,0.38,dozen,0,0,4,spring,0
ITM002,Eggs,Dairy,HH008,2026-04-15,0.52,dozen,2,0,4,spring,0
ITM002,Eggs,Dairy,HH008,2026-04-16,0.37,dozen,3,0,4,spring,0
ITM002,Eggs,Dairy,HH008,2026-04-21,0.42,dozen,1,0,4,spring,0
ITM002,Eggs,Dairy,HH008,2026-04-22,0.46,dozen,2,0,4,spring,0
ITM002,Eggs,Dairy,HH008,2026-04-25,0.51,dozen,5,1,4,spring,0
ITM002,Eggs,Dairy,HH008,2026-04-28,0.54,dozen,1,0,4,spring,0
ITM002,Eggs,Dairy,HH008,2026-04-29,0.47,dozen,2,0,4,spring,0
ITM002,Eggs,Dairy,HH008,2026-04-30,0.46,dozen,3,0,4,spring,0
ITM002,Eggs,Dairy,HH008,2026-05-12,0.4,dozen,1,0,5,spring,0
ITM002,Eggs,Dairy,HH008,2026-05-16,0.57,dozen,5,1,5,spring,0
ITM002,Eggs,Dairy,HH008,2026-05-17,0.81,dozen,6,1,5,spring,0
ITM002,Eggs,Dairy,HH008,2026-05-18,0.47,dozen,0,0,5,spring,0
ITM002,Eggs,Dairy,HH008,2026-05-28,0.36,dozen,3,0,5,spring,0
ITM002,Eggs,Dairy,HH008,2026-05-29,0.43,dozen,4,0,5,spring,0
ITM002,Eggs,Dairy,HH008,2026-05-31,0.82,dozen,6,1,5,spring,0
ITM002,Eggs,Dairy,HH008,2026-06-01,0.49,dozen,0,0,6,summer,0
ITM002,Eggs,Dairy,HH008,2026-06-04,0.42,dozen,3,0,6,summer,0
ITM002,Eggs,Dairy,HH008,2026-06-12,0.45,dozen,4,0,6,summer,0
ITM002,Eggs,Dairy,HH008,2026-06-15,0.51,dozen,0,0,6,summer,0
ITM002,Eggs,Dairy,HH008,2026-06-16,0.45,dozen,1,0,6,summer,0
ITM002,Eggs,Dairy,HH008,2026-06-25,0.59,dozen,3,0,6,summer,0
ITM002,Eggs,Dairy,HH008,2026-06-29,0.4,dozen,0,0,6,summer,0
ITM002,Eggs,Dairy,HH009,2026-01-01,0.82,dozen,3,0,1,winter,1
ITM002,Eggs,Dairy,HH009,2026-01-03,0.77,dozen,5,1,1,winter,0
ITM002,Eggs,Dairy,HH009,2026-01-05,0.74,dozen,0,0,1,winter,0
ITM002,Eggs,Dairy,HH009,2026-01-20,0.52,dozen,1,0,1,winter,0
ITM002,Eggs,Dairy,HH009,2026-01-21,0.38,dozen,2,0,1,winter,0
ITM002,Eggs,Dairy,HH009,2026-01-23,0.49,dozen,4,0,1,winter,0
ITM002,Eggs,Dairy,HH009,2026-01-24,0.64,dozen,5,1,1,winter,0
ITM002,Eggs,Dairy,HH009,2026-01-28,0.52,dozen,2,0,1,winter,0
ITM002,Eggs,Dairy,HH009,2026-01-31,1.01,dozen,5,1,1,winter,0
ITM002,Eggs,Dairy,HH009,2026-02-04,0.46,dozen,2,0,2,winter,0
ITM002,Eggs,Dairy,HH009,2026-02-08,0.78,dozen,6,1,2,winter,0
ITM002,Eggs,Dairy,HH009,2026-02-09,0.56,dozen,0,0,2,winter,0
ITM002,Eggs,Dairy,HH009,2026-02-12,0.53,dozen,3,0,2,winter,0
ITM002,Eggs,Dairy,HH009,2026-02-14,0.88,dozen,5,1,2,winter,0
ITM002,Eggs,Dairy,HH009,2026-02-15,0.46,dozen,6,1,2,winter,0
ITM002,Eggs,Dairy,HH009,2026-02-23,0.61,dozen,0,0,2,winter,0
ITM002,Eggs,Dairy,HH009,2026-02-24,0.56,dozen,1,0,2,winter,0
ITM002,Eggs,Dairy,HH009,2026-02-27,0.49,dozen,4,0,2,winter,0
ITM002,Eggs,Dairy,HH009,2026-03-04,0.47,dozen,2,0,3,spring,0
ITM002,Eggs,Dairy,HH009,2026-03-11,0.52,dozen,2,0,3,spring,0
ITM002,Eggs,Dairy,HH009,2026-03-12,0.52,dozen,3,0,3,spring,0
ITM002,Eggs,Dairy,HH009,2026-03-28,0.79,dozen,5,1,3,spring,0
ITM002,Eggs,Dairy,HH009,2026-03-30,0.43,dozen,0,0,3,spring,0
ITM002,Eggs,Dairy,HH009,2026-04-04,0.91,dozen,5,1,4,spring,0
ITM002,Eggs,Dairy,HH009,2026-04-05,0.59,dozen,6,1,4,spring,0
ITM002,Eggs,Dairy,HH009,2026-04-07,0.48,dozen,1,0,4,spring,0
ITM002,Eggs,Dairy,HH009,2026-04-15,0.47,dozen,2,0,4,spring,0
ITM002,Eggs,Dairy,HH009,2026-04-18,0.72,dozen,5,1,4,spring,0
ITM002,Eggs,Dairy,HH009,2026-04-19,0.8,dozen,6,1,4,spring,0
ITM002,Eggs,Dairy,HH009,2026-04-23,0.56,dozen,3,0,4,spring,0
ITM002,Eggs,Dairy,HH009,2026-05-02,0.55,dozen,5,1,5,spring,0
ITM002,Eggs,Dairy,HH009,2026-05-05,0.54,dozen,1,0,5,spring,0
ITM002,Eggs,Dairy,HH009,2026-05-09,0.86,dozen,5,1,5,spring,0
ITM002,Eggs,Dairy,HH009,2026-05-10,0.79,dozen,6,1,5,spring,0
ITM002,Eggs,Dairy,HH009,2026-05-13,0.46,dozen,2,0,5,spring,0
ITM002,Eggs,Dairy,HH009,2026-05-18,0.55,dozen,0,0,5,spring,0
ITM002,Eggs,Dairy,HH009,2026-05-22,0.43,dozen,4,0,5,spring,0
ITM002,Eggs,Dairy,HH009,2026-05-26,0.56,dozen,1,0,5,spring,0
ITM002,Eggs,Dairy,HH009,2026-06-02,0.48,dozen,1,0,6,summer,0
ITM002,Eggs,Dairy,HH009,2026-06-03,0.42,dozen,2,0,6,summer,0
ITM002,Eggs,Dairy,HH009,2026-06-05,0.6,dozen,4,0,6,summer,0
ITM002,Eggs,Dairy,HH009,2026-06-09,0.62,dozen,1,0,6,summer,0
ITM002,Eggs,Dairy,HH009,2026-06-10,0.46,dozen,2,0,6,summer,0
ITM002,Eggs,Dairy,HH009,2026-06-13,0.79,dozen,5,1,6,summer,0
ITM002,Eggs,Dairy,HH009,2026-06-15,0.55,dozen,0,0,6,summer,0
ITM002,Eggs,Dairy,HH009,2026-06-16,0.37,dozen,1,0,6,summer,0
ITM002,Eggs,Dairy,HH009,2026-06-20,0.73,dozen,5,1,6,summer,0
ITM002,Eggs,Dairy,HH009,2026-06-27,0.64,dozen,5,1,6,summer,0
ITM002,Eggs,Dairy,HH010,2026-01-01,0.46,dozen,3,0,1,winter,1
ITM002,Eggs,Dairy,HH010,2026-01-03,0.4,dozen,5,1,1,winter,0
ITM002,Eggs,Dairy,HH010,2026-01-05,0.3,dozen,0,0,1,winter,0
ITM002,Eggs,Dairy,HH010,2026-01-07,0.25,dozen,2,0,1,winter,0
ITM002,Eggs,Dairy,HH010,2026-01-14,0.26,dozen,2,0,1,winter,0
ITM002,Eggs,Dairy,HH010,2026-01-21,0.27,dozen,2,0,1,winter,0
ITM002,Eggs,Dairy,HH010,2026-01-23,0.31,dozen,4,0,1,winter,0
ITM002,Eggs,Dairy,HH010,2026-01-24,0.38,dozen,5,1,1,winter,0
ITM002,Eggs,Dairy,HH010,2026-01-25,0.31,dozen,6,1,1,winter,0
ITM002,Eggs,Dairy,HH010,2026-01-31,0.38,dozen,5,1,1,winter,0
ITM002,Eggs,Dairy,HH010,2026-02-01,0.36,dozen,6,1,2,winter,0
ITM002,Eggs,Dairy,HH010,2026-02-05,0.23,dozen,3,0,2,winter,0
ITM002,Eggs,Dairy,HH010,2026-02-07,0.38,dozen,5,1,2,winter,0
ITM002,Eggs,Dairy,HH010,2026-02-14,0.4,dozen,5,1,2,winter,0
ITM002,Eggs,Dairy,HH010,2026-02-15,0.51,dozen,6,1,2,winter,0
ITM002,Eggs,Dairy,HH010,2026-02-19,0.3,dozen,3,0,2,winter,0
ITM002,Eggs,Dairy,HH010,2026-02-20,0.29,dozen,4,0,2,winter,0
ITM002,Eggs,Dairy,HH010,2026-02-21,0.39,dozen,5,1,2,winter,0
ITM002,Eggs,Dairy,HH010,2026-02-22,0.33,dozen,6,1,2,winter,0
ITM002,Eggs,Dairy,HH010,2026-02-24,0.32,dozen,1,0,2,winter,0
ITM002,Eggs,Dairy,HH010,2026-02-27,0.25,dozen,4,0,2,winter,0
ITM002,Eggs,Dairy,HH010,2026-03-03,0.25,dozen,1,0,3,spring,0
ITM002,Eggs,Dairy,HH010,2026-03-09,0.27,dozen,0,0,3,spring,0
ITM002,Eggs,Dairy,HH010,2026-03-11,0.34,dozen,2,0,3,spring,0
ITM002,Eggs,Dairy,HH010,2026-03-12,0.34,dozen,3,0,3,spring,0
ITM002,Eggs,Dairy,HH010,2026-03-13,0.23,dozen,4,0,3,spring,0
ITM002,Eggs,Dairy,HH010,2026-03-16,0.25,dozen,0,0,3,spring,0
ITM002,Eggs,Dairy,HH010,2026-03-30,0.33,dozen,0,0,3,spring,0
ITM002,Eggs,Dairy,HH010,2026-03-31,0.3,dozen,1,0,3,spring,0
ITM002,Eggs,Dairy,HH010,2026-04-03,0.39,dozen,4,0,4,spring,0
ITM002,Eggs,Dairy,HH010,2026-04-09,0.23,dozen,3,0,4,spring,0
ITM002,Eggs,Dairy,HH010,2026-04-10,0.4,dozen,4,0,4,spring,0
ITM002,Eggs,Dairy,HH010,2026-04-19,0.5,dozen,6,1,4,spring,0
ITM002,Eggs,Dairy,HH010,2026-04-21,0.25,dozen,1,0,4,spring,0
ITM002,Eggs,Dairy,HH010,2026-04-23,0.27,dozen,3,0,4,spring,0
ITM002,Eggs,Dairy,HH010,2026-04-25,0.39,dozen,5,1,4,spring,0
ITM002,Eggs,Dairy,HH010,2026-04-30,0.32,dozen,3,0,4,spring,0
ITM002,Eggs,Dairy,HH010,2026-05-03,0.39,dozen,6,1,5,spring,0
ITM002,Eggs,Dairy,HH010,2026-05-08,0.26,dozen,4,0,5,spring,0
ITM002,Eggs,Dairy,HH010,2026-05-15,0.3,dozen,4,0,5,spring,0
ITM002,Eggs,Dairy,HH010,2026-05-19,0.15,dozen,1,0,5,spring,0
ITM002,Eggs,Dairy,HH010,2026-05-20,0.28,dozen,2,0,5,spring,0
ITM002,Eggs,Dairy,HH010,2026-05-25,0.27,dozen,0,0,5,spring,0
ITM002,Eggs,Dairy,HH010,2026-05-27,0.28,dozen,2,0,5,spring,0
ITM002,Eggs,Dairy,HH010,2026-06-01,0.25,dozen,0,0,6,summer,0
ITM002,Eggs,Dairy,HH010,2026-06-05,0.27,dozen,4,0,6,summer,0
ITM002,Eggs,Dairy,HH010,2026-06-09,0.27,dozen,1,0,6,summer,0
ITM002,Eggs,Dairy,HH010,2026-06-10,0.29,dozen,2,0,6,summer,0
ITM002,Eggs,Dairy,HH010,2026-06-12,0.31,dozen,4,0,6,summer,0
ITM002,Eggs,Dairy,HH010,2026-06-13,0.38,dozen,5,1,6,summer,0
ITM002,Eggs,Dairy,HH010,2026-06-20,0.4,dozen,5,1,6,summer,0
ITM002,Eggs,Dairy,HH010,2026-06-28,0.35,dozen,6,1,6,summer,0
ITM002,Eggs,Dairy,HH010,2026-06-29,0.28,dozen,0,0,6,summer,0
ITM002,Eggs,Dairy,HH011,2026-01-05,0.35,dozen,0,0,1,winter,0
ITM002,Eggs,Dairy,HH011,2026-01-09,0.38,dozen,4,0,1,winter,0
ITM002,Eggs,Dairy,HH011,2026-01-17,0.45,dozen,5,1,1,winter,0
ITM002,Eggs,Dairy,HH011,2026-01-21,0.33,dozen,2,0,1,winter,0
ITM002,Eggs,Dairy,HH011,2026-01-25,0.34,dozen,6,1,1,winter,0
ITM002,Eggs,Dairy,HH011,2026-01-27,0.37,dozen,1,0,1,winter,0
ITM002,Eggs,Dairy,HH011,2026-01-29,0.42,dozen,3,0,1,winter,0
ITM002,Eggs,Dairy,HH011,2026-01-31,0.52,dozen,5,1,1,winter,0
ITM002,Eggs,Dairy,HH011,2026-02-05,0.39,dozen,3,0,2,winter,0
ITM002,Eggs,Dairy,HH011,2026-02-09,0.42,dozen,0,0,2,winter,0
ITM002,Eggs,Dairy,HH011,2026-02-12,0.29,dozen,3,0,2,winter,0
ITM002,Eggs,Dairy,HH011,2026-02-18,0.39,dozen,2,0,2,winter,0
ITM002,Eggs,Dairy,HH011,2026-02-19,0.34,dozen,3,0,2,winter,0
ITM002,Eggs,Dairy,HH011,2026-02-20,0.3,dozen,4,0,2,winter,0
ITM002,Eggs,Dairy,HH011,2026-02-23,0.3,dozen,0,0,2,winter,0
ITM002,Eggs,Dairy,HH011,2026-02-25,0.33,dozen,2,0,2,winter,0
ITM002,Eggs,Dairy,HH011,2026-03-01,0.46,dozen,6,1,3,spring,0
ITM002,Eggs,Dairy,HH011,2026-03-05,0.36,dozen,3,0,3,spring,0
ITM002,Eggs,Dairy,HH011,2026-03-08,1.01,dozen,6,1,3,spring,1
ITM002,Eggs,Dairy,HH011,2026-03-15,0.35,dozen,6,1,3,spring,0
ITM002,Eggs,Dairy,HH011,2026-03-22,0.43,dozen,6,1,3,spring,0
ITM002,Eggs,Dairy,HH011,2026-03-26,0.29,dozen,3,0,3,spring,0
ITM002,Eggs,Dairy,HH011,2026-03-29,0.54,dozen,6,1,3,spring,0
ITM002,Eggs,Dairy,HH011,2026-03-30,0.35,dozen,0,0,3,spring,0
ITM002,Eggs,Dairy,HH011,2026-04-01,0.38,dozen,2,0,4,spring,0
ITM002,Eggs,Dairy,HH011,2026-04-17,0.43,dozen,4,0,4,spring,0
ITM002,Eggs,Dairy,HH011,2026-04-24,0.48,dozen,4,0,4,spring,0
ITM002,Eggs,Dairy,HH011,2026-05-05,0.39,dozen,1,0,5,spring,0
ITM002,Eggs,Dairy,HH011,2026-05-06,0.31,dozen,2,0,5,spring,0
ITM002,Eggs,Dairy,HH011,2026-05-14,0.31,dozen,3,0,5,spring,0
ITM002,Eggs,Dairy,HH011,2026-05-18,0.33,dozen,0,0,5,spring,0
ITM002,Eggs,Dairy,HH011,2026-05-24,0.48,dozen,6,1,5,spring,0
ITM002,Eggs,Dairy,HH011,2026-05-26,0.36,dozen,1,0,5,spring,0
ITM002,Eggs,Dairy,HH011,2026-05-27,0.36,dozen,2,0,5,spring,0
ITM002,Eggs,Dairy,HH011,2026-05-29,0.36,dozen,4,0,5,spring,0
ITM002,Eggs,Dairy,HH011,2026-05-31,0.51,dozen,6,1,5,spring,0
ITM002,Eggs,Dairy,HH011,2026-06-01,0.31,dozen,0,0,6,summer,0
ITM002,Eggs,Dairy,HH011,2026-06-05,0.39,dozen,4,0,6,summer,0
ITM002,Eggs,Dairy,HH011,2026-06-10,0.43,dozen,2,0,6,summer,0
ITM002,Eggs,Dairy,HH011,2026-06-12,0.36,dozen,4,0,6,summer,0
ITM002,Eggs,Dairy,HH011,2026-06-14,0.54,dozen,6,1,6,summer,0
ITM002,Eggs,Dairy,HH011,2026-06-27,0.6,dozen,5,1,6,summer,0
ITM002,Eggs,Dairy,HH011,2026-06-29,0.21,dozen,0,0,6,summer,0
ITM002,Eggs,Dairy,HH012,2026-01-02,0.4,dozen,4,0,1,winter,0
ITM002,Eggs,Dairy,HH012,2026-01-03,0.53,dozen,5,1,1,winter,0
ITM002,Eggs,Dairy,HH012,2026-01-11,0.52,dozen,6,1,1,winter,0
ITM002,Eggs,Dairy,HH012,2026-01-13,0.41,dozen,1,0,1,winter,0
ITM002,Eggs,Dairy,HH012,2026-01-20,0.4,dozen,1,0,1,winter,0
ITM002,Eggs,Dairy,HH012,2026-01-24,0.52,dozen,5,1,1,winter,0
ITM002,Eggs,Dairy,HH012,2026-01-26,0.84,dozen,0,0,1,winter,1
ITM002,Eggs,Dairy,HH012,2026-01-31,0.72,dozen,5,1,1,winter,0
ITM002,Eggs,Dairy,HH012,2026-02-01,0.59,dozen,6,1,2,winter,0
ITM002,Eggs,Dairy,HH012,2026-02-04,0.36,dozen,2,0,2,winter,0
ITM002,Eggs,Dairy,HH012,2026-02-06,0.53,dozen,4,0,2,winter,0
ITM002,Eggs,Dairy,HH012,2026-02-07,0.67,dozen,5,1,2,winter,0
ITM002,Eggs,Dairy,HH012,2026-02-08,0.69,dozen,6,1,2,winter,0
ITM002,Eggs,Dairy,HH012,2026-02-12,0.4,dozen,3,0,2,winter,0
ITM002,Eggs,Dairy,HH012,2026-02-13,0.5,dozen,4,0,2,winter,0
ITM002,Eggs,Dairy,HH012,2026-02-14,0.51,dozen,5,1,2,winter,0
ITM002,Eggs,Dairy,HH012,2026-02-18,0.44,dozen,2,0,2,winter,0
ITM002,Eggs,Dairy,HH012,2026-02-22,0.43,dozen,6,1,2,winter,0
ITM002,Eggs,Dairy,HH012,2026-03-04,0.39,dozen,2,0,3,spring,0
ITM002,Eggs,Dairy,HH012,2026-03-08,0.6,dozen,6,1,3,spring,1
ITM002,Eggs,Dairy,HH012,2026-03-13,0.39,dozen,4,0,3,spring,0
ITM002,Eggs,Dairy,HH012,2026-03-15,0.5,dozen,6,1,3,spring,0
ITM002,Eggs,Dairy,HH012,2026-03-16,0.35,dozen,0,0,3,spring,0
ITM002,Eggs,Dairy,HH012,2026-03-24,0.41,dozen,1,0,3,spring,0
ITM002,Eggs,Dairy,HH012,2026-03-30,0.36,dozen,0,0,3,spring,0
ITM002,Eggs,Dairy,HH012,2026-04-02,0.36,dozen,3,0,4,spring,0
ITM002,Eggs,Dairy,HH012,2026-04-04,0.58,dozen,5,1,4,spring,0
ITM002,Eggs,Dairy,HH012,2026-04-08,0.41,dozen,2,0,4,spring,0
ITM002,Eggs,Dairy,HH012,2026-04-09,0.48,dozen,3,0,4,spring,0
ITM002,Eggs,Dairy,HH012,2026-04-14,0.6,dozen,1,0,4,spring,1
ITM002,Eggs,Dairy,HH012,2026-04-25,0.6,dozen,5,1,4,spring,0
ITM002,Eggs,Dairy,HH012,2026-04-27,0.48,dozen,0,0,4,spring,0
ITM002,Eggs,Dairy,HH012,2026-04-28,0.4,dozen,1,0,4,spring,0
ITM002,Eggs,Dairy,HH012,2026-04-29,0.38,dozen,2,0,4,spring,0
ITM002,Eggs,Dairy,HH012,2026-05-03,0.52,dozen,6,1,5,spring,0
ITM002,Eggs,Dairy,HH012,2026-05-09,0.58,dozen,5,1,5,spring,0
ITM002,Eggs,Dairy,HH012,2026-05-10,0.56,dozen,6,1,5,spring,0
ITM002,Eggs,Dairy,HH012,2026-05-13,0.49,dozen,2,0,5,spring,0
ITM002,Eggs,Dairy,HH012,2026-05-15,0.34,dozen,4,0,5,spring,0
ITM002,Eggs,Dairy,HH012,2026-05-18,0.47,dozen,0,0,5,spring,0
ITM002,Eggs,Dairy,HH012,2026-05-23,0.59,dozen,5,1,5,spring,0
ITM002,Eggs,Dairy,HH012,2026-05-24,0.35,dozen,6,1,5,spring,0
ITM002,Eggs,Dairy,HH012,2026-05-25,0.43,dozen,0,0,5,spring,0
ITM002,Eggs,Dairy,HH012,2026-06-02,0.4,dozen,1,0,6,summer,0
ITM002,Eggs,Dairy,HH012,2026-06-03,0.52,dozen,2,0,6,summer,0
ITM002,Eggs,Dairy,HH012,2026-06-04,0.31,dozen,3,0,6,summer,0
ITM002,Eggs,Dairy,HH012,2026-06-06,0.64,dozen,5,1,6,summer,1
ITM002,Eggs,Dairy,HH012,2026-06-13,0.44,dozen,5,1,6,summer,0
ITM002,Eggs,Dairy,HH012,2026-06-14,0.61,dozen,6,1,6,summer,0
ITM002,Eggs,Dairy,HH012,2026-06-18,0.35,dozen,3,0,6,summer,0
ITM002,Eggs,Dairy,HH012,2026-06-20,0.51,dozen,5,1,6,summer,0
ITM002,Eggs,Dairy,HH012,2026-06-23,0.37,dozen,1,0,6,summer,0
ITM002,Eggs,Dairy,HH012,2026-06-24,0.36,dozen,2,0,6,summer,0
ITM002,Eggs,Dairy,HH013,2026-01-03,0.91,dozen,5,1,1,winter,0
ITM002,Eggs,Dairy,HH013,2026-01-04,0.69,dozen,6,1,1,winter,0
ITM002,Eggs,Dairy,HH013,2026-01-09,0.42,dozen,4,0,1,winter,0
ITM002,Eggs,Dairy,HH013,2026-01-10,0.64,dozen,5,1,1,winter,0
ITM002,Eggs,Dairy,HH013,2026-01-12,0.45,dozen,0,0,1,winter,0
ITM002,Eggs,Dairy,HH013,2026-01-19,0.55,dozen,0,0,1,winter,0
ITM002,Eggs,Dairy,HH013,2026-01-21,0.45,dozen,2,0,1,winter,0
ITM002,Eggs,Dairy,HH013,2026-01-23,0.48,dozen,4,0,1,winter,0
ITM002,Eggs,Dairy,HH013,2026-01-26,0.84,dozen,0,0,1,winter,1
ITM002,Eggs,Dairy,HH013,2026-01-29,0.52,dozen,3,0,1,winter,0
ITM002,Eggs,Dairy,HH013,2026-02-07,0.67,dozen,5,1,2,winter,0
ITM002,Eggs,Dairy,HH013,2026-02-09,0.48,dozen,0,0,2,winter,0
ITM002,Eggs,Dairy,HH013,2026-02-13,0.45,dozen,4,0,2,winter,0
ITM002,Eggs,Dairy,HH013,2026-02-23,0.48,dozen,0,0,2,winter,0
ITM002,Eggs,Dairy,HH013,2026-02-24,0.34,dozen,1,0,2,winter,0
ITM002,Eggs,Dairy,HH013,2026-02-28,0.52,dozen,5,1,2,winter,0
ITM002,Eggs,Dairy,HH013,2026-03-02,0.54,dozen,0,0,3,spring,0
ITM002,Eggs,Dairy,HH013,2026-03-05,0.56,dozen,3,0,3,spring,0
ITM002,Eggs,Dairy,HH013,2026-03-07,0.38,dozen,5,1,3,spring,0
ITM002,Eggs,Dairy,HH013,2026-03-18,0.49,dozen,2,0,3,spring,0
ITM002,Eggs,Dairy,HH013,2026-03-25,0.5,dozen,2,0,3,spring,0
ITM002,Eggs,Dairy,HH013,2026-03-30,0.39,dozen,0,0,3,spring,0
ITM002,Eggs,Dairy,HH013,2026-03-31,0.47,dozen,1,0,3,spring,0
ITM002,Eggs,Dairy,HH013,2026-04-01,0.44,dozen,2,0,4,spring,0
ITM002,Eggs,Dairy,HH013,2026-04-06,0.44,dozen,0,0,4,spring,0
ITM002,Eggs,Dairy,HH013,2026-04-09,0.47,dozen,3,0,4,spring,0
ITM002,Eggs,Dairy,HH013,2026-04-12,0.67,dozen,6,1,4,spring,0
ITM002,Eggs,Dairy,HH013,2026-04-16,0.42,dozen,3,0,4,spring,0
ITM002,Eggs,Dairy,HH013,2026-04-22,0.5,dozen,2,0,4,spring,0
ITM002,Eggs,Dairy,HH013,2026-04-26,0.76,dozen,6,1,4,spring,0
ITM002,Eggs,Dairy,HH013,2026-04-30,0.51,dozen,3,0,4,spring,0
ITM002,Eggs,Dairy,HH013,2026-05-04,0.53,dozen,0,0,5,spring,0
ITM002,Eggs,Dairy,HH013,2026-05-05,0.47,dozen,1,0,5,spring,0
ITM002,Eggs,Dairy,HH013,2026-05-07,0.64,dozen,3,0,5,spring,0
ITM002,Eggs,Dairy,HH013,2026-05-10,0.57,dozen,6,1,5,spring,0
ITM002,Eggs,Dairy,HH013,2026-05-11,0.46,dozen,0,0,5,spring,0
ITM002,Eggs,Dairy,HH013,2026-05-16,0.66,dozen,5,1,5,spring,0
ITM002,Eggs,Dairy,HH013,2026-05-18,0.51,dozen,0,0,5,spring,0
ITM002,Eggs,Dairy,HH013,2026-05-25,0.48,dozen,0,0,5,spring,0
ITM002,Eggs,Dairy,HH013,2026-05-26,0.5,dozen,1,0,5,spring,0
ITM002,Eggs,Dairy,HH013,2026-05-29,0.58,dozen,4,0,5,spring,0
ITM002,Eggs,Dairy,HH013,2026-06-01,0.38,dozen,0,0,6,summer,0
ITM002,Eggs,Dairy,HH013,2026-06-03,0.42,dozen,2,0,6,summer,0
ITM002,Eggs,Dairy,HH013,2026-06-04,0.41,dozen,3,0,6,summer,0
ITM002,Eggs,Dairy,HH013,2026-06-08,0.47,dozen,0,0,6,summer,0
ITM002,Eggs,Dairy,HH013,2026-06-09,0.48,dozen,1,0,6,summer,0
ITM002,Eggs,Dairy,HH013,2026-06-15,0.47,dozen,0,0,6,summer,0
ITM002,Eggs,Dairy,HH013,2026-06-17,0.5,dozen,2,0,6,summer,0
ITM002,Eggs,Dairy,HH013,2026-06-20,0.5,dozen,5,1,6,summer,0
ITM002,Eggs,Dairy,HH013,2026-06-22,0.38,dozen,0,0,6,summer,0
ITM002,Eggs,Dairy,HH013,2026-06-29,0.54,dozen,0,0,6,summer,0
ITM002,Eggs,Dairy,HH014,2026-01-01,0.85,dozen,3,0,1,winter,1
ITM002,Eggs,Dairy,HH014,2026-01-06,0.5,dozen,1,0,1,winter,0
ITM002,Eggs,Dairy,HH014,2026-01-08,0.44,dozen,3,0,1,winter,0
ITM002,Eggs,Dairy,HH014,2026-01-13,0.6,dozen,1,0,1,winter,0
ITM002,Eggs,Dairy,HH014,2026-01-15,0.6,dozen,3,0,1,winter,0
ITM002,Eggs,Dairy,HH014,2026-01-19,0.47,dozen,0,0,1,winter,0
ITM002,Eggs,Dairy,HH014,2026-01-22,0.65,dozen,3,0,1,winter,0
ITM002,Eggs,Dairy,HH014,2026-01-24,0.74,dozen,5,1,1,winter,0
ITM002,Eggs,Dairy,HH014,2026-01-25,0.82,dozen,6,1,1,winter,0
ITM002,Eggs,Dairy,HH014,2026-01-27,0.57,dozen,1,0,1,winter,0
ITM002,Eggs,Dairy,HH014,2026-02-03,0.47,dozen,1,0,2,winter,0
ITM002,Eggs,Dairy,HH014,2026-02-04,0.51,dozen,2,0,2,winter,0
ITM002,Eggs,Dairy,HH014,2026-02-05,0.52,dozen,3,0,2,winter,0
ITM002,Eggs,Dairy,HH014,2026-02-11,0.41,dozen,2,0,2,winter,0
ITM002,Eggs,Dairy,HH014,2026-02-14,0.63,dozen,5,1,2,winter,0
ITM002,Eggs,Dairy,HH014,2026-02-18,0.48,dozen,2,0,2,winter,0
ITM002,Eggs,Dairy,HH014,2026-02-25,0.64,dozen,2,0,2,winter,0
ITM002,Eggs,Dairy,HH014,2026-03-01,0.69,dozen,6,1,3,spring,0
ITM002,Eggs,Dairy,HH014,2026-03-04,0.44,dozen,2,0,3,spring,0
ITM002,Eggs,Dairy,HH014,2026-03-07,0.68,dozen,5,1,3,spring,0
ITM002,Eggs,Dairy,HH014,2026-03-13,0.58,dozen,4,0,3,spring,0
ITM002,Eggs,Dairy,HH014,2026-03-14,0.71,dozen,5,1,3,spring,0
ITM002,Eggs,Dairy,HH014,2026-03-15,0.73,dozen,6,1,3,spring,0
ITM002,Eggs,Dairy,HH014,2026-03-17,0.64,dozen,1,0,3,spring,0
ITM002,Eggs,Dairy,HH014,2026-03-23,0.66,dozen,0,0,3,spring,0
ITM002,Eggs,Dairy,HH014,2026-03-28,0.62,dozen,5,1,3,spring,0
ITM002,Eggs,Dairy,HH014,2026-03-31,0.42,dozen,1,0,3,spring,0
ITM002,Eggs,Dairy,HH014,2026-04-02,0.45,dozen,3,0,4,spring,0
ITM002,Eggs,Dairy,HH014,2026-04-03,0.7,dozen,4,0,4,spring,0
ITM002,Eggs,Dairy,HH014,2026-04-04,0.94,dozen,5,1,4,spring,0
ITM002,Eggs,Dairy,HH014,2026-04-05,0.71,dozen,6,1,4,spring,0
ITM002,Eggs,Dairy,HH014,2026-04-08,0.4,dozen,2,0,4,spring,0
ITM002,Eggs,Dairy,HH014,2026-04-13,0.47,dozen,0,0,4,spring,0
ITM002,Eggs,Dairy,HH014,2026-04-15,0.55,dozen,2,0,4,spring,0
ITM002,Eggs,Dairy,HH014,2026-04-20,0.57,dozen,0,0,4,spring,0
ITM002,Eggs,Dairy,HH014,2026-04-26,0.6,dozen,6,1,4,spring,0
ITM002,Eggs,Dairy,HH014,2026-05-01,0.82,dozen,4,0,5,spring,1
ITM002,Eggs,Dairy,HH014,2026-05-08,0.49,dozen,4,0,5,spring,0
ITM002,Eggs,Dairy,HH014,2026-05-15,0.54,dozen,4,0,5,spring,0
ITM002,Eggs,Dairy,HH014,2026-05-22,0.54,dozen,4,0,5,spring,0
ITM002,Eggs,Dairy,HH014,2026-05-23,0.63,dozen,5,1,5,spring,0
ITM002,Eggs,Dairy,HH014,2026-05-25,0.55,dozen,0,0,5,spring,0
ITM002,Eggs,Dairy,HH014,2026-06-14,0.85,dozen,6,1,6,summer,0
ITM002,Eggs,Dairy,HH014,2026-06-16,0.52,dozen,1,0,6,summer,0
ITM002,Eggs,Dairy,HH014,2026-06-19,0.45,dozen,4,0,6,summer,0
ITM002,Eggs,Dairy,HH014,2026-06-22,0.5,dozen,0,0,6,summer,0
ITM002,Eggs,Dairy,HH014,2026-06-25,0.49,dozen,3,0,6,summer,0
ITM002,Eggs,Dairy,HH014,2026-06-28,0.79,dozen,6,1,6,summer,0
ITM002,Eggs,Dairy,HH015,2026-01-02,0.25,dozen,4,0,1,winter,0
ITM002,Eggs,Dairy,HH015,2026-01-03,0.36,dozen,5,1,1,winter,0
ITM002,Eggs,Dairy,HH015,2026-01-06,0.33,dozen,1,0,1,winter,0
ITM002,Eggs,Dairy,HH015,2026-01-08,0.27,dozen,3,0,1,winter,0
ITM002,Eggs,Dairy,HH015,2026-01-10,0.41,dozen,5,1,1,winter,0
ITM002,Eggs,Dairy,HH015,2026-01-20,0.29,dozen,1,0,1,winter,0
ITM002,Eggs,Dairy,HH015,2026-01-23,0.21,dozen,4,0,1,winter,0
ITM002,Eggs,Dairy,HH015,2026-01-25,0.44,dozen,6,1,1,winter,0
ITM002,Eggs,Dairy,HH015,2026-01-26,0.38,dozen,0,0,1,winter,1
ITM002,Eggs,Dairy,HH015,2026-01-27,0.29,dozen,1,0,1,winter,0
ITM002,Eggs,Dairy,HH015,2026-01-28,0.29,dozen,2,0,1,winter,0
ITM002,Eggs,Dairy,HH015,2026-02-08,0.46,dozen,6,1,2,winter,0
ITM002,Eggs,Dairy,HH015,2026-02-10,0.28,dozen,1,0,2,winter,0
ITM002,Eggs,Dairy,HH015,2026-02-12,0.24,dozen,3,0,2,winter,0
ITM002,Eggs,Dairy,HH015,2026-02-16,0.35,dozen,0,0,2,winter,0
ITM002,Eggs,Dairy,HH015,2026-02-18,0.29,dozen,2,0,2,winter,0
ITM002,Eggs,Dairy,HH015,2026-02-19,0.29,dozen,3,0,2,winter,0
ITM002,Eggs,Dairy,HH015,2026-02-20,0.25,dozen,4,0,2,winter,0
ITM002,Eggs,Dairy,HH015,2026-02-22,0.43,dozen,6,1,2,winter,0
ITM002,Eggs,Dairy,HH015,2026-03-02,0.23,dozen,0,0,3,spring,0
ITM002,Eggs,Dairy,HH015,2026-03-03,0.26,dozen,1,0,3,spring,0
ITM002,Eggs,Dairy,HH015,2026-03-05,0.24,dozen,3,0,3,spring,0
ITM002,Eggs,Dairy,HH015,2026-03-11,0.25,dozen,2,0,3,spring,0
ITM002,Eggs,Dairy,HH015,2026-03-21,0.44,dozen,5,1,3,spring,0
ITM002,Eggs,Dairy,HH015,2026-04-01,0.32,dozen,2,0,4,spring,0
ITM002,Eggs,Dairy,HH015,2026-04-12,0.3,dozen,6,1,4,spring,0
ITM002,Eggs,Dairy,HH015,2026-04-16,0.3,dozen,3,0,4,spring,0
ITM002,Eggs,Dairy,HH015,2026-04-17,0.32,dozen,4,0,4,spring,0
ITM002,Eggs,Dairy,HH015,2026-04-18,0.36,dozen,5,1,4,spring,0
ITM002,Eggs,Dairy,HH015,2026-04-20,0.26,dozen,0,0,4,spring,0
ITM002,Eggs,Dairy,HH015,2026-04-22,0.29,dozen,2,0,4,spring,0
ITM002,Eggs,Dairy,HH015,2026-04-25,0.34,dozen,5,1,4,spring,0
ITM002,Eggs,Dairy,HH015,2026-05-04,0.37,dozen,0,0,5,spring,0
ITM002,Eggs,Dairy,HH015,2026-05-05,0.27,dozen,1,0,5,spring,0
ITM002,Eggs,Dairy,HH015,2026-05-30,0.5,dozen,5,1,5,spring,0
ITM002,Eggs,Dairy,HH015,2026-06-06,0.62,dozen,5,1,6,summer,1
ITM002,Eggs,Dairy,HH015,2026-06-07,0.37,dozen,6,1,6,summer,0
ITM002,Eggs,Dairy,HH015,2026-06-12,0.28,dozen,4,0,6,summer,0
ITM002,Eggs,Dairy,HH015,2026-06-15,0.27,dozen,0,0,6,summer,0
ITM002,Eggs,Dairy,HH015,2026-06-18,0.25,dozen,3,0,6,summer,0
ITM002,Eggs,Dairy,HH015,2026-06-19,0.28,dozen,4,0,6,summer,0
ITM002,Eggs,Dairy,HH015,2026-06-20,0.33,dozen,5,1,6,summer,0
ITM002,Eggs,Dairy,HH015,2026-06-22,0.27,dozen,0,0,6,summer,0
ITM002,Eggs,Dairy,HH015,2026-06-29,0.27,dozen,0,0,6,summer,0
ITM002,Eggs,Dairy,HH016,2026-01-08,0.26,dozen,3,0,1,winter,0
ITM002,Eggs,Dairy,HH016,2026-01-16,0.26,dozen,4,0,1,winter,0
ITM002,Eggs,Dairy,HH016,2026-01-17,0.47,dozen,5,1,1,winter,0
ITM002,Eggs,Dairy,HH016,2026-01-19,0.37,dozen,0,0,1,winter,0
ITM002,Eggs,Dairy,HH016,2026-01-20,0.22,dozen,1,0,1,winter,0
ITM002,Eggs,Dairy,HH016,2026-01-24,0.3,dozen,5,1,1,winter,0
ITM002,Eggs,Dairy,HH016,2026-01-27,0.35,dozen,1,0,1,winter,0
ITM002,Eggs,Dairy,HH016,2026-01-28,0.34,dozen,2,0,1,winter,0
ITM002,Eggs,Dairy,HH016,2026-01-29,0.31,dozen,3,0,1,winter,0
ITM002,Eggs,Dairy,HH016,2026-02-02,0.31,dozen,0,0,2,winter,0
ITM002,Eggs,Dairy,HH016,2026-02-03,0.29,dozen,1,0,2,winter,0
ITM002,Eggs,Dairy,HH016,2026-02-04,0.31,dozen,2,0,2,winter,0
ITM002,Eggs,Dairy,HH016,2026-02-05,0.28,dozen,3,0,2,winter,0
ITM002,Eggs,Dairy,HH016,2026-02-06,0.27,dozen,4,0,2,winter,0
ITM002,Eggs,Dairy,HH016,2026-02-07,0.56,dozen,5,1,2,winter,0
ITM002,Eggs,Dairy,HH016,2026-02-09,0.3,dozen,0,0,2,winter,0
ITM002,Eggs,Dairy,HH016,2026-02-14,0.58,dozen,5,1,2,winter,0
ITM002,Eggs,Dairy,HH016,2026-02-21,0.29,dozen,5,1,2,winter,0
ITM002,Eggs,Dairy,HH016,2026-02-26,0.31,dozen,3,0,2,winter,0
ITM002,Eggs,Dairy,HH016,2026-02-28,0.61,dozen,5,1,2,winter,0
ITM002,Eggs,Dairy,HH016,2026-03-04,0.31,dozen,2,0,3,spring,0
ITM002,Eggs,Dairy,HH016,2026-03-05,0.28,dozen,3,0,3,spring,0
ITM002,Eggs,Dairy,HH016,2026-03-06,0.38,dozen,4,0,3,spring,0
ITM002,Eggs,Dairy,HH016,2026-03-08,0.94,dozen,6,1,3,spring,1
ITM002,Eggs,Dairy,HH016,2026-03-14,0.4,dozen,5,1,3,spring,0
ITM002,Eggs,Dairy,HH016,2026-03-17,0.3,dozen,1,0,3,spring,0
ITM002,Eggs,Dairy,HH016,2026-03-21,0.44,dozen,5,1,3,spring,0
ITM002,Eggs,Dairy,HH016,2026-03-23,0.29,dozen,0,0,3,spring,0
ITM002,Eggs,Dairy,HH016,2026-03-25,0.32,dozen,2,0,3,spring,0
ITM002,Eggs,Dairy,HH016,2026-03-27,0.29,dozen,4,0,3,spring,0
ITM002,Eggs,Dairy,HH016,2026-04-09,0.45,dozen,3,0,4,spring,0
ITM002,Eggs,Dairy,HH016,2026-04-10,0.33,dozen,4,0,4,spring,0
ITM002,Eggs,Dairy,HH016,2026-04-13,0.39,dozen,0,0,4,spring,0
ITM002,Eggs,Dairy,HH016,2026-04-15,0.33,dozen,2,0,4,spring,0
ITM002,Eggs,Dairy,HH016,2026-04-16,0.31,dozen,3,0,4,spring,0
ITM002,Eggs,Dairy,HH016,2026-04-22,0.28,dozen,2,0,4,spring,0
ITM002,Eggs,Dairy,HH016,2026-04-23,0.38,dozen,3,0,4,spring,0
ITM002,Eggs,Dairy,HH016,2026-04-29,0.39,dozen,2,0,4,spring,0
ITM002,Eggs,Dairy,HH016,2026-05-03,0.45,dozen,6,1,5,spring,0
ITM002,Eggs,Dairy,HH016,2026-05-10,0.58,dozen,6,1,5,spring,0
ITM002,Eggs,Dairy,HH016,2026-05-14,0.33,dozen,3,0,5,spring,0
ITM002,Eggs,Dairy,HH016,2026-05-16,0.33,dozen,5,1,5,spring,0
ITM002,Eggs,Dairy,HH016,2026-05-18,0.38,dozen,0,0,5,spring,0
ITM002,Eggs,Dairy,HH016,2026-05-19,0.38,dozen,1,0,5,spring,0
ITM002,Eggs,Dairy,HH016,2026-05-23,0.46,dozen,5,1,5,spring,0
ITM002,Eggs,Dairy,HH016,2026-05-24,0.53,dozen,6,1,5,spring,0
ITM002,Eggs,Dairy,HH016,2026-05-28,0.3,dozen,3,0,5,spring,0
ITM002,Eggs,Dairy,HH016,2026-05-30,0.52,dozen,5,1,5,spring,0
ITM002,Eggs,Dairy,HH016,2026-06-01,0.33,dozen,0,0,6,summer,0
ITM002,Eggs,Dairy,HH016,2026-06-05,0.38,dozen,4,0,6,summer,0
ITM002,Eggs,Dairy,HH016,2026-06-11,0.41,dozen,3,0,6,summer,0
ITM002,Eggs,Dairy,HH016,2026-06-13,0.42,dozen,5,1,6,summer,0
ITM002,Eggs,Dairy,HH016,2026-06-18,0.33,dozen,3,0,6,summer,0
ITM002,Eggs,Dairy,HH016,2026-06-22,0.33,dozen,0,0,6,summer,0
ITM002,Eggs,Dairy,HH016,2026-06-27,0.5,dozen,5,1,6,summer,0
ITM002,Eggs,Dairy,HH016,2026-06-28,0.4,dozen,6,1,6,summer,0
ITM002,Eggs,Dairy,HH017,2026-01-01,0.87,dozen,3,0,1,winter,1
ITM002,Eggs,Dairy,HH017,2026-01-05,0.49,dozen,0,0,1,winter,0
ITM002,Eggs,Dairy,HH017,2026-01-09,0.36,dozen,4,0,1,winter,0
ITM002,Eggs,Dairy,HH017,2026-01-11,0.49,dozen,6,1,1,winter,0
ITM002,Eggs,Dairy,HH017,2026-01-12,0.37,dozen,0,0,1,winter,0
ITM002,Eggs,Dairy,HH017,2026-01-15,0.37,dozen,3,0,1,winter,0
ITM002,Eggs,Dairy,HH017,2026-01-19,0.43,dozen,0,0,1,winter,0
ITM002,Eggs,Dairy,HH017,2026-01-22,0.41,dozen,3,0,1,winter,0
ITM002,Eggs,Dairy,HH017,2026-01-23,0.34,dozen,4,0,1,winter,0
ITM002,Eggs,Dairy,HH017,2026-01-25,0.53,dozen,6,1,1,winter,0
ITM002,Eggs,Dairy,HH017,2026-01-26,0.7,dozen,0,0,1,winter,1
ITM002,Eggs,Dairy,HH017,2026-01-27,0.22,dozen,1,0,1,winter,0
ITM002,Eggs,Dairy,HH017,2026-01-28,0.24,dozen,2,0,1,winter,0
ITM002,Eggs,Dairy,HH017,2026-01-29,0.52,dozen,3,0,1,winter,0
ITM002,Eggs,Dairy,HH017,2026-01-30,0.47,dozen,4,0,1,winter,0
ITM002,Eggs,Dairy,HH017,2026-02-03,0.36,dozen,1,0,2,winter,0
ITM002,Eggs,Dairy,HH017,2026-02-06,0.44,dozen,4,0,2,winter,0
ITM002,Eggs,Dairy,HH017,2026-02-09,0.37,dozen,0,0,2,winter,0
ITM002,Eggs,Dairy,HH017,2026-02-16,0.39,dozen,0,0,2,winter,0
ITM002,Eggs,Dairy,HH017,2026-02-19,0.44,dozen,3,0,2,winter,0
ITM002,Eggs,Dairy,HH017,2026-02-21,0.51,dozen,5,1,2,winter,0
ITM002,Eggs,Dairy,HH017,2026-02-28,0.47,dozen,5,1,2,winter,0
ITM002,Eggs,Dairy,HH017,2026-03-03,0.41,dozen,1,0,3,spring,0
ITM002,Eggs,Dairy,HH017,2026-03-11,0.32,dozen,2,0,3,spring,0
ITM002,Eggs,Dairy,HH017,2026-03-15,0.54,dozen,6,1,3,spring,0
ITM002,Eggs,Dairy,HH017,2026-03-16,0.47,dozen,0,0,3,spring,0
ITM002,Eggs,Dairy,HH017,2026-03-17,0.45,dozen,1,0,3,spring,0
ITM002,Eggs,Dairy,HH017,2026-03-20,0.47,dozen,4,0,3,spring,0
ITM002,Eggs,Dairy,HH017,2026-03-21,0.52,dozen,5,1,3,spring,0
ITM002,Eggs,Dairy,HH017,2026-03-28,0.34,dozen,5,1,3,spring,0
ITM002,Eggs,Dairy,HH017,2026-03-29,0.55,dozen,6,1,3,spring,0
ITM002,Eggs,Dairy,HH017,2026-03-30,0.4,dozen,0,0,3,spring,0
ITM002,Eggs,Dairy,HH017,2026-04-02,0.44,dozen,3,0,4,spring,0
ITM002,Eggs,Dairy,HH017,2026-04-03,0.39,dozen,4,0,4,spring,0
ITM002,Eggs,Dairy,HH017,2026-04-05,0.55,dozen,6,1,4,spring,0
ITM002,Eggs,Dairy,HH017,2026-04-10,0.47,dozen,4,0,4,spring,0
ITM002,Eggs,Dairy,HH017,2026-04-13,0.39,dozen,0,0,4,spring,0
ITM002,Eggs,Dairy,HH017,2026-04-19,0.52,dozen,6,1,4,spring,0
ITM002,Eggs,Dairy,HH017,2026-04-21,0.34,dozen,1,0,4,spring,0
ITM002,Eggs,Dairy,HH017,2026-04-26,0.46,dozen,6,1,4,spring,0
ITM002,Eggs,Dairy,HH017,2026-04-30,0.36,dozen,3,0,4,spring,0
ITM002,Eggs,Dairy,HH017,2026-05-01,0.63,dozen,4,0,5,spring,1
ITM002,Eggs,Dairy,HH017,2026-05-06,0.34,dozen,2,0,5,spring,0
ITM002,Eggs,Dairy,HH017,2026-05-11,0.33,dozen,0,0,5,spring,0
ITM002,Eggs,Dairy,HH017,2026-05-12,0.34,dozen,1,0,5,spring,0
ITM002,Eggs,Dairy,HH017,2026-05-23,0.6,dozen,5,1,5,spring,0
ITM002,Eggs,Dairy,HH017,2026-05-24,0.4,dozen,6,1,5,spring,0
ITM002,Eggs,Dairy,HH017,2026-05-25,0.48,dozen,0,0,5,spring,0
ITM002,Eggs,Dairy,HH017,2026-05-28,0.45,dozen,3,0,5,spring,0
ITM002,Eggs,Dairy,HH017,2026-05-30,0.45,dozen,5,1,5,spring,0
ITM002,Eggs,Dairy,HH017,2026-05-31,0.57,dozen,6,1,5,spring,0
ITM002,Eggs,Dairy,HH017,2026-06-03,0.37,dozen,2,0,6,summer,0
ITM002,Eggs,Dairy,HH017,2026-06-06,1.2,dozen,5,1,6,summer,1
ITM002,Eggs,Dairy,HH017,2026-06-17,0.33,dozen,2,0,6,summer,0
ITM002,Eggs,Dairy,HH017,2026-06-20,0.55,dozen,5,1,6,summer,0
ITM002,Eggs,Dairy,HH017,2026-06-27,0.56,dozen,5,1,6,summer,0
ITM002,Eggs,Dairy,HH017,2026-06-29,0.46,dozen,0,0,6,summer,0
ITM002,Eggs,Dairy,HH018,2026-01-02,0.39,dozen,4,0,1,winter,0
ITM002,Eggs,Dairy,HH018,2026-01-06,0.31,dozen,1,0,1,winter,0
ITM002,Eggs,Dairy,HH018,2026-01-07,0.48,dozen,2,0,1,winter,0
ITM002,Eggs,Dairy,HH018,2026-01-11,0.83,dozen,6,1,1,winter,0
ITM002,Eggs,Dairy,HH018,2026-01-13,0.39,dozen,1,0,1,winter,0
ITM002,Eggs,Dairy,HH018,2026-01-18,0.71,dozen,6,1,1,winter,0
ITM002,Eggs,Dairy,HH018,2026-01-19,0.5,dozen,0,0,1,winter,0
ITM002,Eggs,Dairy,HH018,2026-01-22,0.27,dozen,3,0,1,winter,0
ITM002,Eggs,Dairy,HH018,2026-01-25,0.73,dozen,6,1,1,winter,0
ITM002,Eggs,Dairy,HH018,2026-01-26,0.7,dozen,0,0,1,winter,1
ITM002,Eggs,Dairy,HH018,2026-01-30,0.47,dozen,4,0,1,winter,0
ITM002,Eggs,Dairy,HH018,2026-02-02,0.53,dozen,0,0,2,winter,0
ITM002,Eggs,Dairy,HH018,2026-02-06,0.56,dozen,4,0,2,winter,0
ITM002,Eggs,Dairy,HH018,2026-02-08,0.59,dozen,6,1,2,winter,0
ITM002,Eggs,Dairy,HH018,2026-02-09,0.49,dozen,0,0,2,winter,0
ITM002,Eggs,Dairy,HH018,2026-02-10,0.47,dozen,1,0,2,winter,0
ITM002,Eggs,Dairy,HH018,2026-02-13,0.49,dozen,4,0,2,winter,0
ITM002,Eggs,Dairy,HH018,2026-02-15,0.63,dozen,6,1,2,winter,0
ITM002,Eggs,Dairy,HH018,2026-02-16,0.41,dozen,0,0,2,winter,0
ITM002,Eggs,Dairy,HH018,2026-02-17,0.48,dozen,1,0,2,winter,0
ITM002,Eggs,Dairy,HH018,2026-02-24,0.38,dozen,1,0,2,winter,0
ITM002,Eggs,Dairy,HH018,2026-03-03,0.5,dozen,1,0,3,spring,0
ITM002,Eggs,Dairy,HH018,2026-03-09,0.36,dozen,0,0,3,spring,0
ITM002,Eggs,Dairy,HH018,2026-03-13,0.39,dozen,4,0,3,spring,0
ITM002,Eggs,Dairy,HH018,2026-03-15,0.64,dozen,6,1,3,spring,0
ITM002,Eggs,Dairy,HH018,2026-03-20,0.47,dozen,4,0,3,spring,0
ITM002,Eggs,Dairy,HH018,2026-03-26,0.54,dozen,3,0,3,spring,0
ITM002,Eggs,Dairy,HH018,2026-03-27,0.47,dozen,4,0,3,spring,0
ITM002,Eggs,Dairy,HH018,2026-03-30,0.4,dozen,0,0,3,spring,0
ITM002,Eggs,Dairy,HH018,2026-04-01,0.48,dozen,2,0,4,spring,0
ITM002,Eggs,Dairy,HH018,2026-04-07,0.54,dozen,1,0,4,spring,0
ITM002,Eggs,Dairy,HH018,2026-04-11,0.61,dozen,5,1,4,spring,0
ITM002,Eggs,Dairy,HH018,2026-04-27,0.63,dozen,0,0,4,spring,0
ITM002,Eggs,Dairy,HH018,2026-05-05,0.38,dozen,1,0,5,spring,0
ITM002,Eggs,Dairy,HH018,2026-05-08,0.53,dozen,4,0,5,spring,0
ITM002,Eggs,Dairy,HH018,2026-05-09,0.66,dozen,5,1,5,spring,0
ITM002,Eggs,Dairy,HH018,2026-05-11,0.41,dozen,0,0,5,spring,0
ITM002,Eggs,Dairy,HH018,2026-05-17,0.69,dozen,6,1,5,spring,0
ITM002,Eggs,Dairy,HH018,2026-05-21,0.37,dozen,3,0,5,spring,0
ITM002,Eggs,Dairy,HH018,2026-05-24,0.82,dozen,6,1,5,spring,0
ITM002,Eggs,Dairy,HH018,2026-05-26,0.45,dozen,1,0,5,spring,0
ITM002,Eggs,Dairy,HH018,2026-05-29,0.55,dozen,4,0,5,spring,0
ITM002,Eggs,Dairy,HH018,2026-06-05,0.56,dozen,4,0,6,summer,0
ITM002,Eggs,Dairy,HH018,2026-06-12,0.46,dozen,4,0,6,summer,0
ITM002,Eggs,Dairy,HH018,2026-06-17,0.45,dozen,2,0,6,summer,0
ITM002,Eggs,Dairy,HH018,2026-06-20,0.63,dozen,5,1,6,summer,0
ITM002,Eggs,Dairy,HH018,2026-06-21,0.75,dozen,6,1,6,summer,0
ITM002,Eggs,Dairy,HH019,2026-01-02,0.54,dozen,4,0,1,winter,0
ITM002,Eggs,Dairy,HH019,2026-01-03,0.63,dozen,5,1,1,winter,0
ITM002,Eggs,Dairy,HH019,2026-01-04,0.69,dozen,6,1,1,winter,0
ITM002,Eggs,Dairy,HH019,2026-01-06,0.55,dozen,1,0,1,winter,0
ITM002,Eggs,Dairy,HH019,2026-01-13,0.65,dozen,1,0,1,winter,0
ITM002,Eggs,Dairy,HH019,2026-01-14,0.5,dozen,2,0,1,winter,0
ITM002,Eggs,Dairy,HH019,2026-01-20,0.55,dozen,1,0,1,winter,0
ITM002,Eggs,Dairy,HH019,2026-01-27,0.41,dozen,1,0,1,winter,0
ITM002,Eggs,Dairy,HH019,2026-01-29,0.58,dozen,3,0,1,winter,0
ITM002,Eggs,Dairy,HH019,2026-02-03,0.57,dozen,1,0,2,winter,0
ITM002,Eggs,Dairy,HH019,2026-02-04,0.48,dozen,2,0,2,winter,0
ITM002,Eggs,Dairy,HH019,2026-02-05,0.44,dozen,3,0,2,winter,0
ITM002,Eggs,Dairy,HH019,2026-02-06,0.52,dozen,4,0,2,winter,0
ITM002,Eggs,Dairy,HH019,2026-02-07,1.0,dozen,5,1,2,winter,0
ITM002,Eggs,Dairy,HH019,2026-02-16,0.41,dozen,0,0,2,winter,0
ITM002,Eggs,Dairy,HH019,2026-02-19,0.58,dozen,3,0,2,winter,0
ITM002,Eggs,Dairy,HH019,2026-02-21,0.63,dozen,5,1,2,winter,0
ITM002,Eggs,Dairy,HH019,2026-02-23,0.43,dozen,0,0,2,winter,0
ITM002,Eggs,Dairy,HH019,2026-02-24,0.52,dozen,1,0,2,winter,0
ITM002,Eggs,Dairy,HH019,2026-02-26,0.59,dozen,3,0,2,winter,0
ITM002,Eggs,Dairy,HH019,2026-02-27,0.49,dozen,4,0,2,winter,0
ITM002,Eggs,Dairy,HH019,2026-02-28,0.96,dozen,5,1,2,winter,0
ITM002,Eggs,Dairy,HH019,2026-03-01,0.76,dozen,6,1,3,spring,0
ITM002,Eggs,Dairy,HH019,2026-03-02,0.51,dozen,0,0,3,spring,0
ITM002,Eggs,Dairy,HH019,2026-03-11,0.34,dozen,2,0,3,spring,0
ITM002,Eggs,Dairy,HH019,2026-03-12,0.62,dozen,3,0,3,spring,0
ITM002,Eggs,Dairy,HH019,2026-03-14,0.56,dozen,5,1,3,spring,0
ITM002,Eggs,Dairy,HH019,2026-03-16,0.43,dozen,0,0,3,spring,0
ITM002,Eggs,Dairy,HH019,2026-03-18,0.39,dozen,2,0,3,spring,0
ITM002,Eggs,Dairy,HH019,2026-03-27,0.59,dozen,4,0,3,spring,0
ITM002,Eggs,Dairy,HH019,2026-04-02,0.63,dozen,3,0,4,spring,0
ITM002,Eggs,Dairy,HH019,2026-04-09,0.61,dozen,3,0,4,spring,0
ITM002,Eggs,Dairy,HH019,2026-04-11,0.77,dozen,5,1,4,spring,0
ITM002,Eggs,Dairy,HH019,2026-04-12,0.67,dozen,6,1,4,spring,0
ITM002,Eggs,Dairy,HH019,2026-04-15,0.43,dozen,2,0,4,spring,0
ITM002,Eggs,Dairy,HH019,2026-04-19,1.0,dozen,6,1,4,spring,0
ITM002,Eggs,Dairy,HH019,2026-04-24,0.47,dozen,4,0,4,spring,0
ITM002,Eggs,Dairy,HH019,2026-04-30,0.71,dozen,3,0,4,spring,0
ITM002,Eggs,Dairy,HH019,2026-05-07,0.59,dozen,3,0,5,spring,0
ITM002,Eggs,Dairy,HH019,2026-05-08,0.54,dozen,4,0,5,spring,0
ITM002,Eggs,Dairy,HH019,2026-05-10,0.65,dozen,6,1,5,spring,0
ITM002,Eggs,Dairy,HH019,2026-05-12,0.67,dozen,1,0,5,spring,0
ITM002,Eggs,Dairy,HH019,2026-05-19,0.54,dozen,1,0,5,spring,0
ITM002,Eggs,Dairy,HH019,2026-05-21,0.47,dozen,3,0,5,spring,0
ITM002,Eggs,Dairy,HH019,2026-05-23,0.64,dozen,5,1,5,spring,0
ITM002,Eggs,Dairy,HH019,2026-05-24,0.5,dozen,6,1,5,spring,0
ITM002,Eggs,Dairy,HH019,2026-05-29,0.55,dozen,4,0,5,spring,0
ITM002,Eggs,Dairy,HH019,2026-05-31,0.79,dozen,6,1,5,spring,0
ITM002,Eggs,Dairy,HH019,2026-06-04,0.6,dozen,3,0,6,summer,0
ITM002,Eggs,Dairy,HH019,2026-06-08,0.42,dozen,0,0,6,summer,0
ITM002,Eggs,Dairy,HH019,2026-06-16,0.6,dozen,1,0,6,summer,0
ITM002,Eggs,Dairy,HH019,2026-06-19,0.46,dozen,4,0,6,summer,0
ITM002,Eggs,Dairy,HH019,2026-06-23,0.43,dozen,1,0,6,summer,0
ITM002,Eggs,Dairy,HH020,2026-01-04,0.25,dozen,6,1,1,winter,0
ITM002,Eggs,Dairy,HH020,2026-01-05,0.26,dozen,0,0,1,winter,0
ITM002,Eggs,Dairy,HH020,2026-01-15,0.27,dozen,3,0,1,winter,0
ITM002,Eggs,Dairy,HH020,2026-01-17,0.39,dozen,5,1,1,winter,0
ITM002,Eggs,Dairy,HH020,2026-01-26,0.33,dozen,0,0,1,winter,1
ITM002,Eggs,Dairy,HH020,2026-01-27,0.32,dozen,1,0,1,winter,0
ITM002,Eggs,Dairy,HH020,2026-01-29,0.27,dozen,3,0,1,winter,0
ITM002,Eggs,Dairy,HH020,2026-01-30,0.3,dozen,4,0,1,winter,0
ITM002,Eggs,Dairy,HH020,2026-01-31,0.39,dozen,5,1,1,winter,0
ITM002,Eggs,Dairy,HH020,2026-02-01,0.38,dozen,6,1,2,winter,0
ITM002,Eggs,Dairy,HH020,2026-02-06,0.24,dozen,4,0,2,winter,0
ITM002,Eggs,Dairy,HH020,2026-02-11,0.29,dozen,2,0,2,winter,0
ITM002,Eggs,Dairy,HH020,2026-02-14,0.51,dozen,5,1,2,winter,0
ITM002,Eggs,Dairy,HH020,2026-02-15,0.25,dozen,6,1,2,winter,0
ITM002,Eggs,Dairy,HH020,2026-02-24,0.29,dozen,1,0,2,winter,0
ITM002,Eggs,Dairy,HH020,2026-02-26,0.24,dozen,3,0,2,winter,0
ITM002,Eggs,Dairy,HH020,2026-02-27,0.31,dozen,4,0,2,winter,0
ITM002,Eggs,Dairy,HH020,2026-03-04,0.26,dozen,2,0,3,spring,0
ITM002,Eggs,Dairy,HH020,2026-03-05,0.29,dozen,3,0,3,spring,0
ITM002,Eggs,Dairy,HH020,2026-03-07,0.25,dozen,5,1,3,spring,0
ITM002,Eggs,Dairy,HH020,2026-03-10,0.35,dozen,1,0,3,spring,0
ITM002,Eggs,Dairy,HH020,2026-03-11,0.35,dozen,2,0,3,spring,0
ITM002,Eggs,Dairy,HH020,2026-03-14,0.35,dozen,5,1,3,spring,0
ITM002,Eggs,Dairy,HH020,2026-03-16,0.25,dozen,0,0,3,spring,0
ITM002,Eggs,Dairy,HH020,2026-03-17,0.3,dozen,1,0,3,spring,0
ITM002,Eggs,Dairy,HH020,2026-03-18,0.3,dozen,2,0,3,spring,0
ITM002,Eggs,Dairy,HH020,2026-03-19,0.27,dozen,3,0,3,spring,0
ITM002,Eggs,Dairy,HH020,2026-03-25,0.29,dozen,2,0,3,spring,0
ITM002,Eggs,Dairy,HH020,2026-03-26,0.28,dozen,3,0,3,spring,0
ITM002,Eggs,Dairy,HH020,2026-03-28,0.53,dozen,5,1,3,spring,0
ITM002,Eggs,Dairy,HH020,2026-03-31,0.3,dozen,1,0,3,spring,0
ITM002,Eggs,Dairy,HH020,2026-04-11,0.35,dozen,5,1,4,spring,0
ITM002,Eggs,Dairy,HH020,2026-04-17,0.29,dozen,4,0,4,spring,0
ITM002,Eggs,Dairy,HH020,2026-04-23,0.22,dozen,3,0,4,spring,0
ITM002,Eggs,Dairy,HH020,2026-05-08,0.38,dozen,4,0,5,spring,0
ITM002,Eggs,Dairy,HH020,2026-05-09,0.45,dozen,5,1,5,spring,0
ITM002,Eggs,Dairy,HH020,2026-05-11,0.28,dozen,0,0,5,spring,0
ITM002,Eggs,Dairy,HH020,2026-05-16,0.48,dozen,5,1,5,spring,0
ITM002,Eggs,Dairy,HH020,2026-05-21,0.33,dozen,3,0,5,spring,0
ITM002,Eggs,Dairy,HH020,2026-06-12,0.35,dozen,4,0,6,summer,0
ITM002,Eggs,Dairy,HH020,2026-06-16,0.33,dozen,1,0,6,summer,0
ITM002,Eggs,Dairy,HH020,2026-06-18,0.26,dozen,3,0,6,summer,0
ITM002,Eggs,Dairy,HH020,2026-06-22,0.31,dozen,0,0,6,summer,0
ITM002,Eggs,Dairy,HH020,2026-06-26,0.33,dozen,4,0,6,summer,0
ITM002,Eggs,Dairy,HH020,2026-06-29,0.28,dozen,0,0,6,summer,0
ITM003,Bread,Bakery,HH001,2026-01-02,0.45,loaves,4,0,1,winter,0
ITM003,Bread,Bakery,HH001,2026-01-03,0.48,loaves,5,1,1,winter,0
ITM003,Bread,Bakery,HH001,2026-01-06,0.48,loaves,1,0,1,winter,0
ITM003,Bread,Bakery,HH001,2026-01-10,0.39,loaves,5,1,1,winter,0
ITM003,Bread,Bakery,HH001,2026-01-29,0.53,loaves,3,0,1,winter,0
ITM003,Bread,Bakery,HH001,2026-02-01,0.57,loaves,6,1,2,winter,0
ITM003,Bread,Bakery,HH001,2026-02-02,0.39,loaves,0,0,2,winter,0
ITM003,Bread,Bakery,HH001,2026-02-07,0.52,loaves,5,1,2,winter,0
ITM003,Bread,Bakery,HH001,2026-02-10,0.47,loaves,1,0,2,winter,0
ITM003,Bread,Bakery,HH001,2026-02-14,0.59,loaves,5,1,2,winter,0
ITM003,Bread,Bakery,HH001,2026-03-07,0.49,loaves,5,1,3,spring,0
ITM003,Bread,Bakery,HH001,2026-03-20,0.38,loaves,4,0,3,spring,0
ITM003,Bread,Bakery,HH001,2026-03-24,0.38,loaves,1,0,3,spring,0
ITM003,Bread,Bakery,HH001,2026-04-01,0.29,loaves,2,0,4,spring,0
ITM003,Bread,Bakery,HH001,2026-04-02,0.55,loaves,3,0,4,spring,0
ITM003,Bread,Bakery,HH001,2026-04-03,0.42,loaves,4,0,4,spring,0
ITM003,Bread,Bakery,HH001,2026-04-07,0.47,loaves,1,0,4,spring,0
ITM003,Bread,Bakery,HH001,2026-04-09,0.44,loaves,3,0,4,spring,0
ITM003,Bread,Bakery,HH001,2026-04-12,0.53,loaves,6,1,4,spring,0
ITM003,Bread,Bakery,HH001,2026-04-14,0.72,loaves,1,0,4,spring,1
ITM003,Bread,Bakery,HH001,2026-04-18,0.61,loaves,5,1,4,spring,0
ITM003,Bread,Bakery,HH001,2026-04-22,0.53,loaves,2,0,4,spring,0
ITM003,Bread,Bakery,HH001,2026-04-23,0.47,loaves,3,0,4,spring,0
ITM003,Bread,Bakery,HH001,2026-04-27,0.42,loaves,0,0,4,spring,0
ITM003,Bread,Bakery,HH001,2026-04-29,0.56,loaves,2,0,4,spring,0
ITM003,Bread,Bakery,HH001,2026-05-02,0.66,loaves,5,1,5,spring,0
ITM003,Bread,Bakery,HH001,2026-05-03,0.47,loaves,6,1,5,spring,0
ITM003,Bread,Bakery,HH001,2026-05-08,0.35,loaves,4,0,5,spring,0
ITM003,Bread,Bakery,HH001,2026-05-11,0.37,loaves,0,0,5,spring,0
ITM003,Bread,Bakery,HH001,2026-05-12,0.36,loaves,1,0,5,spring,0
ITM003,Bread,Bakery,HH001,2026-05-18,0.35,loaves,0,0,5,spring,0
ITM003,Bread,Bakery,HH001,2026-05-21,0.43,loaves,3,0,5,spring,0
ITM003,Bread,Bakery,HH001,2026-05-22,0.37,loaves,4,0,5,spring,0
ITM003,Bread,Bakery,HH001,2026-05-24,0.51,loaves,6,1,5,spring,0
ITM003,Bread,Bakery,HH001,2026-05-27,0.31,loaves,2,0,5,spring,0
ITM003,Bread,Bakery,HH001,2026-05-29,0.41,loaves,4,0,5,spring,0
ITM003,Bread,Bakery,HH001,2026-05-30,0.5,loaves,5,1,5,spring,0
ITM003,Bread,Bakery,HH001,2026-05-31,0.5,loaves,6,1,5,spring,0
ITM003,Bread,Bakery,HH001,2026-06-03,0.42,loaves,2,0,6,summer,0
ITM003,Bread,Bakery,HH001,2026-06-06,1.16,loaves,5,1,6,summer,1
ITM003,Bread,Bakery,HH001,2026-06-07,0.64,loaves,6,1,6,summer,0
ITM003,Bread,Bakery,HH001,2026-06-09,0.41,loaves,1,0,6,summer,0
ITM003,Bread,Bakery,HH001,2026-06-10,0.38,loaves,2,0,6,summer,0
ITM003,Bread,Bakery,HH001,2026-06-15,0.45,loaves,0,0,6,summer,0
ITM003,Bread,Bakery,HH001,2026-06-23,0.44,loaves,1,0,6,summer,0
ITM003,Bread,Bakery,HH001,2026-06-24,0.53,loaves,2,0,6,summer,0
ITM003,Bread,Bakery,HH001,2026-06-27,0.6,loaves,5,1,6,summer,0
ITM003,Bread,Bakery,HH002,2026-01-01,0.68,loaves,3,0,1,winter,1
ITM003,Bread,Bakery,HH002,2026-01-04,0.73,loaves,6,1,1,winter,0
ITM003,Bread,Bakery,HH002,2026-01-10,0.71,loaves,5,1,1,winter,0
ITM003,Bread,Bakery,HH002,2026-01-18,0.53,loaves,6,1,1,winter,0
ITM003,Bread,Bakery,HH002,2026-01-19,0.55,loaves,0,0,1,winter,0
ITM003,Bread,Bakery,HH002,2026-01-24,0.8,loaves,5,1,1,winter,0
ITM003,Bread,Bakery,HH002,2026-01-29,0.47,loaves,3,0,1,winter,0
ITM003,Bread,Bakery,HH002,2026-01-30,0.48,loaves,4,0,1,winter,0
ITM003,Bread,Bakery,HH002,2026-02-20,0.53,loaves,4,0,2,winter,0
ITM003,Bread,Bakery,HH002,2026-02-22,0.59,loaves,6,1,2,winter,0
ITM003,Bread,Bakery,HH002,2026-03-01,0.76,loaves,6,1,3,spring,0
ITM003,Bread,Bakery,HH002,2026-03-07,0.95,loaves,5,1,3,spring,0
ITM003,Bread,Bakery,HH002,2026-03-08,1.13,loaves,6,1,3,spring,1
ITM003,Bread,Bakery,HH002,2026-03-12,0.42,loaves,3,0,3,spring,0
ITM003,Bread,Bakery,HH002,2026-03-14,0.63,loaves,5,1,3,spring,0
ITM003,Bread,Bakery,HH002,2026-03-17,0.59,loaves,1,0,3,spring,0
ITM003,Bread,Bakery,HH002,2026-03-23,0.47,loaves,0,0,3,spring,0
ITM003,Bread,Bakery,HH002,2026-03-27,0.52,loaves,4,0,3,spring,0
ITM003,Bread,Bakery,HH002,2026-03-29,0.7,loaves,6,1,3,spring,0
ITM003,Bread,Bakery,HH002,2026-03-30,0.41,loaves,0,0,3,spring,0
ITM003,Bread,Bakery,HH002,2026-04-05,0.74,loaves,6,1,4,spring,0
ITM003,Bread,Bakery,HH002,2026-04-06,0.56,loaves,0,0,4,spring,0
ITM003,Bread,Bakery,HH002,2026-04-08,0.51,loaves,2,0,4,spring,0
ITM003,Bread,Bakery,HH002,2026-04-09,0.58,loaves,3,0,4,spring,0
ITM003,Bread,Bakery,HH002,2026-04-10,0.57,loaves,4,0,4,spring,0
ITM003,Bread,Bakery,HH002,2026-04-11,0.78,loaves,5,1,4,spring,0
ITM003,Bread,Bakery,HH002,2026-04-16,0.62,loaves,3,0,4,spring,0
ITM003,Bread,Bakery,HH002,2026-04-19,0.63,loaves,6,1,4,spring,0
ITM003,Bread,Bakery,HH002,2026-04-23,0.45,loaves,3,0,4,spring,0
ITM003,Bread,Bakery,HH002,2026-04-26,0.74,loaves,6,1,4,spring,0
ITM003,Bread,Bakery,HH002,2026-04-27,0.58,loaves,0,0,4,spring,0
ITM003,Bread,Bakery,HH002,2026-05-01,1.02,loaves,4,0,5,spring,1
ITM003,Bread,Bakery,HH002,2026-05-04,0.31,loaves,0,0,5,spring,0
ITM003,Bread,Bakery,HH002,2026-05-11,0.41,loaves,0,0,5,spring,0
ITM003,Bread,Bakery,HH002,2026-05-13,0.37,loaves,2,0,5,spring,0
ITM003,Bread,Bakery,HH002,2026-05-15,0.64,loaves,4,0,5,spring,0
ITM003,Bread,Bakery,HH002,2026-05-22,0.53,loaves,4,0,5,spring,0
ITM003,Bread,Bakery,HH002,2026-06-04,0.49,loaves,3,0,6,summer,0
ITM003,Bread,Bakery,HH002,2026-06-07,0.88,loaves,6,1,6,summer,0
ITM003,Bread,Bakery,HH002,2026-06-08,0.41,loaves,0,0,6,summer,0
ITM003,Bread,Bakery,HH002,2026-06-12,0.62,loaves,4,0,6,summer,0
ITM003,Bread,Bakery,HH002,2026-06-13,0.54,loaves,5,1,6,summer,0
ITM003,Bread,Bakery,HH002,2026-06-16,0.39,loaves,1,0,6,summer,0
ITM003,Bread,Bakery,HH002,2026-06-18,0.5,loaves,3,0,6,summer,0
ITM003,Bread,Bakery,HH002,2026-06-19,0.49,loaves,4,0,6,summer,0
ITM003,Bread,Bakery,HH002,2026-06-21,0.94,loaves,6,1,6,summer,0
ITM003,Bread,Bakery,HH002,2026-06-24,0.5,loaves,2,0,6,summer,0
ITM003,Bread,Bakery,HH002,2026-06-29,0.56,loaves,0,0,6,summer,0
ITM003,Bread,Bakery,HH003,2026-01-01,0.87,loaves,3,0,1,winter,1
ITM003,Bread,Bakery,HH003,2026-01-05,0.64,loaves,0,0,1,winter,0
ITM003,Bread,Bakery,HH003,2026-01-07,0.48,loaves,2,0,1,winter,0
ITM003,Bread,Bakery,HH003,2026-01-11,0.86,loaves,6,1,1,winter,0
ITM003,Bread,Bakery,HH003,2026-01-13,0.58,loaves,1,0,1,winter,0
ITM003,Bread,Bakery,HH003,2026-01-15,0.55,loaves,3,0,1,winter,0
ITM003,Bread,Bakery,HH003,2026-01-21,0.6,loaves,2,0,1,winter,0
ITM003,Bread,Bakery,HH003,2026-01-23,0.65,loaves,4,0,1,winter,0
ITM003,Bread,Bakery,HH003,2026-01-24,0.52,loaves,5,1,1,winter,0
ITM003,Bread,Bakery,HH003,2026-01-25,0.83,loaves,6,1,1,winter,0
ITM003,Bread,Bakery,HH003,2026-02-03,0.59,loaves,1,0,2,winter,0
ITM003,Bread,Bakery,HH003,2026-02-05,0.67,loaves,3,0,2,winter,0
ITM003,Bread,Bakery,HH003,2026-02-10,0.53,loaves,1,0,2,winter,0
ITM003,Bread,Bakery,HH003,2026-02-14,0.99,loaves,5,1,2,winter,0
ITM003,Bread,Bakery,HH003,2026-02-19,0.55,loaves,3,0,2,winter,0
ITM003,Bread,Bakery,HH003,2026-03-04,0.49,loaves,2,0,3,spring,0
ITM003,Bread,Bakery,HH003,2026-03-06,0.6,loaves,4,0,3,spring,0
ITM003,Bread,Bakery,HH003,2026-03-23,0.46,loaves,0,0,3,spring,0
ITM003,Bread,Bakery,HH003,2026-03-27,0.78,loaves,4,0,3,spring,0
ITM003,Bread,Bakery,HH003,2026-03-29,0.75,loaves,6,1,3,spring,0
ITM003,Bread,Bakery,HH003,2026-04-02,0.49,loaves,3,0,4,spring,0
ITM003,Bread,Bakery,HH003,2026-04-04,0.77,loaves,5,1,4,spring,0
ITM003,Bread,Bakery,HH003,2026-04-07,0.58,loaves,1,0,4,spring,0
ITM003,Bread,Bakery,HH003,2026-04-08,0.5,loaves,2,0,4,spring,0
ITM003,Bread,Bakery,HH003,2026-04-10,0.65,loaves,4,0,4,spring,0
ITM003,Bread,Bakery,HH003,2026-04-11,0.77,loaves,5,1,4,spring,0
ITM003,Bread,Bakery,HH003,2026-04-12,0.71,loaves,6,1,4,spring,0
ITM003,Bread,Bakery,HH003,2026-04-13,0.38,loaves,0,0,4,spring,0
ITM003,Bread,Bakery,HH003,2026-04-14,0.8,loaves,1,0,4,spring,1
ITM003,Bread,Bakery,HH003,2026-04-26,0.72,loaves,6,1,4,spring,0
ITM003,Bread,Bakery,HH003,2026-04-30,0.64,loaves,3,0,4,spring,0
ITM003,Bread,Bakery,HH003,2026-05-06,0.58,loaves,2,0,5,spring,0
ITM003,Bread,Bakery,HH003,2026-05-07,0.65,loaves,3,0,5,spring,0
ITM003,Bread,Bakery,HH003,2026-05-08,0.58,loaves,4,0,5,spring,0
ITM003,Bread,Bakery,HH003,2026-06-01,0.67,loaves,0,0,6,summer,0
ITM003,Bread,Bakery,HH003,2026-06-05,0.9,loaves,4,0,6,summer,0
ITM003,Bread,Bakery,HH003,2026-06-07,0.75,loaves,6,1,6,summer,0
ITM003,Bread,Bakery,HH003,2026-06-11,0.61,loaves,3,0,6,summer,0
ITM003,Bread,Bakery,HH003,2026-06-13,0.64,loaves,5,1,6,summer,0
ITM003,Bread,Bakery,HH003,2026-06-14,0.9,loaves,6,1,6,summer,0
ITM003,Bread,Bakery,HH003,2026-06-15,0.6,loaves,0,0,6,summer,0
ITM003,Bread,Bakery,HH003,2026-06-16,0.52,loaves,1,0,6,summer,0
ITM003,Bread,Bakery,HH003,2026-06-19,0.56,loaves,4,0,6,summer,0
ITM003,Bread,Bakery,HH003,2026-06-23,0.61,loaves,1,0,6,summer,0
ITM003,Bread,Bakery,HH003,2026-06-28,1.07,loaves,6,1,6,summer,0
ITM003,Bread,Bakery,HH003,2026-06-29,0.55,loaves,0,0,6,summer,0
ITM003,Bread,Bakery,HH004,2026-01-01,1.06,loaves,3,0,1,winter,1
ITM003,Bread,Bakery,HH004,2026-01-05,0.65,loaves,0,0,1,winter,0
ITM003,Bread,Bakery,HH004,2026-01-11,0.66,loaves,6,1,1,winter,0
ITM003,Bread,Bakery,HH004,2026-01-12,0.65,loaves,0,0,1,winter,0
ITM003,Bread,Bakery,HH004,2026-01-13,0.73,loaves,1,0,1,winter,0
ITM003,Bread,Bakery,HH004,2026-01-20,0.66,loaves,1,0,1,winter,0
ITM003,Bread,Bakery,HH004,2026-01-25,1.06,loaves,6,1,1,winter,0
ITM003,Bread,Bakery,HH004,2026-01-26,1.17,loaves,0,0,1,winter,1
ITM003,Bread,Bakery,HH004,2026-01-27,0.65,loaves,1,0,1,winter,0
ITM003,Bread,Bakery,HH004,2026-01-29,0.65,loaves,3,0,1,winter,0
ITM003,Bread,Bakery,HH004,2026-02-01,1.0,loaves,6,1,2,winter,0
ITM003,Bread,Bakery,HH004,2026-02-04,0.65,loaves,2,0,2,winter,0
ITM003,Bread,Bakery,HH004,2026-02-09,0.69,loaves,0,0,2,winter,0
ITM003,Bread,Bakery,HH004,2026-02-10,0.59,loaves,1,0,2,winter,0
ITM003,Bread,Bakery,HH004,2026-02-13,0.63,loaves,4,0,2,winter,0
ITM003,Bread,Bakery,HH004,2026-02-15,0.81,loaves,6,1,2,winter,0
ITM003,Bread,Bakery,HH004,2026-02-22,1.67,loaves,6,1,2,winter,0
ITM003,Bread,Bakery,HH004,2026-02-23,0.65,loaves,0,0,2,winter,0
ITM003,Bread,Bakery,HH004,2026-02-25,0.63,loaves,2,0,2,winter,0
ITM003,Bread,Bakery,HH004,2026-02-27,0.62,loaves,4,0,2,winter,0
ITM003,Bread,Bakery,HH004,2026-03-11,0.58,loaves,2,0,3,spring,0
ITM003,Bread,Bakery,HH004,2026-03-12,0.67,loaves,3,0,3,spring,0
ITM003,Bread,Bakery,HH004,2026-03-13,0.49,loaves,4,0,3,spring,0
ITM003,Bread,Bakery,HH004,2026-03-16,0.64,loaves,0,0,3,spring,0
ITM003,Bread,Bakery,HH004,2026-03-21,0.79,loaves,5,1,3,spring,0
ITM003,Bread,Bakery,HH004,2026-03-23,0.44,loaves,0,0,3,spring,0
ITM003,Bread,Bakery,HH004,2026-03-27,0.65,loaves,4,0,3,spring,0
ITM003,Bread,Bakery,HH004,2026-03-29,0.55,loaves,6,1,3,spring,0
ITM003,Bread,Bakery,HH004,2026-03-30,0.5,loaves,0,0,3,spring,0
ITM003,Bread,Bakery,HH004,2026-04-02,0.53,loaves,3,0,4,spring,0
ITM003,Bread,Bakery,HH004,2026-04-10,0.81,loaves,4,0,4,spring,0
ITM003,Bread,Bakery,HH004,2026-04-18,1.0,loaves,5,1,4,spring,0
ITM003,Bread,Bakery,HH004,2026-04-19,1.06,loaves,6,1,4,spring,0
ITM003,Bread,Bakery,HH004,2026-04-20,0.81,loaves,0,0,4,spring,0
ITM003,Bread,Bakery,HH004,2026-04-23,0.77,loaves,3,0,4,spring,0
ITM003,Bread,Bakery,HH004,2026-04-28,0.72,loaves,1,0,4,spring,0
ITM003,Bread,Bakery,HH004,2026-04-29,0.66,loaves,2,0,4,spring,0
ITM003,Bread,Bakery,HH004,2026-05-01,1.04,loaves,4,0,5,spring,1
ITM003,Bread,Bakery,HH004,2026-05-02,0.78,loaves,5,1,5,spring,0
ITM003,Bread,Bakery,HH004,2026-05-10,0.81,loaves,6,1,5,spring,0
ITM003,Bread,Bakery,HH004,2026-05-19,0.63,loaves,1,0,5,spring,0
ITM003,Bread,Bakery,HH004,2026-05-20,0.68,loaves,2,0,5,spring,0
ITM003,Bread,Bakery,HH004,2026-05-21,0.6,loaves,3,0,5,spring,0
ITM003,Bread,Bakery,HH004,2026-06-02,0.6,loaves,1,0,6,summer,0
ITM003,Bread,Bakery,HH004,2026-06-04,0.58,loaves,3,0,6,summer,0
ITM003,Bread,Bakery,HH004,2026-06-05,0.49,loaves,4,0,6,summer,0
ITM003,Bread,Bakery,HH004,2026-06-08,0.52,loaves,0,0,6,summer,0
ITM003,Bread,Bakery,HH004,2026-06-09,0.72,loaves,1,0,6,summer,0
ITM003,Bread,Bakery,HH004,2026-06-14,0.79,loaves,6,1,6,summer,0
ITM003,Bread,Bakery,HH004,2026-06-18,0.79,loaves,3,0,6,summer,0
ITM003,Bread,Bakery,HH004,2026-06-19,0.69,loaves,4,0,6,summer,0
ITM003,Bread,Bakery,HH004,2026-06-23,0.53,loaves,1,0,6,summer,0
ITM003,Bread,Bakery,HH005,2026-01-01,0.46,loaves,3,0,1,winter,1
ITM003,Bread,Bakery,HH005,2026-01-13,0.32,loaves,1,0,1,winter,0
ITM003,Bread,Bakery,HH005,2026-01-17,0.48,loaves,5,1,1,winter,0
ITM003,Bread,Bakery,HH005,2026-01-18,0.51,loaves,6,1,1,winter,0
ITM003,Bread,Bakery,HH005,2026-01-21,0.31,loaves,2,0,1,winter,0
ITM003,Bread,Bakery,HH005,2026-01-23,0.41,loaves,4,0,1,winter,0
ITM003,Bread,Bakery,HH005,2026-01-30,0.42,loaves,4,0,1,winter,0
ITM003,Bread,Bakery,HH005,2026-01-31,0.44,loaves,5,1,1,winter,0
ITM003,Bread,Bakery,HH005,2026-02-04,0.4,loaves,2,0,2,winter,0
ITM003,Bread,Bakery,HH005,2026-02-05,0.35,loaves,3,0,2,winter,0
ITM003,Bread,Bakery,HH005,2026-02-08,0.47,loaves,6,1,2,winter,0
ITM003,Bread,Bakery,HH005,2026-02-17,0.32,loaves,1,0,2,winter,0
ITM003,Bread,Bakery,HH005,2026-02-19,0.37,loaves,3,0,2,winter,0
ITM003,Bread,Bakery,HH005,2026-02-22,0.49,loaves,6,1,2,winter,0
ITM003,Bread,Bakery,HH005,2026-03-04,0.3,loaves,2,0,3,spring,0
ITM003,Bread,Bakery,HH005,2026-03-07,0.54,loaves,5,1,3,spring,0
ITM003,Bread,Bakery,HH005,2026-03-08,0.58,loaves,6,1,3,spring,1
ITM003,Bread,Bakery,HH005,2026-03-09,0.33,loaves,0,0,3,spring,0
ITM003,Bread,Bakery,HH005,2026-03-11,0.29,loaves,2,0,3,spring,0
ITM003,Bread,Bakery,HH005,2026-03-12,0.33,loaves,3,0,3,spring,0
ITM003,Bread,Bakery,HH005,2026-03-14,0.44,loaves,5,1,3,spring,0
ITM003,Bread,Bakery,HH005,2026-03-16,0.4,loaves,0,0,3,spring,0
ITM003,Bread,Bakery,HH005,2026-03-20,0.42,loaves,4,0,3,spring,0
ITM003,Bread,Bakery,HH005,2026-03-21,0.63,loaves,5,1,3,spring,0
ITM003,Bread,Bakery,HH005,2026-03-22,0.67,loaves,6,1,3,spring,0
ITM003,Bread,Bakery,HH005,2026-03-25,0.27,loaves,2,0,3,spring,0
ITM003,Bread,Bakery,HH005,2026-03-26,0.31,loaves,3,0,3,spring,0
ITM003,Bread,Bakery,HH005,2026-04-02,0.33,loaves,3,0,4,spring,0
ITM003,Bread,Bakery,HH005,2026-04-03,0.33,loaves,4,0,4,spring,0
ITM003,Bread,Bakery,HH005,2026-04-16,0.34,loaves,3,0,4,spring,0
ITM003,Bread,Bakery,HH005,2026-04-20,0.38,loaves,0,0,4,spring,0
ITM003,Bread,Bakery,HH005,2026-04-25,0.45,loaves,5,1,4,spring,0
ITM003,Bread,Bakery,HH005,2026-04-28,0.33,loaves,1,0,4,spring,0
ITM003,Bread,Bakery,HH005,2026-04-29,0.27,loaves,2,0,4,spring,0
ITM003,Bread,Bakery,HH005,2026-05-08,0.36,loaves,4,0,5,spring,0
ITM003,Bread,Bakery,HH005,2026-05-13,0.35,loaves,2,0,5,spring,0
ITM003,Bread,Bakery,HH005,2026-05-15,0.32,loaves,4,0,5,spring,0
ITM003,Bread,Bakery,HH005,2026-05-19,0.26,loaves,1,0,5,spring,0
ITM003,Bread,Bakery,HH005,2026-05-22,0.36,loaves,4,0,5,spring,0
ITM003,Bread,Bakery,HH005,2026-05-26,0.31,loaves,1,0,5,spring,0
ITM003,Bread,Bakery,HH005,2026-06-05,0.46,loaves,4,0,6,summer,0
ITM003,Bread,Bakery,HH005,2026-06-06,0.8,loaves,5,1,6,summer,1
ITM003,Bread,Bakery,HH005,2026-06-19,0.4,loaves,4,0,6,summer,0
ITM003,Bread,Bakery,HH005,2026-06-23,0.43,loaves,1,0,6,summer,0
ITM003,Bread,Bakery,HH005,2026-06-24,0.18,loaves,2,0,6,summer,0
ITM003,Bread,Bakery,HH005,2026-06-28,0.56,loaves,6,1,6,summer,0
ITM003,Bread,Bakery,HH006,2026-01-07,0.4,loaves,2,0,1,winter,0
ITM003,Bread,Bakery,HH006,2026-01-10,0.53,loaves,5,1,1,winter,0
ITM003,Bread,Bakery,HH006,2026-01-11,0.52,loaves,6,1,1,winter,0
ITM003,Bread,Bakery,HH006,2026-01-12,0.5,loaves,0,0,1,winter,0
ITM003,Bread,Bakery,HH006,2026-01-14,0.4,loaves,2,0,1,winter,0
ITM003,Bread,Bakery,HH006,2026-01-18,0.57,loaves,6,1,1,winter,0
ITM003,Bread,Bakery,HH006,2026-01-19,0.38,loaves,0,0,1,winter,0
ITM003,Bread,Bakery,HH006,2026-01-25,0.45,loaves,6,1,1,winter,0
ITM003,Bread,Bakery,HH006,2026-01-31,0.61,loaves,5,1,1,winter,0
ITM003,Bread,Bakery,HH006,2026-02-02,0.42,loaves,0,0,2,winter,0
ITM003,Bread,Bakery,HH006,2026-02-04,0.39,loaves,2,0,2,winter,0
ITM003,Bread,Bakery,HH006,2026-02-06,0.47,loaves,4,0,2,winter,0
ITM003,Bread,Bakery,HH006,2026-02-11,0.37,loaves,2,0,2,winter,0
ITM003,Bread,Bakery,HH006,2026-02-14,0.5,loaves,5,1,2,winter,0
ITM003,Bread,Bakery,HH006,2026-02-19,0.3,loaves,3,0,2,winter,0
ITM003,Bread,Bakery,HH006,2026-02-20,0.37,loaves,4,0,2,winter,0
ITM003,Bread,Bakery,HH006,2026-02-24,0.29,loaves,1,0,2,winter,0
ITM003,Bread,Bakery,HH006,2026-02-28,0.57,loaves,5,1,2,winter,0
ITM003,Bread,Bakery,HH006,2026-03-13,0.42,loaves,4,0,3,spring,0
ITM003,Bread,Bakery,HH006,2026-03-21,0.78,loaves,5,1,3,spring,0
ITM003,Bread,Bakery,HH006,2026-03-22,0.64,loaves,6,1,3,spring,0
ITM003,Bread,Bakery,HH006,2026-03-25,0.47,loaves,2,0,3,spring,0
ITM003,Bread,Bakery,HH006,2026-03-30,0.43,loaves,0,0,3,spring,0
ITM003,Bread,Bakery,HH006,2026-04-02,0.45,loaves,3,0,4,spring,0
ITM003,Bread,Bakery,HH006,2026-04-04,0.5,loaves,5,1,4,spring,0
ITM003,Bread,Bakery,HH006,2026-04-10,0.52,loaves,4,0,4,spring,0
ITM003,Bread,Bakery,HH006,2026-04-16,0.38,loaves,3,0,4,spring,0
ITM003,Bread,Bakery,HH006,2026-04-21,0.49,loaves,1,0,4,spring,0
ITM003,Bread,Bakery,HH006,2026-04-23,0.47,loaves,3,0,4,spring,0
ITM003,Bread,Bakery,HH006,2026-04-25,0.62,loaves,5,1,4,spring,0
ITM003,Bread,Bakery,HH006,2026-04-28,0.45,loaves,1,0,4,spring,0
ITM003,Bread,Bakery,HH006,2026-05-01,0.85,loaves,4,0,5,spring,1
ITM003,Bread,Bakery,HH006,2026-05-03,0.51,loaves,6,1,5,spring,0
ITM003,Bread,Bakery,HH006,2026-05-05,0.41,loaves,1,0,5,spring,0
ITM003,Bread,Bakery,HH006,2026-05-11,0.4,loaves,0,0,5,spring,0
ITM003,Bread,Bakery,HH006,2026-05-12,0.52,loaves,1,0,5,spring,0
ITM003,Bread,Bakery,HH006,2026-05-22,0.5,loaves,4,0,5,spring,0
ITM003,Bread,Bakery,HH006,2026-05-25,0.51,loaves,0,0,5,spring,0
ITM003,Bread,Bakery,HH006,2026-05-28,0.42,loaves,3,0,5,spring,0
ITM003,Bread,Bakery,HH006,2026-05-29,0.43,loaves,4,0,5,spring,0
ITM003,Bread,Bakery,HH006,2026-06-01,0.35,loaves,0,0,6,summer,0
ITM003,Bread,Bakery,HH006,2026-06-03,0.43,loaves,2,0,6,summer,0
ITM003,Bread,Bakery,HH006,2026-06-05,0.39,loaves,4,0,6,summer,0
ITM003,Bread,Bakery,HH006,2026-06-06,0.77,loaves,5,1,6,summer,1
ITM003,Bread,Bakery,HH006,2026-06-07,0.67,loaves,6,1,6,summer,0
ITM003,Bread,Bakery,HH006,2026-06-23,0.44,loaves,1,0,6,summer,0
ITM003,Bread,Bakery,HH006,2026-06-29,0.5,loaves,0,0,6,summer,0
ITM003,Bread,Bakery,HH007,2026-01-07,0.42,loaves,2,0,1,winter,0
ITM003,Bread,Bakery,HH007,2026-01-17,0.71,loaves,5,1,1,winter,0
ITM003,Bread,Bakery,HH007,2026-01-18,0.64,loaves,6,1,1,winter,0
ITM003,Bread,Bakery,HH007,2026-01-19,0.43,loaves,0,0,1,winter,0
ITM003,Bread,Bakery,HH007,2026-01-21,0.57,loaves,2,0,1,winter,0
ITM003,Bread,Bakery,HH007,2026-01-27,0.56,loaves,1,0,1,winter,0
ITM003,Bread,Bakery,HH007,2026-01-28,0.52,loaves,2,0,1,winter,0
ITM003,Bread,Bakery,HH007,2026-01-29,0.46,loaves,3,0,1,winter,0
ITM003,Bread,Bakery,HH007,2026-01-31,0.7,loaves,5,1,1,winter,0
ITM003,Bread,Bakery,HH007,2026-02-02,0.5,loaves,0,0,2,winter,0
ITM003,Bread,Bakery,HH007,2026-02-06,0.53,loaves,4,0,2,winter,0
ITM003,Bread,Bakery,HH007,2026-02-14,0.67,loaves,5,1,2,winter,0
ITM003,Bread,Bakery,HH007,2026-02-15,0.72,loaves,6,1,2,winter,0
ITM003,Bread,Bakery,HH007,2026-02-22,0.64,loaves,6,1,2,winter,0
ITM003,Bread,Bakery,HH007,2026-02-24,0.55,loaves,1,0,2,winter,0
ITM003,Bread,Bakery,HH007,2026-02-26,0.54,loaves,3,0,2,winter,0
ITM003,Bread,Bakery,HH007,2026-02-28,0.65,loaves,5,1,2,winter,0
ITM003,Bread,Bakery,HH007,2026-03-07,0.68,loaves,5,1,3,spring,0
ITM003,Bread,Bakery,HH007,2026-03-12,0.39,loaves,3,0,3,spring,0
ITM003,Bread,Bakery,HH007,2026-03-14,0.85,loaves,5,1,3,spring,0
ITM003,Bread,Bakery,HH007,2026-03-15,0.6,loaves,6,1,3,spring,0
ITM003,Bread,Bakery,HH007,2026-03-17,0.64,loaves,1,0,3,spring,0
ITM003,Bread,Bakery,HH007,2026-03-18,0.44,loaves,2,0,3,spring,0
ITM003,Bread,Bakery,HH007,2026-03-24,0.44,loaves,1,0,3,spring,0
ITM003,Bread,Bakery,HH007,2026-03-25,0.45,loaves,2,0,3,spring,0
ITM003,Bread,Bakery,HH007,2026-03-27,0.56,loaves,4,0,3,spring,0
ITM003,Bread,Bakery,HH007,2026-03-30,0.5,loaves,0,0,3,spring,0
ITM003,Bread,Bakery,HH007,2026-03-31,0.59,loaves,1,0,3,spring,0
ITM003,Bread,Bakery,HH007,2026-04-05,0.64,loaves,6,1,4,spring,0
ITM003,Bread,Bakery,HH007,2026-04-07,0.52,loaves,1,0,4,spring,0
ITM003,Bread,Bakery,HH007,2026-04-08,0.57,loaves,2,0,4,spring,0
ITM003,Bread,Bakery,HH007,2026-04-13,0.41,loaves,0,0,4,spring,0
ITM003,Bread,Bakery,HH007,2026-04-18,0.67,loaves,5,1,4,spring,0
ITM003,Bread,Bakery,HH007,2026-04-19,0.65,loaves,6,1,4,spring,0
ITM003,Bread,Bakery,HH007,2026-04-20,0.62,loaves,0,0,4,spring,0
ITM003,Bread,Bakery,HH007,2026-04-24,0.43,loaves,4,0,4,spring,0
ITM003,Bread,Bakery,HH007,2026-04-27,0.54,loaves,0,0,4,spring,0
ITM003,Bread,Bakery,HH007,2026-04-30,0.56,loaves,3,0,4,spring,0
ITM003,Bread,Bakery,HH007,2026-05-05,0.44,loaves,1,0,5,spring,0
ITM003,Bread,Bakery,HH007,2026-05-14,0.4,loaves,3,0,5,spring,0
ITM003,Bread,Bakery,HH007,2026-05-28,0.47,loaves,3,0,5,spring,0
ITM003,Bread,Bakery,HH007,2026-05-29,0.54,loaves,4,0,5,spring,0
ITM003,Bread,Bakery,HH007,2026-05-30,1.01,loaves,5,1,5,spring,0
ITM003,Bread,Bakery,HH007,2026-06-02,0.53,loaves,1,0,6,summer,0
ITM003,Bread,Bakery,HH007,2026-06-05,0.39,loaves,4,0,6,summer,0
ITM003,Bread,Bakery,HH007,2026-06-10,0.44,loaves,2,0,6,summer,0
ITM003,Bread,Bakery,HH007,2026-06-15,0.37,loaves,0,0,6,summer,0
ITM003,Bread,Bakery,HH007,2026-06-19,0.45,loaves,4,0,6,summer,0
ITM003,Bread,Bakery,HH007,2026-06-20,0.79,loaves,5,1,6,summer,0
ITM003,Bread,Bakery,HH007,2026-06-21,0.8,loaves,6,1,6,summer,0
ITM003,Bread,Bakery,HH007,2026-06-22,0.41,loaves,0,0,6,summer,0
ITM003,Bread,Bakery,HH007,2026-06-28,0.59,loaves,6,1,6,summer,0
ITM003,Bread,Bakery,HH008,2026-01-01,0.73,loaves,3,0,1,winter,1
ITM003,Bread,Bakery,HH008,2026-01-04,0.82,loaves,6,1,1,winter,0
ITM003,Bread,Bakery,HH008,2026-01-06,0.75,loaves,1,0,1,winter,0
ITM003,Bread,Bakery,HH008,2026-01-11,0.72,loaves,6,1,1,winter,0
ITM003,Bread,Bakery,HH008,2026-01-15,0.66,loaves,3,0,1,winter,0
ITM003,Bread,Bakery,HH008,2026-01-18,0.58,loaves,6,1,1,winter,0
ITM003,Bread,Bakery,HH008,2026-01-23,0.57,loaves,4,0,1,winter,0
ITM003,Bread,Bakery,HH008,2026-01-28,0.72,loaves,2,0,1,winter,0
ITM003,Bread,Bakery,HH008,2026-01-30,0.44,loaves,4,0,1,winter,0
ITM003,Bread,Bakery,HH008,2026-02-01,0.68,loaves,6,1,2,winter,0
ITM003,Bread,Bakery,HH008,2026-02-02,0.57,loaves,0,0,2,winter,0
ITM003,Bread,Bakery,HH008,2026-02-08,0.72,loaves,6,1,2,winter,0
ITM003,Bread,Bakery,HH008,2026-02-09,0.64,loaves,0,0,2,winter,0
ITM003,Bread,Bakery,HH008,2026-02-13,0.64,loaves,4,0,2,winter,0
ITM003,Bread,Bakery,HH008,2026-02-14,0.83,loaves,5,1,2,winter,0
ITM003,Bread,Bakery,HH008,2026-02-15,0.76,loaves,6,1,2,winter,0
ITM003,Bread,Bakery,HH008,2026-02-26,0.59,loaves,3,0,2,winter,0
ITM003,Bread,Bakery,HH008,2026-03-01,0.61,loaves,6,1,3,spring,0
ITM003,Bread,Bakery,HH008,2026-03-02,0.5,loaves,0,0,3,spring,0
ITM003,Bread,Bakery,HH008,2026-03-08,1.59,loaves,6,1,3,spring,1
ITM003,Bread,Bakery,HH008,2026-03-12,0.69,loaves,3,0,3,spring,0
ITM003,Bread,Bakery,HH008,2026-03-15,0.65,loaves,6,1,3,spring,0
ITM003,Bread,Bakery,HH008,2026-03-21,0.59,loaves,5,1,3,spring,0
ITM003,Bread,Bakery,HH008,2026-04-04,0.9,loaves,5,1,4,spring,0
ITM003,Bread,Bakery,HH008,2026-04-05,0.65,loaves,6,1,4,spring,0
ITM003,Bread,Bakery,HH008,2026-04-06,0.64,loaves,0,0,4,spring,0
ITM003,Bread,Bakery,HH008,2026-04-07,0.54,loaves,1,0,4,spring,0
ITM003,Bread,Bakery,HH008,2026-04-14,0.79,loaves,1,0,4,spring,1
ITM003,Bread,Bakery,HH008,2026-04-20,0.58,loaves,0,0,4,spring,0
ITM003,Bread,Bakery,HH008,2026-04-21,0.57,loaves,1,0,4,spring,0
ITM003,Bread,Bakery,HH008,2026-04-30,0.62,loaves,3,0,4,spring,0
ITM003,Bread,Bakery,HH008,2026-05-02,0.74,loaves,5,1,5,spring,0
ITM003,Bread,Bakery,HH008,2026-05-05,0.72,loaves,1,0,5,spring,0
ITM003,Bread,Bakery,HH008,2026-05-07,0.73,loaves,3,0,5,spring,0
ITM003,Bread,Bakery,HH008,2026-05-09,0.9,loaves,5,1,5,spring,0
ITM003,Bread,Bakery,HH008,2026-05-11,0.43,loaves,0,0,5,spring,0
ITM003,Bread,Bakery,HH008,2026-05-16,1.21,loaves,5,1,5,spring,0
ITM003,Bread,Bakery,HH008,2026-05-19,0.57,loaves,1,0,5,spring,0
ITM003,Bread,Bakery,HH008,2026-05-21,0.58,loaves,3,0,5,spring,0
ITM003,Bread,Bakery,HH008,2026-05-22,0.45,loaves,4,0,5,spring,0
ITM003,Bread,Bakery,HH008,2026-05-26,0.56,loaves,1,0,5,spring,0
ITM003,Bread,Bakery,HH008,2026-05-28,0.52,loaves,3,0,5,spring,0
ITM003,Bread,Bakery,HH008,2026-06-06,1.13,loaves,5,1,6,summer,1
ITM003,Bread,Bakery,HH008,2026-06-18,0.7,loaves,3,0,6,summer,0
ITM003,Bread,Bakery,HH008,2026-06-29,0.6,loaves,0,0,6,summer,0
ITM003,Bread,Bakery,HH009,2026-01-01,0.92,loaves,3,0,1,winter,1
ITM003,Bread,Bakery,HH009,2026-01-05,0.67,loaves,0,0,1,winter,0
ITM003,Bread,Bakery,HH009,2026-01-06,0.65,loaves,1,0,1,winter,0
ITM003,Bread,Bakery,HH009,2026-01-11,0.95,loaves,6,1,1,winter,0
ITM003,Bread,Bakery,HH009,2026-01-15,0.7,loaves,3,0,1,winter,0
ITM003,Bread,Bakery,HH009,2026-01-17,0.88,loaves,5,1,1,winter,0
ITM003,Bread,Bakery,HH009,2026-01-18,0.73,loaves,6,1,1,winter,0
ITM003,Bread,Bakery,HH009,2026-01-19,0.59,loaves,0,0,1,winter,0
ITM003,Bread,Bakery,HH009,2026-01-21,0.82,loaves,2,0,1,winter,0
ITM003,Bread,Bakery,HH009,2026-01-22,0.55,loaves,3,0,1,winter,0
ITM003,Bread,Bakery,HH009,2026-01-24,0.83,loaves,5,1,1,winter,0
ITM003,Bread,Bakery,HH009,2026-01-30,0.54,loaves,4,0,1,winter,0
ITM003,Bread,Bakery,HH009,2026-02-01,0.78,loaves,6,1,2,winter,0
ITM003,Bread,Bakery,HH009,2026-02-03,0.7,loaves,1,0,2,winter,0
ITM003,Bread,Bakery,HH009,2026-02-13,0.75,loaves,4,0,2,winter,0
ITM003,Bread,Bakery,HH009,2026-03-04,0.47,loaves,2,0,3,spring,0
ITM003,Bread,Bakery,HH009,2026-03-06,0.6,loaves,4,0,3,spring,0
ITM003,Bread,Bakery,HH009,2026-03-07,0.83,loaves,5,1,3,spring,0
ITM003,Bread,Bakery,HH009,2026-03-08,1.33,loaves,6,1,3,spring,1
ITM003,Bread,Bakery,HH009,2026-03-09,0.54,loaves,0,0,3,spring,0
ITM003,Bread,Bakery,HH009,2026-03-16,0.67,loaves,0,0,3,spring,0
ITM003,Bread,Bakery,HH009,2026-03-23,0.68,loaves,0,0,3,spring,0
ITM003,Bread,Bakery,HH009,2026-03-24,0.51,loaves,1,0,3,spring,0
ITM003,Bread,Bakery,HH009,2026-03-25,0.67,loaves,2,0,3,spring,0
ITM003,Bread,Bakery,HH009,2026-03-31,0.53,loaves,1,0,3,spring,0
ITM003,Bread,Bakery,HH009,2026-04-01,0.69,loaves,2,0,4,spring,0
ITM003,Bread,Bakery,HH009,2026-04-06,0.62,loaves,0,0,4,spring,0
ITM003,Bread,Bakery,HH009,2026-04-08,0.63,loaves,2,0,4,spring,0
ITM003,Bread,Bakery,HH009,2026-04-09,0.82,loaves,3,0,4,spring,0
ITM003,Bread,Bakery,HH009,2026-04-13,0.72,loaves,0,0,4,spring,0
ITM003,Bread,Bakery,HH009,2026-04-15,0.67,loaves,2,0,4,spring,0
ITM003,Bread,Bakery,HH009,2026-04-17,0.66,loaves,4,0,4,spring,0
ITM003,Bread,Bakery,HH009,2026-04-18,0.82,loaves,5,1,4,spring,0
ITM003,Bread,Bakery,HH009,2026-04-27,0.57,loaves,0,0,4,spring,0
ITM003,Bread,Bakery,HH009,2026-04-28,0.74,loaves,1,0,4,spring,0
ITM003,Bread,Bakery,HH009,2026-04-30,0.32,loaves,3,0,4,spring,0
ITM003,Bread,Bakery,HH009,2026-05-08,0.63,loaves,4,0,5,spring,0
ITM003,Bread,Bakery,HH009,2026-05-12,0.66,loaves,1,0,5,spring,0
ITM003,Bread,Bakery,HH009,2026-05-16,0.93,loaves,5,1,5,spring,0
ITM003,Bread,Bakery,HH009,2026-05-19,0.76,loaves,1,0,5,spring,0
ITM003,Bread,Bakery,HH009,2026-05-22,0.67,loaves,4,0,5,spring,0
ITM003,Bread,Bakery,HH009,2026-05-26,0.7,loaves,1,0,5,spring,0
ITM003,Bread,Bakery,HH009,2026-05-27,0.64,loaves,2,0,5,spring,0
ITM003,Bread,Bakery,HH009,2026-05-30,0.97,loaves,5,1,5,spring,0
ITM003,Bread,Bakery,HH009,2026-06-01,0.72,loaves,0,0,6,summer,0
ITM003,Bread,Bakery,HH009,2026-06-07,1.04,loaves,6,1,6,summer,0
ITM003,Bread,Bakery,HH009,2026-06-08,0.86,loaves,0,0,6,summer,0
ITM003,Bread,Bakery,HH009,2026-06-21,0.83,loaves,6,1,6,summer,0
ITM003,Bread,Bakery,HH009,2026-06-25,0.64,loaves,3,0,6,summer,0
ITM003,Bread,Bakery,HH009,2026-06-26,0.63,loaves,4,0,6,summer,0
ITM003,Bread,Bakery,HH009,2026-06-28,1.04,loaves,6,1,6,summer,0
ITM003,Bread,Bakery,HH010,2026-01-04,0.56,loaves,6,1,1,winter,0
ITM003,Bread,Bakery,HH010,2026-01-08,0.4,loaves,3,0,1,winter,0
ITM003,Bread,Bakery,HH010,2026-01-28,0.27,loaves,2,0,1,winter,0
ITM003,Bread,Bakery,HH010,2026-02-02,0.32,loaves,0,0,2,winter,0
ITM003,Bread,Bakery,HH010,2026-02-11,0.31,loaves,2,0,2,winter,0
ITM003,Bread,Bakery,HH010,2026-02-13,0.41,loaves,4,0,2,winter,0
ITM003,Bread,Bakery,HH010,2026-02-16,0.4,loaves,0,0,2,winter,0
ITM003,Bread,Bakery,HH010,2026-02-17,0.39,loaves,1,0,2,winter,0
ITM003,Bread,Bakery,HH010,2026-02-19,0.4,loaves,3,0,2,winter,0
ITM003,Bread,Bakery,HH010,2026-02-24,0.4,loaves,1,0,2,winter,0
ITM003,Bread,Bakery,HH010,2026-02-27,0.27,loaves,4,0,2,winter,0
ITM003,Bread,Bakery,HH010,2026-03-01,0.48,loaves,6,1,3,spring,0
ITM003,Bread,Bakery,HH010,2026-03-03,0.39,loaves,1,0,3,spring,0
ITM003,Bread,Bakery,HH010,2026-03-05,0.46,loaves,3,0,3,spring,0
ITM003,Bread,Bakery,HH010,2026-03-06,0.39,loaves,4,0,3,spring,0
ITM003,Bread,Bakery,HH010,2026-03-08,0.57,loaves,6,1,3,spring,1
ITM003,Bread,Bakery,HH010,2026-03-14,0.41,loaves,5,1,3,spring,0
ITM003,Bread,Bakery,HH010,2026-03-19,0.4,loaves,3,0,3,spring,0
ITM003,Bread,Bakery,HH010,2026-03-23,0.31,loaves,0,0,3,spring,0
ITM003,Bread,Bakery,HH010,2026-03-24,0.36,loaves,1,0,3,spring,0
ITM003,Bread,Bakery,HH010,2026-03-30,0.41,loaves,0,0,3,spring,0
ITM003,Bread,Bakery,HH010,2026-04-09,0.3,loaves,3,0,4,spring,0
ITM003,Bread,Bakery,HH010,2026-04-12,0.46,loaves,6,1,4,spring,0
ITM003,Bread,Bakery,HH010,2026-04-15,0.42,loaves,2,0,4,spring,0
ITM003,Bread,Bakery,HH010,2026-04-18,0.62,loaves,5,1,4,spring,0
ITM003,Bread,Bakery,HH010,2026-04-21,0.39,loaves,1,0,4,spring,0
ITM003,Bread,Bakery,HH010,2026-05-01,0.5,loaves,4,0,5,spring,1
ITM003,Bread,Bakery,HH010,2026-05-04,0.31,loaves,0,0,5,spring,0
ITM003,Bread,Bakery,HH010,2026-05-09,0.53,loaves,5,1,5,spring,0
ITM003,Bread,Bakery,HH010,2026-05-17,0.53,loaves,6,1,5,spring,0
ITM003,Bread,Bakery,HH010,2026-05-20,0.44,loaves,2,0,5,spring,0
ITM003,Bread,Bakery,HH010,2026-05-23,0.48,loaves,5,1,5,spring,0
ITM003,Bread,Bakery,HH010,2026-05-25,0.41,loaves,0,0,5,spring,0
ITM003,Bread,Bakery,HH010,2026-05-27,0.34,loaves,2,0,5,spring,0
ITM003,Bread,Bakery,HH010,2026-05-30,0.53,loaves,5,1,5,spring,0
ITM003,Bread,Bakery,HH010,2026-05-31,0.45,loaves,6,1,5,spring,0
ITM003,Bread,Bakery,HH010,2026-06-02,0.37,loaves,1,0,6,summer,0
ITM003,Bread,Bakery,HH010,2026-06-04,0.31,loaves,3,0,6,summer,0
ITM003,Bread,Bakery,HH010,2026-06-05,0.32,loaves,4,0,6,summer,0
ITM003,Bread,Bakery,HH010,2026-06-13,0.54,loaves,5,1,6,summer,0
ITM003,Bread,Bakery,HH010,2026-06-20,0.5,loaves,5,1,6,summer,0
ITM003,Bread,Bakery,HH010,2026-06-26,0.38,loaves,4,0,6,summer,0
ITM003,Bread,Bakery,HH011,2026-01-02,0.43,loaves,4,0,1,winter,0
ITM003,Bread,Bakery,HH011,2026-01-03,0.73,loaves,5,1,1,winter,0
ITM003,Bread,Bakery,HH011,2026-01-08,0.42,loaves,3,0,1,winter,0
ITM003,Bread,Bakery,HH011,2026-01-09,0.52,loaves,4,0,1,winter,0
ITM003,Bread,Bakery,HH011,2026-01-11,0.7,loaves,6,1,1,winter,0
ITM003,Bread,Bakery,HH011,2026-01-12,0.41,loaves,0,0,1,winter,0
ITM003,Bread,Bakery,HH011,2026-01-14,0.4,loaves,2,0,1,winter,0
ITM003,Bread,Bakery,HH011,2026-01-15,0.45,loaves,3,0,1,winter,0
ITM003,Bread,Bakery,HH011,2026-01-20,0.39,loaves,1,0,1,winter,0
ITM003,Bread,Bakery,HH011,2026-01-26,0.67,loaves,0,0,1,winter,1
ITM003,Bread,Bakery,HH011,2026-01-28,0.43,loaves,2,0,1,winter,0
ITM003,Bread,Bakery,HH011,2026-01-30,0.4,loaves,4,0,1,winter,0
ITM003,Bread,Bakery,HH011,2026-02-03,0.45,loaves,1,0,2,winter,0
ITM003,Bread,Bakery,HH011,2026-02-06,0.68,loaves,4,0,2,winter,0
ITM003,Bread,Bakery,HH011,2026-02-08,0.63,loaves,6,1,2,winter,0
ITM003,Bread,Bakery,HH011,2026-02-09,0.33,loaves,0,0,2,winter,0
ITM003,Bread,Bakery,HH011,2026-02-11,0.35,loaves,2,0,2,winter,0
ITM003,Bread,Bakery,HH011,2026-02-12,0.31,loaves,3,0,2,winter,0
ITM003,Bread,Bakery,HH011,2026-02-14,0.52,loaves,5,1,2,winter,0
ITM003,Bread,Bakery,HH011,2026-02-15,0.48,loaves,6,1,2,winter,0
ITM003,Bread,Bakery,HH011,2026-02-20,0.41,loaves,4,0,2,winter,0
ITM003,Bread,Bakery,HH011,2026-02-25,0.45,loaves,2,0,2,winter,0
ITM003,Bread,Bakery,HH011,2026-02-27,0.43,loaves,4,0,2,winter,0
ITM003,Bread,Bakery,HH011,2026-03-02,0.46,loaves,0,0,3,spring,0
ITM003,Bread,Bakery,HH011,2026-03-05,0.54,loaves,3,0,3,spring,0
ITM003,Bread,Bakery,HH011,2026-03-09,0.51,loaves,0,0,3,spring,0
ITM003,Bread,Bakery,HH011,2026-03-14,0.53,loaves,5,1,3,spring,0
ITM003,Bread,Bakery,HH011,2026-03-16,0.56,loaves,0,0,3,spring,0
ITM003,Bread,Bakery,HH011,2026-03-17,0.47,loaves,1,0,3,spring,0
ITM003,Bread,Bakery,HH011,2026-03-23,0.44,loaves,0,0,3,spring,0
ITM003,Bread,Bakery,HH011,2026-03-24,0.51,loaves,1,0,3,spring,0
ITM003,Bread,Bakery,HH011,2026-04-03,0.44,loaves,4,0,4,spring,0
ITM003,Bread,Bakery,HH011,2026-04-15,0.45,loaves,2,0,4,spring,0
ITM003,Bread,Bakery,HH011,2026-04-19,0.85,loaves,6,1,4,spring,0
ITM003,Bread,Bakery,HH011,2026-04-20,0.44,loaves,0,0,4,spring,0
ITM003,Bread,Bakery,HH011,2026-04-23,0.38,loaves,3,0,4,spring,0
ITM003,Bread,Bakery,HH011,2026-05-01,0.81,loaves,4,0,5,spring,1
ITM003,Bread,Bakery,HH011,2026-05-02,0.59,loaves,5,1,5,spring,0
ITM003,Bread,Bakery,HH011,2026-05-05,0.4,loaves,1,0,5,spring,0
ITM003,Bread,Bakery,HH011,2026-05-07,0.33,loaves,3,0,5,spring,0
ITM003,Bread,Bakery,HH011,2026-05-08,0.37,loaves,4,0,5,spring,0
ITM003,Bread,Bakery,HH011,2026-05-11,0.31,loaves,0,0,5,spring,0
ITM003,Bread,Bakery,HH011,2026-05-16,0.51,loaves,5,1,5,spring,0
ITM003,Bread,Bakery,HH011,2026-05-18,0.41,loaves,0,0,5,spring,0
ITM003,Bread,Bakery,HH011,2026-05-22,0.33,loaves,4,0,5,spring,0
ITM003,Bread,Bakery,HH011,2026-05-26,0.45,loaves,1,0,5,spring,0
ITM003,Bread,Bakery,HH011,2026-05-29,0.46,loaves,4,0,5,spring,0
ITM003,Bread,Bakery,HH011,2026-06-04,0.43,loaves,3,0,6,summer,0
ITM003,Bread,Bakery,HH011,2026-06-11,0.48,loaves,3,0,6,summer,0
ITM003,Bread,Bakery,HH011,2026-06-17,0.51,loaves,2,0,6,summer,0
ITM003,Bread,Bakery,HH011,2026-06-20,0.57,loaves,5,1,6,summer,0
ITM003,Bread,Bakery,HH011,2026-06-22,0.3,loaves,0,0,6,summer,0
ITM003,Bread,Bakery,HH011,2026-06-24,0.4,loaves,2,0,6,summer,0
ITM003,Bread,Bakery,HH011,2026-06-27,0.56,loaves,5,1,6,summer,0
ITM003,Bread,Bakery,HH011,2026-06-29,0.48,loaves,0,0,6,summer,0
ITM003,Bread,Bakery,HH012,2026-01-02,0.52,loaves,4,0,1,winter,0
ITM003,Bread,Bakery,HH012,2026-01-04,0.75,loaves,6,1,1,winter,0
ITM003,Bread,Bakery,HH012,2026-01-05,0.48,loaves,0,0,1,winter,0
ITM003,Bread,Bakery,HH012,2026-01-06,0.51,loaves,1,0,1,winter,0
ITM003,Bread,Bakery,HH012,2026-01-10,0.55,loaves,5,1,1,winter,0
ITM003,Bread,Bakery,HH012,2026-01-16,0.45,loaves,4,0,1,winter,0
ITM003,Bread,Bakery,HH012,2026-01-21,0.61,loaves,2,0,1,winter,0
ITM003,Bread,Bakery,HH012,2026-01-24,0.65,loaves,5,1,1,winter,0
ITM003,Bread,Bakery,HH012,2026-01-25,0.58,loaves,6,1,1,winter,0
ITM003,Bread,Bakery,HH012,2026-01-26,0.81,loaves,0,0,1,winter,1
ITM003,Bread,Bakery,HH012,2026-01-30,0.55,loaves,4,0,1,winter,0
ITM003,Bread,Bakery,HH012,2026-01-31,0.84,loaves,5,1,1,winter,0
ITM003,Bread,Bakery,HH012,2026-02-05,0.49,loaves,3,0,2,winter,0
ITM003,Bread,Bakery,HH012,2026-02-06,0.47,loaves,4,0,2,winter,0
ITM003,Bread,Bakery,HH012,2026-02-13,0.4,loaves,4,0,2,winter,0
ITM003,Bread,Bakery,HH012,2026-02-15,0.66,loaves,6,1,2,winter,0
ITM003,Bread,Bakery,HH012,2026-02-19,0.67,loaves,3,0,2,winter,0
ITM003,Bread,Bakery,HH012,2026-02-21,0.86,loaves,5,1,2,winter,0
ITM003,Bread,Bakery,HH012,2026-02-28,0.6,loaves,5,1,2,winter,0
ITM003,Bread,Bakery,HH012,2026-03-02,0.6,loaves,0,0,3,spring,0
ITM003,Bread,Bakery,HH012,2026-03-06,0.5,loaves,4,0,3,spring,0
ITM003,Bread,Bakery,HH012,2026-03-10,0.52,loaves,1,0,3,spring,0
ITM003,Bread,Bakery,HH012,2026-03-13,0.64,loaves,4,0,3,spring,0
ITM003,Bread,Bakery,HH012,2026-03-17,0.5,loaves,1,0,3,spring,0
ITM003,Bread,Bakery,HH012,2026-03-19,0.39,loaves,3,0,3,spring,0
ITM003,Bread,Bakery,HH012,2026-03-20,0.44,loaves,4,0,3,spring,0
ITM003,Bread,Bakery,HH012,2026-03-24,0.58,loaves,1,0,3,spring,0
ITM003,Bread,Bakery,HH012,2026-03-31,0.45,loaves,1,0,3,spring,0
ITM003,Bread,Bakery,HH012,2026-04-01,0.48,loaves,2,0,4,spring,0
ITM003,Bread,Bakery,HH012,2026-04-03,0.54,loaves,4,0,4,spring,0
ITM003,Bread,Bakery,HH012,2026-04-11,0.54,loaves,5,1,4,spring,0
ITM003,Bread,Bakery,HH012,2026-04-13,0.47,loaves,0,0,4,spring,0
ITM003,Bread,Bakery,HH012,2026-04-14,0.62,loaves,1,0,4,spring,1
ITM003,Bread,Bakery,HH012,2026-04-16,0.5,loaves,3,0,4,spring,0
ITM003,Bread,Bakery,HH012,2026-04-17,0.62,loaves,4,0,4,spring,0
ITM003,Bread,Bakery,HH012,2026-04-21,0.58,loaves,1,0,4,spring,0
ITM003,Bread,Bakery,HH012,2026-04-24,0.43,loaves,4,0,4,spring,0
ITM003,Bread,Bakery,HH012,2026-04-28,0.55,loaves,1,0,4,spring,0
ITM003,Bread,Bakery,HH012,2026-05-09,0.53,loaves,5,1,5,spring,0
ITM003,Bread,Bakery,HH012,2026-05-21,0.42,loaves,3,0,5,spring,0
ITM003,Bread,Bakery,HH012,2026-05-23,0.78,loaves,5,1,5,spring,0
ITM003,Bread,Bakery,HH012,2026-05-30,0.76,loaves,5,1,5,spring,0
ITM003,Bread,Bakery,HH012,2026-06-01,0.55,loaves,0,0,6,summer,0
ITM003,Bread,Bakery,HH012,2026-06-02,0.46,loaves,1,0,6,summer,0
ITM003,Bread,Bakery,HH012,2026-06-03,0.54,loaves,2,0,6,summer,0
ITM003,Bread,Bakery,HH012,2026-06-04,0.56,loaves,3,0,6,summer,0
ITM003,Bread,Bakery,HH012,2026-06-06,1.03,loaves,5,1,6,summer,1
ITM003,Bread,Bakery,HH012,2026-06-07,0.8,loaves,6,1,6,summer,0
ITM003,Bread,Bakery,HH012,2026-06-09,0.53,loaves,1,0,6,summer,0
ITM003,Bread,Bakery,HH012,2026-06-13,0.64,loaves,5,1,6,summer,0
ITM003,Bread,Bakery,HH012,2026-06-18,0.49,loaves,3,0,6,summer,0
ITM003,Bread,Bakery,HH012,2026-06-28,0.8,loaves,6,1,6,summer,0
ITM003,Bread,Bakery,HH013,2026-01-01,0.9,loaves,3,0,1,winter,1
ITM003,Bread,Bakery,HH013,2026-01-11,0.98,loaves,6,1,1,winter,0
ITM003,Bread,Bakery,HH013,2026-01-12,0.52,loaves,0,0,1,winter,0
ITM003,Bread,Bakery,HH013,2026-01-16,0.63,loaves,4,0,1,winter,0
ITM003,Bread,Bakery,HH013,2026-01-26,0.87,loaves,0,0,1,winter,1
ITM003,Bread,Bakery,HH013,2026-01-27,0.64,loaves,1,0,1,winter,0
ITM003,Bread,Bakery,HH013,2026-01-30,0.48,loaves,4,0,1,winter,0
ITM003,Bread,Bakery,HH013,2026-01-31,0.71,loaves,5,1,1,winter,0
ITM003,Bread,Bakery,HH013,2026-02-06,0.58,loaves,4,0,2,winter,0
ITM003,Bread,Bakery,HH013,2026-02-10,0.54,loaves,1,0,2,winter,0
ITM003,Bread,Bakery,HH013,2026-02-14,0.66,loaves,5,1,2,winter,0
ITM003,Bread,Bakery,HH013,2026-02-17,0.37,loaves,1,0,2,winter,0
ITM003,Bread,Bakery,HH013,2026-02-19,0.45,loaves,3,0,2,winter,0
ITM003,Bread,Bakery,HH013,2026-02-22,0.89,loaves,6,1,2,winter,0
ITM003,Bread,Bakery,HH013,2026-03-04,0.53,loaves,2,0,3,spring,0
ITM003,Bread,Bakery,HH013,2026-03-11,0.43,loaves,2,0,3,spring,0
ITM003,Bread,Bakery,HH013,2026-03-27,0.52,loaves,4,0,3,spring,0
ITM003,Bread,Bakery,HH013,2026-03-28,0.61,loaves,5,1,3,spring,0
ITM003,Bread,Bakery,HH013,2026-03-30,0.67,loaves,0,0,3,spring,0
ITM003,Bread,Bakery,HH013,2026-04-01,0.41,loaves,2,0,4,spring,0
ITM003,Bread,Bakery,HH013,2026-04-02,0.64,loaves,3,0,4,spring,0
ITM003,Bread,Bakery,HH013,2026-04-03,0.57,loaves,4,0,4,spring,0
ITM003,Bread,Bakery,HH013,2026-04-04,0.41,loaves,5,1,4,spring,0
ITM003,Bread,Bakery,HH013,2026-04-05,0.96,loaves,6,1,4,spring,0
ITM003,Bread,Bakery,HH013,2026-04-09,0.63,loaves,3,0,4,spring,0
ITM003,Bread,Bakery,HH013,2026-04-10,0.59,loaves,4,0,4,spring,0
ITM003,Bread,Bakery,HH013,2026-04-12,0.86,loaves,6,1,4,spring,0
ITM003,Bread,Bakery,HH013,2026-04-14,1.0,loaves,1,0,4,spring,1
ITM003,Bread,Bakery,HH013,2026-04-24,0.73,loaves,4,0,4,spring,0
ITM003,Bread,Bakery,HH013,2026-04-27,0.5,loaves,0,0,4,spring,0
ITM003,Bread,Bakery,HH013,2026-04-29,0.55,loaves,2,0,4,spring,0
ITM003,Bread,Bakery,HH013,2026-05-11,0.59,loaves,0,0,5,spring,0
ITM003,Bread,Bakery,HH013,2026-05-13,0.44,loaves,2,0,5,spring,0
ITM003,Bread,Bakery,HH013,2026-05-14,0.5,loaves,3,0,5,spring,0
ITM003,Bread,Bakery,HH013,2026-05-19,0.38,loaves,1,0,5,spring,0
ITM003,Bread,Bakery,HH013,2026-05-21,0.68,loaves,3,0,5,spring,0
ITM003,Bread,Bakery,HH013,2026-05-23,0.89,loaves,5,1,5,spring,0
ITM003,Bread,Bakery,HH013,2026-05-25,0.54,loaves,0,0,5,spring,0
ITM003,Bread,Bakery,HH013,2026-06-09,0.56,loaves,1,0,6,summer,0
ITM003,Bread,Bakery,HH013,2026-06-24,0.55,loaves,2,0,6,summer,0
ITM003,Bread,Bakery,HH013,2026-06-25,0.58,loaves,3,0,6,summer,0
ITM003,Bread,Bakery,HH014,2026-01-01,1.13,loaves,3,0,1,winter,1
ITM003,Bread,Bakery,HH014,2026-01-03,0.74,loaves,5,1,1,winter,0
ITM003,Bread,Bakery,HH014,2026-01-20,0.56,loaves,1,0,1,winter,0
ITM003,Bread,Bakery,HH014,2026-01-23,0.47,loaves,4,0,1,winter,0
ITM003,Bread,Bakery,HH014,2026-01-24,1.18,loaves,5,1,1,winter,0
ITM003,Bread,Bakery,HH014,2026-02-09,0.63,loaves,0,0,2,winter,0
ITM003,Bread,Bakery,HH014,2026-02-10,0.66,loaves,1,0,2,winter,0
ITM003,Bread,Bakery,HH014,2026-02-15,0.56,loaves,6,1,2,winter,0
ITM003,Bread,Bakery,HH014,2026-02-16,0.55,loaves,0,0,2,winter,0
ITM003,Bread,Bakery,HH014,2026-02-18,0.69,loaves,2,0,2,winter,0
ITM003,Bread,Bakery,HH014,2026-03-03,0.59,loaves,1,0,3,spring,0
ITM003,Bread,Bakery,HH014,2026-03-05,0.57,loaves,3,0,3,spring,0
ITM003,Bread,Bakery,HH014,2026-03-08,1.12,loaves,6,1,3,spring,1
ITM003,Bread,Bakery,HH014,2026-03-14,0.79,loaves,5,1,3,spring,0
ITM003,Bread,Bakery,HH014,2026-03-15,1.11,loaves,6,1,3,spring,0
ITM003,Bread,Bakery,HH014,2026-03-21,1.12,loaves,5,1,3,spring,0
ITM003,Bread,Bakery,HH014,2026-03-22,0.82,loaves,6,1,3,spring,0
ITM003,Bread,Bakery,HH014,2026-03-23,0.69,loaves,0,0,3,spring,0
ITM003,Bread,Bakery,HH014,2026-03-26,0.53,loaves,3,0,3,spring,0
ITM003,Bread,Bakery,HH014,2026-03-30,0.79,loaves,0,0,3,spring,0
ITM003,Bread,Bakery,HH014,2026-04-01,0.73,loaves,2,0,4,spring,0
ITM003,Bread,Bakery,HH014,2026-04-12,0.71,loaves,6,1,4,spring,0
ITM003,Bread,Bakery,HH014,2026-04-14,0.93,loaves,1,0,4,spring,1
ITM003,Bread,Bakery,HH014,2026-04-18,0.84,loaves,5,1,4,spring,0
ITM003,Bread,Bakery,HH014,2026-04-23,0.68,loaves,3,0,4,spring,0
ITM003,Bread,Bakery,HH014,2026-04-30,0.72,loaves,3,0,4,spring,0
ITM003,Bread,Bakery,HH014,2026-05-03,0.97,loaves,6,1,5,spring,0
ITM003,Bread,Bakery,HH014,2026-05-04,0.62,loaves,0,0,5,spring,0
ITM003,Bread,Bakery,HH014,2026-05-10,0.95,loaves,6,1,5,spring,0
ITM003,Bread,Bakery,HH014,2026-05-28,0.81,loaves,3,0,5,spring,0
ITM003,Bread,Bakery,HH014,2026-06-07,0.96,loaves,6,1,6,summer,0
ITM003,Bread,Bakery,HH014,2026-06-08,0.73,loaves,0,0,6,summer,0
ITM003,Bread,Bakery,HH014,2026-06-13,0.71,loaves,5,1,6,summer,0
ITM003,Bread,Bakery,HH014,2026-06-16,0.86,loaves,1,0,6,summer,0
ITM003,Bread,Bakery,HH014,2026-06-17,0.89,loaves,2,0,6,summer,0
ITM003,Bread,Bakery,HH014,2026-06-22,0.77,loaves,0,0,6,summer,0
ITM003,Bread,Bakery,HH014,2026-06-24,0.46,loaves,2,0,6,summer,0
ITM003,Bread,Bakery,HH014,2026-06-27,1.14,loaves,5,1,6,summer,0
ITM003,Bread,Bakery,HH015,2026-01-05,0.32,loaves,0,0,1,winter,0
ITM003,Bread,Bakery,HH015,2026-01-07,0.37,loaves,2,0,1,winter,0
ITM003,Bread,Bakery,HH015,2026-01-14,0.47,loaves,2,0,1,winter,0
ITM003,Bread,Bakery,HH015,2026-02-04,0.28,loaves,2,0,2,winter,0
ITM003,Bread,Bakery,HH015,2026-02-06,0.41,loaves,4,0,2,winter,0
ITM003,Bread,Bakery,HH015,2026-02-08,0.54,loaves,6,1,2,winter,0
ITM003,Bread,Bakery,HH015,2026-02-09,0.34,loaves,0,0,2,winter,0
ITM003,Bread,Bakery,HH015,2026-02-10,0.33,loaves,1,0,2,winter,0
ITM003,Bread,Bakery,HH015,2026-02-12,0.28,loaves,3,0,2,winter,0
ITM003,Bread,Bakery,HH015,2026-02-15,0.42,loaves,6,1,2,winter,0
ITM003,Bread,Bakery,HH015,2026-02-23,0.4,loaves,0,0,2,winter,0
ITM003,Bread,Bakery,HH015,2026-02-25,0.39,loaves,2,0,2,winter,0
ITM003,Bread,Bakery,HH015,2026-03-01,0.43,loaves,6,1,3,spring,0
ITM003,Bread,Bakery,HH015,2026-03-03,0.35,loaves,1,0,3,spring,0
ITM003,Bread,Bakery,HH015,2026-03-04,0.34,loaves,2,0,3,spring,0
ITM003,Bread,Bakery,HH015,2026-03-05,0.34,loaves,3,0,3,spring,0
ITM003,Bread,Bakery,HH015,2026-03-07,0.43,loaves,5,1,3,spring,0
ITM003,Bread,Bakery,HH015,2026-03-09,0.43,loaves,0,0,3,spring,0
ITM003,Bread,Bakery,HH015,2026-03-11,0.32,loaves,2,0,3,spring,0
ITM003,Bread,Bakery,HH015,2026-03-17,0.33,loaves,1,0,3,spring,0
ITM003,Bread,Bakery,HH015,2026-03-18,0.37,loaves,2,0,3,spring,0
ITM003,Bread,Bakery,HH015,2026-03-24,0.31,loaves,1,0,3,spring,0
ITM003,Bread,Bakery,HH015,2026-03-28,0.62,loaves,5,1,3,spring,0
ITM003,Bread,Bakery,HH015,2026-03-29,0.57,loaves,6,1,3,spring,0
ITM003,Bread,Bakery,HH015,2026-03-31,0.34,loaves,1,0,3,spring,0
ITM003,Bread,Bakery,HH015,2026-04-03,0.4,loaves,4,0,4,spring,0
ITM003,Bread,Bakery,HH015,2026-04-07,0.38,loaves,1,0,4,spring,0
ITM003,Bread,Bakery,HH015,2026-04-08,0.36,loaves,2,0,4,spring,0
ITM003,Bread,Bakery,HH015,2026-04-09,0.25,loaves,3,0,4,spring,0
ITM003,Bread,Bakery,HH015,2026-04-11,0.5,loaves,5,1,4,spring,0
ITM003,Bread,Bakery,HH015,2026-04-12,0.57,loaves,6,1,4,spring,0
ITM003,Bread,Bakery,HH015,2026-04-19,0.34,loaves,6,1,4,spring,0
ITM003,Bread,Bakery,HH015,2026-04-22,0.31,loaves,2,0,4,spring,0
ITM003,Bread,Bakery,HH015,2026-04-25,0.53,loaves,5,1,4,spring,0
ITM003,Bread,Bakery,HH015,2026-04-28,0.36,loaves,1,0,4,spring,0
ITM003,Bread,Bakery,HH015,2026-05-01,0.59,loaves,4,0,5,spring,1
ITM003,Bread,Bakery,HH015,2026-05-08,0.39,loaves,4,0,5,spring,0
ITM003,Bread,Bakery,HH015,2026-05-12,0.41,loaves,1,0,5,spring,0
ITM003,Bread,Bakery,HH015,2026-05-13,0.34,loaves,2,0,5,spring,0
ITM003,Bread,Bakery,HH015,2026-05-15,0.31,loaves,4,0,5,spring,0
ITM003,Bread,Bakery,HH015,2026-05-28,0.35,loaves,3,0,5,spring,0
ITM003,Bread,Bakery,HH015,2026-05-29,0.39,loaves,4,0,5,spring,0
ITM003,Bread,Bakery,HH015,2026-06-01,0.42,loaves,0,0,6,summer,0
ITM003,Bread,Bakery,HH015,2026-06-04,0.45,loaves,3,0,6,summer,0
ITM003,Bread,Bakery,HH015,2026-06-05,0.38,loaves,4,0,6,summer,0
ITM003,Bread,Bakery,HH015,2026-06-06,0.64,loaves,5,1,6,summer,1
ITM003,Bread,Bakery,HH015,2026-06-08,0.36,loaves,0,0,6,summer,0
ITM003,Bread,Bakery,HH015,2026-06-12,0.39,loaves,4,0,6,summer,0
ITM003,Bread,Bakery,HH015,2026-06-13,0.53,loaves,5,1,6,summer,0
ITM003,Bread,Bakery,HH015,2026-06-14,0.42,loaves,6,1,6,summer,0
ITM003,Bread,Bakery,HH015,2026-06-16,0.41,loaves,1,0,6,summer,0
ITM003,Bread,Bakery,HH015,2026-06-20,0.42,loaves,5,1,6,summer,0
ITM003,Bread,Bakery,HH015,2026-06-23,0.45,loaves,1,0,6,summer,0
ITM003,Bread,Bakery,HH015,2026-06-25,0.37,loaves,3,0,6,summer,0
ITM003,Bread,Bakery,HH015,2026-06-29,0.28,loaves,0,0,6,summer,0
ITM003,Bread,Bakery,HH016,2026-01-04,0.6,loaves,6,1,1,winter,0
ITM003,Bread,Bakery,HH016,2026-01-13,0.33,loaves,1,0,1,winter,0
ITM003,Bread,Bakery,HH016,2026-01-16,0.41,loaves,4,0,1,winter,0
ITM003,Bread,Bakery,HH016,2026-01-20,0.38,loaves,1,0,1,winter,0
ITM003,Bread,Bakery,HH016,2026-01-22,0.4,loaves,3,0,1,winter,0
ITM003,Bread,Bakery,HH016,2026-01-29,0.41,loaves,3,0,1,winter,0
ITM003,Bread,Bakery,HH016,2026-02-02,0.43,loaves,0,0,2,winter,0
ITM003,Bread,Bakery,HH016,2026-02-03,0.4,loaves,1,0,2,winter,0
ITM003,Bread,Bakery,HH016,2026-02-06,0.49,loaves,4,0,2,winter,0
ITM003,Bread,Bakery,HH016,2026-02-07,0.48,loaves,5,1,2,winter,0
ITM003,Bread,Bakery,HH016,2026-02-13,0.43,loaves,4,0,2,winter,0
ITM003,Bread,Bakery,HH016,2026-02-15,0.48,loaves,6,1,2,winter,0
ITM003,Bread,Bakery,HH016,2026-02-18,0.45,loaves,2,0,2,winter,0
ITM003,Bread,Bakery,HH016,2026-02-19,0.55,loaves,3,0,2,winter,0
ITM003,Bread,Bakery,HH016,2026-02-21,0.43,loaves,5,1,2,winter,0
ITM003,Bread,Bakery,HH016,2026-02-22,0.62,loaves,6,1,2,winter,0
ITM003,Bread,Bakery,HH016,2026-02-24,0.53,loaves,1,0,2,winter,0
ITM003,Bread,Bakery,HH016,2026-02-26,0.4,loaves,3,0,2,winter,0
ITM003,Bread,Bakery,HH016,2026-03-01,0.58,loaves,6,1,3,spring,0
ITM003,Bread,Bakery,HH016,2026-03-03,0.44,loaves,1,0,3,spring,0
ITM003,Bread,Bakery,HH016,2026-03-04,0.48,loaves,2,0,3,spring,0
ITM003,Bread,Bakery,HH016,2026-03-07,0.57,loaves,5,1,3,spring,0
ITM003,Bread,Bakery,HH016,2026-03-09,0.58,loaves,0,0,3,spring,0
ITM003,Bread,Bakery,HH016,2026-03-10,0.34,loaves,1,0,3,spring,0
ITM003,Bread,Bakery,HH016,2026-03-11,0.53,loaves,2,0,3,spring,0
ITM003,Bread,Bakery,HH016,2026-03-12,0.3,loaves,3,0,3,spring,0
ITM003,Bread,Bakery,HH016,2026-03-23,0.54,loaves,0,0,3,spring,0
ITM003,Bread,Bakery,HH016,2026-03-25,0.36,loaves,2,0,3,spring,0
ITM003,Bread,Bakery,HH016,2026-03-28,0.6,loaves,5,1,3,spring,0
ITM003,Bread,Bakery,HH016,2026-03-29,0.68,loaves,6,1,3,spring,0
ITM003,Bread,Bakery,HH016,2026-03-30,0.45,loaves,0,0,3,spring,0
ITM003,Bread,Bakery,HH016,2026-03-31,0.47,loaves,1,0,3,spring,0
ITM003,Bread,Bakery,HH016,2026-04-01,0.31,loaves,2,0,4,spring,0
ITM003,Bread,Bakery,HH016,2026-04-04,0.53,loaves,5,1,4,spring,0
ITM003,Bread,Bakery,HH016,2026-04-09,0.41,loaves,3,0,4,spring,0
ITM003,Bread,Bakery,HH016,2026-04-10,0.41,loaves,4,0,4,spring,0
ITM003,Bread,Bakery,HH016,2026-04-12,0.53,loaves,6,1,4,spring,0
ITM003,Bread,Bakery,HH016,2026-04-14,0.85,loaves,1,0,4,spring,1
ITM003,Bread,Bakery,HH016,2026-04-16,0.51,loaves,3,0,4,spring,0
ITM003,Bread,Bakery,HH016,2026-04-22,0.53,loaves,2,0,4,spring,0
ITM003,Bread,Bakery,HH016,2026-05-02,0.54,loaves,5,1,5,spring,0
ITM003,Bread,Bakery,HH016,2026-05-03,0.5,loaves,6,1,5,spring,0
ITM003,Bread,Bakery,HH016,2026-05-06,0.47,loaves,2,0,5,spring,0
ITM003,Bread,Bakery,HH016,2026-05-08,0.38,loaves,4,0,5,spring,0
ITM003,Bread,Bakery,HH016,2026-05-12,0.45,loaves,1,0,5,spring,0
ITM003,Bread,Bakery,HH016,2026-05-17,0.8,loaves,6,1,5,spring,0
ITM003,Bread,Bakery,HH016,2026-05-19,0.34,loaves,1,0,5,spring,0
ITM003,Bread,Bakery,HH016,2026-05-20,0.31,loaves,2,0,5,spring,0
ITM003,Bread,Bakery,HH016,2026-05-24,0.45,loaves,6,1,5,spring,0
ITM003,Bread,Bakery,HH016,2026-05-26,0.42,loaves,1,0,5,spring,0
ITM003,Bread,Bakery,HH016,2026-05-28,0.43,loaves,3,0,5,spring,0
ITM003,Bread,Bakery,HH016,2026-05-30,0.43,loaves,5,1,5,spring,0
ITM003,Bread,Bakery,HH016,2026-05-31,0.58,loaves,6,1,5,spring,0
ITM003,Bread,Bakery,HH016,2026-06-04,0.32,loaves,3,0,6,summer,0
ITM003,Bread,Bakery,HH016,2026-06-05,0.39,loaves,4,0,6,summer,0
ITM003,Bread,Bakery,HH016,2026-06-08,0.39,loaves,0,0,6,summer,0
ITM003,Bread,Bakery,HH016,2026-06-11,0.54,loaves,3,0,6,summer,0
ITM003,Bread,Bakery,HH016,2026-06-19,0.41,loaves,4,0,6,summer,0
ITM003,Bread,Bakery,HH016,2026-06-22,0.43,loaves,0,0,6,summer,0
ITM003,Bread,Bakery,HH016,2026-06-25,0.38,loaves,3,0,6,summer,0
ITM003,Bread,Bakery,HH016,2026-06-26,0.38,loaves,4,0,6,summer,0
ITM003,Bread,Bakery,HH016,2026-06-27,0.69,loaves,5,1,6,summer,0
ITM003,Bread,Bakery,HH017,2026-01-10,0.64,loaves,5,1,1,winter,0
ITM003,Bread,Bakery,HH017,2026-01-11,0.69,loaves,6,1,1,winter,0
ITM003,Bread,Bakery,HH017,2026-01-13,0.46,loaves,1,0,1,winter,0
ITM003,Bread,Bakery,HH017,2026-01-25,0.52,loaves,6,1,1,winter,0
ITM003,Bread,Bakery,HH017,2026-02-01,0.84,loaves,6,1,2,winter,0
ITM003,Bread,Bakery,HH017,2026-02-07,0.56,loaves,5,1,2,winter,0
ITM003,Bread,Bakery,HH017,2026-02-08,0.61,loaves,6,1,2,winter,0
ITM003,Bread,Bakery,HH017,2026-02-10,0.61,loaves,1,0,2,winter,0
ITM003,Bread,Bakery,HH017,2026-02-11,0.48,loaves,2,0,2,winter,0
ITM003,Bread,Bakery,HH017,2026-02-22,0.53,loaves,6,1,2,winter,0
ITM003,Bread,Bakery,HH017,2026-02-24,0.56,loaves,1,0,2,winter,0
ITM003,Bread,Bakery,HH017,2026-02-26,0.46,loaves,3,0,2,winter,0
ITM003,Bread,Bakery,HH017,2026-03-28,0.86,loaves,5,1,3,spring,0
ITM003,Bread,Bakery,HH017,2026-03-29,0.83,loaves,6,1,3,spring,0
ITM003,Bread,Bakery,HH017,2026-04-04,0.66,loaves,5,1,4,spring,0
ITM003,Bread,Bakery,HH017,2026-04-07,0.48,loaves,1,0,4,spring,0
ITM003,Bread,Bakery,HH017,2026-04-09,0.53,loaves,3,0,4,spring,0
ITM003,Bread,Bakery,HH017,2026-04-11,0.69,loaves,5,1,4,spring,0
ITM003,Bread,Bakery,HH017,2026-04-12,0.54,loaves,6,1,4,spring,0
ITM003,Bread,Bakery,HH017,2026-04-14,0.84,loaves,1,0,4,spring,1
ITM003,Bread,Bakery,HH017,2026-04-15,0.57,loaves,2,0,4,spring,0
ITM003,Bread,Bakery,HH017,2026-04-16,0.47,loaves,3,0,4,spring,0
ITM003,Bread,Bakery,HH017,2026-04-18,0.6,loaves,5,1,4,spring,0
ITM003,Bread,Bakery,HH017,2026-04-19,0.75,loaves,6,1,4,spring,0
ITM003,Bread,Bakery,HH017,2026-04-24,0.48,loaves,4,0,4,spring,0
ITM003,Bread,Bakery,HH017,2026-04-27,0.54,loaves,0,0,4,spring,0
ITM003,Bread,Bakery,HH017,2026-04-28,0.55,loaves,1,0,4,spring,0
ITM003,Bread,Bakery,HH017,2026-05-01,0.89,loaves,4,0,5,spring,1
ITM003,Bread,Bakery,HH017,2026-05-05,0.55,loaves,1,0,5,spring,0
ITM003,Bread,Bakery,HH017,2026-05-07,0.47,loaves,3,0,5,spring,0
ITM003,Bread,Bakery,HH017,2026-05-09,0.67,loaves,5,1,5,spring,0
ITM003,Bread,Bakery,HH017,2026-05-10,0.72,loaves,6,1,5,spring,0
ITM003,Bread,Bakery,HH017,2026-05-14,0.37,loaves,3,0,5,spring,0
ITM003,Bread,Bakery,HH017,2026-05-15,0.44,loaves,4,0,5,spring,0
ITM003,Bread,Bakery,HH017,2026-05-18,0.62,loaves,0,0,5,spring,0
ITM003,Bread,Bakery,HH017,2026-05-27,0.47,loaves,2,0,5,spring,0
ITM003,Bread,Bakery,HH017,2026-05-30,0.67,loaves,5,1,5,spring,0
ITM003,Bread,Bakery,HH017,2026-06-06,1.15,loaves,5,1,6,summer,1
ITM003,Bread,Bakery,HH017,2026-06-10,0.53,loaves,2,0,6,summer,0
ITM003,Bread,Bakery,HH017,2026-06-12,0.5,loaves,4,0,6,summer,0
ITM003,Bread,Bakery,HH017,2026-06-13,0.85,loaves,5,1,6,summer,0
ITM003,Bread,Bakery,HH017,2026-06-17,0.6,loaves,2,0,6,summer,0
ITM003,Bread,Bakery,HH017,2026-06-20,0.82,loaves,5,1,6,summer,0
ITM003,Bread,Bakery,HH017,2026-06-21,0.87,loaves,6,1,6,summer,0
ITM003,Bread,Bakery,HH018,2026-01-03,0.82,loaves,5,1,1,winter,0
ITM003,Bread,Bakery,HH018,2026-01-09,0.64,loaves,4,0,1,winter,0
ITM003,Bread,Bakery,HH018,2026-01-12,0.67,loaves,0,0,1,winter,0
ITM003,Bread,Bakery,HH018,2026-01-20,0.63,loaves,1,0,1,winter,0
ITM003,Bread,Bakery,HH018,2026-01-23,0.5,loaves,4,0,1,winter,0
ITM003,Bread,Bakery,HH018,2026-01-24,0.6,loaves,5,1,1,winter,0
ITM003,Bread,Bakery,HH018,2026-01-25,0.64,loaves,6,1,1,winter,0
ITM003,Bread,Bakery,HH018,2026-02-01,0.83,loaves,6,1,2,winter,0
ITM003,Bread,Bakery,HH018,2026-02-06,0.63,loaves,4,0,2,winter,0
ITM003,Bread,Bakery,HH018,2026-02-07,0.72,loaves,5,1,2,winter,0
ITM003,Bread,Bakery,HH018,2026-02-10,0.56,loaves,1,0,2,winter,0
ITM003,Bread,Bakery,HH018,2026-02-12,0.63,loaves,3,0,2,winter,0
ITM003,Bread,Bakery,HH018,2026-02-16,0.6,loaves,0,0,2,winter,0
ITM003,Bread,Bakery,HH018,2026-02-17,0.66,loaves,1,0,2,winter,0
ITM003,Bread,Bakery,HH018,2026-02-18,0.64,loaves,2,0,2,winter,0
ITM003,Bread,Bakery,HH018,2026-02-21,1.0,loaves,5,1,2,winter,0
ITM003,Bread,Bakery,HH018,2026-02-23,0.52,loaves,0,0,2,winter,0
ITM003,Bread,Bakery,HH018,2026-02-24,0.62,loaves,1,0,2,winter,0
ITM003,Bread,Bakery,HH018,2026-02-25,0.5,loaves,2,0,2,winter,0
ITM003,Bread,Bakery,HH018,2026-02-27,0.6,loaves,4,0,2,winter,0
ITM003,Bread,Bakery,HH018,2026-03-01,0.86,loaves,6,1,3,spring,0
ITM003,Bread,Bakery,HH018,2026-03-02,0.48,loaves,0,0,3,spring,0
ITM003,Bread,Bakery,HH018,2026-03-04,0.57,loaves,2,0,3,spring,0
ITM003,Bread,Bakery,HH018,2026-03-05,0.57,loaves,3,0,3,spring,0
ITM003,Bread,Bakery,HH018,2026-03-07,0.88,loaves,5,1,3,spring,0
ITM003,Bread,Bakery,HH018,2026-03-08,1.19,loaves,6,1,3,spring,1
ITM003,Bread,Bakery,HH018,2026-03-17,0.49,loaves,1,0,3,spring,0
ITM003,Bread,Bakery,HH018,2026-03-18,0.58,loaves,2,0,3,spring,0
ITM003,Bread,Bakery,HH018,2026-03-21,0.78,loaves,5,1,3,spring,0
ITM003,Bread,Bakery,HH018,2026-03-24,0.66,loaves,1,0,3,spring,0
ITM003,Bread,Bakery,HH018,2026-03-26,0.43,loaves,3,0,3,spring,0
ITM003,Bread,Bakery,HH018,2026-03-27,0.63,loaves,4,0,3,spring,0
ITM003,Bread,Bakery,HH018,2026-04-03,0.6,loaves,4,0,4,spring,0
ITM003,Bread,Bakery,HH018,2026-04-07,0.54,loaves,1,0,4,spring,0
ITM003,Bread,Bakery,HH018,2026-04-08,0.6,loaves,2,0,4,spring,0
ITM003,Bread,Bakery,HH018,2026-04-10,0.62,loaves,4,0,4,spring,0
ITM003,Bread,Bakery,HH018,2026-04-16,0.66,loaves,3,0,4,spring,0
ITM003,Bread,Bakery,HH018,2026-04-20,0.55,loaves,0,0,4,spring,0
ITM003,Bread,Bakery,HH018,2026-04-26,0.48,loaves,6,1,4,spring,0
ITM003,Bread,Bakery,HH018,2026-04-27,0.53,loaves,0,0,4,spring,0
ITM003,Bread,Bakery,HH018,2026-04-28,0.51,loaves,1,0,4,spring,0
ITM003,Bread,Bakery,HH018,2026-04-29,0.67,loaves,2,0,4,spring,0
ITM003,Bread,Bakery,HH018,2026-05-03,0.87,loaves,6,1,5,spring,0
ITM003,Bread,Bakery,HH018,2026-05-06,0.69,loaves,2,0,5,spring,0
ITM003,Bread,Bakery,HH018,2026-05-10,0.75,loaves,6,1,5,spring,0
ITM003,Bread,Bakery,HH018,2026-05-15,0.53,loaves,4,0,5,spring,0
ITM003,Bread,Bakery,HH018,2026-05-18,0.57,loaves,0,0,5,spring,0
ITM003,Bread,Bakery,HH018,2026-05-20,0.54,loaves,2,0,5,spring,0
ITM003,Bread,Bakery,HH018,2026-05-30,0.74,loaves,5,1,5,spring,0
ITM003,Bread,Bakery,HH018,2026-06-04,0.59,loaves,3,0,6,summer,0
ITM003,Bread,Bakery,HH018,2026-06-12,0.71,loaves,4,0,6,summer,0
ITM003,Bread,Bakery,HH018,2026-06-20,0.82,loaves,5,1,6,summer,0
ITM003,Bread,Bakery,HH019,2026-01-08,0.6,loaves,3,0,1,winter,0
ITM003,Bread,Bakery,HH019,2026-01-09,0.83,loaves,4,0,1,winter,0
ITM003,Bread,Bakery,HH019,2026-01-12,0.62,loaves,0,0,1,winter,0
ITM003,Bread,Bakery,HH019,2026-01-17,0.85,loaves,5,1,1,winter,0
ITM003,Bread,Bakery,HH019,2026-01-20,0.94,loaves,1,0,1,winter,0
ITM003,Bread,Bakery,HH019,2026-01-23,0.65,loaves,4,0,1,winter,0
ITM003,Bread,Bakery,HH019,2026-01-24,0.83,loaves,5,1,1,winter,0
ITM003,Bread,Bakery,HH019,2026-01-27,0.49,loaves,1,0,1,winter,0
ITM003,Bread,Bakery,HH019,2026-02-08,1.15,loaves,6,1,2,winter,0
ITM003,Bread,Bakery,HH019,2026-02-13,0.8,loaves,4,0,2,winter,0
ITM003,Bread,Bakery,HH019,2026-02-17,0.58,loaves,1,0,2,winter,0
ITM003,Bread,Bakery,HH019,2026-03-06,0.64,loaves,4,0,3,spring,0
ITM003,Bread,Bakery,HH019,2026-03-09,0.61,loaves,0,0,3,spring,0
ITM003,Bread,Bakery,HH019,2026-03-10,0.64,loaves,1,0,3,spring,0
ITM003,Bread,Bakery,HH019,2026-03-11,0.78,loaves,2,0,3,spring,0
ITM003,Bread,Bakery,HH019,2026-03-14,0.77,loaves,5,1,3,spring,0
ITM003,Bread,Bakery,HH019,2026-03-26,0.77,loaves,3,0,3,spring,0
ITM003,Bread,Bakery,HH019,2026-03-27,0.52,loaves,4,0,3,spring,0
ITM003,Bread,Bakery,HH019,2026-03-28,0.94,loaves,5,1,3,spring,0
ITM003,Bread,Bakery,HH019,2026-03-29,1.18,loaves,6,1,3,spring,0
ITM003,Bread,Bakery,HH019,2026-04-02,0.73,loaves,3,0,4,spring,0
ITM003,Bread,Bakery,HH019,2026-04-07,0.76,loaves,1,0,4,spring,0
ITM003,Bread,Bakery,HH019,2026-04-11,0.83,loaves,5,1,4,spring,0
ITM003,Bread,Bakery,HH019,2026-04-20,0.97,loaves,0,0,4,spring,0
ITM003,Bread,Bakery,HH019,2026-04-25,1.05,loaves,5,1,4,spring,0
ITM003,Bread,Bakery,HH019,2026-04-27,0.67,loaves,0,0,4,spring,0
ITM003,Bread,Bakery,HH019,2026-04-30,0.67,loaves,3,0,4,spring,0
ITM003,Bread,Bakery,HH019,2026-05-03,1.05,loaves,6,1,5,spring,0
ITM003,Bread,Bakery,HH019,2026-05-11,0.7,loaves,0,0,5,spring,0
ITM003,Bread,Bakery,HH019,2026-05-22,0.62,loaves,4,0,5,spring,0
ITM003,Bread,Bakery,HH019,2026-06-03,0.56,loaves,2,0,6,summer,0
ITM003,Bread,Bakery,HH019,2026-06-09,0.81,loaves,1,0,6,summer,0
ITM003,Bread,Bakery,HH019,2026-06-10,0.74,loaves,2,0,6,summer,0
ITM003,Bread,Bakery,HH019,2026-06-11,0.61,loaves,3,0,6,summer,0
ITM003,Bread,Bakery,HH019,2026-06-13,0.84,loaves,5,1,6,summer,0
ITM003,Bread,Bakery,HH019,2026-06-18,0.69,loaves,3,0,6,summer,0
ITM003,Bread,Bakery,HH019,2026-06-26,0.5,loaves,4,0,6,summer,0
ITM003,Bread,Bakery,HH020,2026-01-04,0.57,loaves,6,1,1,winter,0
ITM003,Bread,Bakery,HH020,2026-01-08,0.36,loaves,3,0,1,winter,0
ITM003,Bread,Bakery,HH020,2026-01-09,0.26,loaves,4,0,1,winter,0
ITM003,Bread,Bakery,HH020,2026-01-12,0.38,loaves,0,0,1,winter,0
ITM003,Bread,Bakery,HH020,2026-01-22,0.41,loaves,3,0,1,winter,0
ITM003,Bread,Bakery,HH020,2026-01-23,0.37,loaves,4,0,1,winter,0
ITM003,Bread,Bakery,HH020,2026-01-24,0.42,loaves,5,1,1,winter,0
ITM003,Bread,Bakery,HH020,2026-01-31,0.59,loaves,5,1,1,winter,0
ITM003,Bread,Bakery,HH020,2026-02-02,0.36,loaves,0,0,2,winter,0
ITM003,Bread,Bakery,HH020,2026-02-03,0.19,loaves,1,0,2,winter,0
ITM003,Bread,Bakery,HH020,2026-02-07,0.56,loaves,5,1,2,winter,0
ITM003,Bread,Bakery,HH020,2026-02-13,0.4,loaves,4,0,2,winter,0
ITM003,Bread,Bakery,HH020,2026-02-14,0.42,loaves,5,1,2,winter,0
ITM003,Bread,Bakery,HH020,2026-02-18,0.41,loaves,2,0,2,winter,0
ITM003,Bread,Bakery,HH020,2026-02-22,0.34,loaves,6,1,2,winter,0
ITM003,Bread,Bakery,HH020,2026-02-25,0.47,loaves,2,0,2,winter,0
ITM003,Bread,Bakery,HH020,2026-03-01,0.5,loaves,6,1,3,spring,0
ITM003,Bread,Bakery,HH020,2026-03-04,0.28,loaves,2,0,3,spring,0
ITM003,Bread,Bakery,HH020,2026-03-05,0.35,loaves,3,0,3,spring,0
ITM003,Bread,Bakery,HH020,2026-03-06,0.4,loaves,4,0,3,spring,0
ITM003,Bread,Bakery,HH020,2026-03-09,0.3,loaves,0,0,3,spring,0
ITM003,Bread,Bakery,HH020,2026-03-11,0.25,loaves,2,0,3,spring,0
ITM003,Bread,Bakery,HH020,2026-03-12,0.34,loaves,3,0,3,spring,0
ITM003,Bread,Bakery,HH020,2026-03-14,0.58,loaves,5,1,3,spring,0
ITM003,Bread,Bakery,HH020,2026-03-19,0.37,loaves,3,0,3,spring,0
ITM003,Bread,Bakery,HH020,2026-03-20,0.32,loaves,4,0,3,spring,0
ITM003,Bread,Bakery,HH020,2026-03-25,0.31,loaves,2,0,3,spring,0
ITM003,Bread,Bakery,HH020,2026-03-29,0.31,loaves,6,1,3,spring,0
ITM003,Bread,Bakery,HH020,2026-03-31,0.37,loaves,1,0,3,spring,0
ITM003,Bread,Bakery,HH020,2026-04-01,0.3,loaves,2,0,4,spring,0
ITM003,Bread,Bakery,HH020,2026-04-04,0.39,loaves,5,1,4,spring,0
ITM003,Bread,Bakery,HH020,2026-04-11,0.41,loaves,5,1,4,spring,0
ITM003,Bread,Bakery,HH020,2026-04-16,0.31,loaves,3,0,4,spring,0
ITM003,Bread,Bakery,HH020,2026-04-17,0.31,loaves,4,0,4,spring,0
ITM003,Bread,Bakery,HH020,2026-04-19,0.42,loaves,6,1,4,spring,0
ITM003,Bread,Bakery,HH020,2026-04-21,0.3,loaves,1,0,4,spring,0
ITM003,Bread,Bakery,HH020,2026-05-01,0.52,loaves,4,0,5,spring,1
ITM003,Bread,Bakery,HH020,2026-05-05,0.31,loaves,1,0,5,spring,0
ITM003,Bread,Bakery,HH020,2026-05-08,0.18,loaves,4,0,5,spring,0
ITM003,Bread,Bakery,HH020,2026-05-10,0.52,loaves,6,1,5,spring,0
ITM003,Bread,Bakery,HH020,2026-05-12,0.36,loaves,1,0,5,spring,0
ITM003,Bread,Bakery,HH020,2026-05-16,0.54,loaves,5,1,5,spring,0
ITM003,Bread,Bakery,HH020,2026-05-17,0.61,loaves,6,1,5,spring,0
ITM003,Bread,Bakery,HH020,2026-05-21,0.43,loaves,3,0,5,spring,0
ITM003,Bread,Bakery,HH020,2026-05-24,0.44,loaves,6,1,5,spring,0
ITM003,Bread,Bakery,HH020,2026-05-26,0.38,loaves,1,0,5,spring,0
ITM003,Bread,Bakery,HH020,2026-05-28,0.38,loaves,3,0,5,spring,0
ITM003,Bread,Bakery,HH020,2026-05-29,0.35,loaves,4,0,5,spring,0
ITM003,Bread,Bakery,HH020,2026-06-02,0.34,loaves,1,0,6,summer,0
ITM003,Bread,Bakery,HH020,2026-06-07,0.43,loaves,6,1,6,summer,0
ITM003,Bread,Bakery,HH020,2026-06-12,0.3,loaves,4,0,6,summer,0
ITM003,Bread,Bakery,HH020,2026-06-15,0.29,loaves,0,0,6,summer,0
ITM003,Bread,Bakery,HH020,2026-06-18,0.41,loaves,3,0,6,summer,0
ITM003,Bread,Bakery,HH020,2026-06-19,0.35,loaves,4,0,6,summer,0
ITM003,Bread,Bakery,HH020,2026-06-22,0.29,loaves,0,0,6,summer,0
ITM003,Bread,Bakery,HH020,2026-06-29,0.32,loaves,0,0,6,summer,0
ITM004,Rice,Grains,HH001,2026-01-01,0.22,kg,3,0,1,winter,1
ITM004,Rice,Grains,HH001,2026-01-04,0.17,kg,6,1,1,winter,0
ITM004,Rice,Grains,HH001,2026-01-05,0.14,kg,0,0,1,winter,0
ITM004,Rice,Grains,HH001,2026-01-08,0.13,kg,3,0,1,winter,0
ITM004,Rice,Grains,HH001,2026-01-10,0.2,kg,5,1,1,winter,0
ITM004,Rice,Grains,HH001,2026-01-12,0.12,kg,0,0,1,winter,0
ITM004,Rice,Grains,HH001,2026-01-16,0.13,kg,4,0,1,winter,0
ITM004,Rice,Grains,HH001,2026-01-17,0.16,kg,5,1,1,winter,0
ITM004,Rice,Grains,HH001,2026-01-18,0.14,kg,6,1,1,winter,0
ITM004,Rice,Grains,HH001,2026-01-21,0.15,kg,2,0,1,winter,0
ITM004,Rice,Grains,HH001,2026-01-25,0.2,kg,6,1,1,winter,0
ITM004,Rice,Grains,HH001,2026-01-27,0.13,kg,1,0,1,winter,0
ITM004,Rice,Grains,HH001,2026-01-29,0.17,kg,3,0,1,winter,0
ITM004,Rice,Grains,HH001,2026-01-31,0.23,kg,5,1,1,winter,0
ITM004,Rice,Grains,HH001,2026-02-01,0.16,kg,6,1,2,winter,0
ITM004,Rice,Grains,HH001,2026-02-02,0.13,kg,0,0,2,winter,0
ITM004,Rice,Grains,HH001,2026-02-03,0.09,kg,1,0,2,winter,0
ITM004,Rice,Grains,HH001,2026-02-04,0.12,kg,2,0,2,winter,0
ITM004,Rice,Grains,HH001,2026-02-07,0.24,kg,5,1,2,winter,0
ITM004,Rice,Grains,HH001,2026-02-12,0.14,kg,3,0,2,winter,0
ITM004,Rice,Grains,HH001,2026-02-18,0.1,kg,2,0,2,winter,0
ITM004,Rice,Grains,HH001,2026-02-22,0.19,kg,6,1,2,winter,0
ITM004,Rice,Grains,HH001,2026-02-24,0.11,kg,1,0,2,winter,0
ITM004,Rice,Grains,HH001,2026-02-26,0.11,kg,3,0,2,winter,0
ITM004,Rice,Grains,HH001,2026-03-01,0.15,kg,6,1,3,spring,0
ITM004,Rice,Grains,HH001,2026-03-04,0.14,kg,2,0,3,spring,0
ITM004,Rice,Grains,HH001,2026-03-11,0.12,kg,2,0,3,spring,0
ITM004,Rice,Grains,HH001,2026-03-12,0.11,kg,3,0,3,spring,0
ITM004,Rice,Grains,HH001,2026-03-16,0.15,kg,0,0,3,spring,0
ITM004,Rice,Grains,HH001,2026-03-19,0.13,kg,3,0,3,spring,0
ITM004,Rice,Grains,HH001,2026-03-23,0.11,kg,0,0,3,spring,0
ITM004,Rice,Grains,HH001,2026-04-01,0.14,kg,2,0,4,spring,0
ITM004,Rice,Grains,HH001,2026-04-12,0.18,kg,6,1,4,spring,0
ITM004,Rice,Grains,HH001,2026-04-13,0.13,kg,0,0,4,spring,0
ITM004,Rice,Grains,HH001,2026-04-14,0.23,kg,1,0,4,spring,1
ITM004,Rice,Grains,HH001,2026-04-17,0.15,kg,4,0,4,spring,0
ITM004,Rice,Grains,HH001,2026-04-20,0.12,kg,0,0,4,spring,0
ITM004,Rice,Grains,HH001,2026-04-24,0.14,kg,4,0,4,spring,0
ITM004,Rice,Grains,HH001,2026-04-26,0.21,kg,6,1,4,spring,0
ITM004,Rice,Grains,HH001,2026-04-29,0.15,kg,2,0,4,spring,0
ITM004,Rice,Grains,HH001,2026-05-04,0.18,kg,0,0,5,spring,0
ITM004,Rice,Grains,HH001,2026-05-13,0.12,kg,2,0,5,spring,0
ITM004,Rice,Grains,HH001,2026-05-25,0.11,kg,0,0,5,spring,0
ITM004,Rice,Grains,HH001,2026-05-27,0.13,kg,2,0,5,spring,0
ITM004,Rice,Grains,HH001,2026-05-30,0.2,kg,5,1,5,spring,0
ITM004,Rice,Grains,HH001,2026-06-01,0.13,kg,0,0,6,summer,0
ITM004,Rice,Grains,HH001,2026-06-13,0.16,kg,5,1,6,summer,0
ITM004,Rice,Grains,HH001,2026-06-16,0.14,kg,1,0,6,summer,0
ITM004,Rice,Grains,HH001,2026-06-21,0.24,kg,6,1,6,summer,0
ITM004,Rice,Grains,HH001,2026-06-27,0.21,kg,5,1,6,summer,0
ITM004,Rice,Grains,HH001,2026-06-28,0.12,kg,6,1,6,summer,0
ITM004,Rice,Grains,HH002,2026-01-11,0.17,kg,6,1,1,winter,0
ITM004,Rice,Grains,HH002,2026-01-18,0.2,kg,6,1,1,winter,0
ITM004,Rice,Grains,HH002,2026-01-21,0.13,kg,2,0,1,winter,0
ITM004,Rice,Grains,HH002,2026-01-22,0.13,kg,3,0,1,winter,0
ITM004,Rice,Grains,HH002,2026-01-31,0.22,kg,5,1,1,winter,0
ITM004,Rice,Grains,HH002,2026-02-01,0.2,kg,6,1,2,winter,0
ITM004,Rice,Grains,HH002,2026-02-08,0.16,kg,6,1,2,winter,0
ITM004,Rice,Grains,HH002,2026-02-13,0.16,kg,4,0,2,winter,0
ITM004,Rice,Grains,HH002,2026-02-14,0.21,kg,5,1,2,winter,0
ITM004,Rice,Grains,HH002,2026-02-24,0.16,kg,1,0,2,winter,0
ITM004,Rice,Grains,HH002,2026-02-26,0.17,kg,3,0,2,winter,0
ITM004,Rice,Grains,HH002,2026-03-01,0.17,kg,6,1,3,spring,0
ITM004,Rice,Grains,HH002,2026-03-16,0.15,kg,0,0,3,spring,0
ITM004,Rice,Grains,HH002,2026-03-24,0.16,kg,1,0,3,spring,0
ITM004,Rice,Grains,HH002,2026-03-27,0.15,kg,4,0,3,spring,0
ITM004,Rice,Grains,HH002,2026-04-01,0.16,kg,2,0,4,spring,0
ITM004,Rice,Grains,HH002,2026-04-02,0.18,kg,3,0,4,spring,0
ITM004,Rice,Grains,HH002,2026-04-06,0.16,kg,0,0,4,spring,0
ITM004,Rice,Grains,HH002,2026-04-08,0.11,kg,2,0,4,spring,0
ITM004,Rice,Grains,HH002,2026-04-09,0.18,kg,3,0,4,spring,0
ITM004,Rice,Grains,HH002,2026-04-13,0.13,kg,0,0,4,spring,0
ITM004,Rice,Grains,HH002,2026-04-29,0.17,kg,2,0,4,spring,0
ITM004,Rice,Grains,HH002,2026-05-11,0.16,kg,0,0,5,spring,0
ITM004,Rice,Grains,HH002,2026-05-12,0.14,kg,1,0,5,spring,0
ITM004,Rice,Grains,HH002,2026-05-13,0.14,kg,2,0,5,spring,0
ITM004,Rice,Grains,HH002,2026-05-18,0.14,kg,0,0,5,spring,0
ITM004,Rice,Grains,HH002,2026-05-20,0.13,kg,2,0,5,spring,0
ITM004,Rice,Grains,HH002,2026-05-23,0.23,kg,5,1,5,spring,0
ITM004,Rice,Grains,HH002,2026-05-30,0.25,kg,5,1,5,spring,0
ITM004,Rice,Grains,HH002,2026-05-31,0.23,kg,6,1,5,spring,0
ITM004,Rice,Grains,HH002,2026-06-01,0.15,kg,0,0,6,summer,0
ITM004,Rice,Grains,HH002,2026-06-02,0.17,kg,1,0,6,summer,0
ITM004,Rice,Grains,HH002,2026-06-08,0.17,kg,0,0,6,summer,0
ITM004,Rice,Grains,HH002,2026-06-11,0.14,kg,3,0,6,summer,0
ITM004,Rice,Grains,HH002,2026-06-16,0.16,kg,1,0,6,summer,0
ITM004,Rice,Grains,HH002,2026-06-17,0.15,kg,2,0,6,summer,0
ITM004,Rice,Grains,HH002,2026-06-20,0.18,kg,5,1,6,summer,0
ITM004,Rice,Grains,HH002,2026-06-22,0.15,kg,0,0,6,summer,0
ITM004,Rice,Grains,HH002,2026-06-25,0.14,kg,3,0,6,summer,0
ITM004,Rice,Grains,HH003,2026-01-01,0.24,kg,3,0,1,winter,1
ITM004,Rice,Grains,HH003,2026-01-02,0.2,kg,4,0,1,winter,0
ITM004,Rice,Grains,HH003,2026-01-06,0.19,kg,1,0,1,winter,0
ITM004,Rice,Grains,HH003,2026-01-18,0.25,kg,6,1,1,winter,0
ITM004,Rice,Grains,HH003,2026-01-20,0.2,kg,1,0,1,winter,0
ITM004,Rice,Grains,HH003,2026-01-22,0.19,kg,3,0,1,winter,0
ITM004,Rice,Grains,HH003,2026-01-23,0.16,kg,4,0,1,winter,0
ITM004,Rice,Grains,HH003,2026-01-27,0.2,kg,1,0,1,winter,0
ITM004,Rice,Grains,HH003,2026-01-30,0.17,kg,4,0,1,winter,0
ITM004,Rice,Grains,HH003,2026-02-02,0.15,kg,0,0,2,winter,0
ITM004,Rice,Grains,HH003,2026-02-05,0.16,kg,3,0,2,winter,0
ITM004,Rice,Grains,HH003,2026-02-10,0.18,kg,1,0,2,winter,0
ITM004,Rice,Grains,HH003,2026-02-12,0.18,kg,3,0,2,winter,0
ITM004,Rice,Grains,HH003,2026-02-17,0.14,kg,1,0,2,winter,0
ITM004,Rice,Grains,HH003,2026-02-18,0.17,kg,2,0,2,winter,0
ITM004,Rice,Grains,HH003,2026-02-22,0.27,kg,6,1,2,winter,0
ITM004,Rice,Grains,HH003,2026-02-25,0.16,kg,2,0,2,winter,0
ITM004,Rice,Grains,HH003,2026-02-27,0.19,kg,4,0,2,winter,0
ITM004,Rice,Grains,HH003,2026-03-01,0.31,kg,6,1,3,spring,0
ITM004,Rice,Grains,HH003,2026-03-14,0.23,kg,5,1,3,spring,0
ITM004,Rice,Grains,HH003,2026-03-18,0.2,kg,2,0,3,spring,0
ITM004,Rice,Grains,HH003,2026-03-26,0.15,kg,3,0,3,spring,0
ITM004,Rice,Grains,HH003,2026-04-03,0.14,kg,4,0,4,spring,0
ITM004,Rice,Grains,HH003,2026-04-04,0.24,kg,5,1,4,spring,0
ITM004,Rice,Grains,HH003,2026-04-11,0.23,kg,5,1,4,spring,0
ITM004,Rice,Grains,HH003,2026-04-13,0.19,kg,0,0,4,spring,0
ITM004,Rice,Grains,HH003,2026-04-14,0.24,kg,1,0,4,spring,1
ITM004,Rice,Grains,HH003,2026-04-25,0.18,kg,5,1,4,spring,0
ITM004,Rice,Grains,HH003,2026-04-30,0.12,kg,3,0,4,spring,0
ITM004,Rice,Grains,HH003,2026-05-03,0.24,kg,6,1,5,spring,0
ITM004,Rice,Grains,HH003,2026-05-07,0.18,kg,3,0,5,spring,0
ITM004,Rice,Grains,HH003,2026-05-13,0.16,kg,2,0,5,spring,0
ITM004,Rice,Grains,HH003,2026-05-14,0.16,kg,3,0,5,spring,0
ITM004,Rice,Grains,HH003,2026-05-21,0.21,kg,3,0,5,spring,0
ITM004,Rice,Grains,HH003,2026-05-31,0.22,kg,6,1,5,spring,0
ITM004,Rice,Grains,HH003,2026-06-04,0.2,kg,3,0,6,summer,0
ITM004,Rice,Grains,HH003,2026-06-07,0.21,kg,6,1,6,summer,0
ITM004,Rice,Grains,HH003,2026-06-21,0.15,kg,6,1,6,summer,0
ITM004,Rice,Grains,HH003,2026-06-22,0.17,kg,0,0,6,summer,0
ITM004,Rice,Grains,HH003,2026-06-28,0.26,kg,6,1,6,summer,0
ITM004,Rice,Grains,HH003,2026-06-29,0.12,kg,0,0,6,summer,0
ITM004,Rice,Grains,HH004,2026-01-02,0.21,kg,4,0,1,winter,0
ITM004,Rice,Grains,HH004,2026-01-07,0.2,kg,2,0,1,winter,0
ITM004,Rice,Grains,HH004,2026-01-10,0.34,kg,5,1,1,winter,0
ITM004,Rice,Grains,HH004,2026-01-11,0.29,kg,6,1,1,winter,0
ITM004,Rice,Grains,HH004,2026-01-14,0.24,kg,2,0,1,winter,0
ITM004,Rice,Grains,HH004,2026-01-15,0.22,kg,3,0,1,winter,0
ITM004,Rice,Grains,HH004,2026-01-16,0.18,kg,4,0,1,winter,0
ITM004,Rice,Grains,HH004,2026-01-17,0.24,kg,5,1,1,winter,0
ITM004,Rice,Grains,HH004,2026-01-19,0.17,kg,0,0,1,winter,0
ITM004,Rice,Grains,HH004,2026-01-21,0.21,kg,2,0,1,winter,0
ITM004,Rice,Grains,HH004,2026-01-23,0.21,kg,4,0,1,winter,0
ITM004,Rice,Grains,HH004,2026-01-26,0.28,kg,0,0,1,winter,1
ITM004,Rice,Grains,HH004,2026-02-02,0.24,kg,0,0,2,winter,0
ITM004,Rice,Grains,HH004,2026-02-04,0.14,kg,2,0,2,winter,0
ITM004,Rice,Grains,HH004,2026-02-27,0.24,kg,4,0,2,winter,0
ITM004,Rice,Grains,HH004,2026-03-01,0.19,kg,6,1,3,spring,0
ITM004,Rice,Grains,HH004,2026-03-03,0.18,kg,1,0,3,spring,0
ITM004,Rice,Grains,HH004,2026-03-05,0.16,kg,3,0,3,spring,0
ITM004,Rice,Grains,HH004,2026-03-07,0.25,kg,5,1,3,spring,0
ITM004,Rice,Grains,HH004,2026-03-08,0.59,kg,6,1,3,spring,1
ITM004,Rice,Grains,HH004,2026-03-10,0.17,kg,1,0,3,spring,0
ITM004,Rice,Grains,HH004,2026-03-29,0.29,kg,6,1,3,spring,0
ITM004,Rice,Grains,HH004,2026-03-31,0.25,kg,1,0,3,spring,0
ITM004,Rice,Grains,HH004,2026-04-05,0.29,kg,6,1,4,spring,0
ITM004,Rice,Grains,HH004,2026-04-09,0.21,kg,3,0,4,spring,0
ITM004,Rice,Grains,HH004,2026-04-15,0.17,kg,2,0,4,spring,0
ITM004,Rice,Grains,HH004,2026-04-16,0.16,kg,3,0,4,spring,0
ITM004,Rice,Grains,HH004,2026-04-18,0.21,kg,5,1,4,spring,0
ITM004,Rice,Grains,HH004,2026-04-24,0.2,kg,4,0,4,spring,0
ITM004,Rice,Grains,HH004,2026-04-27,0.2,kg,0,0,4,spring,0
ITM004,Rice,Grains,HH004,2026-05-02,0.25,kg,5,1,5,spring,0
ITM004,Rice,Grains,HH004,2026-05-08,0.2,kg,4,0,5,spring,0
ITM004,Rice,Grains,HH004,2026-05-09,0.25,kg,5,1,5,spring,0
ITM004,Rice,Grains,HH004,2026-05-15,0.16,kg,4,0,5,spring,0
ITM004,Rice,Grains,HH004,2026-05-17,0.27,kg,6,1,5,spring,0
ITM004,Rice,Grains,HH004,2026-05-18,0.18,kg,0,0,5,spring,0
ITM004,Rice,Grains,HH004,2026-05-22,0.17,kg,4,0,5,spring,0
ITM004,Rice,Grains,HH004,2026-05-25,0.16,kg,0,0,5,spring,0
ITM004,Rice,Grains,HH004,2026-05-26,0.15,kg,1,0,5,spring,0
ITM004,Rice,Grains,HH004,2026-05-27,0.22,kg,2,0,5,spring,0
ITM004,Rice,Grains,HH004,2026-05-28,0.14,kg,3,0,5,spring,0
ITM004,Rice,Grains,HH004,2026-05-29,0.17,kg,4,0,5,spring,0
ITM004,Rice,Grains,HH004,2026-06-03,0.23,kg,2,0,6,summer,0
ITM004,Rice,Grains,HH004,2026-06-07,0.29,kg,6,1,6,summer,0
ITM004,Rice,Grains,HH004,2026-06-08,0.2,kg,0,0,6,summer,0
ITM004,Rice,Grains,HH004,2026-06-11,0.2,kg,3,0,6,summer,0
ITM004,Rice,Grains,HH004,2026-06-12,0.17,kg,4,0,6,summer,0
ITM004,Rice,Grains,HH004,2026-06-13,0.36,kg,5,1,6,summer,0
ITM004,Rice,Grains,HH004,2026-06-16,0.15,kg,1,0,6,summer,0
ITM004,Rice,Grains,HH004,2026-06-21,0.23,kg,6,1,6,summer,0
ITM004,Rice,Grains,HH004,2026-06-25,0.12,kg,3,0,6,summer,0
ITM004,Rice,Grains,HH004,2026-06-28,0.24,kg,6,1,6,summer,0
ITM004,Rice,Grains,HH005,2026-01-01,0.13,kg,3,0,1,winter,1
ITM004,Rice,Grains,HH005,2026-01-06,0.12,kg,1,0,1,winter,0
ITM004,Rice,Grains,HH005,2026-01-08,0.08,kg,3,0,1,winter,0
ITM004,Rice,Grains,HH005,2026-01-20,0.13,kg,1,0,1,winter,0
ITM004,Rice,Grains,HH005,2026-01-28,0.1,kg,2,0,1,winter,0
ITM004,Rice,Grains,HH005,2026-02-01,0.1,kg,6,1,2,winter,0
ITM004,Rice,Grains,HH005,2026-02-07,0.1,kg,5,1,2,winter,0
ITM004,Rice,Grains,HH005,2026-02-10,0.11,kg,1,0,2,winter,0
ITM004,Rice,Grains,HH005,2026-02-11,0.12,kg,2,0,2,winter,0
ITM004,Rice,Grains,HH005,2026-02-12,0.1,kg,3,0,2,winter,0
ITM004,Rice,Grains,HH005,2026-02-16,0.13,kg,0,0,2,winter,0
ITM004,Rice,Grains,HH005,2026-02-18,0.11,kg,2,0,2,winter,0
ITM004,Rice,Grains,HH005,2026-02-20,0.09,kg,4,0,2,winter,0
ITM004,Rice,Grains,HH005,2026-02-21,0.13,kg,5,1,2,winter,0
ITM004,Rice,Grains,HH005,2026-02-25,0.08,kg,2,0,2,winter,0
ITM004,Rice,Grains,HH005,2026-02-26,0.08,kg,3,0,2,winter,0
ITM004,Rice,Grains,HH005,2026-03-02,0.08,kg,0,0,3,spring,0
ITM004,Rice,Grains,HH005,2026-03-03,0.1,kg,1,0,3,spring,0
ITM004,Rice,Grains,HH005,2026-03-08,0.2,kg,6,1,3,spring,1
ITM004,Rice,Grains,HH005,2026-03-09,0.1,kg,0,0,3,spring,0
ITM004,Rice,Grains,HH005,2026-03-10,0.1,kg,1,0,3,spring,0
ITM004,Rice,Grains,HH005,2026-03-21,0.15,kg,5,1,3,spring,0
ITM004,Rice,Grains,HH005,2026-04-03,0.11,kg,4,0,4,spring,0
ITM004,Rice,Grains,HH005,2026-04-06,0.09,kg,0,0,4,spring,0
ITM004,Rice,Grains,HH005,2026-04-10,0.11,kg,4,0,4,spring,0
ITM004,Rice,Grains,HH005,2026-04-12,0.16,kg,6,1,4,spring,0
ITM004,Rice,Grains,HH005,2026-04-14,0.16,kg,1,0,4,spring,1
ITM004,Rice,Grains,HH005,2026-04-19,0.15,kg,6,1,4,spring,0
ITM004,Rice,Grains,HH005,2026-04-24,0.11,kg,4,0,4,spring,0
ITM004,Rice,Grains,HH005,2026-04-25,0.23,kg,5,1,4,spring,0
ITM004,Rice,Grains,HH005,2026-04-26,0.14,kg,6,1,4,spring,0
ITM004,Rice,Grains,HH005,2026-05-01,0.17,kg,4,0,5,spring,1
ITM004,Rice,Grains,HH005,2026-05-06,0.11,kg,2,0,5,spring,0
ITM004,Rice,Grains,HH005,2026-05-18,0.14,kg,0,0,5,spring,0
ITM004,Rice,Grains,HH005,2026-05-25,0.14,kg,0,0,5,spring,0
ITM004,Rice,Grains,HH005,2026-06-01,0.11,kg,0,0,6,summer,0
ITM004,Rice,Grains,HH005,2026-06-03,0.12,kg,2,0,6,summer,0
ITM004,Rice,Grains,HH005,2026-06-06,0.17,kg,5,1,6,summer,1
ITM004,Rice,Grains,HH005,2026-06-07,0.15,kg,6,1,6,summer,0
ITM004,Rice,Grains,HH005,2026-06-10,0.11,kg,2,0,6,summer,0
ITM004,Rice,Grains,HH005,2026-06-15,0.12,kg,0,0,6,summer,0
ITM004,Rice,Grains,HH005,2026-06-22,0.09,kg,0,0,6,summer,0
ITM004,Rice,Grains,HH005,2026-06-26,0.09,kg,4,0,6,summer,0
ITM004,Rice,Grains,HH005,2026-06-27,0.14,kg,5,1,6,summer,0
ITM004,Rice,Grains,HH006,2026-01-03,0.2,kg,5,1,1,winter,0
ITM004,Rice,Grains,HH006,2026-01-08,0.11,kg,3,0,1,winter,0
ITM004,Rice,Grains,HH006,2026-01-10,0.18,kg,5,1,1,winter,0
ITM004,Rice,Grains,HH006,2026-01-13,0.13,kg,1,0,1,winter,0
ITM004,Rice,Grains,HH006,2026-01-14,0.09,kg,2,0,1,winter,0
ITM004,Rice,Grains,HH006,2026-01-20,0.14,kg,1,0,1,winter,0
ITM004,Rice,Grains,HH006,2026-01-25,0.16,kg,6,1,1,winter,0
ITM004,Rice,Grains,HH006,2026-01-31,0.19,kg,5,1,1,winter,0
ITM004,Rice,Grains,HH006,2026-02-03,0.16,kg,1,0,2,winter,0
ITM004,Rice,Grains,HH006,2026-02-07,0.19,kg,5,1,2,winter,0
ITM004,Rice,Grains,HH006,2026-02-09,0.13,kg,0,0,2,winter,0
ITM004,Rice,Grains,HH006,2026-02-11,0.17,kg,2,0,2,winter,0
ITM004,Rice,Grains,HH006,2026-02-17,0.15,kg,1,0,2,winter,0
ITM004,Rice,Grains,HH006,2026-02-18,0.1,kg,2,0,2,winter,0
ITM004,Rice,Grains,HH006,2026-02-20,0.1,kg,4,0,2,winter,0
ITM004,Rice,Grains,HH006,2026-03-05,0.14,kg,3,0,3,spring,0
ITM004,Rice,Grains,HH006,2026-03-07,0.19,kg,5,1,3,spring,0
ITM004,Rice,Grains,HH006,2026-03-08,0.24,kg,6,1,3,spring,1
ITM004,Rice,Grains,HH006,2026-03-10,0.09,kg,1,0,3,spring,0
ITM004,Rice,Grains,HH006,2026-03-12,0.14,kg,3,0,3,spring,0
ITM004,Rice,Grains,HH006,2026-03-13,0.12,kg,4,0,3,spring,0
ITM004,Rice,Grains,HH006,2026-03-14,0.22,kg,5,1,3,spring,0
ITM004,Rice,Grains,HH006,2026-03-20,0.12,kg,4,0,3,spring,0
ITM004,Rice,Grains,HH006,2026-03-21,0.16,kg,5,1,3,spring,0
ITM004,Rice,Grains,HH006,2026-03-22,0.2,kg,6,1,3,spring,0
ITM004,Rice,Grains,HH006,2026-03-23,0.14,kg,0,0,3,spring,0
ITM004,Rice,Grains,HH006,2026-04-05,0.17,kg,6,1,4,spring,0
ITM004,Rice,Grains,HH006,2026-04-06,0.13,kg,0,0,4,spring,0
ITM004,Rice,Grains,HH006,2026-04-10,0.13,kg,4,0,4,spring,0
ITM004,Rice,Grains,HH006,2026-04-15,0.16,kg,2,0,4,spring,0
ITM004,Rice,Grains,HH006,2026-04-16,0.11,kg,3,0,4,spring,0
ITM004,Rice,Grains,HH006,2026-04-22,0.13,kg,2,0,4,spring,0
ITM004,Rice,Grains,HH006,2026-04-23,0.14,kg,3,0,4,spring,0
ITM004,Rice,Grains,HH006,2026-04-26,0.17,kg,6,1,4,spring,0
ITM004,Rice,Grains,HH006,2026-04-27,0.14,kg,0,0,4,spring,0
ITM004,Rice,Grains,HH006,2026-04-29,0.09,kg,2,0,4,spring,0
ITM004,Rice,Grains,HH006,2026-05-04,0.13,kg,0,0,5,spring,0
ITM004,Rice,Grains,HH006,2026-05-06,0.11,kg,2,0,5,spring,0
ITM004,Rice,Grains,HH006,2026-05-09,0.23,kg,5,1,5,spring,0
ITM004,Rice,Grains,HH006,2026-05-10,0.16,kg,6,1,5,spring,0
ITM004,Rice,Grains,HH006,2026-05-19,0.1,kg,1,0,5,spring,0
ITM004,Rice,Grains,HH006,2026-05-21,0.14,kg,3,0,5,spring,0
ITM004,Rice,Grains,HH006,2026-05-29,0.13,kg,4,0,5,spring,0
ITM004,Rice,Grains,HH006,2026-06-01,0.13,kg,0,0,6,summer,0
ITM004,Rice,Grains,HH006,2026-06-03,0.13,kg,2,0,6,summer,0
ITM004,Rice,Grains,HH006,2026-06-05,0.13,kg,4,0,6,summer,0
ITM004,Rice,Grains,HH006,2026-06-06,0.3,kg,5,1,6,summer,1
ITM004,Rice,Grains,HH006,2026-06-10,0.13,kg,2,0,6,summer,0
ITM004,Rice,Grains,HH006,2026-06-11,0.09,kg,3,0,6,summer,0
ITM004,Rice,Grains,HH006,2026-06-13,0.2,kg,5,1,6,summer,0
ITM004,Rice,Grains,HH006,2026-06-16,0.17,kg,1,0,6,summer,0
ITM004,Rice,Grains,HH006,2026-06-17,0.1,kg,2,0,6,summer,0
ITM004,Rice,Grains,HH006,2026-06-23,0.1,kg,1,0,6,summer,0
ITM004,Rice,Grains,HH006,2026-06-28,0.17,kg,6,1,6,summer,0
ITM004,Rice,Grains,HH007,2026-01-04,0.16,kg,6,1,1,winter,0
ITM004,Rice,Grains,HH007,2026-01-06,0.14,kg,1,0,1,winter,0
ITM004,Rice,Grains,HH007,2026-01-09,0.16,kg,4,0,1,winter,0
ITM004,Rice,Grains,HH007,2026-01-12,0.18,kg,0,0,1,winter,0
ITM004,Rice,Grains,HH007,2026-01-13,0.13,kg,1,0,1,winter,0
ITM004,Rice,Grains,HH007,2026-01-19,0.15,kg,0,0,1,winter,0
ITM004,Rice,Grains,HH007,2026-01-23,0.14,kg,4,0,1,winter,0
ITM004,Rice,Grains,HH007,2026-01-24,0.2,kg,5,1,1,winter,0
ITM004,Rice,Grains,HH007,2026-01-25,0.25,kg,6,1,1,winter,0
ITM004,Rice,Grains,HH007,2026-02-10,0.18,kg,1,0,2,winter,0
ITM004,Rice,Grains,HH007,2026-02-18,0.13,kg,2,0,2,winter,0
ITM004,Rice,Grains,HH007,2026-02-20,0.14,kg,4,0,2,winter,0
ITM004,Rice,Grains,HH007,2026-02-21,0.15,kg,5,1,2,winter,0
ITM004,Rice,Grains,HH007,2026-02-23,0.14,kg,0,0,2,winter,0
ITM004,Rice,Grains,HH007,2026-02-24,0.16,kg,1,0,2,winter,0
ITM004,Rice,Grains,HH007,2026-02-25,0.14,kg,2,0,2,winter,0
ITM004,Rice,Grains,HH007,2026-02-27,0.18,kg,4,0,2,winter,0
ITM004,Rice,Grains,HH007,2026-03-09,0.15,kg,0,0,3,spring,0
ITM004,Rice,Grains,HH007,2026-03-12,0.16,kg,3,0,3,spring,0
ITM004,Rice,Grains,HH007,2026-03-26,0.16,kg,3,0,3,spring,0
ITM004,Rice,Grains,HH007,2026-03-27,0.16,kg,4,0,3,spring,0
ITM004,Rice,Grains,HH007,2026-03-28,0.18,kg,5,1,3,spring,0
ITM004,Rice,Grains,HH007,2026-03-29,0.14,kg,6,1,3,spring,0
ITM004,Rice,Grains,HH007,2026-04-01,0.18,kg,2,0,4,spring,0
ITM004,Rice,Grains,HH007,2026-04-03,0.2,kg,4,0,4,spring,0
ITM004,Rice,Grains,HH007,2026-04-06,0.1,kg,0,0,4,spring,0
ITM004,Rice,Grains,HH007,2026-04-07,0.18,kg,1,0,4,spring,0
ITM004,Rice,Grains,HH007,2026-04-10,0.14,kg,4,0,4,spring,0
ITM004,Rice,Grains,HH007,2026-04-25,0.21,kg,5,1,4,spring,0
ITM004,Rice,Grains,HH007,2026-05-03,0.24,kg,6,1,5,spring,0
ITM004,Rice,Grains,HH007,2026-05-14,0.19,kg,3,0,5,spring,0
ITM004,Rice,Grains,HH007,2026-05-21,0.14,kg,3,0,5,spring,0
ITM004,Rice,Grains,HH007,2026-05-22,0.14,kg,4,0,5,spring,0
ITM004,Rice,Grains,HH007,2026-05-25,0.2,kg,0,0,5,spring,0
ITM004,Rice,Grains,HH007,2026-05-31,0.18,kg,6,1,5,spring,0
ITM004,Rice,Grains,HH007,2026-06-03,0.17,kg,2,0,6,summer,0
ITM004,Rice,Grains,HH007,2026-06-07,0.25,kg,6,1,6,summer,0
ITM004,Rice,Grains,HH007,2026-06-08,0.19,kg,0,0,6,summer,0
ITM004,Rice,Grains,HH007,2026-06-09,0.17,kg,1,0,6,summer,0
ITM004,Rice,Grains,HH007,2026-06-10,0.15,kg,2,0,6,summer,0
ITM004,Rice,Grains,HH007,2026-06-12,0.17,kg,4,0,6,summer,0
ITM004,Rice,Grains,HH007,2026-06-16,0.14,kg,1,0,6,summer,0
ITM004,Rice,Grains,HH007,2026-06-19,0.14,kg,4,0,6,summer,0
ITM004,Rice,Grains,HH007,2026-06-21,0.21,kg,6,1,6,summer,0
ITM004,Rice,Grains,HH007,2026-06-22,0.12,kg,0,0,6,summer,0
ITM004,Rice,Grains,HH007,2026-06-23,0.15,kg,1,0,6,summer,0
ITM004,Rice,Grains,HH007,2026-06-24,0.15,kg,2,0,6,summer,0
ITM004,Rice,Grains,HH007,2026-06-29,0.13,kg,0,0,6,summer,0
ITM004,Rice,Grains,HH008,2026-01-02,0.18,kg,4,0,1,winter,0
ITM004,Rice,Grains,HH008,2026-01-12,0.15,kg,0,0,1,winter,0
ITM004,Rice,Grains,HH008,2026-01-22,0.16,kg,3,0,1,winter,0
ITM004,Rice,Grains,HH008,2026-01-24,0.22,kg,5,1,1,winter,0
ITM004,Rice,Grains,HH008,2026-02-03,0.14,kg,1,0,2,winter,0
ITM004,Rice,Grains,HH008,2026-02-06,0.17,kg,4,0,2,winter,0
ITM004,Rice,Grains,HH008,2026-02-11,0.18,kg,2,0,2,winter,0
ITM004,Rice,Grains,HH008,2026-02-12,0.23,kg,3,0,2,winter,0
ITM004,Rice,Grains,HH008,2026-02-13,0.18,kg,4,0,2,winter,0
ITM004,Rice,Grains,HH008,2026-02-15,0.33,kg,6,1,2,winter,0
ITM004,Rice,Grains,HH008,2026-02-18,0.22,kg,2,0,2,winter,0
ITM004,Rice,Grains,HH008,2026-02-21,0.26,kg,5,1,2,winter,0
ITM004,Rice,Grains,HH008,2026-02-24,0.17,kg,1,0,2,winter,0
ITM004,Rice,Grains,HH008,2026-03-08,0.38,kg,6,1,3,spring,1
ITM004,Rice,Grains,HH008,2026-03-10,0.2,kg,1,0,3,spring,0
ITM004,Rice,Grains,HH008,2026-03-12,0.14,kg,3,0,3,spring,0
ITM004,Rice,Grains,HH008,2026-03-14,0.22,kg,5,1,3,spring,0
ITM004,Rice,Grains,HH008,2026-03-15,0.28,kg,6,1,3,spring,0
ITM004,Rice,Grains,HH008,2026-03-25,0.15,kg,2,0,3,spring,0
ITM004,Rice,Grains,HH008,2026-03-26,0.18,kg,3,0,3,spring,0
ITM004,Rice,Grains,HH008,2026-04-03,0.18,kg,4,0,4,spring,0
ITM004,Rice,Grains,HH008,2026-04-07,0.18,kg,1,0,4,spring,0
ITM004,Rice,Grains,HH008,2026-04-08,0.24,kg,2,0,4,spring,0
ITM004,Rice,Grains,HH008,2026-04-14,0.25,kg,1,0,4,spring,1
ITM004,Rice,Grains,HH008,2026-04-18,0.28,kg,5,1,4,spring,0
ITM004,Rice,Grains,HH008,2026-04-24,0.13,kg,4,0,4,spring,0
ITM004,Rice,Grains,HH008,2026-04-25,0.26,kg,5,1,4,spring,0
ITM004,Rice,Grains,HH008,2026-04-30,0.14,kg,3,0,4,spring,0
ITM004,Rice,Grains,HH008,2026-05-05,0.18,kg,1,0,5,spring,0
ITM004,Rice,Grains,HH008,2026-05-08,0.17,kg,4,0,5,spring,0
ITM004,Rice,Grains,HH008,2026-05-10,0.37,kg,6,1,5,spring,0
ITM004,Rice,Grains,HH008,2026-05-11,0.18,kg,0,0,5,spring,0
ITM004,Rice,Grains,HH008,2026-05-14,0.16,kg,3,0,5,spring,0
ITM004,Rice,Grains,HH008,2026-05-16,0.23,kg,5,1,5,spring,0
ITM004,Rice,Grains,HH008,2026-05-17,0.26,kg,6,1,5,spring,0
ITM004,Rice,Grains,HH008,2026-05-20,0.15,kg,2,0,5,spring,0
ITM004,Rice,Grains,HH008,2026-05-22,0.16,kg,4,0,5,spring,0
ITM004,Rice,Grains,HH008,2026-05-28,0.18,kg,3,0,5,spring,0
ITM004,Rice,Grains,HH008,2026-06-09,0.18,kg,1,0,6,summer,0
ITM004,Rice,Grains,HH008,2026-06-12,0.16,kg,4,0,6,summer,0
ITM004,Rice,Grains,HH008,2026-06-19,0.2,kg,4,0,6,summer,0
ITM004,Rice,Grains,HH008,2026-06-23,0.18,kg,1,0,6,summer,0
ITM004,Rice,Grains,HH008,2026-06-29,0.19,kg,0,0,6,summer,0
ITM004,Rice,Grains,HH009,2026-01-01,0.34,kg,3,0,1,winter,1
ITM004,Rice,Grains,HH009,2026-01-03,0.2,kg,5,1,1,winter,0
ITM004,Rice,Grains,HH009,2026-01-06,0.16,kg,1,0,1,winter,0
ITM004,Rice,Grains,HH009,2026-01-07,0.23,kg,2,0,1,winter,0
ITM004,Rice,Grains,HH009,2026-01-08,0.18,kg,3,0,1,winter,0
ITM004,Rice,Grains,HH009,2026-01-13,0.2,kg,1,0,1,winter,0
ITM004,Rice,Grains,HH009,2026-01-14,0.16,kg,2,0,1,winter,0
ITM004,Rice,Grains,HH009,2026-01-19,0.19,kg,0,0,1,winter,0
ITM004,Rice,Grains,HH009,2026-01-21,0.22,kg,2,0,1,winter,0
ITM004,Rice,Grains,HH009,2026-01-23,0.2,kg,4,0,1,winter,0
ITM004,Rice,Grains,HH009,2026-01-24,0.29,kg,5,1,1,winter,0
ITM004,Rice,Grains,HH009,2026-01-25,0.3,kg,6,1,1,winter,0
ITM004,Rice,Grains,HH009,2026-01-26,0.31,kg,0,0,1,winter,1
ITM004,Rice,Grains,HH009,2026-02-05,0.22,kg,3,0,2,winter,0
ITM004,Rice,Grains,HH009,2026-02-10,0.22,kg,1,0,2,winter,0
ITM004,Rice,Grains,HH009,2026-02-11,0.13,kg,2,0,2,winter,0
ITM004,Rice,Grains,HH009,2026-02-27,0.19,kg,4,0,2,winter,0
ITM004,Rice,Grains,HH009,2026-03-05,0.13,kg,3,0,3,spring,0
ITM004,Rice,Grains,HH009,2026-03-07,0.19,kg,5,1,3,spring,0
ITM004,Rice,Grains,HH009,2026-03-13,0.18,kg,4,0,3,spring,0
ITM004,Rice,Grains,HH009,2026-03-15,0.25,kg,6,1,3,spring,0
ITM004,Rice,Grains,HH009,2026-03-24,0.2,kg,1,0,3,spring,0
ITM004,Rice,Grains,HH009,2026-03-29,0.37,kg,6,1,3,spring,0
ITM004,Rice,Grains,HH009,2026-03-31,0.18,kg,1,0,3,spring,0
ITM004,Rice,Grains,HH009,2026-04-05,0.23,kg,6,1,4,spring,0
ITM004,Rice,Grains,HH009,2026-04-06,0.23,kg,0,0,4,spring,0
ITM004,Rice,Grains,HH009,2026-04-08,0.17,kg,2,0,4,spring,0
ITM004,Rice,Grains,HH009,2026-04-14,0.19,kg,1,0,4,spring,1
ITM004,Rice,Grains,HH009,2026-04-26,0.28,kg,6,1,4,spring,0
ITM004,Rice,Grains,HH009,2026-04-30,0.19,kg,3,0,4,spring,0
ITM004,Rice,Grains,HH009,2026-05-02,0.28,kg,5,1,5,spring,0
ITM004,Rice,Grains,HH009,2026-05-03,0.31,kg,6,1,5,spring,0
ITM004,Rice,Grains,HH009,2026-05-10,0.28,kg,6,1,5,spring,0
ITM004,Rice,Grains,HH009,2026-05-11,0.19,kg,0,0,5,spring,0
ITM004,Rice,Grains,HH009,2026-05-14,0.17,kg,3,0,5,spring,0
ITM004,Rice,Grains,HH009,2026-05-21,0.23,kg,3,0,5,spring,0
ITM004,Rice,Grains,HH009,2026-05-25,0.16,kg,0,0,5,spring,0
ITM004,Rice,Grains,HH009,2026-05-28,0.23,kg,3,0,5,spring,0
ITM004,Rice,Grains,HH009,2026-06-04,0.21,kg,3,0,6,summer,0
ITM004,Rice,Grains,HH009,2026-06-05,0.25,kg,4,0,6,summer,0
ITM004,Rice,Grains,HH009,2026-06-07,0.23,kg,6,1,6,summer,0
ITM004,Rice,Grains,HH009,2026-06-08,0.18,kg,0,0,6,summer,0
ITM004,Rice,Grains,HH009,2026-06-09,0.22,kg,1,0,6,summer,0
ITM004,Rice,Grains,HH009,2026-06-14,0.27,kg,6,1,6,summer,0
ITM004,Rice,Grains,HH009,2026-06-20,0.32,kg,5,1,6,summer,0
ITM004,Rice,Grains,HH009,2026-06-23,0.16,kg,1,0,6,summer,0
ITM004,Rice,Grains,HH009,2026-06-29,0.19,kg,0,0,6,summer,0
ITM004,Rice,Grains,HH010,2026-01-03,0.12,kg,5,1,1,winter,0
ITM004,Rice,Grains,HH010,2026-01-08,0.07,kg,3,0,1,winter,0
ITM004,Rice,Grains,HH010,2026-01-09,0.09,kg,4,0,1,winter,0
ITM004,Rice,Grains,HH010,2026-01-14,0.11,kg,2,0,1,winter,0
ITM004,Rice,Grains,HH010,2026-01-17,0.2,kg,5,1,1,winter,0
ITM004,Rice,Grains,HH010,2026-01-20,0.09,kg,1,0,1,winter,0
ITM004,Rice,Grains,HH010,2026-01-21,0.08,kg,2,0,1,winter,0
ITM004,Rice,Grains,HH010,2026-02-01,0.14,kg,6,1,2,winter,0
ITM004,Rice,Grains,HH010,2026-02-03,0.1,kg,1,0,2,winter,0
ITM004,Rice,Grains,HH010,2026-02-07,0.15,kg,5,1,2,winter,0
ITM004,Rice,Grains,HH010,2026-02-09,0.12,kg,0,0,2,winter,0
ITM004,Rice,Grains,HH010,2026-02-13,0.08,kg,4,0,2,winter,0
ITM004,Rice,Grains,HH010,2026-02-14,0.13,kg,5,1,2,winter,0
ITM004,Rice,Grains,HH010,2026-02-19,0.11,kg,3,0,2,winter,0
ITM004,Rice,Grains,HH010,2026-02-22,0.13,kg,6,1,2,winter,0
ITM004,Rice,Grains,HH010,2026-02-23,0.12,kg,0,0,2,winter,0
ITM004,Rice,Grains,HH010,2026-02-25,0.09,kg,2,0,2,winter,0
ITM004,Rice,Grains,HH010,2026-02-27,0.12,kg,4,0,2,winter,0
ITM004,Rice,Grains,HH010,2026-02-28,0.2,kg,5,1,2,winter,0
ITM004,Rice,Grains,HH010,2026-03-01,0.15,kg,6,1,3,spring,0
ITM004,Rice,Grains,HH010,2026-03-05,0.09,kg,3,0,3,spring,0
ITM004,Rice,Grains,HH010,2026-03-08,0.2,kg,6,1,3,spring,1
ITM004,Rice,Grains,HH010,2026-03-14,0.13,kg,5,1,3,spring,0
ITM004,Rice,Grains,HH010,2026-03-17,0.11,kg,1,0,3,spring,0
ITM004,Rice,Grains,HH010,2026-03-23,0.1,kg,0,0,3,spring,0
ITM004,Rice,Grains,HH010,2026-03-25,0.1,kg,2,0,3,spring,0
ITM004,Rice,Grains,HH010,2026-03-28,0.18,kg,5,1,3,spring,0
ITM004,Rice,Grains,HH010,2026-03-31,0.06,kg,1,0,3,spring,0
ITM004,Rice,Grains,HH010,2026-04-04,0.19,kg,5,1,4,spring,0
ITM004,Rice,Grains,HH010,2026-04-08,0.12,kg,2,0,4,spring,0
ITM004,Rice,Grains,HH010,2026-04-12,0.16,kg,6,1,4,spring,0
ITM004,Rice,Grains,HH010,2026-04-16,0.11,kg,3,0,4,spring,0
ITM004,Rice,Grains,HH010,2026-04-17,0.09,kg,4,0,4,spring,0
ITM004,Rice,Grains,HH010,2026-05-08,0.08,kg,4,0,5,spring,0
ITM004,Rice,Grains,HH010,2026-05-10,0.13,kg,6,1,5,spring,0
ITM004,Rice,Grains,HH010,2026-05-14,0.11,kg,3,0,5,spring,0
ITM004,Rice,Grains,HH010,2026-05-17,0.17,kg,6,1,5,spring,0
ITM004,Rice,Grains,HH010,2026-05-21,0.1,kg,3,0,5,spring,0
ITM004,Rice,Grains,HH010,2026-05-31,0.12,kg,6,1,5,spring,0
ITM004,Rice,Grains,HH010,2026-06-03,0.08,kg,2,0,6,summer,0
ITM004,Rice,Grains,HH010,2026-06-11,0.13,kg,3,0,6,summer,0
ITM004,Rice,Grains,HH010,2026-06-12,0.12,kg,4,0,6,summer,0
ITM004,Rice,Grains,HH010,2026-06-13,0.15,kg,5,1,6,summer,0
ITM004,Rice,Grains,HH010,2026-06-16,0.11,kg,1,0,6,summer,0
ITM004,Rice,Grains,HH010,2026-06-18,0.09,kg,3,0,6,summer,0
ITM004,Rice,Grains,HH010,2026-06-19,0.1,kg,4,0,6,summer,0
ITM004,Rice,Grains,HH010,2026-06-24,0.09,kg,2,0,6,summer,0
ITM004,Rice,Grains,HH010,2026-06-27,0.09,kg,5,1,6,summer,0
ITM004,Rice,Grains,HH011,2026-01-02,0.12,kg,4,0,1,winter,0
ITM004,Rice,Grains,HH011,2026-01-04,0.16,kg,6,1,1,winter,0
ITM004,Rice,Grains,HH011,2026-01-06,0.11,kg,1,0,1,winter,0
ITM004,Rice,Grains,HH011,2026-01-12,0.09,kg,0,0,1,winter,0
ITM004,Rice,Grains,HH011,2026-01-13,0.14,kg,1,0,1,winter,0
ITM004,Rice,Grains,HH011,2026-01-14,0.12,kg,2,0,1,winter,0
ITM004,Rice,Grains,HH011,2026-01-25,0.15,kg,6,1,1,winter,0
ITM004,Rice,Grains,HH011,2026-01-29,0.13,kg,3,0,1,winter,0
ITM004,Rice,Grains,HH011,2026-02-08,0.16,kg,6,1,2,winter,0
ITM004,Rice,Grains,HH011,2026-02-12,0.1,kg,3,0,2,winter,0
ITM004,Rice,Grains,HH011,2026-02-22,0.16,kg,6,1,2,winter,0
ITM004,Rice,Grains,HH011,2026-02-23,0.14,kg,0,0,2,winter,0
ITM004,Rice,Grains,HH011,2026-02-27,0.14,kg,4,0,2,winter,0
ITM004,Rice,Grains,HH011,2026-02-28,0.2,kg,5,1,2,winter,0
ITM004,Rice,Grains,HH011,2026-03-03,0.15,kg,1,0,3,spring,0
ITM004,Rice,Grains,HH011,2026-03-04,0.12,kg,2,0,3,spring,0
ITM004,Rice,Grains,HH011,2026-03-10,0.13,kg,1,0,3,spring,0
ITM004,Rice,Grains,HH011,2026-03-13,0.11,kg,4,0,3,spring,0
ITM004,Rice,Grains,HH011,2026-03-14,0.19,kg,5,1,3,spring,0
ITM004,Rice,Grains,HH011,2026-03-20,0.13,kg,4,0,3,spring,0
ITM004,Rice,Grains,HH011,2026-03-22,0.24,kg,6,1,3,spring,0
ITM004,Rice,Grains,HH011,2026-03-28,0.17,kg,5,1,3,spring,0
ITM004,Rice,Grains,HH011,2026-04-04,0.17,kg,5,1,4,spring,0
ITM004,Rice,Grains,HH011,2026-04-17,0.16,kg,4,0,4,spring,0
ITM004,Rice,Grains,HH011,2026-04-18,0.2,kg,5,1,4,spring,0
ITM004,Rice,Grains,HH011,2026-04-20,0.09,kg,0,0,4,spring,0
ITM004,Rice,Grains,HH011,2026-04-22,0.12,kg,2,0,4,spring,0
ITM004,Rice,Grains,HH011,2026-04-23,0.15,kg,3,0,4,spring,0
ITM004,Rice,Grains,HH011,2026-04-24,0.14,kg,4,0,4,spring,0
ITM004,Rice,Grains,HH011,2026-04-26,0.12,kg,6,1,4,spring,0
ITM004,Rice,Grains,HH011,2026-04-28,0.11,kg,1,0,4,spring,0
ITM004,Rice,Grains,HH011,2026-04-29,0.15,kg,2,0,4,spring,0
ITM004,Rice,Grains,HH011,2026-05-02,0.22,kg,5,1,5,spring,0
ITM004,Rice,Grains,HH011,2026-05-07,0.12,kg,3,0,5,spring,0
ITM004,Rice,Grains,HH011,2026-05-10,0.17,kg,6,1,5,spring,0
ITM004,Rice,Grains,HH011,2026-05-12,0.14,kg,1,0,5,spring,0
ITM004,Rice,Grains,HH011,2026-05-14,0.14,kg,3,0,5,spring,0
ITM004,Rice,Grains,HH011,2026-05-15,0.14,kg,4,0,5,spring,0
ITM004,Rice,Grains,HH011,2026-05-16,0.15,kg,5,1,5,spring,0
ITM004,Rice,Grains,HH011,2026-05-18,0.13,kg,0,0,5,spring,0
ITM004,Rice,Grains,HH011,2026-05-27,0.11,kg,2,0,5,spring,0
ITM004,Rice,Grains,HH011,2026-05-29,0.1,kg,4,0,5,spring,0
ITM004,Rice,Grains,HH011,2026-05-31,0.19,kg,6,1,5,spring,0
ITM004,Rice,Grains,HH011,2026-06-02,0.14,kg,1,0,6,summer,0
ITM004,Rice,Grains,HH011,2026-06-14,0.22,kg,6,1,6,summer,0
ITM004,Rice,Grains,HH011,2026-06-17,0.15,kg,2,0,6,summer,0
ITM004,Rice,Grains,HH011,2026-06-19,0.12,kg,4,0,6,summer,0
ITM004,Rice,Grains,HH011,2026-06-22,0.12,kg,0,0,6,summer,0
ITM004,Rice,Grains,HH011,2026-06-23,0.13,kg,1,0,6,summer,0
ITM004,Rice,Grains,HH011,2026-06-28,0.19,kg,6,1,6,summer,0
ITM004,Rice,Grains,HH011,2026-06-29,0.12,kg,0,0,6,summer,0
ITM004,Rice,Grains,HH012,2026-01-08,0.2,kg,3,0,1,winter,0
ITM004,Rice,Grains,HH012,2026-01-10,0.17,kg,5,1,1,winter,0
ITM004,Rice,Grains,HH012,2026-01-19,0.17,kg,0,0,1,winter,0
ITM004,Rice,Grains,HH012,2026-01-22,0.15,kg,3,0,1,winter,0
ITM004,Rice,Grains,HH012,2026-01-28,0.17,kg,2,0,1,winter,0
ITM004,Rice,Grains,HH012,2026-01-29,0.14,kg,3,0,1,winter,0
ITM004,Rice,Grains,HH012,2026-01-30,0.15,kg,4,0,1,winter,0
ITM004,Rice,Grains,HH012,2026-02-01,0.21,kg,6,1,2,winter,0
ITM004,Rice,Grains,HH012,2026-02-06,0.18,kg,4,0,2,winter,0
ITM004,Rice,Grains,HH012,2026-02-07,0.26,kg,5,1,2,winter,0
ITM004,Rice,Grains,HH012,2026-02-08,0.24,kg,6,1,2,winter,0
ITM004,Rice,Grains,HH012,2026-02-10,0.2,kg,1,0,2,winter,0
ITM004,Rice,Grains,HH012,2026-02-12,0.15,kg,3,0,2,winter,0
ITM004,Rice,Grains,HH012,2026-02-14,0.14,kg,5,1,2,winter,0
ITM004,Rice,Grains,HH012,2026-02-16,0.11,kg,0,0,2,winter,0
ITM004,Rice,Grains,HH012,2026-02-22,0.22,kg,6,1,2,winter,0
ITM004,Rice,Grains,HH012,2026-02-23,0.16,kg,0,0,2,winter,0
ITM004,Rice,Grains,HH012,2026-02-26,0.13,kg,3,0,2,winter,0
ITM004,Rice,Grains,HH012,2026-03-01,0.21,kg,6,1,3,spring,0
ITM004,Rice,Grains,HH012,2026-03-02,0.15,kg,0,0,3,spring,0
ITM004,Rice,Grains,HH012,2026-03-03,0.13,kg,1,0,3,spring,0
ITM004,Rice,Grains,HH012,2026-03-07,0.23,kg,5,1,3,spring,0
ITM004,Rice,Grains,HH012,2026-03-09,0.15,kg,0,0,3,spring,0
ITM004,Rice,Grains,HH012,2026-03-14,0.22,kg,5,1,3,spring,0
ITM004,Rice,Grains,HH012,2026-03-19,0.16,kg,3,0,3,spring,0
ITM004,Rice,Grains,HH012,2026-03-22,0.19,kg,6,1,3,spring,0
ITM004,Rice,Grains,HH012,2026-03-25,0.12,kg,2,0,3,spring,0
ITM004,Rice,Grains,HH012,2026-03-30,0.1,kg,0,0,3,spring,0
ITM004,Rice,Grains,HH012,2026-04-01,0.14,kg,2,0,4,spring,0
ITM004,Rice,Grains,HH012,2026-04-12,0.2,kg,6,1,4,spring,0
ITM004,Rice,Grains,HH012,2026-04-17,0.17,kg,4,0,4,spring,0
ITM004,Rice,Grains,HH012,2026-04-21,0.14,kg,1,0,4,spring,0
ITM004,Rice,Grains,HH012,2026-04-24,0.17,kg,4,0,4,spring,0
ITM004,Rice,Grains,HH012,2026-04-25,0.21,kg,5,1,4,spring,0
ITM004,Rice,Grains,HH012,2026-04-27,0.17,kg,0,0,4,spring,0
ITM004,Rice,Grains,HH012,2026-04-30,0.1,kg,3,0,4,spring,0
ITM004,Rice,Grains,HH012,2026-05-05,0.12,kg,1,0,5,spring,0
ITM004,Rice,Grains,HH012,2026-05-06,0.16,kg,2,0,5,spring,0
ITM004,Rice,Grains,HH012,2026-05-07,0.15,kg,3,0,5,spring,0
ITM004,Rice,Grains,HH012,2026-05-09,0.16,kg,5,1,5,spring,0
ITM004,Rice,Grains,HH012,2026-05-10,0.26,kg,6,1,5,spring,0
ITM004,Rice,Grains,HH012,2026-05-14,0.14,kg,3,0,5,spring,0
ITM004,Rice,Grains,HH012,2026-05-18,0.19,kg,0,0,5,spring,0
ITM004,Rice,Grains,HH012,2026-05-21,0.14,kg,3,0,5,spring,0
ITM004,Rice,Grains,HH012,2026-05-22,0.17,kg,4,0,5,spring,0
ITM004,Rice,Grains,HH012,2026-06-04,0.15,kg,3,0,6,summer,0
ITM004,Rice,Grains,HH012,2026-06-07,0.17,kg,6,1,6,summer,0
ITM004,Rice,Grains,HH012,2026-06-08,0.15,kg,0,0,6,summer,0
ITM004,Rice,Grains,HH012,2026-06-09,0.14,kg,1,0,6,summer,0
ITM004,Rice,Grains,HH012,2026-06-10,0.15,kg,2,0,6,summer,0
ITM004,Rice,Grains,HH012,2026-06-13,0.21,kg,5,1,6,summer,0
ITM004,Rice,Grains,HH012,2026-06-14,0.2,kg,6,1,6,summer,0
ITM004,Rice,Grains,HH012,2026-06-15,0.14,kg,0,0,6,summer,0
ITM004,Rice,Grains,HH012,2026-06-18,0.18,kg,3,0,6,summer,0
ITM004,Rice,Grains,HH012,2026-06-20,0.23,kg,5,1,6,summer,0
ITM004,Rice,Grains,HH012,2026-06-21,0.28,kg,6,1,6,summer,0
ITM004,Rice,Grains,HH012,2026-06-27,0.2,kg,5,1,6,summer,0
ITM004,Rice,Grains,HH013,2026-01-03,0.19,kg,5,1,1,winter,0
ITM004,Rice,Grains,HH013,2026-01-06,0.17,kg,1,0,1,winter,0
ITM004,Rice,Grains,HH013,2026-01-11,0.25,kg,6,1,1,winter,0
ITM004,Rice,Grains,HH013,2026-01-12,0.15,kg,0,0,1,winter,0
ITM004,Rice,Grains,HH013,2026-01-15,0.19,kg,3,0,1,winter,0
ITM004,Rice,Grains,HH013,2026-01-18,0.23,kg,6,1,1,winter,0
ITM004,Rice,Grains,HH013,2026-01-24,0.23,kg,5,1,1,winter,0
ITM004,Rice,Grains,HH013,2026-02-11,0.17,kg,2,0,2,winter,0
ITM004,Rice,Grains,HH013,2026-02-16,0.16,kg,0,0,2,winter,0
ITM004,Rice,Grains,HH013,2026-02-19,0.17,kg,3,0,2,winter,0
ITM004,Rice,Grains,HH013,2026-02-22,0.22,kg,6,1,2,winter,0
ITM004,Rice,Grains,HH013,2026-03-01,0.26,kg,6,1,3,spring,0
ITM004,Rice,Grains,HH013,2026-03-02,0.18,kg,0,0,3,spring,0
ITM004,Rice,Grains,HH013,2026-03-03,0.15,kg,1,0,3,spring,0
ITM004,Rice,Grains,HH013,2026-03-09,0.16,kg,0,0,3,spring,0
ITM004,Rice,Grains,HH013,2026-03-11,0.18,kg,2,0,3,spring,0
ITM004,Rice,Grains,HH013,2026-03-12,0.15,kg,3,0,3,spring,0
ITM004,Rice,Grains,HH013,2026-03-16,0.18,kg,0,0,3,spring,0
ITM004,Rice,Grains,HH013,2026-03-29,0.35,kg,6,1,3,spring,0
ITM004,Rice,Grains,HH013,2026-03-31,0.22,kg,1,0,3,spring,0
ITM004,Rice,Grains,HH013,2026-04-04,0.3,kg,5,1,4,spring,0
ITM004,Rice,Grains,HH013,2026-04-09,0.18,kg,3,0,4,spring,0
ITM004,Rice,Grains,HH013,2026-04-11,0.23,kg,5,1,4,spring,0
ITM004,Rice,Grains,HH013,2026-04-13,0.17,kg,0,0,4,spring,0
ITM004,Rice,Grains,HH013,2026-04-14,0.31,kg,1,0,4,spring,1
ITM004,Rice,Grains,HH013,2026-04-17,0.2,kg,4,0,4,spring,0
ITM004,Rice,Grains,HH013,2026-04-18,0.26,kg,5,1,4,spring,0
ITM004,Rice,Grains,HH013,2026-04-20,0.19,kg,0,0,4,spring,0
ITM004,Rice,Grains,HH013,2026-04-21,0.15,kg,1,0,4,spring,0
ITM004,Rice,Grains,HH013,2026-04-22,0.16,kg,2,0,4,spring,0
ITM004,Rice,Grains,HH013,2026-04-26,0.28,kg,6,1,4,spring,0
ITM004,Rice,Grains,HH013,2026-05-01,0.25,kg,4,0,5,spring,1
ITM004,Rice,Grains,HH013,2026-05-05,0.22,kg,1,0,5,spring,0
ITM004,Rice,Grains,HH013,2026-05-07,0.15,kg,3,0,5,spring,0
ITM004,Rice,Grains,HH013,2026-05-15,0.13,kg,4,0,5,spring,0
ITM004,Rice,Grains,HH013,2026-05-16,0.23,kg,5,1,5,spring,0
ITM004,Rice,Grains,HH013,2026-05-22,0.16,kg,4,0,5,spring,0
ITM004,Rice,Grains,HH013,2026-05-24,0.29,kg,6,1,5,spring,0
ITM004,Rice,Grains,HH013,2026-05-28,0.16,kg,3,0,5,spring,0
ITM004,Rice,Grains,HH013,2026-06-05,0.19,kg,4,0,6,summer,0
ITM004,Rice,Grains,HH013,2026-06-12,0.14,kg,4,0,6,summer,0
ITM004,Rice,Grains,HH013,2026-06-18,0.19,kg,3,0,6,summer,0
ITM004,Rice,Grains,HH013,2026-06-22,0.19,kg,0,0,6,summer,0
ITM004,Rice,Grains,HH013,2026-06-23,0.17,kg,1,0,6,summer,0
ITM004,Rice,Grains,HH013,2026-06-24,0.18,kg,2,0,6,summer,0
ITM004,Rice,Grains,HH013,2026-06-27,0.22,kg,5,1,6,summer,0
ITM004,Rice,Grains,HH014,2026-01-03,0.32,kg,5,1,1,winter,0
ITM004,Rice,Grains,HH014,2026-01-11,0.23,kg,6,1,1,winter,0
ITM004,Rice,Grains,HH014,2026-01-27,0.15,kg,1,0,1,winter,0
ITM004,Rice,Grains,HH014,2026-01-29,0.18,kg,3,0,1,winter,0
ITM004,Rice,Grains,HH014,2026-01-31,0.28,kg,5,1,1,winter,0
ITM004,Rice,Grains,HH014,2026-02-01,0.33,kg,6,1,2,winter,0
ITM004,Rice,Grains,HH014,2026-02-06,0.16,kg,4,0,2,winter,0
ITM004,Rice,Grains,HH014,2026-02-10,0.17,kg,1,0,2,winter,0
ITM004,Rice,Grains,HH014,2026-02-17,0.21,kg,1,0,2,winter,0
ITM004,Rice,Grains,HH014,2026-02-25,0.17,kg,2,0,2,winter,0
ITM004,Rice,Grains,HH014,2026-03-06,0.22,kg,4,0,3,spring,0
ITM004,Rice,Grains,HH014,2026-03-08,0.36,kg,6,1,3,spring,1
ITM004,Rice,Grains,HH014,2026-03-10,0.16,kg,1,0,3,spring,0
ITM004,Rice,Grains,HH014,2026-03-17,0.25,kg,1,0,3,spring,0
ITM004,Rice,Grains,HH014,2026-03-19,0.22,kg,3,0,3,spring,0
ITM004,Rice,Grains,HH014,2026-03-20,0.23,kg,4,0,3,spring,0
ITM004,Rice,Grains,HH014,2026-03-22,0.26,kg,6,1,3,spring,0
ITM004,Rice,Grains,HH014,2026-03-23,0.14,kg,0,0,3,spring,0
ITM004,Rice,Grains,HH014,2026-03-29,0.26,kg,6,1,3,spring,0
ITM004,Rice,Grains,HH014,2026-04-01,0.22,kg,2,0,4,spring,0
ITM004,Rice,Grains,HH014,2026-04-05,0.33,kg,6,1,4,spring,0
ITM004,Rice,Grains,HH014,2026-04-10,0.12,kg,4,0,4,spring,0
ITM004,Rice,Grains,HH014,2026-04-12,0.2,kg,6,1,4,spring,0
ITM004,Rice,Grains,HH014,2026-04-13,0.21,kg,0,0,4,spring,0
ITM004,Rice,Grains,HH014,2026-04-19,0.34,kg,6,1,4,spring,0
ITM004,Rice,Grains,HH014,2026-04-20,0.23,kg,0,0,4,spring,0
ITM004,Rice,Grains,HH014,2026-04-21,0.21,kg,1,0,4,spring,0
ITM004,Rice,Grains,HH014,2026-04-23,0.17,kg,3,0,4,spring,0
ITM004,Rice,Grains,HH014,2026-04-24,0.19,kg,4,0,4,spring,0
ITM004,Rice,Grains,HH014,2026-04-27,0.26,kg,0,0,4,spring,0
ITM004,Rice,Grains,HH014,2026-04-28,0.22,kg,1,0,4,spring,0
ITM004,Rice,Grains,HH014,2026-04-30,0.19,kg,3,0,4,spring,0
ITM004,Rice,Grains,HH014,2026-05-08,0.22,kg,4,0,5,spring,0
ITM004,Rice,Grains,HH014,2026-05-13,0.21,kg,2,0,5,spring,0
ITM004,Rice,Grains,HH014,2026-05-15,0.16,kg,4,0,5,spring,0
ITM004,Rice,Grains,HH014,2026-05-18,0.19,kg,0,0,5,spring,0
ITM004,Rice,Grains,HH014,2026-05-24,0.19,kg,6,1,5,spring,0
ITM004,Rice,Grains,HH014,2026-05-25,0.18,kg,0,0,5,spring,0
ITM004,Rice,Grains,HH014,2026-05-26,0.2,kg,1,0,5,spring,0
ITM004,Rice,Grains,HH014,2026-05-27,0.21,kg,2,0,5,spring,0
ITM004,Rice,Grains,HH014,2026-05-28,0.21,kg,3,0,5,spring,0
ITM004,Rice,Grains,HH014,2026-06-07,0.31,kg,6,1,6,summer,0
ITM004,Rice,Grains,HH014,2026-06-08,0.22,kg,0,0,6,summer,0
ITM004,Rice,Grains,HH014,2026-06-11,0.21,kg,3,0,6,summer,0
ITM004,Rice,Grains,HH014,2026-06-15,0.2,kg,0,0,6,summer,0
ITM004,Rice,Grains,HH014,2026-06-16,0.21,kg,1,0,6,summer,0
ITM004,Rice,Grains,HH014,2026-06-17,0.26,kg,2,0,6,summer,0
ITM004,Rice,Grains,HH014,2026-06-20,0.2,kg,5,1,6,summer,0
ITM004,Rice,Grains,HH014,2026-06-21,0.29,kg,6,1,6,summer,0
ITM004,Rice,Grains,HH014,2026-06-22,0.2,kg,0,0,6,summer,0
ITM004,Rice,Grains,HH014,2026-06-23,0.18,kg,1,0,6,summer,0
ITM004,Rice,Grains,HH014,2026-06-24,0.16,kg,2,0,6,summer,0
ITM004,Rice,Grains,HH015,2026-01-03,0.19,kg,5,1,1,winter,0
ITM004,Rice,Grains,HH015,2026-01-07,0.1,kg,2,0,1,winter,0
ITM004,Rice,Grains,HH015,2026-01-09,0.07,kg,4,0,1,winter,0
ITM004,Rice,Grains,HH015,2026-01-10,0.16,kg,5,1,1,winter,0
ITM004,Rice,Grains,HH015,2026-01-11,0.11,kg,6,1,1,winter,0
ITM004,Rice,Grains,HH015,2026-01-12,0.11,kg,0,0,1,winter,0
ITM004,Rice,Grains,HH015,2026-01-18,0.14,kg,6,1,1,winter,0
ITM004,Rice,Grains,HH015,2026-01-22,0.12,kg,3,0,1,winter,0
ITM004,Rice,Grains,HH015,2026-01-24,0.14,kg,5,1,1,winter,0
ITM004,Rice,Grains,HH015,2026-01-26,0.14,kg,0,0,1,winter,1
ITM004,Rice,Grains,HH015,2026-01-28,0.1,kg,2,0,1,winter,0
ITM004,Rice,Grains,HH015,2026-01-31,0.15,kg,5,1,1,winter,0
ITM004,Rice,Grains,HH015,2026-02-10,0.12,kg,1,0,2,winter,0
ITM004,Rice,Grains,HH015,2026-02-16,0.09,kg,0,0,2,winter,0
ITM004,Rice,Grains,HH015,2026-02-18,0.14,kg,2,0,2,winter,0
ITM004,Rice,Grains,HH015,2026-02-20,0.11,kg,4,0,2,winter,0
ITM004,Rice,Grains,HH015,2026-02-21,0.16,kg,5,1,2,winter,0
ITM004,Rice,Grains,HH015,2026-02-24,0.11,kg,1,0,2,winter,0
ITM004,Rice,Grains,HH015,2026-02-25,0.13,kg,2,0,2,winter,0
ITM004,Rice,Grains,HH015,2026-03-07,0.17,kg,5,1,3,spring,0
ITM004,Rice,Grains,HH015,2026-03-09,0.1,kg,0,0,3,spring,0
ITM004,Rice,Grains,HH015,2026-03-10,0.07,kg,1,0,3,spring,0
ITM004,Rice,Grains,HH015,2026-03-11,0.11,kg,2,0,3,spring,0
ITM004,Rice,Grains,HH015,2026-03-13,0.09,kg,4,0,3,spring,0
ITM004,Rice,Grains,HH015,2026-03-15,0.17,kg,6,1,3,spring,0
ITM004,Rice,Grains,HH015,2026-03-19,0.12,kg,3,0,3,spring,0
ITM004,Rice,Grains,HH015,2026-03-25,0.11,kg,2,0,3,spring,0
ITM004,Rice,Grains,HH015,2026-03-30,0.08,kg,0,0,3,spring,0
ITM004,Rice,Grains,HH015,2026-04-03,0.09,kg,4,0,4,spring,0
ITM004,Rice,Grains,HH015,2026-04-04,0.11,kg,5,1,4,spring,0
ITM004,Rice,Grains,HH015,2026-04-06,0.09,kg,0,0,4,spring,0
ITM004,Rice,Grains,HH015,2026-04-08,0.1,kg,2,0,4,spring,0
ITM004,Rice,Grains,HH015,2026-04-19,0.13,kg,6,1,4,spring,0
ITM004,Rice,Grains,HH015,2026-04-20,0.08,kg,0,0,4,spring,0
ITM004,Rice,Grains,HH015,2026-04-26,0.16,kg,6,1,4,spring,0
ITM004,Rice,Grains,HH015,2026-04-28,0.12,kg,1,0,4,spring,0
ITM004,Rice,Grains,HH015,2026-05-03,0.12,kg,6,1,5,spring,0
ITM004,Rice,Grains,HH015,2026-05-04,0.11,kg,0,0,5,spring,0
ITM004,Rice,Grains,HH015,2026-05-15,0.13,kg,4,0,5,spring,0
ITM004,Rice,Grains,HH015,2026-05-16,0.1,kg,5,1,5,spring,0
ITM004,Rice,Grains,HH015,2026-05-20,0.09,kg,2,0,5,spring,0
ITM004,Rice,Grains,HH015,2026-05-21,0.1,kg,3,0,5,spring,0
ITM004,Rice,Grains,HH015,2026-05-22,0.1,kg,4,0,5,spring,0
ITM004,Rice,Grains,HH015,2026-05-23,0.08,kg,5,1,5,spring,0
ITM004,Rice,Grains,HH015,2026-05-24,0.11,kg,6,1,5,spring,0
ITM004,Rice,Grains,HH015,2026-05-25,0.1,kg,0,0,5,spring,0
ITM004,Rice,Grains,HH015,2026-05-28,0.12,kg,3,0,5,spring,0
ITM004,Rice,Grains,HH015,2026-05-29,0.1,kg,4,0,5,spring,0
ITM004,Rice,Grains,HH015,2026-06-10,0.09,kg,2,0,6,summer,0
ITM004,Rice,Grains,HH015,2026-06-14,0.12,kg,6,1,6,summer,0
ITM004,Rice,Grains,HH015,2026-06-18,0.1,kg,3,0,6,summer,0
ITM004,Rice,Grains,HH015,2026-06-20,0.16,kg,5,1,6,summer,0
ITM004,Rice,Grains,HH015,2026-06-26,0.09,kg,4,0,6,summer,0
ITM004,Rice,Grains,HH015,2026-06-27,0.19,kg,5,1,6,summer,0
ITM004,Rice,Grains,HH015,2026-06-28,0.09,kg,6,1,6,summer,0
ITM004,Rice,Grains,HH016,2026-01-11,0.22,kg,6,1,1,winter,0
ITM004,Rice,Grains,HH016,2026-01-14,0.11,kg,2,0,1,winter,0
ITM004,Rice,Grains,HH016,2026-01-15,0.11,kg,3,0,1,winter,0
ITM004,Rice,Grains,HH016,2026-01-16,0.14,kg,4,0,1,winter,0
ITM004,Rice,Grains,HH016,2026-01-25,0.2,kg,6,1,1,winter,0
ITM004,Rice,Grains,HH016,2026-01-27,0.12,kg,1,0,1,winter,0
ITM004,Rice,Grains,HH016,2026-02-09,0.09,kg,0,0,2,winter,0
ITM004,Rice,Grains,HH016,2026-02-12,0.11,kg,3,0,2,winter,0
ITM004,Rice,Grains,HH016,2026-02-13,0.12,kg,4,0,2,winter,0
ITM004,Rice,Grains,HH016,2026-02-22,0.17,kg,6,1,2,winter,0
ITM004,Rice,Grains,HH016,2026-02-23,0.14,kg,0,0,2,winter,0
ITM004,Rice,Grains,HH016,2026-02-25,0.12,kg,2,0,2,winter,0
ITM004,Rice,Grains,HH016,2026-02-26,0.12,kg,3,0,2,winter,0
ITM004,Rice,Grains,HH016,2026-03-05,0.13,kg,3,0,3,spring,0
ITM004,Rice,Grains,HH016,2026-03-06,0.15,kg,4,0,3,spring,0
ITM004,Rice,Grains,HH016,2026-03-07,0.2,kg,5,1,3,spring,0
ITM004,Rice,Grains,HH016,2026-03-13,0.15,kg,4,0,3,spring,0
ITM004,Rice,Grains,HH016,2026-03-16,0.14,kg,0,0,3,spring,0
ITM004,Rice,Grains,HH016,2026-03-18,0.11,kg,2,0,3,spring,0
ITM004,Rice,Grains,HH016,2026-03-22,0.17,kg,6,1,3,spring,0
ITM004,Rice,Grains,HH016,2026-03-23,0.12,kg,0,0,3,spring,0
ITM004,Rice,Grains,HH016,2026-03-27,0.12,kg,4,0,3,spring,0
ITM004,Rice,Grains,HH016,2026-04-04,0.24,kg,5,1,4,spring,0
ITM004,Rice,Grains,HH016,2026-04-09,0.08,kg,3,0,4,spring,0
ITM004,Rice,Grains,HH016,2026-04-10,0.1,kg,4,0,4,spring,0
ITM004,Rice,Grains,HH016,2026-04-11,0.18,kg,5,1,4,spring,0
ITM004,Rice,Grains,HH016,2026-04-12,0.21,kg,6,1,4,spring,0
ITM004,Rice,Grains,HH016,2026-04-17,0.09,kg,4,0,4,spring,0
ITM004,Rice,Grains,HH016,2026-04-18,0.21,kg,5,1,4,spring,0
ITM004,Rice,Grains,HH016,2026-04-21,0.09,kg,1,0,4,spring,0
ITM004,Rice,Grains,HH016,2026-04-25,0.24,kg,5,1,4,spring,0
ITM004,Rice,Grains,HH016,2026-04-28,0.14,kg,1,0,4,spring,0
ITM004,Rice,Grains,HH016,2026-05-01,0.22,kg,4,0,5,spring,1
ITM004,Rice,Grains,HH016,2026-05-05,0.14,kg,1,0,5,spring,0
ITM004,Rice,Grains,HH016,2026-05-06,0.11,kg,2,0,5,spring,0
ITM004,Rice,Grains,HH016,2026-05-08,0.12,kg,4,0,5,spring,0
ITM004,Rice,Grains,HH016,2026-05-10,0.2,kg,6,1,5,spring,0
ITM004,Rice,Grains,HH016,2026-05-15,0.13,kg,4,0,5,spring,0
ITM004,Rice,Grains,HH016,2026-05-19,0.17,kg,1,0,5,spring,0
ITM004,Rice,Grains,HH016,2026-05-21,0.13,kg,3,0,5,spring,0
ITM004,Rice,Grains,HH016,2026-05-22,0.14,kg,4,0,5,spring,0
ITM004,Rice,Grains,HH016,2026-05-23,0.18,kg,5,1,5,spring,0
ITM004,Rice,Grains,HH016,2026-05-31,0.17,kg,6,1,5,spring,0
ITM004,Rice,Grains,HH016,2026-06-05,0.12,kg,4,0,6,summer,0
ITM004,Rice,Grains,HH016,2026-06-08,0.15,kg,0,0,6,summer,0
ITM004,Rice,Grains,HH016,2026-06-11,0.13,kg,3,0,6,summer,0
ITM004,Rice,Grains,HH016,2026-06-29,0.17,kg,0,0,6,summer,0
ITM004,Rice,Grains,HH017,2026-01-02,0.17,kg,4,0,1,winter,0
ITM004,Rice,Grains,HH017,2026-01-06,0.1,kg,1,0,1,winter,0
ITM004,Rice,Grains,HH017,2026-01-08,0.14,kg,3,0,1,winter,0
ITM004,Rice,Grains,HH017,2026-01-10,0.19,kg,5,1,1,winter,0
ITM004,Rice,Grains,HH017,2026-01-17,0.22,kg,5,1,1,winter,0
ITM004,Rice,Grains,HH017,2026-01-18,0.2,kg,6,1,1,winter,0
ITM004,Rice,Grains,HH017,2026-01-20,0.19,kg,1,0,1,winter,0
ITM004,Rice,Grains,HH017,2026-01-25,0.23,kg,6,1,1,winter,0
ITM004,Rice,Grains,HH017,2026-02-02,0.14,kg,0,0,2,winter,0
ITM004,Rice,Grains,HH017,2026-02-04,0.16,kg,2,0,2,winter,0
ITM004,Rice,Grains,HH017,2026-02-06,0.19,kg,4,0,2,winter,0
ITM004,Rice,Grains,HH017,2026-02-15,0.22,kg,6,1,2,winter,0
ITM004,Rice,Grains,HH017,2026-02-21,0.18,kg,5,1,2,winter,0
ITM004,Rice,Grains,HH017,2026-02-22,0.28,kg,6,1,2,winter,0
ITM004,Rice,Grains,HH017,2026-03-01,0.26,kg,6,1,3,spring,0
ITM004,Rice,Grains,HH017,2026-03-02,0.16,kg,0,0,3,spring,0
ITM004,Rice,Grains,HH017,2026-03-03,0.13,kg,1,0,3,spring,0
ITM004,Rice,Grains,HH017,2026-03-04,0.17,kg,2,0,3,spring,0
ITM004,Rice,Grains,HH017,2026-03-05,0.17,kg,3,0,3,spring,0
ITM004,Rice,Grains,HH017,2026-03-07,0.32,kg,5,1,3,spring,0
ITM004,Rice,Grains,HH017,2026-03-15,0.26,kg,6,1,3,spring,0
ITM004,Rice,Grains,HH017,2026-03-17,0.16,kg,1,0,3,spring,0
ITM004,Rice,Grains,HH017,2026-03-18,0.16,kg,2,0,3,spring,0
ITM004,Rice,Grains,HH017,2026-03-19,0.14,kg,3,0,3,spring,0
ITM004,Rice,Grains,HH017,2026-03-21,0.23,kg,5,1,3,spring,0
ITM004,Rice,Grains,HH017,2026-03-22,0.24,kg,6,1,3,spring,0
ITM004,Rice,Grains,HH017,2026-04-02,0.15,kg,3,0,4,spring,0
ITM004,Rice,Grains,HH017,2026-04-12,0.17,kg,6,1,4,spring,0
ITM004,Rice,Grains,HH017,2026-04-13,0.16,kg,0,0,4,spring,0
ITM004,Rice,Grains,HH017,2026-04-21,0.11,kg,1,0,4,spring,0
ITM004,Rice,Grains,HH017,2026-04-23,0.16,kg,3,0,4,spring,0
ITM004,Rice,Grains,HH017,2026-04-30,0.13,kg,3,0,4,spring,0
ITM004,Rice,Grains,HH017,2026-05-02,0.23,kg,5,1,5,spring,0
ITM004,Rice,Grains,HH017,2026-05-06,0.14,kg,2,0,5,spring,0
ITM004,Rice,Grains,HH017,2026-05-07,0.14,kg,3,0,5,spring,0
ITM004,Rice,Grains,HH017,2026-05-12,0.15,kg,1,0,5,spring,0
ITM004,Rice,Grains,HH017,2026-05-30,0.21,kg,5,1,5,spring,0
ITM004,Rice,Grains,HH017,2026-06-07,0.16,kg,6,1,6,summer,0
ITM004,Rice,Grains,HH017,2026-06-08,0.2,kg,0,0,6,summer,0
ITM004,Rice,Grains,HH017,2026-06-10,0.1,kg,2,0,6,summer,0
ITM004,Rice,Grains,HH017,2026-06-24,0.17,kg,2,0,6,summer,0
ITM004,Rice,Grains,HH018,2026-01-02,0.19,kg,4,0,1,winter,0
ITM004,Rice,Grains,HH018,2026-01-05,0.2,kg,0,0,1,winter,0
ITM004,Rice,Grains,HH018,2026-01-16,0.22,kg,4,0,1,winter,0
ITM004,Rice,Grains,HH018,2026-01-17,0.31,kg,5,1,1,winter,0
ITM004,Rice,Grains,HH018,2026-01-20,0.13,kg,1,0,1,winter,0
ITM004,Rice,Grains,HH018,2026-01-21,0.18,kg,2,0,1,winter,0
ITM004,Rice,Grains,HH018,2026-01-23,0.18,kg,4,0,1,winter,0
ITM004,Rice,Grains,HH018,2026-01-30,0.22,kg,4,0,1,winter,0
ITM004,Rice,Grains,HH018,2026-02-07,0.25,kg,5,1,2,winter,0
ITM004,Rice,Grains,HH018,2026-02-14,0.2,kg,5,1,2,winter,0
ITM004,Rice,Grains,HH018,2026-02-23,0.17,kg,0,0,2,winter,0
ITM004,Rice,Grains,HH018,2026-03-03,0.16,kg,1,0,3,spring,0
ITM004,Rice,Grains,HH018,2026-03-04,0.12,kg,2,0,3,spring,0
ITM004,Rice,Grains,HH018,2026-03-06,0.16,kg,4,0,3,spring,0
ITM004,Rice,Grains,HH018,2026-03-07,0.19,kg,5,1,3,spring,0
ITM004,Rice,Grains,HH018,2026-03-12,0.17,kg,3,0,3,spring,0
ITM004,Rice,Grains,HH018,2026-03-13,0.15,kg,4,0,3,spring,0
ITM004,Rice,Grains,HH018,2026-03-15,0.22,kg,6,1,3,spring,0
ITM004,Rice,Grains,HH018,2026-03-17,0.16,kg,1,0,3,spring,0
ITM004,Rice,Grains,HH018,2026-03-18,0.2,kg,2,0,3,spring,0
ITM004,Rice,Grains,HH018,2026-03-22,0.29,kg,6,1,3,spring,0
ITM004,Rice,Grains,HH018,2026-03-24,0.13,kg,1,0,3,spring,0
ITM004,Rice,Grains,HH018,2026-03-26,0.15,kg,3,0,3,spring,0
ITM004,Rice,Grains,HH018,2026-03-30,0.16,kg,0,0,3,spring,0
ITM004,Rice,Grains,HH018,2026-04-01,0.19,kg,2,0,4,spring,0
ITM004,Rice,Grains,HH018,2026-04-02,0.14,kg,3,0,4,spring,0
ITM004,Rice,Grains,HH018,2026-04-03,0.18,kg,4,0,4,spring,0
ITM004,Rice,Grains,HH018,2026-04-05,0.21,kg,6,1,4,spring,0
ITM004,Rice,Grains,HH018,2026-04-15,0.12,kg,2,0,4,spring,0
ITM004,Rice,Grains,HH018,2026-04-20,0.2,kg,0,0,4,spring,0
ITM004,Rice,Grains,HH018,2026-04-21,0.2,kg,1,0,4,spring,0
ITM004,Rice,Grains,HH018,2026-04-23,0.19,kg,3,0,4,spring,0
ITM004,Rice,Grains,HH018,2026-04-25,0.24,kg,5,1,4,spring,0
ITM004,Rice,Grains,HH018,2026-04-30,0.16,kg,3,0,4,spring,0
ITM004,Rice,Grains,HH018,2026-05-07,0.2,kg,3,0,5,spring,0
ITM004,Rice,Grains,HH018,2026-05-08,0.16,kg,4,0,5,spring,0
ITM004,Rice,Grains,HH018,2026-05-12,0.18,kg,1,0,5,spring,0
ITM004,Rice,Grains,HH018,2026-05-13,0.17,kg,2,0,5,spring,0
ITM004,Rice,Grains,HH018,2026-05-17,0.32,kg,6,1,5,spring,0
ITM004,Rice,Grains,HH018,2026-05-18,0.19,kg,0,0,5,spring,0
ITM004,Rice,Grains,HH018,2026-05-22,0.19,kg,4,0,5,spring,0
ITM004,Rice,Grains,HH018,2026-05-26,0.19,kg,1,0,5,spring,0
ITM004,Rice,Grains,HH018,2026-05-29,0.18,kg,4,0,5,spring,0
ITM004,Rice,Grains,HH018,2026-05-30,0.14,kg,5,1,5,spring,0
ITM004,Rice,Grains,HH018,2026-05-31,0.26,kg,6,1,5,spring,0
ITM004,Rice,Grains,HH018,2026-06-09,0.19,kg,1,0,6,summer,0
ITM004,Rice,Grains,HH018,2026-06-12,0.16,kg,4,0,6,summer,0
ITM004,Rice,Grains,HH018,2026-06-19,0.2,kg,4,0,6,summer,0
ITM004,Rice,Grains,HH018,2026-06-22,0.19,kg,0,0,6,summer,0
ITM004,Rice,Grains,HH018,2026-06-28,0.33,kg,6,1,6,summer,0
ITM004,Rice,Grains,HH019,2026-01-01,0.24,kg,3,0,1,winter,1
ITM004,Rice,Grains,HH019,2026-01-03,0.24,kg,5,1,1,winter,0
ITM004,Rice,Grains,HH019,2026-01-04,0.27,kg,6,1,1,winter,0
ITM004,Rice,Grains,HH019,2026-01-14,0.19,kg,2,0,1,winter,0
ITM004,Rice,Grains,HH019,2026-01-17,0.36,kg,5,1,1,winter,0
ITM004,Rice,Grains,HH019,2026-01-22,0.19,kg,3,0,1,winter,0
ITM004,Rice,Grains,HH019,2026-01-24,0.41,kg,5,1,1,winter,0
ITM004,Rice,Grains,HH019,2026-01-28,0.21,kg,2,0,1,winter,0
ITM004,Rice,Grains,HH019,2026-01-31,0.32,kg,5,1,1,winter,0
ITM004,Rice,Grains,HH019,2026-02-02,0.17,kg,0,0,2,winter,0
ITM004,Rice,Grains,HH019,2026-02-15,0.24,kg,6,1,2,winter,0
ITM004,Rice,Grains,HH019,2026-02-19,0.22,kg,3,0,2,winter,0
ITM004,Rice,Grains,HH019,2026-02-27,0.19,kg,4,0,2,winter,0
ITM004,Rice,Grains,HH019,2026-02-28,0.24,kg,5,1,2,winter,0
ITM004,Rice,Grains,HH019,2026-03-02,0.2,kg,0,0,3,spring,0
ITM004,Rice,Grains,HH019,2026-03-06,0.27,kg,4,0,3,spring,0
ITM004,Rice,Grains,HH019,2026-03-16,0.18,kg,0,0,3,spring,0
ITM004,Rice,Grains,HH019,2026-04-03,0.2,kg,4,0,4,spring,0
ITM004,Rice,Grains,HH019,2026-04-10,0.22,kg,4,0,4,spring,0
ITM004,Rice,Grains,HH019,2026-04-12,0.26,kg,6,1,4,spring,0
ITM004,Rice,Grains,HH019,2026-04-13,0.16,kg,0,0,4,spring,0
ITM004,Rice,Grains,HH019,2026-04-17,0.25,kg,4,0,4,spring,0
ITM004,Rice,Grains,HH019,2026-04-18,0.25,kg,5,1,4,spring,0
ITM004,Rice,Grains,HH019,2026-04-24,0.19,kg,4,0,4,spring,0
ITM004,Rice,Grains,HH019,2026-05-01,0.3,kg,4,0,5,spring,1
ITM004,Rice,Grains,HH019,2026-05-06,0.21,kg,2,0,5,spring,0
ITM004,Rice,Grains,HH019,2026-05-07,0.19,kg,3,0,5,spring,0
ITM004,Rice,Grains,HH019,2026-05-10,0.23,kg,6,1,5,spring,0
ITM004,Rice,Grains,HH019,2026-05-11,0.22,kg,0,0,5,spring,0
ITM004,Rice,Grains,HH019,2026-05-14,0.23,kg,3,0,5,spring,0
ITM004,Rice,Grains,HH019,2026-05-27,0.17,kg,2,0,5,spring,0
ITM004,Rice,Grains,HH019,2026-05-29,0.22,kg,4,0,5,spring,0
ITM004,Rice,Grains,HH019,2026-05-30,0.18,kg,5,1,5,spring,0
ITM004,Rice,Grains,HH019,2026-06-02,0.22,kg,1,0,6,summer,0
ITM004,Rice,Grains,HH019,2026-06-03,0.23,kg,2,0,6,summer,0
ITM004,Rice,Grains,HH019,2026-06-05,0.16,kg,4,0,6,summer,0
ITM004,Rice,Grains,HH019,2026-06-06,0.38,kg,5,1,6,summer,1
ITM004,Rice,Grains,HH019,2026-06-09,0.24,kg,1,0,6,summer,0
ITM004,Rice,Grains,HH019,2026-06-10,0.21,kg,2,0,6,summer,0
ITM004,Rice,Grains,HH019,2026-06-11,0.18,kg,3,0,6,summer,0
ITM004,Rice,Grains,HH019,2026-06-14,0.18,kg,6,1,6,summer,0
ITM004,Rice,Grains,HH019,2026-06-17,0.21,kg,2,0,6,summer,0
ITM004,Rice,Grains,HH019,2026-06-25,0.18,kg,3,0,6,summer,0
ITM004,Rice,Grains,HH019,2026-06-26,0.16,kg,4,0,6,summer,0
ITM004,Rice,Grains,HH019,2026-06-27,0.23,kg,5,1,6,summer,0
ITM004,Rice,Grains,HH019,2026-06-29,0.17,kg,0,0,6,summer,0
ITM004,Rice,Grains,HH020,2026-01-01,0.18,kg,3,0,1,winter,1
ITM004,Rice,Grains,HH020,2026-01-03,0.13,kg,5,1,1,winter,0
ITM004,Rice,Grains,HH020,2026-01-04,0.14,kg,6,1,1,winter,0
ITM004,Rice,Grains,HH020,2026-01-05,0.13,kg,0,0,1,winter,0
ITM004,Rice,Grains,HH020,2026-01-08,0.11,kg,3,0,1,winter,0
ITM004,Rice,Grains,HH020,2026-01-11,0.16,kg,6,1,1,winter,0
ITM004,Rice,Grains,HH020,2026-01-12,0.14,kg,0,0,1,winter,0
ITM004,Rice,Grains,HH020,2026-01-23,0.1,kg,4,0,1,winter,0
ITM004,Rice,Grains,HH020,2026-01-26,0.17,kg,0,0,1,winter,1
ITM004,Rice,Grains,HH020,2026-01-28,0.1,kg,2,0,1,winter,0
ITM004,Rice,Grains,HH020,2026-02-03,0.09,kg,1,0,2,winter,0
ITM004,Rice,Grains,HH020,2026-02-04,0.1,kg,2,0,2,winter,0
ITM004,Rice,Grains,HH020,2026-02-05,0.11,kg,3,0,2,winter,0
ITM004,Rice,Grains,HH020,2026-02-06,0.12,kg,4,0,2,winter,0
ITM004,Rice,Grains,HH020,2026-02-13,0.11,kg,4,0,2,winter,0
ITM004,Rice,Grains,HH020,2026-02-18,0.06,kg,2,0,2,winter,0
ITM004,Rice,Grains,HH020,2026-02-21,0.16,kg,5,1,2,winter,0
ITM004,Rice,Grains,HH020,2026-02-23,0.1,kg,0,0,2,winter,0
ITM004,Rice,Grains,HH020,2026-02-25,0.1,kg,2,0,2,winter,0
ITM004,Rice,Grains,HH020,2026-02-28,0.14,kg,5,1,2,winter,0
ITM004,Rice,Grains,HH020,2026-03-09,0.1,kg,0,0,3,spring,0
ITM004,Rice,Grains,HH020,2026-03-12,0.13,kg,3,0,3,spring,0
ITM004,Rice,Grains,HH020,2026-03-15,0.16,kg,6,1,3,spring,0
ITM004,Rice,Grains,HH020,2026-03-16,0.13,kg,0,0,3,spring,0
ITM004,Rice,Grains,HH020,2026-03-17,0.11,kg,1,0,3,spring,0
ITM004,Rice,Grains,HH020,2026-03-22,0.14,kg,6,1,3,spring,0
ITM004,Rice,Grains,HH020,2026-03-23,0.09,kg,0,0,3,spring,0
ITM004,Rice,Grains,HH020,2026-03-24,0.1,kg,1,0,3,spring,0
ITM004,Rice,Grains,HH020,2026-03-31,0.09,kg,1,0,3,spring,0
ITM004,Rice,Grains,HH020,2026-04-05,0.19,kg,6,1,4,spring,0
ITM004,Rice,Grains,HH020,2026-04-07,0.12,kg,1,0,4,spring,0
ITM004,Rice,Grains,HH020,2026-04-19,0.2,kg,6,1,4,spring,0
ITM004,Rice,Grains,HH020,2026-04-28,0.1,kg,1,0,4,spring,0
ITM004,Rice,Grains,HH020,2026-04-29,0.09,kg,2,0,4,spring,0
ITM004,Rice,Grains,HH020,2026-04-30,0.13,kg,3,0,4,spring,0
ITM004,Rice,Grains,HH020,2026-05-03,0.16,kg,6,1,5,spring,0
ITM004,Rice,Grains,HH020,2026-05-07,0.11,kg,3,0,5,spring,0
ITM004,Rice,Grains,HH020,2026-05-16,0.15,kg,5,1,5,spring,0
ITM004,Rice,Grains,HH020,2026-05-17,0.12,kg,6,1,5,spring,0
ITM004,Rice,Grains,HH020,2026-05-19,0.09,kg,1,0,5,spring,0
ITM004,Rice,Grains,HH020,2026-05-25,0.08,kg,0,0,5,spring,0
ITM004,Rice,Grains,HH020,2026-06-10,0.11,kg,2,0,6,summer,0
ITM004,Rice,Grains,HH020,2026-06-12,0.09,kg,4,0,6,summer,0
ITM004,Rice,Grains,HH020,2026-06-17,0.09,kg,2,0,6,summer,0
ITM004,Rice,Grains,HH020,2026-06-19,0.13,kg,4,0,6,summer,0
ITM004,Rice,Grains,HH020,2026-06-25,0.11,kg,3,0,6,summer,0
ITM004,Rice,Grains,HH020,2026-06-27,0.15,kg,5,1,6,summer,0
ITM004,Rice,Grains,HH020,2026-06-28,0.14,kg,6,1,6,summer,0
ITM004,Rice,Grains,HH020,2026-06-29,0.12,kg,0,0,6,summer,0
ITM005,Ice Cream,Frozen,HH001,2026-01-09,0.11,tubs,4,0,1,winter,0
ITM005,Ice Cream,Frozen,HH001,2026-01-10,0.16,tubs,5,1,1,winter,0
ITM005,Ice Cream,Frozen,HH001,2026-01-11,0.18,tubs,6,1,1,winter,0
ITM005,Ice Cream,Frozen,HH001,2026-01-17,0.12,tubs,5,1,1,winter,0
ITM005,Ice Cream,Frozen,HH001,2026-01-22,0.11,tubs,3,0,1,winter,0
ITM005,Ice Cream,Frozen,HH001,2026-01-23,0.17,tubs,4,0,1,winter,0
ITM005,Ice Cream,Frozen,HH001,2026-01-25,0.13,tubs,6,1,1,winter,0
ITM005,Ice Cream,Frozen,HH001,2026-01-26,0.24,tubs,0,0,1,winter,1
ITM005,Ice Cream,Frozen,HH001,2026-01-27,0.08,tubs,1,0,1,winter,0
ITM005,Ice Cream,Frozen,HH001,2026-02-01,0.2,tubs,6,1,2,winter,0
ITM005,Ice Cream,Frozen,HH001,2026-02-02,0.09,tubs,0,0,2,winter,0
ITM005,Ice Cream,Frozen,HH001,2026-02-03,0.12,tubs,1,0,2,winter,0
ITM005,Ice Cream,Frozen,HH001,2026-02-04,0.11,tubs,2,0,2,winter,0
ITM005,Ice Cream,Frozen,HH001,2026-02-07,0.22,tubs,5,1,2,winter,0
ITM005,Ice Cream,Frozen,HH001,2026-02-09,0.09,tubs,0,0,2,winter,0
ITM005,Ice Cream,Frozen,HH001,2026-02-10,0.1,tubs,1,0,2,winter,0
ITM005,Ice Cream,Frozen,HH001,2026-02-13,0.11,tubs,4,0,2,winter,0
ITM005,Ice Cream,Frozen,HH001,2026-02-14,0.2,tubs,5,1,2,winter,0
ITM005,Ice Cream,Frozen,HH001,2026-02-16,0.13,tubs,0,0,2,winter,0
ITM005,Ice Cream,Frozen,HH001,2026-02-18,0.12,tubs,2,0,2,winter,0
ITM005,Ice Cream,Frozen,HH001,2026-02-26,0.12,tubs,3,0,2,winter,0
ITM005,Ice Cream,Frozen,HH001,2026-02-28,0.21,tubs,5,1,2,winter,0
ITM005,Ice Cream,Frozen,HH001,2026-03-03,0.09,tubs,1,0,3,spring,0
ITM005,Ice Cream,Frozen,HH001,2026-03-11,0.09,tubs,2,0,3,spring,0
ITM005,Ice Cream,Frozen,HH001,2026-03-14,0.19,tubs,5,1,3,spring,0
ITM005,Ice Cream,Frozen,HH001,2026-03-18,0.17,tubs,2,0,3,spring,0
ITM005,Ice Cream,Frozen,HH001,2026-03-19,0.11,tubs,3,0,3,spring,0
ITM005,Ice Cream,Frozen,HH001,2026-03-21,0.25,tubs,5,1,3,spring,0
ITM005,Ice Cream,Frozen,HH001,2026-03-22,0.15,tubs,6,1,3,spring,0
ITM005,Ice Cream,Frozen,HH001,2026-03-30,0.12,tubs,0,0,3,spring,0
ITM005,Ice Cream,Frozen,HH001,2026-03-31,0.13,tubs,1,0,3,spring,0
ITM005,Ice Cream,Frozen,HH001,2026-04-02,0.12,tubs,3,0,4,spring,0
ITM005,Ice Cream,Frozen,HH001,2026-04-04,0.19,tubs,5,1,4,spring,0
ITM005,Ice Cream,Frozen,HH001,2026-04-08,0.15,tubs,2,0,4,spring,0
ITM005,Ice Cream,Frozen,HH001,2026-04-13,0.1,tubs,0,0,4,spring,0
ITM005,Ice Cream,Frozen,HH001,2026-04-17,0.14,tubs,4,0,4,spring,0
ITM005,Ice Cream,Frozen,HH001,2026-04-18,0.18,tubs,5,1,4,spring,0
ITM005,Ice Cream,Frozen,HH001,2026-04-23,0.13,tubs,3,0,4,spring,0
ITM005,Ice Cream,Frozen,HH001,2026-04-28,0.17,tubs,1,0,4,spring,0
ITM005,Ice Cream,Frozen,HH001,2026-05-04,0.13,tubs,0,0,5,spring,0
ITM005,Ice Cream,Frozen,HH001,2026-05-07,0.15,tubs,3,0,5,spring,0
ITM005,Ice Cream,Frozen,HH001,2026-05-12,0.11,tubs,1,0,5,spring,0
ITM005,Ice Cream,Frozen,HH001,2026-05-13,0.12,tubs,2,0,5,spring,0
ITM005,Ice Cream,Frozen,HH001,2026-05-17,0.16,tubs,6,1,5,spring,0
ITM005,Ice Cream,Frozen,HH001,2026-05-19,0.12,tubs,1,0,5,spring,0
ITM005,Ice Cream,Frozen,HH001,2026-05-24,0.17,tubs,6,1,5,spring,0
ITM005,Ice Cream,Frozen,HH001,2026-06-01,0.3,tubs,0,0,6,summer,0
ITM005,Ice Cream,Frozen,HH001,2026-06-06,0.47,tubs,5,1,6,summer,1
ITM005,Ice Cream,Frozen,HH001,2026-06-09,0.31,tubs,1,0,6,summer,0
ITM005,Ice Cream,Frozen,HH001,2026-06-13,0.51,tubs,5,1,6,summer,0
ITM005,Ice Cream,Frozen,HH001,2026-06-14,0.39,tubs,6,1,6,summer,0
ITM005,Ice Cream,Frozen,HH001,2026-06-20,0.4,tubs,5,1,6,summer,0
ITM005,Ice Cream,Frozen,HH001,2026-06-23,0.27,tubs,1,0,6,summer,0
ITM005,Ice Cream,Frozen,HH001,2026-06-25,0.29,tubs,3,0,6,summer,0
ITM005,Ice Cream,Frozen,HH001,2026-06-27,0.47,tubs,5,1,6,summer,0
ITM005,Ice Cream,Frozen,HH001,2026-06-29,0.34,tubs,0,0,6,summer,0
ITM005,Ice Cream,Frozen,HH002,2026-01-03,0.28,tubs,5,1,1,winter,0
ITM005,Ice Cream,Frozen,HH002,2026-01-08,0.16,tubs,3,0,1,winter,0
ITM005,Ice Cream,Frozen,HH002,2026-01-10,0.16,tubs,5,1,1,winter,0
ITM005,Ice Cream,Frozen,HH002,2026-01-16,0.13,tubs,4,0,1,winter,0
ITM005,Ice Cream,Frozen,HH002,2026-01-17,0.23,tubs,5,1,1,winter,0
ITM005,Ice Cream,Frozen,HH002,2026-02-02,0.22,tubs,0,0,2,winter,0
ITM005,Ice Cream,Frozen,HH002,2026-02-05,0.18,tubs,3,0,2,winter,0
ITM005,Ice Cream,Frozen,HH002,2026-02-06,0.14,tubs,4,0,2,winter,0
ITM005,Ice Cream,Frozen,HH002,2026-02-11,0.17,tubs,2,0,2,winter,0
ITM005,Ice Cream,Frozen,HH002,2026-02-18,0.16,tubs,2,0,2,winter,0
ITM005,Ice Cream,Frozen,HH002,2026-02-19,0.21,tubs,3,0,2,winter,0
ITM005,Ice Cream,Frozen,HH002,2026-02-21,0.12,tubs,5,1,2,winter,0
ITM005,Ice Cream,Frozen,HH002,2026-03-03,0.17,tubs,1,0,3,spring,0
ITM005,Ice Cream,Frozen,HH002,2026-03-08,0.5,tubs,6,1,3,spring,1
ITM005,Ice Cream,Frozen,HH002,2026-03-18,0.15,tubs,2,0,3,spring,0
ITM005,Ice Cream,Frozen,HH002,2026-03-28,0.23,tubs,5,1,3,spring,0
ITM005,Ice Cream,Frozen,HH002,2026-04-07,0.13,tubs,1,0,4,spring,0
ITM005,Ice Cream,Frozen,HH002,2026-04-08,0.11,tubs,2,0,4,spring,0
ITM005,Ice Cream,Frozen,HH002,2026-04-20,0.17,tubs,0,0,4,spring,0
ITM005,Ice Cream,Frozen,HH002,2026-04-22,0.15,tubs,2,0,4,spring,0
ITM005,Ice Cream,Frozen,HH002,2026-04-26,0.22,tubs,6,1,4,spring,0
ITM005,Ice Cream,Frozen,HH002,2026-04-27,0.15,tubs,0,0,4,spring,0
ITM005,Ice Cream,Frozen,HH002,2026-04-29,0.16,tubs,2,0,4,spring,0
ITM005,Ice Cream,Frozen,HH002,2026-05-01,0.26,tubs,4,0,5,spring,1
ITM005,Ice Cream,Frozen,HH002,2026-05-03,0.24,tubs,6,1,5,spring,0
ITM005,Ice Cream,Frozen,HH002,2026-05-05,0.14,tubs,1,0,5,spring,0
ITM005,Ice Cream,Frozen,HH002,2026-05-12,0.18,tubs,1,0,5,spring,0
ITM005,Ice Cream,Frozen,HH002,2026-05-14,0.17,tubs,3,0,5,spring,0
ITM005,Ice Cream,Frozen,HH002,2026-05-17,0.17,tubs,6,1,5,spring,0
ITM005,Ice Cream,Frozen,HH002,2026-05-19,0.18,tubs,1,0,5,spring,0
ITM005,Ice Cream,Frozen,HH002,2026-05-24,0.23,tubs,6,1,5,spring,0
ITM005,Ice Cream,Frozen,HH002,2026-05-30,0.28,tubs,5,1,5,spring,0
ITM005,Ice Cream,Frozen,HH002,2026-06-04,0.29,tubs,3,0,6,summer,0
ITM005,Ice Cream,Frozen,HH002,2026-06-07,0.48,tubs,6,1,6,summer,0
ITM005,Ice Cream,Frozen,HH002,2026-06-14,0.61,tubs,6,1,6,summer,0
ITM005,Ice Cream,Frozen,HH002,2026-06-20,0.53,tubs,5,1,6,summer,0
ITM005,Ice Cream,Frozen,HH002,2026-06-24,0.39,tubs,2,0,6,summer,0
ITM005,Ice Cream,Frozen,HH002,2026-06-25,0.31,tubs,3,0,6,summer,0
ITM005,Ice Cream,Frozen,HH002,2026-06-28,0.45,tubs,6,1,6,summer,0
ITM005,Ice Cream,Frozen,HH003,2026-01-01,0.25,tubs,3,0,1,winter,1
ITM005,Ice Cream,Frozen,HH003,2026-01-10,0.23,tubs,5,1,1,winter,0
ITM005,Ice Cream,Frozen,HH003,2026-01-11,0.18,tubs,6,1,1,winter,0
ITM005,Ice Cream,Frozen,HH003,2026-01-14,0.17,tubs,2,0,1,winter,0
ITM005,Ice Cream,Frozen,HH003,2026-01-18,0.3,tubs,6,1,1,winter,0
ITM005,Ice Cream,Frozen,HH003,2026-01-19,0.17,tubs,0,0,1,winter,0
ITM005,Ice Cream,Frozen,HH003,2026-01-21,0.17,tubs,2,0,1,winter,0
ITM005,Ice Cream,Frozen,HH003,2026-01-22,0.2,tubs,3,0,1,winter,0
ITM005,Ice Cream,Frozen,HH003,2026-02-04,0.21,tubs,2,0,2,winter,0
ITM005,Ice Cream,Frozen,HH003,2026-02-05,0.16,tubs,3,0,2,winter,0
ITM005,Ice Cream,Frozen,HH003,2026-02-07,0.34,tubs,5,1,2,winter,0
ITM005,Ice Cream,Frozen,HH003,2026-02-09,0.13,tubs,0,0,2,winter,0
ITM005,Ice Cream,Frozen,HH003,2026-02-10,0.13,tubs,1,0,2,winter,0
ITM005,Ice Cream,Frozen,HH003,2026-02-11,0.18,tubs,2,0,2,winter,0
ITM005,Ice Cream,Frozen,HH003,2026-02-12,0.15,tubs,3,0,2,winter,0
ITM005,Ice Cream,Frozen,HH003,2026-02-19,0.17,tubs,3,0,2,winter,0
ITM005,Ice Cream,Frozen,HH003,2026-02-23,0.14,tubs,0,0,2,winter,0
ITM005,Ice Cream,Frozen,HH003,2026-02-26,0.18,tubs,3,0,2,winter,0
ITM005,Ice Cream,Frozen,HH003,2026-03-02,0.21,tubs,0,0,3,spring,0
ITM005,Ice Cream,Frozen,HH003,2026-03-05,0.21,tubs,3,0,3,spring,0
ITM005,Ice Cream,Frozen,HH003,2026-03-06,0.16,tubs,4,0,3,spring,0
ITM005,Ice Cream,Frozen,HH003,2026-03-09,0.2,tubs,0,0,3,spring,0
ITM005,Ice Cream,Frozen,HH003,2026-03-18,0.19,tubs,2,0,3,spring,0
ITM005,Ice Cream,Frozen,HH003,2026-03-29,0.29,tubs,6,1,3,spring,0
ITM005,Ice Cream,Frozen,HH003,2026-03-30,0.21,tubs,0,0,3,spring,0
ITM005,Ice Cream,Frozen,HH003,2026-04-02,0.13,tubs,3,0,4,spring,0
ITM005,Ice Cream,Frozen,HH003,2026-04-08,0.18,tubs,2,0,4,spring,0
ITM005,Ice Cream,Frozen,HH003,2026-04-09,0.18,tubs,3,0,4,spring,0
ITM005,Ice Cream,Frozen,HH003,2026-04-14,0.2,tubs,1,0,4,spring,1
ITM005,Ice Cream,Frozen,HH003,2026-04-18,0.29,tubs,5,1,4,spring,0
ITM005,Ice Cream,Frozen,HH003,2026-04-19,0.25,tubs,6,1,4,spring,0
ITM005,Ice Cream,Frozen,HH003,2026-04-20,0.21,tubs,0,0,4,spring,0
ITM005,Ice Cream,Frozen,HH003,2026-04-27,0.22,tubs,0,0,4,spring,0
ITM005,Ice Cream,Frozen,HH003,2026-04-28,0.18,tubs,1,0,4,spring,0
ITM005,Ice Cream,Frozen,HH003,2026-05-04,0.25,tubs,0,0,5,spring,0
ITM005,Ice Cream,Frozen,HH003,2026-05-07,0.23,tubs,3,0,5,spring,0
ITM005,Ice Cream,Frozen,HH003,2026-05-08,0.14,tubs,4,0,5,spring,0
ITM005,Ice Cream,Frozen,HH003,2026-05-12,0.18,tubs,1,0,5,spring,0
ITM005,Ice Cream,Frozen,HH003,2026-05-13,0.2,tubs,2,0,5,spring,0
ITM005,Ice Cream,Frozen,HH003,2026-05-14,0.18,tubs,3,0,5,spring,0
ITM005,Ice Cream,Frozen,HH003,2026-05-15,0.2,tubs,4,0,5,spring,0
ITM005,Ice Cream,Frozen,HH003,2026-05-16,0.21,tubs,5,1,5,spring,0
ITM005,Ice Cream,Frozen,HH003,2026-05-19,0.12,tubs,1,0,5,spring,0
ITM005,Ice Cream,Frozen,HH003,2026-05-29,0.18,tubs,4,0,5,spring,0
ITM005,Ice Cream,Frozen,HH003,2026-06-03,0.32,tubs,2,0,6,summer,0
ITM005,Ice Cream,Frozen,HH003,2026-06-09,0.36,tubs,1,0,6,summer,0
ITM005,Ice Cream,Frozen,HH003,2026-06-15,0.33,tubs,0,0,6,summer,0
ITM005,Ice Cream,Frozen,HH003,2026-06-16,0.44,tubs,1,0,6,summer,0
ITM005,Ice Cream,Frozen,HH003,2026-06-17,0.51,tubs,2,0,6,summer,0
ITM005,Ice Cream,Frozen,HH003,2026-06-19,0.29,tubs,4,0,6,summer,0
ITM005,Ice Cream,Frozen,HH003,2026-06-25,0.39,tubs,3,0,6,summer,0
ITM005,Ice Cream,Frozen,HH003,2026-06-26,0.33,tubs,4,0,6,summer,0
ITM005,Ice Cream,Frozen,HH004,2026-01-01,0.21,tubs,3,0,1,winter,1
ITM005,Ice Cream,Frozen,HH004,2026-01-03,0.18,tubs,5,1,1,winter,0
ITM005,Ice Cream,Frozen,HH004,2026-01-04,0.35,tubs,6,1,1,winter,0
ITM005,Ice Cream,Frozen,HH004,2026-01-05,0.17,tubs,0,0,1,winter,0
ITM005,Ice Cream,Frozen,HH004,2026-01-09,0.18,tubs,4,0,1,winter,0
ITM005,Ice Cream,Frozen,HH004,2026-01-11,0.28,tubs,6,1,1,winter,0
ITM005,Ice Cream,Frozen,HH004,2026-01-14,0.21,tubs,2,0,1,winter,0
ITM005,Ice Cream,Frozen,HH004,2026-01-28,0.22,tubs,2,0,1,winter,0
ITM005,Ice Cream,Frozen,HH004,2026-01-29,0.18,tubs,3,0,1,winter,0
ITM005,Ice Cream,Frozen,HH004,2026-02-14,0.26,tubs,5,1,2,winter,0
ITM005,Ice Cream,Frozen,HH004,2026-02-15,0.32,tubs,6,1,2,winter,0
ITM005,Ice Cream,Frozen,HH004,2026-02-17,0.19,tubs,1,0,2,winter,0
ITM005,Ice Cream,Frozen,HH004,2026-02-18,0.23,tubs,2,0,2,winter,0
ITM005,Ice Cream,Frozen,HH004,2026-02-21,0.33,tubs,5,1,2,winter,0
ITM005,Ice Cream,Frozen,HH004,2026-02-24,0.16,tubs,1,0,2,winter,0
ITM005,Ice Cream,Frozen,HH004,2026-03-01,0.27,tubs,6,1,3,spring,0
ITM005,Ice Cream,Frozen,HH004,2026-03-05,0.2,tubs,3,0,3,spring,0
ITM005,Ice Cream,Frozen,HH004,2026-03-07,0.36,tubs,5,1,3,spring,0
ITM005,Ice Cream,Frozen,HH004,2026-03-14,0.22,tubs,5,1,3,spring,0
ITM005,Ice Cream,Frozen,HH004,2026-03-15,0.31,tubs,6,1,3,spring,0
ITM005,Ice Cream,Frozen,HH004,2026-03-25,0.19,tubs,2,0,3,spring,0
ITM005,Ice Cream,Frozen,HH004,2026-03-28,0.24,tubs,5,1,3,spring,0
ITM005,Ice Cream,Frozen,HH004,2026-04-02,0.23,tubs,3,0,4,spring,0
ITM005,Ice Cream,Frozen,HH004,2026-04-04,0.26,tubs,5,1,4,spring,0
ITM005,Ice Cream,Frozen,HH004,2026-04-07,0.19,tubs,1,0,4,spring,0
ITM005,Ice Cream,Frozen,HH004,2026-04-11,0.33,tubs,5,1,4,spring,0
ITM005,Ice Cream,Frozen,HH004,2026-04-15,0.15,tubs,2,0,4,spring,0
ITM005,Ice Cream,Frozen,HH004,2026-04-16,0.15,tubs,3,0,4,spring,0
ITM005,Ice Cream,Frozen,HH004,2026-04-18,0.24,tubs,5,1,4,spring,0
ITM005,Ice Cream,Frozen,HH004,2026-04-22,0.15,tubs,2,0,4,spring,0
ITM005,Ice Cream,Frozen,HH004,2026-04-23,0.21,tubs,3,0,4,spring,0
ITM005,Ice Cream,Frozen,HH004,2026-04-29,0.21,tubs,2,0,4,spring,0
ITM005,Ice Cream,Frozen,HH004,2026-05-06,0.26,tubs,2,0,5,spring,0
ITM005,Ice Cream,Frozen,HH004,2026-05-08,0.18,tubs,4,0,5,spring,0
ITM005,Ice Cream,Frozen,HH004,2026-05-11,0.19,tubs,0,0,5,spring,0
ITM005,Ice Cream,Frozen,HH004,2026-05-14,0.19,tubs,3,0,5,spring,0
ITM005,Ice Cream,Frozen,HH004,2026-05-16,0.28,tubs,5,1,5,spring,0
ITM005,Ice Cream,Frozen,HH004,2026-05-17,0.22,tubs,6,1,5,spring,0
ITM005,Ice Cream,Frozen,HH004,2026-05-18,0.17,tubs,0,0,5,spring,0
ITM005,Ice Cream,Frozen,HH004,2026-05-19,0.21,tubs,1,0,5,spring,0
ITM005,Ice Cream,Frozen,HH004,2026-06-02,0.4,tubs,1,0,6,summer,0
ITM005,Ice Cream,Frozen,HH004,2026-06-05,0.34,tubs,4,0,6,summer,0
ITM005,Ice Cream,Frozen,HH004,2026-06-06,1.22,tubs,5,1,6,summer,1
ITM005,Ice Cream,Frozen,HH004,2026-06-13,0.9,tubs,5,1,6,summer,0
ITM005,Ice Cream,Frozen,HH004,2026-06-20,0.61,tubs,5,1,6,summer,0
ITM005,Ice Cream,Frozen,HH004,2026-06-21,0.43,tubs,6,1,6,summer,0
ITM005,Ice Cream,Frozen,HH004,2026-06-22,0.48,tubs,0,0,6,summer,0
ITM005,Ice Cream,Frozen,HH004,2026-06-26,0.35,tubs,4,0,6,summer,0
ITM005,Ice Cream,Frozen,HH004,2026-06-29,0.44,tubs,0,0,6,summer,0
ITM005,Ice Cream,Frozen,HH005,2026-01-01,0.13,tubs,3,0,1,winter,1
ITM005,Ice Cream,Frozen,HH005,2026-01-02,0.12,tubs,4,0,1,winter,0
ITM005,Ice Cream,Frozen,HH005,2026-01-04,0.16,tubs,6,1,1,winter,0
ITM005,Ice Cream,Frozen,HH005,2026-01-10,0.15,tubs,5,1,1,winter,0
ITM005,Ice Cream,Frozen,HH005,2026-01-14,0.1,tubs,2,0,1,winter,0
ITM005,Ice Cream,Frozen,HH005,2026-01-17,0.18,tubs,5,1,1,winter,0
ITM005,Ice Cream,Frozen,HH005,2026-01-19,0.07,tubs,0,0,1,winter,0
ITM005,Ice Cream,Frozen,HH005,2026-01-22,0.11,tubs,3,0,1,winter,0
ITM005,Ice Cream,Frozen,HH005,2026-01-23,0.1,tubs,4,0,1,winter,0
ITM005,Ice Cream,Frozen,HH005,2026-01-24,0.11,tubs,5,1,1,winter,0
ITM005,Ice Cream,Frozen,HH005,2026-01-29,0.12,tubs,3,0,1,winter,0
ITM005,Ice Cream,Frozen,HH005,2026-02-07,0.08,tubs,5,1,2,winter,0
ITM005,Ice Cream,Frozen,HH005,2026-02-09,0.09,tubs,0,0,2,winter,0
ITM005,Ice Cream,Frozen,HH005,2026-02-10,0.15,tubs,1,0,2,winter,0
ITM005,Ice Cream,Frozen,HH005,2026-02-17,0.1,tubs,1,0,2,winter,0
ITM005,Ice Cream,Frozen,HH005,2026-02-19,0.07,tubs,3,0,2,winter,0
ITM005,Ice Cream,Frozen,HH005,2026-02-25,0.11,tubs,2,0,2,winter,0
ITM005,Ice Cream,Frozen,HH005,2026-03-04,0.09,tubs,2,0,3,spring,0
ITM005,Ice Cream,Frozen,HH005,2026-03-05,0.12,tubs,3,0,3,spring,0
ITM005,Ice Cream,Frozen,HH005,2026-03-06,0.1,tubs,4,0,3,spring,0
ITM005,Ice Cream,Frozen,HH005,2026-03-15,0.1,tubs,6,1,3,spring,0
ITM005,Ice Cream,Frozen,HH005,2026-03-16,0.09,tubs,0,0,3,spring,0
ITM005,Ice Cream,Frozen,HH005,2026-03-17,0.11,tubs,1,0,3,spring,0
ITM005,Ice Cream,Frozen,HH005,2026-03-19,0.11,tubs,3,0,3,spring,0
ITM005,Ice Cream,Frozen,HH005,2026-03-21,0.14,tubs,5,1,3,spring,0
ITM005,Ice Cream,Frozen,HH005,2026-03-22,0.21,tubs,6,1,3,spring,0
ITM005,Ice Cream,Frozen,HH005,2026-03-30,0.1,tubs,0,0,3,spring,0
ITM005,Ice Cream,Frozen,HH005,2026-03-31,0.09,tubs,1,0,3,spring,0
ITM005,Ice Cream,Frozen,HH005,2026-04-02,0.09,tubs,3,0,4,spring,0
ITM005,Ice Cream,Frozen,HH005,2026-04-07,0.09,tubs,1,0,4,spring,0
ITM005,Ice Cream,Frozen,HH005,2026-04-12,0.13,tubs,6,1,4,spring,0
ITM005,Ice Cream,Frozen,HH005,2026-04-16,0.09,tubs,3,0,4,spring,0
ITM005,Ice Cream,Frozen,HH005,2026-04-21,0.1,tubs,1,0,4,spring,0
ITM005,Ice Cream,Frozen,HH005,2026-04-22,0.11,tubs,2,0,4,spring,0
ITM005,Ice Cream,Frozen,HH005,2026-04-26,0.14,tubs,6,1,4,spring,0
ITM005,Ice Cream,Frozen,HH005,2026-04-27,0.12,tubs,0,0,4,spring,0
ITM005,Ice Cream,Frozen,HH005,2026-04-29,0.1,tubs,2,0,4,spring,0
ITM005,Ice Cream,Frozen,HH005,2026-05-06,0.11,tubs,2,0,5,spring,0
ITM005,Ice Cream,Frozen,HH005,2026-05-07,0.1,tubs,3,0,5,spring,0
ITM005,Ice Cream,Frozen,HH005,2026-05-11,0.08,tubs,0,0,5,spring,0
ITM005,Ice Cream,Frozen,HH005,2026-05-16,0.14,tubs,5,1,5,spring,0
ITM005,Ice Cream,Frozen,HH005,2026-05-24,0.22,tubs,6,1,5,spring,0
ITM005,Ice Cream,Frozen,HH005,2026-05-25,0.1,tubs,0,0,5,spring,0
ITM005,Ice Cream,Frozen,HH005,2026-05-26,0.12,tubs,1,0,5,spring,0
ITM005,Ice Cream,Frozen,HH005,2026-05-31,0.16,tubs,6,1,5,spring,0
ITM005,Ice Cream,Frozen,HH005,2026-06-05,0.19,tubs,4,0,6,summer,0
ITM005,Ice Cream,Frozen,HH005,2026-06-09,0.18,tubs,1,0,6,summer,0
ITM005,Ice Cream,Frozen,HH005,2026-06-10,0.33,tubs,2,0,6,summer,0
ITM005,Ice Cream,Frozen,HH005,2026-06-16,0.26,tubs,1,0,6,summer,0
ITM005,Ice Cream,Frozen,HH005,2026-06-19,0.35,tubs,4,0,6,summer,0
ITM005,Ice Cream,Frozen,HH005,2026-06-21,0.34,tubs,6,1,6,summer,0
ITM005,Ice Cream,Frozen,HH006,2026-01-03,0.14,tubs,5,1,1,winter,0
ITM005,Ice Cream,Frozen,HH006,2026-01-04,0.16,tubs,6,1,1,winter,0
ITM005,Ice Cream,Frozen,HH006,2026-01-05,0.17,tubs,0,0,1,winter,0
ITM005,Ice Cream,Frozen,HH006,2026-01-15,0.09,tubs,3,0,1,winter,0
ITM005,Ice Cream,Frozen,HH006,2026-01-20,0.14,tubs,1,0,1,winter,0
ITM005,Ice Cream,Frozen,HH006,2026-01-23,0.13,tubs,4,0,1,winter,0
ITM005,Ice Cream,Frozen,HH006,2026-01-26,0.18,tubs,0,0,1,winter,1
ITM005,Ice Cream,Frozen,HH006,2026-01-27,0.14,tubs,1,0,1,winter,0
ITM005,Ice Cream,Frozen,HH006,2026-01-28,0.12,tubs,2,0,1,winter,0
ITM005,Ice Cream,Frozen,HH006,2026-02-05,0.13,tubs,3,0,2,winter,0
ITM005,Ice Cream,Frozen,HH006,2026-02-08,0.12,tubs,6,1,2,winter,0
ITM005,Ice Cream,Frozen,HH006,2026-02-10,0.14,tubs,1,0,2,winter,0
ITM005,Ice Cream,Frozen,HH006,2026-02-18,0.16,tubs,2,0,2,winter,0
ITM005,Ice Cream,Frozen,HH006,2026-02-19,0.11,tubs,3,0,2,winter,0
ITM005,Ice Cream,Frozen,HH006,2026-02-22,0.19,tubs,6,1,2,winter,0
ITM005,Ice Cream,Frozen,HH006,2026-02-26,0.14,tubs,3,0,2,winter,0
ITM005,Ice Cream,Frozen,HH006,2026-02-27,0.17,tubs,4,0,2,winter,0
ITM005,Ice Cream,Frozen,HH006,2026-03-03,0.14,tubs,1,0,3,spring,0
ITM005,Ice Cream,Frozen,HH006,2026-03-05,0.16,tubs,3,0,3,spring,0
ITM005,Ice Cream,Frozen,HH006,2026-03-19,0.15,tubs,3,0,3,spring,0
ITM005,Ice Cream,Frozen,HH006,2026-03-23,0.13,tubs,0,0,3,spring,0
ITM005,Ice Cream,Frozen,HH006,2026-03-26,0.1,tubs,3,0,3,spring,0
ITM005,Ice Cream,Frozen,HH006,2026-03-30,0.16,tubs,0,0,3,spring,0
ITM005,Ice Cream,Frozen,HH006,2026-04-08,0.15,tubs,2,0,4,spring,0
ITM005,Ice Cream,Frozen,HH006,2026-04-09,0.16,tubs,3,0,4,spring,0
ITM005,Ice Cream,Frozen,HH006,2026-04-10,0.15,tubs,4,0,4,spring,0
ITM005,Ice Cream,Frozen,HH006,2026-04-15,0.12,tubs,2,0,4,spring,0
ITM005,Ice Cream,Frozen,HH006,2026-04-23,0.08,tubs,3,0,4,spring,0
ITM005,Ice Cream,Frozen,HH006,2026-04-28,0.1,tubs,1,0,4,spring,0
ITM005,Ice Cream,Frozen,HH006,2026-04-29,0.13,tubs,2,0,4,spring,0
ITM005,Ice Cream,Frozen,HH006,2026-04-30,0.09,tubs,3,0,4,spring,0
ITM005,Ice Cream,Frozen,HH006,2026-05-01,0.28,tubs,4,0,5,spring,1
ITM005,Ice Cream,Frozen,HH006,2026-05-02,0.16,tubs,5,1,5,spring,0
ITM005,Ice Cream,Frozen,HH006,2026-05-05,0.12,tubs,1,0,5,spring,0
ITM005,Ice Cream,Frozen,HH006,2026-05-07,0.12,tubs,3,0,5,spring,0
ITM005,Ice Cream,Frozen,HH006,2026-05-12,0.12,tubs,1,0,5,spring,0
ITM005,Ice Cream,Frozen,HH006,2026-05-13,0.13,tubs,2,0,5,spring,0
ITM005,Ice Cream,Frozen,HH006,2026-05-21,0.12,tubs,3,0,5,spring,0
ITM005,Ice Cream,Frozen,HH006,2026-05-23,0.17,tubs,5,1,5,spring,0
ITM005,Ice Cream,Frozen,HH006,2026-05-27,0.15,tubs,2,0,5,spring,0
ITM005,Ice Cream,Frozen,HH006,2026-06-01,0.27,tubs,0,0,6,summer,0
ITM005,Ice Cream,Frozen,HH006,2026-06-02,0.31,tubs,1,0,6,summer,0
ITM005,Ice Cream,Frozen,HH006,2026-06-04,0.25,tubs,3,0,6,summer,0
ITM005,Ice Cream,Frozen,HH006,2026-06-05,0.33,tubs,4,0,6,summer,0
ITM005,Ice Cream,Frozen,HH006,2026-06-07,0.48,tubs,6,1,6,summer,0
ITM005,Ice Cream,Frozen,HH006,2026-06-09,0.25,tubs,1,0,6,summer,0
ITM005,Ice Cream,Frozen,HH006,2026-06-10,0.17,tubs,2,0,6,summer,0
ITM005,Ice Cream,Frozen,HH006,2026-06-12,0.34,tubs,4,0,6,summer,0
ITM005,Ice Cream,Frozen,HH006,2026-06-14,0.44,tubs,6,1,6,summer,0
ITM005,Ice Cream,Frozen,HH006,2026-06-17,0.37,tubs,2,0,6,summer,0
ITM005,Ice Cream,Frozen,HH006,2026-06-19,0.38,tubs,4,0,6,summer,0
ITM005,Ice Cream,Frozen,HH007,2026-01-01,0.26,tubs,3,0,1,winter,1
ITM005,Ice Cream,Frozen,HH007,2026-01-02,0.2,tubs,4,0,1,winter,0
ITM005,Ice Cream,Frozen,HH007,2026-01-07,0.14,tubs,2,0,1,winter,0
ITM005,Ice Cream,Frozen,HH007,2026-01-08,0.13,tubs,3,0,1,winter,0
ITM005,Ice Cream,Frozen,HH007,2026-01-10,0.19,tubs,5,1,1,winter,0
ITM005,Ice Cream,Frozen,HH007,2026-01-16,0.14,tubs,4,0,1,winter,0
ITM005,Ice Cream,Frozen,HH007,2026-01-19,0.15,tubs,0,0,1,winter,0
ITM005,Ice Cream,Frozen,HH007,2026-01-20,0.17,tubs,1,0,1,winter,0
ITM005,Ice Cream,Frozen,HH007,2026-01-24,0.22,tubs,5,1,1,winter,0
ITM005,Ice Cream,Frozen,HH007,2026-01-27,0.2,tubs,1,0,1,winter,0
ITM005,Ice Cream,Frozen,HH007,2026-01-30,0.12,tubs,4,0,1,winter,0
ITM005,Ice Cream,Frozen,HH007,2026-02-03,0.16,tubs,1,0,2,winter,0
ITM005,Ice Cream,Frozen,HH007,2026-02-05,0.13,tubs,3,0,2,winter,0
ITM005,Ice Cream,Frozen,HH007,2026-02-13,0.15,tubs,4,0,2,winter,0
ITM005,Ice Cream,Frozen,HH007,2026-02-15,0.23,tubs,6,1,2,winter,0
ITM005,Ice Cream,Frozen,HH007,2026-02-17,0.14,tubs,1,0,2,winter,0
ITM005,Ice Cream,Frozen,HH007,2026-02-20,0.13,tubs,4,0,2,winter,0
ITM005,Ice Cream,Frozen,HH007,2026-02-24,0.2,tubs,1,0,2,winter,0
ITM005,Ice Cream,Frozen,HH007,2026-03-06,0.11,tubs,4,0,3,spring,0
ITM005,Ice Cream,Frozen,HH007,2026-03-10,0.13,tubs,1,0,3,spring,0
ITM005,Ice Cream,Frozen,HH007,2026-03-13,0.14,tubs,4,0,3,spring,0
ITM005,Ice Cream,Frozen,HH007,2026-03-20,0.14,tubs,4,0,3,spring,0
ITM005,Ice Cream,Frozen,HH007,2026-03-21,0.16,tubs,5,1,3,spring,0
ITM005,Ice Cream,Frozen,HH007,2026-03-24,0.12,tubs,1,0,3,spring,0
ITM005,Ice Cream,Frozen,HH007,2026-03-28,0.14,tubs,5,1,3,spring,0
ITM005,Ice Cream,Frozen,HH007,2026-04-02,0.13,tubs,3,0,4,spring,0
ITM005,Ice Cream,Frozen,HH007,2026-04-05,0.2,tubs,6,1,4,spring,0
ITM005,Ice Cream,Frozen,HH007,2026-04-12,0.25,tubs,6,1,4,spring,0
ITM005,Ice Cream,Frozen,HH007,2026-04-18,0.17,tubs,5,1,4,spring,0
ITM005,Ice Cream,Frozen,HH007,2026-04-19,0.23,tubs,6,1,4,spring,0
ITM005,Ice Cream,Frozen,HH007,2026-04-23,0.17,tubs,3,0,4,spring,0
ITM005,Ice Cream,Frozen,HH007,2026-04-24,0.12,tubs,4,0,4,spring,0
ITM005,Ice Cream,Frozen,HH007,2026-04-25,0.2,tubs,5,1,4,spring,0
ITM005,Ice Cream,Frozen,HH007,2026-04-26,0.24,tubs,6,1,4,spring,0
ITM005,Ice Cream,Frozen,HH007,2026-05-02,0.25,tubs,5,1,5,spring,0
ITM005,Ice Cream,Frozen,HH007,2026-05-05,0.13,tubs,1,0,5,spring,0
ITM005,Ice Cream,Frozen,HH007,2026-05-12,0.12,tubs,1,0,5,spring,0
ITM005,Ice Cream,Frozen,HH007,2026-05-15,0.17,tubs,4,0,5,spring,0
ITM005,Ice Cream,Frozen,HH007,2026-05-17,0.16,tubs,6,1,5,spring,0
ITM005,Ice Cream,Frozen,HH007,2026-05-24,0.22,tubs,6,1,5,spring,0
ITM005,Ice Cream,Frozen,HH007,2026-05-25,0.14,tubs,0,0,5,spring,0
ITM005,Ice Cream,Frozen,HH007,2026-05-30,0.18,tubs,5,1,5,spring,0
ITM005,Ice Cream,Frozen,HH007,2026-05-31,0.24,tubs,6,1,5,spring,0
ITM005,Ice Cream,Frozen,HH007,2026-06-06,0.65,tubs,5,1,6,summer,1
ITM005,Ice Cream,Frozen,HH007,2026-06-08,0.27,tubs,0,0,6,summer,0
ITM005,Ice Cream,Frozen,HH007,2026-06-12,0.43,tubs,4,0,6,summer,0
ITM005,Ice Cream,Frozen,HH007,2026-06-13,0.38,tubs,5,1,6,summer,0
ITM005,Ice Cream,Frozen,HH007,2026-06-14,0.52,tubs,6,1,6,summer,0
ITM005,Ice Cream,Frozen,HH007,2026-06-15,0.36,tubs,0,0,6,summer,0
ITM005,Ice Cream,Frozen,HH007,2026-06-22,0.36,tubs,0,0,6,summer,0
ITM005,Ice Cream,Frozen,HH007,2026-06-29,0.26,tubs,0,0,6,summer,0
ITM005,Ice Cream,Frozen,HH008,2026-01-07,0.16,tubs,2,0,1,winter,0
ITM005,Ice Cream,Frozen,HH008,2026-01-08,0.21,tubs,3,0,1,winter,0
ITM005,Ice Cream,Frozen,HH008,2026-01-13,0.21,tubs,1,0,1,winter,0
ITM005,Ice Cream,Frozen,HH008,2026-01-16,0.18,tubs,4,0,1,winter,0
ITM005,Ice Cream,Frozen,HH008,2026-01-17,0.23,tubs,5,1,1,winter,0
ITM005,Ice Cream,Frozen,HH008,2026-01-23,0.22,tubs,4,0,1,winter,0
ITM005,Ice Cream,Frozen,HH008,2026-01-28,0.18,tubs,2,0,1,winter,0
ITM005,Ice Cream,Frozen,HH008,2026-01-30,0.16,tubs,4,0,1,winter,0
ITM005,Ice Cream,Frozen,HH008,2026-02-02,0.22,tubs,0,0,2,winter,0
ITM005,Ice Cream,Frozen,HH008,2026-02-06,0.16,tubs,4,0,2,winter,0
ITM005,Ice Cream,Frozen,HH008,2026-02-15,0.2,tubs,6,1,2,winter,0
ITM005,Ice Cream,Frozen,HH008,2026-02-22,0.26,tubs,6,1,2,winter,0
ITM005,Ice Cream,Frozen,HH008,2026-02-25,0.16,tubs,2,0,2,winter,0
ITM005,Ice Cream,Frozen,HH008,2026-03-04,0.18,tubs,2,0,3,spring,0
ITM005,Ice Cream,Frozen,HH008,2026-03-09,0.17,tubs,0,0,3,spring,0
ITM005,Ice Cream,Frozen,HH008,2026-03-12,0.21,tubs,3,0,3,spring,0
ITM005,Ice Cream,Frozen,HH008,2026-03-14,0.28,tubs,5,1,3,spring,0
ITM005,Ice Cream,Frozen,HH008,2026-03-17,0.13,tubs,1,0,3,spring,0
ITM005,Ice Cream,Frozen,HH008,2026-03-20,0.23,tubs,4,0,3,spring,0
ITM005,Ice Cream,Frozen,HH008,2026-03-21,0.22,tubs,5,1,3,spring,0
ITM005,Ice Cream,Frozen,HH008,2026-04-01,0.17,tubs,2,0,4,spring,0
ITM005,Ice Cream,Frozen,HH008,2026-04-10,0.23,tubs,4,0,4,spring,0
ITM005,Ice Cream,Frozen,HH008,2026-04-14,0.2,tubs,1,0,4,spring,1
ITM005,Ice Cream,Frozen,HH008,2026-04-15,0.17,tubs,2,0,4,spring,0
ITM005,Ice Cream,Frozen,HH008,2026-04-16,0.13,tubs,3,0,4,spring,0
ITM005,Ice Cream,Frozen,HH008,2026-04-19,0.16,tubs,6,1,4,spring,0
ITM005,Ice Cream,Frozen,HH008,2026-04-22,0.22,tubs,2,0,4,spring,0
ITM005,Ice Cream,Frozen,HH008,2026-04-25,0.16,tubs,5,1,4,spring,0
ITM005,Ice Cream,Frozen,HH008,2026-04-27,0.17,tubs,0,0,4,spring,0
ITM005,Ice Cream,Frozen,HH008,2026-04-29,0.19,tubs,2,0,4,spring,0
ITM005,Ice Cream,Frozen,HH008,2026-05-03,0.25,tubs,6,1,5,spring,0
ITM005,Ice Cream,Frozen,HH008,2026-05-04,0.19,tubs,0,0,5,spring,0
ITM005,Ice Cream,Frozen,HH008,2026-05-11,0.19,tubs,0,0,5,spring,0
ITM005,Ice Cream,Frozen,HH008,2026-05-18,0.17,tubs,0,0,5,spring,0
ITM005,Ice Cream,Frozen,HH008,2026-05-19,0.19,tubs,1,0,5,spring,0
ITM005,Ice Cream,Frozen,HH008,2026-05-20,0.18,tubs,2,0,5,spring,0
ITM005,Ice Cream,Frozen,HH008,2026-05-22,0.22,tubs,4,0,5,spring,0
ITM005,Ice Cream,Frozen,HH008,2026-05-24,0.18,tubs,6,1,5,spring,0
ITM005,Ice Cream,Frozen,HH008,2026-05-29,0.23,tubs,4,0,5,spring,0
ITM005,Ice Cream,Frozen,HH008,2026-06-04,0.32,tubs,3,0,6,summer,0
ITM005,Ice Cream,Frozen,HH008,2026-06-05,0.29,tubs,4,0,6,summer,0
ITM005,Ice Cream,Frozen,HH008,2026-06-08,0.41,tubs,0,0,6,summer,0
ITM005,Ice Cream,Frozen,HH008,2026-06-12,0.39,tubs,4,0,6,summer,0
ITM005,Ice Cream,Frozen,HH008,2026-06-15,0.34,tubs,0,0,6,summer,0
ITM005,Ice Cream,Frozen,HH008,2026-06-20,0.59,tubs,5,1,6,summer,0
ITM005,Ice Cream,Frozen,HH008,2026-06-23,0.34,tubs,1,0,6,summer,0
ITM005,Ice Cream,Frozen,HH009,2026-01-04,0.23,tubs,6,1,1,winter,0
ITM005,Ice Cream,Frozen,HH009,2026-01-05,0.17,tubs,0,0,1,winter,0
ITM005,Ice Cream,Frozen,HH009,2026-01-06,0.22,tubs,1,0,1,winter,0
ITM005,Ice Cream,Frozen,HH009,2026-01-09,0.2,tubs,4,0,1,winter,0
ITM005,Ice Cream,Frozen,HH009,2026-01-12,0.22,tubs,0,0,1,winter,0
ITM005,Ice Cream,Frozen,HH009,2026-01-19,0.2,tubs,0,0,1,winter,0
ITM005,Ice Cream,Frozen,HH009,2026-01-21,0.17,tubs,2,0,1,winter,0
ITM005,Ice Cream,Frozen,HH009,2026-01-22,0.19,tubs,3,0,1,winter,0
ITM005,Ice Cream,Frozen,HH009,2026-01-26,0.42,tubs,0,0,1,winter,1
ITM005,Ice Cream,Frozen,HH009,2026-02-03,0.23,tubs,1,0,2,winter,0
ITM005,Ice Cream,Frozen,HH009,2026-02-04,0.16,tubs,2,0,2,winter,0
ITM005,Ice Cream,Frozen,HH009,2026-02-15,0.19,tubs,6,1,2,winter,0
ITM005,Ice Cream,Frozen,HH009,2026-02-16,0.24,tubs,0,0,2,winter,0
ITM005,Ice Cream,Frozen,HH009,2026-02-23,0.13,tubs,0,0,2,winter,0
ITM005,Ice Cream,Frozen,HH009,2026-02-27,0.24,tubs,4,0,2,winter,0
ITM005,Ice Cream,Frozen,HH009,2026-03-02,0.14,tubs,0,0,3,spring,0
ITM005,Ice Cream,Frozen,HH009,2026-03-03,0.21,tubs,1,0,3,spring,0
ITM005,Ice Cream,Frozen,HH009,2026-03-05,0.22,tubs,3,0,3,spring,0
ITM005,Ice Cream,Frozen,HH009,2026-04-01,0.18,tubs,2,0,4,spring,0
ITM005,Ice Cream,Frozen,HH009,2026-04-06,0.13,tubs,0,0,4,spring,0
ITM005,Ice Cream,Frozen,HH009,2026-04-15,0.21,tubs,2,0,4,spring,0
ITM005,Ice Cream,Frozen,HH009,2026-04-17,0.13,tubs,4,0,4,spring,0
ITM005,Ice Cream,Frozen,HH009,2026-04-18,0.49,tubs,5,1,4,spring,0
ITM005,Ice Cream,Frozen,HH009,2026-04-21,0.23,tubs,1,0,4,spring,0
ITM005,Ice Cream,Frozen,HH009,2026-04-24,0.18,tubs,4,0,4,spring,0
ITM005,Ice Cream,Frozen,HH009,2026-04-26,0.25,tubs,6,1,4,spring,0
ITM005,Ice Cream,Frozen,HH009,2026-04-27,0.14,tubs,0,0,4,spring,0
ITM005,Ice Cream,Frozen,HH009,2026-04-29,0.16,tubs,2,0,4,spring,0
ITM005,Ice Cream,Frozen,HH009,2026-05-11,0.16,tubs,0,0,5,spring,0
ITM005,Ice Cream,Frozen,HH009,2026-05-12,0.17,tubs,1,0,5,spring,0
ITM005,Ice Cream,Frozen,HH009,2026-05-13,0.21,tubs,2,0,5,spring,0
ITM005,Ice Cream,Frozen,HH009,2026-05-14,0.24,tubs,3,0,5,spring,0
ITM005,Ice Cream,Frozen,HH009,2026-05-16,0.24,tubs,5,1,5,spring,0
ITM005,Ice Cream,Frozen,HH009,2026-05-21,0.23,tubs,3,0,5,spring,0
ITM005,Ice Cream,Frozen,HH009,2026-05-26,0.15,tubs,1,0,5,spring,0
ITM005,Ice Cream,Frozen,HH009,2026-05-31,0.27,tubs,6,1,5,spring,0
ITM005,Ice Cream,Frozen,HH009,2026-06-05,0.35,tubs,4,0,6,summer,0
ITM005,Ice Cream,Frozen,HH009,2026-06-08,0.34,tubs,0,0,6,summer,0
ITM005,Ice Cream,Frozen,HH009,2026-06-11,0.54,tubs,3,0,6,summer,0
ITM005,Ice Cream,Frozen,HH009,2026-06-12,0.58,tubs,4,0,6,summer,0
ITM005,Ice Cream,Frozen,HH009,2026-06-16,0.37,tubs,1,0,6,summer,0
ITM005,Ice Cream,Frozen,HH009,2026-06-17,0.38,tubs,2,0,6,summer,0
ITM005,Ice Cream,Frozen,HH009,2026-06-18,0.31,tubs,3,0,6,summer,0
ITM005,Ice Cream,Frozen,HH009,2026-06-24,0.5,tubs,2,0,6,summer,0
ITM005,Ice Cream,Frozen,HH009,2026-06-28,0.59,tubs,6,1,6,summer,0
ITM005,Ice Cream,Frozen,HH010,2026-01-02,0.1,tubs,4,0,1,winter,0
ITM005,Ice Cream,Frozen,HH010,2026-01-03,0.14,tubs,5,1,1,winter,0
ITM005,Ice Cream,Frozen,HH010,2026-01-12,0.07,tubs,0,0,1,winter,0
ITM005,Ice Cream,Frozen,HH010,2026-01-13,0.08,tubs,1,0,1,winter,0
ITM005,Ice Cream,Frozen,HH010,2026-01-18,0.13,tubs,6,1,1,winter,0
ITM005,Ice Cream,Frozen,HH010,2026-01-20,0.09,tubs,1,0,1,winter,0
ITM005,Ice Cream,Frozen,HH010,2026-01-22,0.08,tubs,3,0,1,winter,0
ITM005,Ice Cream,Frozen,HH010,2026-01-25,0.2,tubs,6,1,1,winter,0
ITM005,Ice Cream,Frozen,HH010,2026-01-30,0.1,tubs,4,0,1,winter,0
ITM005,Ice Cream,Frozen,HH010,2026-02-01,0.2,tubs,6,1,2,winter,0
ITM005,Ice Cream,Frozen,HH010,2026-02-02,0.12,tubs,0,0,2,winter,0
ITM005,Ice Cream,Frozen,HH010,2026-02-05,0.08,tubs,3,0,2,winter,0
ITM005,Ice Cream,Frozen,HH010,2026-02-10,0.11,tubs,1,0,2,winter,0
ITM005,Ice Cream,Frozen,HH010,2026-02-11,0.08,tubs,2,0,2,winter,0
ITM005,Ice Cream,Frozen,HH010,2026-02-14,0.13,tubs,5,1,2,winter,0
ITM005,Ice Cream,Frozen,HH010,2026-02-15,0.15,tubs,6,1,2,winter,0
ITM005,Ice Cream,Frozen,HH010,2026-02-20,0.11,tubs,4,0,2,winter,0
ITM005,Ice Cream,Frozen,HH010,2026-03-02,0.13,tubs,0,0,3,spring,0
ITM005,Ice Cream,Frozen,HH010,2026-03-11,0.1,tubs,2,0,3,spring,0
ITM005,Ice Cream,Frozen,HH010,2026-03-12,0.08,tubs,3,0,3,spring,0
ITM005,Ice Cream,Frozen,HH010,2026-03-13,0.07,tubs,4,0,3,spring,0
ITM005,Ice Cream,Frozen,HH010,2026-03-14,0.23,tubs,5,1,3,spring,0
ITM005,Ice Cream,Frozen,HH010,2026-03-17,0.08,tubs,1,0,3,spring,0
ITM005,Ice Cream,Frozen,HH010,2026-03-21,0.12,tubs,5,1,3,spring,0
ITM005,Ice Cream,Frozen,HH010,2026-03-22,0.14,tubs,6,1,3,spring,0
ITM005,Ice Cream,Frozen,HH010,2026-03-24,0.11,tubs,1,0,3,spring,0
ITM005,Ice Cream,Frozen,HH010,2026-03-28,0.14,tubs,5,1,3,spring,0
ITM005,Ice Cream,Frozen,HH010,2026-04-05,0.15,tubs,6,1,4,spring,0
ITM005,Ice Cream,Frozen,HH010,2026-04-07,0.14,tubs,1,0,4,spring,0
ITM005,Ice Cream,Frozen,HH010,2026-04-09,0.1,tubs,3,0,4,spring,0
ITM005,Ice Cream,Frozen,HH010,2026-04-10,0.11,tubs,4,0,4,spring,0
ITM005,Ice Cream,Frozen,HH010,2026-04-12,0.13,tubs,6,1,4,spring,0
ITM005,Ice Cream,Frozen,HH010,2026-04-14,0.18,tubs,1,0,4,spring,1
ITM005,Ice Cream,Frozen,HH010,2026-04-16,0.07,tubs,3,0,4,spring,0
ITM005,Ice Cream,Frozen,HH010,2026-04-17,0.08,tubs,4,0,4,spring,0
ITM005,Ice Cream,Frozen,HH010,2026-04-23,0.08,tubs,3,0,4,spring,0
ITM005,Ice Cream,Frozen,HH010,2026-04-24,0.12,tubs,4,0,4,spring,0
ITM005,Ice Cream,Frozen,HH010,2026-04-25,0.15,tubs,5,1,4,spring,0
ITM005,Ice Cream,Frozen,HH010,2026-05-08,0.11,tubs,4,0,5,spring,0
ITM005,Ice Cream,Frozen,HH010,2026-05-16,0.09,tubs,5,1,5,spring,0
ITM005,Ice Cream,Frozen,HH010,2026-05-20,0.14,tubs,2,0,5,spring,0
ITM005,Ice Cream,Frozen,HH010,2026-05-22,0.1,tubs,4,0,5,spring,0
ITM005,Ice Cream,Frozen,HH010,2026-05-26,0.08,tubs,1,0,5,spring,0
ITM005,Ice Cream,Frozen,HH010,2026-05-28,0.09,tubs,3,0,5,spring,0
ITM005,Ice Cream,Frozen,HH010,2026-05-29,0.09,tubs,4,0,5,spring,0
ITM005,Ice Cream,Frozen,HH010,2026-06-02,0.19,tubs,1,0,6,summer,0
ITM005,Ice Cream,Frozen,HH010,2026-06-03,0.26,tubs,2,0,6,summer,0
ITM005,Ice Cream,Frozen,HH010,2026-06-07,0.39,tubs,6,1,6,summer,0
ITM005,Ice Cream,Frozen,HH010,2026-06-09,0.24,tubs,1,0,6,summer,0
ITM005,Ice Cream,Frozen,HH010,2026-06-14,0.33,tubs,6,1,6,summer,0
ITM005,Ice Cream,Frozen,HH010,2026-06-21,0.3,tubs,6,1,6,summer,0
ITM005,Ice Cream,Frozen,HH010,2026-06-26,0.2,tubs,4,0,6,summer,0
ITM005,Ice Cream,Frozen,HH010,2026-06-29,0.26,tubs,0,0,6,summer,0
ITM005,Ice Cream,Frozen,HH011,2026-01-01,0.2,tubs,3,0,1,winter,1
ITM005,Ice Cream,Frozen,HH011,2026-01-02,0.16,tubs,4,0,1,winter,0
ITM005,Ice Cream,Frozen,HH011,2026-01-06,0.14,tubs,1,0,1,winter,0
ITM005,Ice Cream,Frozen,HH011,2026-01-11,0.14,tubs,6,1,1,winter,0
ITM005,Ice Cream,Frozen,HH011,2026-01-13,0.12,tubs,1,0,1,winter,0
ITM005,Ice Cream,Frozen,HH011,2026-01-15,0.12,tubs,3,0,1,winter,0
ITM005,Ice Cream,Frozen,HH011,2026-01-16,0.11,tubs,4,0,1,winter,0
ITM005,Ice Cream,Frozen,HH011,2026-01-23,0.12,tubs,4,0,1,winter,0
ITM005,Ice Cream,Frozen,HH011,2026-01-25,0.2,tubs,6,1,1,winter,0
ITM005,Ice Cream,Frozen,HH011,2026-01-31,0.14,tubs,5,1,1,winter,0
ITM005,Ice Cream,Frozen,HH011,2026-02-03,0.17,tubs,1,0,2,winter,0
ITM005,Ice Cream,Frozen,HH011,2026-02-06,0.13,tubs,4,0,2,winter,0
ITM005,Ice Cream,Frozen,HH011,2026-02-11,0.23,tubs,2,0,2,winter,0
ITM005,Ice Cream,Frozen,HH011,2026-02-12,0.11,tubs,3,0,2,winter,0
ITM005,Ice Cream,Frozen,HH011,2026-02-14,0.2,tubs,5,1,2,winter,0
ITM005,Ice Cream,Frozen,HH011,2026-02-16,0.15,tubs,0,0,2,winter,0
ITM005,Ice Cream,Frozen,HH011,2026-02-18,0.11,tubs,2,0,2,winter,0
ITM005,Ice Cream,Frozen,HH011,2026-02-23,0.15,tubs,0,0,2,winter,0
ITM005,Ice Cream,Frozen,HH011,2026-02-24,0.07,tubs,1,0,2,winter,0
ITM005,Ice Cream,Frozen,HH011,2026-02-27,0.12,tubs,4,0,2,winter,0
ITM005,Ice Cream,Frozen,HH011,2026-03-02,0.1,tubs,0,0,3,spring,0
ITM005,Ice Cream,Frozen,HH011,2026-03-04,0.17,tubs,2,0,3,spring,0
ITM005,Ice Cream,Frozen,HH011,2026-03-09,0.17,tubs,0,0,3,spring,0
ITM005,Ice Cream,Frozen,HH011,2026-03-15,0.16,tubs,6,1,3,spring,0
ITM005,Ice Cream,Frozen,HH011,2026-03-17,0.09,tubs,1,0,3,spring,0
ITM005,Ice Cream,Frozen,HH011,2026-03-18,0.15,tubs,2,0,3,spring,0
ITM005,Ice Cream,Frozen,HH011,2026-03-19,0.09,tubs,3,0,3,spring,0
ITM005,Ice Cream,Frozen,HH011,2026-03-22,0.24,tubs,6,1,3,spring,0
ITM005,Ice Cream,Frozen,HH011,2026-03-25,0.12,tubs,2,0,3,spring,0
ITM005,Ice Cream,Frozen,HH011,2026-03-27,0.1,tubs,4,0,3,spring,0
ITM005,Ice Cream,Frozen,HH011,2026-03-28,0.17,tubs,5,1,3,spring,0
ITM005,Ice Cream,Frozen,HH011,2026-03-29,0.14,tubs,6,1,3,spring,0
ITM005,Ice Cream,Frozen,HH011,2026-03-30,0.15,tubs,0,0,3,spring,0
ITM005,Ice Cream,Frozen,HH011,2026-04-02,0.15,tubs,3,0,4,spring,0
ITM005,Ice Cream,Frozen,HH011,2026-04-03,0.13,tubs,4,0,4,spring,0
ITM005,Ice Cream,Frozen,HH011,2026-04-04,0.25,tubs,5,1,4,spring,0
ITM005,Ice Cream,Frozen,HH011,2026-04-05,0.16,tubs,6,1,4,spring,0
ITM005,Ice Cream,Frozen,HH011,2026-04-06,0.11,tubs,0,0,4,spring,0
ITM005,Ice Cream,Frozen,HH011,2026-04-07,0.11,tubs,1,0,4,spring,0
ITM005,Ice Cream,Frozen,HH011,2026-04-09,0.11,tubs,3,0,4,spring,0
ITM005,Ice Cream,Frozen,HH011,2026-04-13,0.1,tubs,0,0,4,spring,0
ITM005,Ice Cream,Frozen,HH011,2026-04-15,0.11,tubs,2,0,4,spring,0
ITM005,Ice Cream,Frozen,HH011,2026-05-03,0.14,tubs,6,1,5,spring,0
ITM005,Ice Cream,Frozen,HH011,2026-05-05,0.13,tubs,1,0,5,spring,0
ITM005,Ice Cream,Frozen,HH011,2026-05-09,0.2,tubs,5,1,5,spring,0
ITM005,Ice Cream,Frozen,HH011,2026-05-11,0.1,tubs,0,0,5,spring,0
ITM005,Ice Cream,Frozen,HH011,2026-05-14,0.11,tubs,3,0,5,spring,0
ITM005,Ice Cream,Frozen,HH011,2026-05-16,0.18,tubs,5,1,5,spring,0
ITM005,Ice Cream,Frozen,HH011,2026-05-20,0.13,tubs,2,0,5,spring,0
ITM005,Ice Cream,Frozen,HH011,2026-05-22,0.14,tubs,4,0,5,spring,0
ITM005,Ice Cream,Frozen,HH011,2026-05-28,0.17,tubs,3,0,5,spring,0
ITM005,Ice Cream,Frozen,HH011,2026-05-29,0.12,tubs,4,0,5,spring,0
ITM005,Ice Cream,Frozen,HH011,2026-06-02,0.29,tubs,1,0,6,summer,0
ITM005,Ice Cream,Frozen,HH011,2026-06-04,0.35,tubs,3,0,6,summer,0
ITM005,Ice Cream,Frozen,HH011,2026-06-05,0.31,tubs,4,0,6,summer,0
ITM005,Ice Cream,Frozen,HH011,2026-06-08,0.27,tubs,0,0,6,summer,0
ITM005,Ice Cream,Frozen,HH011,2026-06-10,0.25,tubs,2,0,6,summer,0
ITM005,Ice Cream,Frozen,HH011,2026-06-11,0.27,tubs,3,0,6,summer,0
ITM005,Ice Cream,Frozen,HH011,2026-06-13,0.33,tubs,5,1,6,summer,0
ITM005,Ice Cream,Frozen,HH011,2026-06-15,0.23,tubs,0,0,6,summer,0
ITM005,Ice Cream,Frozen,HH011,2026-06-16,0.34,tubs,1,0,6,summer,0
ITM005,Ice Cream,Frozen,HH011,2026-06-19,0.3,tubs,4,0,6,summer,0
ITM005,Ice Cream,Frozen,HH011,2026-06-20,0.32,tubs,5,1,6,summer,0
ITM005,Ice Cream,Frozen,HH011,2026-06-22,0.26,tubs,0,0,6,summer,0
ITM005,Ice Cream,Frozen,HH011,2026-06-26,0.3,tubs,4,0,6,summer,0
ITM005,Ice Cream,Frozen,HH011,2026-06-29,0.3,tubs,0,0,6,summer,0
ITM005,Ice Cream,Frozen,HH012,2026-01-01,0.23,tubs,3,0,1,winter,1
ITM005,Ice Cream,Frozen,HH012,2026-01-06,0.12,tubs,1,0,1,winter,0
ITM005,Ice Cream,Frozen,HH012,2026-01-09,0.13,tubs,4,0,1,winter,0
ITM005,Ice Cream,Frozen,HH012,2026-01-10,0.18,tubs,5,1,1,winter,0
ITM005,Ice Cream,Frozen,HH012,2026-01-15,0.11,tubs,3,0,1,winter,0
ITM005,Ice Cream,Frozen,HH012,2026-01-16,0.18,tubs,4,0,1,winter,0
ITM005,Ice Cream,Frozen,HH012,2026-01-21,0.22,tubs,2,0,1,winter,0
ITM005,Ice Cream,Frozen,HH012,2026-01-30,0.12,tubs,4,0,1,winter,0
ITM005,Ice Cream,Frozen,HH012,2026-01-31,0.19,tubs,5,1,1,winter,0
ITM005,Ice Cream,Frozen,HH012,2026-02-01,0.21,tubs,6,1,2,winter,0
ITM005,Ice Cream,Frozen,HH012,2026-02-02,0.09,tubs,0,0,2,winter,0
ITM005,Ice Cream,Frozen,HH012,2026-02-07,0.16,tubs,5,1,2,winter,0
ITM005,Ice Cream,Frozen,HH012,2026-02-15,0.2,tubs,6,1,2,winter,0
ITM005,Ice Cream,Frozen,HH012,2026-02-17,0.14,tubs,1,0,2,winter,0
ITM005,Ice Cream,Frozen,HH012,2026-02-26,0.19,tubs,3,0,2,winter,0
ITM005,Ice Cream,Frozen,HH012,2026-03-01,0.17,tubs,6,1,3,spring,0
ITM005,Ice Cream,Frozen,HH012,2026-03-02,0.16,tubs,0,0,3,spring,0
ITM005,Ice Cream,Frozen,HH012,2026-03-06,0.11,tubs,4,0,3,spring,0
ITM005,Ice Cream,Frozen,HH012,2026-03-13,0.17,tubs,4,0,3,spring,0
ITM005,Ice Cream,Frozen,HH012,2026-03-15,0.15,tubs,6,1,3,spring,0
ITM005,Ice Cream,Frozen,HH012,2026-03-17,0.16,tubs,1,0,3,spring,0
ITM005,Ice Cream,Frozen,HH012,2026-03-20,0.16,tubs,4,0,3,spring,0
ITM005,Ice Cream,Frozen,HH012,2026-03-26,0.17,tubs,3,0,3,spring,0
ITM005,Ice Cream,Frozen,HH012,2026-03-29,0.15,tubs,6,1,3,spring,0
ITM005,Ice Cream,Frozen,HH012,2026-03-31,0.19,tubs,1,0,3,spring,0
ITM005,Ice Cream,Frozen,HH012,2026-04-11,0.27,tubs,5,1,4,spring,0
ITM005,Ice Cream,Frozen,HH012,2026-04-13,0.13,tubs,0,0,4,spring,0
ITM005,Ice Cream,Frozen,HH012,2026-04-16,0.19,tubs,3,0,4,spring,0
ITM005,Ice Cream,Frozen,HH012,2026-04-17,0.18,tubs,4,0,4,spring,0
ITM005,Ice Cream,Frozen,HH012,2026-04-19,0.16,tubs,6,1,4,spring,0
ITM005,Ice Cream,Frozen,HH012,2026-04-26,0.19,tubs,6,1,4,spring,0
ITM005,Ice Cream,Frozen,HH012,2026-04-30,0.15,tubs,3,0,4,spring,0
ITM005,Ice Cream,Frozen,HH012,2026-05-02,0.25,tubs,5,1,5,spring,0
ITM005,Ice Cream,Frozen,HH012,2026-05-03,0.21,tubs,6,1,5,spring,0
ITM005,Ice Cream,Frozen,HH012,2026-05-05,0.14,tubs,1,0,5,spring,0
ITM005,Ice Cream,Frozen,HH012,2026-05-06,0.13,tubs,2,0,5,spring,0
ITM005,Ice Cream,Frozen,HH012,2026-05-07,0.14,tubs,3,0,5,spring,0
ITM005,Ice Cream,Frozen,HH012,2026-05-10,0.14,tubs,6,1,5,spring,0
ITM005,Ice Cream,Frozen,HH012,2026-05-14,0.16,tubs,3,0,5,spring,0
ITM005,Ice Cream,Frozen,HH012,2026-05-20,0.2,tubs,2,0,5,spring,0
ITM005,Ice Cream,Frozen,HH012,2026-05-23,0.2,tubs,5,1,5,spring,0
ITM005,Ice Cream,Frozen,HH012,2026-05-27,0.12,tubs,2,0,5,spring,0
ITM005,Ice Cream,Frozen,HH012,2026-05-29,0.12,tubs,4,0,5,spring,0
ITM005,Ice Cream,Frozen,HH012,2026-05-30,0.34,tubs,5,1,5,spring,0
ITM005,Ice Cream,Frozen,HH012,2026-06-07,0.54,tubs,6,1,6,summer,0
ITM005,Ice Cream,Frozen,HH012,2026-06-10,0.23,tubs,2,0,6,summer,0
ITM005,Ice Cream,Frozen,HH012,2026-06-12,0.35,tubs,4,0,6,summer,0
ITM005,Ice Cream,Frozen,HH012,2026-06-15,0.3,tubs,0,0,6,summer,0
ITM005,Ice Cream,Frozen,HH012,2026-06-16,0.34,tubs,1,0,6,summer,0
ITM005,Ice Cream,Frozen,HH012,2026-06-21,0.46,tubs,6,1,6,summer,0
ITM005,Ice Cream,Frozen,HH012,2026-06-23,0.39,tubs,1,0,6,summer,0
ITM005,Ice Cream,Frozen,HH012,2026-06-27,0.42,tubs,5,1,6,summer,0
ITM005,Ice Cream,Frozen,HH013,2026-01-01,0.23,tubs,3,0,1,winter,1
ITM005,Ice Cream,Frozen,HH013,2026-01-08,0.19,tubs,3,0,1,winter,0
ITM005,Ice Cream,Frozen,HH013,2026-01-10,0.27,tubs,5,1,1,winter,0
ITM005,Ice Cream,Frozen,HH013,2026-01-13,0.21,tubs,1,0,1,winter,0
ITM005,Ice Cream,Frozen,HH013,2026-01-15,0.17,tubs,3,0,1,winter,0
ITM005,Ice Cream,Frozen,HH013,2026-01-16,0.12,tubs,4,0,1,winter,0
ITM005,Ice Cream,Frozen,HH013,2026-01-21,0.19,tubs,2,0,1,winter,0
ITM005,Ice Cream,Frozen,HH013,2026-01-26,0.23,tubs,0,0,1,winter,1
ITM005,Ice Cream,Frozen,HH013,2026-01-27,0.17,tubs,1,0,1,winter,0
ITM005,Ice Cream,Frozen,HH013,2026-01-31,0.18,tubs,5,1,1,winter,0
ITM005,Ice Cream,Frozen,HH013,2026-02-03,0.17,tubs,1,0,2,winter,0
ITM005,Ice Cream,Frozen,HH013,2026-02-04,0.21,tubs,2,0,2,winter,0
ITM005,Ice Cream,Frozen,HH013,2026-02-05,0.18,tubs,3,0,2,winter,0
ITM005,Ice Cream,Frozen,HH013,2026-02-06,0.18,tubs,4,0,2,winter,0
ITM005,Ice Cream,Frozen,HH013,2026-02-07,0.19,tubs,5,1,2,winter,0
ITM005,Ice Cream,Frozen,HH013,2026-02-16,0.21,tubs,0,0,2,winter,0
ITM005,Ice Cream,Frozen,HH013,2026-02-17,0.18,tubs,1,0,2,winter,0
ITM005,Ice Cream,Frozen,HH013,2026-02-18,0.17,tubs,2,0,2,winter,0
ITM005,Ice Cream,Frozen,HH013,2026-02-20,0.17,tubs,4,0,2,winter,0
ITM005,Ice Cream,Frozen,HH013,2026-02-23,0.12,tubs,0,0,2,winter,0
ITM005,Ice Cream,Frozen,HH013,2026-02-28,0.23,tubs,5,1,2,winter,0
ITM005,Ice Cream,Frozen,HH013,2026-03-07,0.19,tubs,5,1,3,spring,0
ITM005,Ice Cream,Frozen,HH013,2026-03-09,0.16,tubs,0,0,3,spring,0
ITM005,Ice Cream,Frozen,HH013,2026-03-11,0.13,tubs,2,0,3,spring,0
ITM005,Ice Cream,Frozen,HH013,2026-03-18,0.18,tubs,2,0,3,spring,0
ITM005,Ice Cream,Frozen,HH013,2026-03-20,0.14,tubs,4,0,3,spring,0
ITM005,Ice Cream,Frozen,HH013,2026-03-24,0.17,tubs,1,0,3,spring,0
ITM005,Ice Cream,Frozen,HH013,2026-03-26,0.22,tubs,3,0,3,spring,0
ITM005,Ice Cream,Frozen,HH013,2026-03-29,0.27,tubs,6,1,3,spring,0
ITM005,Ice Cream,Frozen,HH013,2026-04-01,0.16,tubs,2,0,4,spring,0
ITM005,Ice Cream,Frozen,HH013,2026-04-08,0.13,tubs,2,0,4,spring,0
ITM005,Ice Cream,Frozen,HH013,2026-04-11,0.22,tubs,5,1,4,spring,0
ITM005,Ice Cream,Frozen,HH013,2026-04-13,0.18,tubs,0,0,4,spring,0
ITM005,Ice Cream,Frozen,HH013,2026-04-20,0.21,tubs,0,0,4,spring,0
ITM005,Ice Cream,Frozen,HH013,2026-04-23,0.12,tubs,3,0,4,spring,0
ITM005,Ice Cream,Frozen,HH013,2026-04-24,0.2,tubs,4,0,4,spring,0
ITM005,Ice Cream,Frozen,HH013,2026-04-25,0.33,tubs,5,1,4,spring,0
ITM005,Ice Cream,Frozen,HH013,2026-04-26,0.21,tubs,6,1,4,spring,0
ITM005,Ice Cream,Frozen,HH013,2026-05-01,0.26,tubs,4,0,5,spring,1
ITM005,Ice Cream,Frozen,HH013,2026-05-03,0.22,tubs,6,1,5,spring,0
ITM005,Ice Cream,Frozen,HH013,2026-05-10,0.2,tubs,6,1,5,spring,0
ITM005,Ice Cream,Frozen,HH013,2026-05-16,0.24,tubs,5,1,5,spring,0
ITM005,Ice Cream,Frozen,HH013,2026-05-18,0.1,tubs,0,0,5,spring,0
ITM005,Ice Cream,Frozen,HH013,2026-05-20,0.18,tubs,2,0,5,spring,0
ITM005,Ice Cream,Frozen,HH013,2026-05-26,0.13,tubs,1,0,5,spring,0
ITM005,Ice Cream,Frozen,HH013,2026-05-31,0.17,tubs,6,1,5,spring,0
ITM005,Ice Cream,Frozen,HH013,2026-06-01,0.49,tubs,0,0,6,summer,0
ITM005,Ice Cream,Frozen,HH013,2026-06-02,0.25,tubs,1,0,6,summer,0
ITM005,Ice Cream,Frozen,HH013,2026-06-04,0.46,tubs,3,0,6,summer,0
ITM005,Ice Cream,Frozen,HH013,2026-06-06,0.87,tubs,5,1,6,summer,1
ITM005,Ice Cream,Frozen,HH013,2026-06-18,0.33,tubs,3,0,6,summer,0
ITM005,Ice Cream,Frozen,HH013,2026-06-21,0.52,tubs,6,1,6,summer,0
ITM005,Ice Cream,Frozen,HH013,2026-06-23,0.41,tubs,1,0,6,summer,0
ITM005,Ice Cream,Frozen,HH014,2026-01-02,0.24,tubs,4,0,1,winter,0
ITM005,Ice Cream,Frozen,HH014,2026-01-04,0.21,tubs,6,1,1,winter,0
ITM005,Ice Cream,Frozen,HH014,2026-01-09,0.13,tubs,4,0,1,winter,0
ITM005,Ice Cream,Frozen,HH014,2026-01-11,0.34,tubs,6,1,1,winter,0
ITM005,Ice Cream,Frozen,HH014,2026-01-15,0.23,tubs,3,0,1,winter,0
ITM005,Ice Cream,Frozen,HH014,2026-01-19,0.25,tubs,0,0,1,winter,0
ITM005,Ice Cream,Frozen,HH014,2026-01-23,0.22,tubs,4,0,1,winter,0
ITM005,Ice Cream,Frozen,HH014,2026-01-28,0.16,tubs,2,0,1,winter,0
ITM005,Ice Cream,Frozen,HH014,2026-02-03,0.23,tubs,1,0,2,winter,0
ITM005,Ice Cream,Frozen,HH014,2026-02-06,0.17,tubs,4,0,2,winter,0
ITM005,Ice Cream,Frozen,HH014,2026-02-07,0.37,tubs,5,1,2,winter,0
ITM005,Ice Cream,Frozen,HH014,2026-02-15,0.27,tubs,6,1,2,winter,0
ITM005,Ice Cream,Frozen,HH014,2026-02-20,0.25,tubs,4,0,2,winter,0
ITM005,Ice Cream,Frozen,HH014,2026-02-24,0.27,tubs,1,0,2,winter,0
ITM005,Ice Cream,Frozen,HH014,2026-03-01,0.28,tubs,6,1,3,spring,0
ITM005,Ice Cream,Frozen,HH014,2026-03-06,0.15,tubs,4,0,3,spring,0
ITM005,Ice Cream,Frozen,HH014,2026-03-14,0.34,tubs,5,1,3,spring,0
ITM005,Ice Cream,Frozen,HH014,2026-03-15,0.18,tubs,6,1,3,spring,0
ITM005,Ice Cream,Frozen,HH014,2026-03-16,0.15,tubs,0,0,3,spring,0
ITM005,Ice Cream,Frozen,HH014,2026-03-17,0.22,tubs,1,0,3,spring,0
ITM005,Ice Cream,Frozen,HH014,2026-03-18,0.22,tubs,2,0,3,spring,0
ITM005,Ice Cream,Frozen,HH014,2026-03-19,0.22,tubs,3,0,3,spring,0
ITM005,Ice Cream,Frozen,HH014,2026-03-22,0.45,tubs,6,1,3,spring,0
ITM005,Ice Cream,Frozen,HH014,2026-03-23,0.17,tubs,0,0,3,spring,0
ITM005,Ice Cream,Frozen,HH014,2026-03-24,0.25,tubs,1,0,3,spring,0
ITM005,Ice Cream,Frozen,HH014,2026-03-25,0.16,tubs,2,0,3,spring,0
ITM005,Ice Cream,Frozen,HH014,2026-03-26,0.13,tubs,3,0,3,spring,0
ITM005,Ice Cream,Frozen,HH014,2026-03-27,0.22,tubs,4,0,3,spring,0
ITM005,Ice Cream,Frozen,HH014,2026-03-31,0.27,tubs,1,0,3,spring,0
ITM005,Ice Cream,Frozen,HH014,2026-04-07,0.19,tubs,1,0,4,spring,0
ITM005,Ice Cream,Frozen,HH014,2026-04-13,0.21,tubs,0,0,4,spring,0
ITM005,Ice Cream,Frozen,HH014,2026-04-14,0.42,tubs,1,0,4,spring,1
ITM005,Ice Cream,Frozen,HH014,2026-04-15,0.16,tubs,2,0,4,spring,0
ITM005,Ice Cream,Frozen,HH014,2026-04-21,0.11,tubs,1,0,4,spring,0
ITM005,Ice Cream,Frozen,HH014,2026-04-24,0.13,tubs,4,0,4,spring,0
ITM005,Ice Cream,Frozen,HH014,2026-04-30,0.19,tubs,3,0,4,spring,0
ITM005,Ice Cream,Frozen,HH014,2026-05-05,0.27,tubs,1,0,5,spring,0
ITM005,Ice Cream,Frozen,HH014,2026-05-08,0.17,tubs,4,0,5,spring,0
ITM005,Ice Cream,Frozen,HH014,2026-05-09,0.3,tubs,5,1,5,spring,0
ITM005,Ice Cream,Frozen,HH014,2026-05-10,0.13,tubs,6,1,5,spring,0
ITM005,Ice Cream,Frozen,HH014,2026-05-12,0.25,tubs,1,0,5,spring,0
ITM005,Ice Cream,Frozen,HH014,2026-05-18,0.21,tubs,0,0,5,spring,0
ITM005,Ice Cream,Frozen,HH014,2026-05-19,0.16,tubs,1,0,5,spring,0
ITM005,Ice Cream,Frozen,HH014,2026-05-21,0.19,tubs,3,0,5,spring,0
ITM005,Ice Cream,Frozen,HH014,2026-05-22,0.23,tubs,4,0,5,spring,0
ITM005,Ice Cream,Frozen,HH014,2026-05-24,0.26,tubs,6,1,5,spring,0
ITM005,Ice Cream,Frozen,HH014,2026-05-30,0.35,tubs,5,1,5,spring,0
ITM005,Ice Cream,Frozen,HH014,2026-05-31,0.24,tubs,6,1,5,spring,0
ITM005,Ice Cream,Frozen,HH014,2026-06-02,0.39,tubs,1,0,6,summer,0
ITM005,Ice Cream,Frozen,HH014,2026-06-03,0.32,tubs,2,0,6,summer,0
ITM005,Ice Cream,Frozen,HH014,2026-06-06,0.64,tubs,5,1,6,summer,1
ITM005,Ice Cream,Frozen,HH014,2026-06-10,0.37,tubs,2,0,6,summer,0
ITM005,Ice Cream,Frozen,HH014,2026-06-16,0.42,tubs,1,0,6,summer,0
ITM005,Ice Cream,Frozen,HH014,2026-06-20,0.59,tubs,5,1,6,summer,0
ITM005,Ice Cream,Frozen,HH014,2026-06-27,0.66,tubs,5,1,6,summer,0
ITM005,Ice Cream,Frozen,HH015,2026-01-06,0.1,tubs,1,0,1,winter,0
ITM005,Ice Cream,Frozen,HH015,2026-01-07,0.1,tubs,2,0,1,winter,0
ITM005,Ice Cream,Frozen,HH015,2026-01-13,0.13,tubs,1,0,1,winter,0
ITM005,Ice Cream,Frozen,HH015,2026-01-17,0.14,tubs,5,1,1,winter,0
ITM005,Ice Cream,Frozen,HH015,2026-01-18,0.09,tubs,6,1,1,winter,0
ITM005,Ice Cream,Frozen,HH015,2026-01-22,0.07,tubs,3,0,1,winter,0
ITM005,Ice Cream,Frozen,HH015,2026-01-23,0.11,tubs,4,0,1,winter,0
ITM005,Ice Cream,Frozen,HH015,2026-01-26,0.15,tubs,0,0,1,winter,1
ITM005,Ice Cream,Frozen,HH015,2026-01-27,0.08,tubs,1,0,1,winter,0
ITM005,Ice Cream,Frozen,HH015,2026-01-30,0.13,tubs,4,0,1,winter,0
ITM005,Ice Cream,Frozen,HH015,2026-01-31,0.16,tubs,5,1,1,winter,0
ITM005,Ice Cream,Frozen,HH015,2026-02-01,0.17,tubs,6,1,2,winter,0
ITM005,Ice Cream,Frozen,HH015,2026-02-07,0.16,tubs,5,1,2,winter,0
ITM005,Ice Cream,Frozen,HH015,2026-02-08,0.14,tubs,6,1,2,winter,0
ITM005,Ice Cream,Frozen,HH015,2026-02-10,0.11,tubs,1,0,2,winter,0
ITM005,Ice Cream,Frozen,HH015,2026-02-12,0.13,tubs,3,0,2,winter,0
ITM005,Ice Cream,Frozen,HH015,2026-02-21,0.12,tubs,5,1,2,winter,0
ITM005,Ice Cream,Frozen,HH015,2026-02-22,0.18,tubs,6,1,2,winter,0
ITM005,Ice Cream,Frozen,HH015,2026-02-26,0.1,tubs,3,0,2,winter,0
ITM005,Ice Cream,Frozen,HH015,2026-03-04,0.11,tubs,2,0,3,spring,0
ITM005,Ice Cream,Frozen,HH015,2026-03-08,0.18,tubs,6,1,3,spring,1
ITM005,Ice Cream,Frozen,HH015,2026-03-10,0.09,tubs,1,0,3,spring,0
ITM005,Ice Cream,Frozen,HH015,2026-03-15,0.1,tubs,6,1,3,spring,0
ITM005,Ice Cream,Frozen,HH015,2026-03-18,0.14,tubs,2,0,3,spring,0
ITM005,Ice Cream,Frozen,HH015,2026-03-19,0.09,tubs,3,0,3,spring,0
ITM005,Ice Cream,Frozen,HH015,2026-03-20,0.1,tubs,4,0,3,spring,0
ITM005,Ice Cream,Frozen,HH015,2026-03-21,0.1,tubs,5,1,3,spring,0
ITM005,Ice Cream,Frozen,HH015,2026-03-22,0.17,tubs,6,1,3,spring,0
ITM005,Ice Cream,Frozen,HH015,2026-03-24,0.11,tubs,1,0,3,spring,0
ITM005,Ice Cream,Frozen,HH015,2026-04-01,0.11,tubs,2,0,4,spring,0
ITM005,Ice Cream,Frozen,HH015,2026-04-03,0.13,tubs,4,0,4,spring,0
ITM005,Ice Cream,Frozen,HH015,2026-04-08,0.11,tubs,2,0,4,spring,0
ITM005,Ice Cream,Frozen,HH015,2026-04-09,0.11,tubs,3,0,4,spring,0
ITM005,Ice Cream,Frozen,HH015,2026-04-16,0.08,tubs,3,0,4,spring,0
ITM005,Ice Cream,Frozen,HH015,2026-04-17,0.08,tubs,4,0,4,spring,0
ITM005,Ice Cream,Frozen,HH015,2026-04-20,0.1,tubs,0,0,4,spring,0
ITM005,Ice Cream,Frozen,HH015,2026-04-23,0.11,tubs,3,0,4,spring,0
ITM005,Ice Cream,Frozen,HH015,2026-04-25,0.16,tubs,5,1,4,spring,0
ITM005,Ice Cream,Frozen,HH015,2026-04-27,0.12,tubs,0,0,4,spring,0
ITM005,Ice Cream,Frozen,HH015,2026-05-02,0.16,tubs,5,1,5,spring,0
ITM005,Ice Cream,Frozen,HH015,2026-05-17,0.13,tubs,6,1,5,spring,0
ITM005,Ice Cream,Frozen,HH015,2026-05-19,0.1,tubs,1,0,5,spring,0
ITM005,Ice Cream,Frozen,HH015,2026-05-22,0.13,tubs,4,0,5,spring,0
ITM005,Ice Cream,Frozen,HH015,2026-05-23,0.11,tubs,5,1,5,spring,0
ITM005,Ice Cream,Frozen,HH015,2026-05-30,0.19,tubs,5,1,5,spring,0
ITM005,Ice Cream,Frozen,HH015,2026-06-01,0.18,tubs,0,0,6,summer,0
ITM005,Ice Cream,Frozen,HH015,2026-06-03,0.26,tubs,2,0,6,summer,0
ITM005,Ice Cream,Frozen,HH015,2026-06-06,0.61,tubs,5,1,6,summer,1
ITM005,Ice Cream,Frozen,HH015,2026-06-09,0.23,tubs,1,0,6,summer,0
ITM005,Ice Cream,Frozen,HH015,2026-06-12,0.17,tubs,4,0,6,summer,0
ITM005,Ice Cream,Frozen,HH015,2026-06-14,0.21,tubs,6,1,6,summer,0
ITM005,Ice Cream,Frozen,HH015,2026-06-15,0.24,tubs,0,0,6,summer,0
ITM005,Ice Cream,Frozen,HH015,2026-06-18,0.25,tubs,3,0,6,summer,0
ITM005,Ice Cream,Frozen,HH015,2026-06-19,0.24,tubs,4,0,6,summer,0
ITM005,Ice Cream,Frozen,HH015,2026-06-20,0.28,tubs,5,1,6,summer,0
ITM005,Ice Cream,Frozen,HH015,2026-06-28,0.36,tubs,6,1,6,summer,0
ITM005,Ice Cream,Frozen,HH016,2026-01-03,0.22,tubs,5,1,1,winter,0
ITM005,Ice Cream,Frozen,HH016,2026-01-08,0.09,tubs,3,0,1,winter,0
ITM005,Ice Cream,Frozen,HH016,2026-01-17,0.09,tubs,5,1,1,winter,0
ITM005,Ice Cream,Frozen,HH016,2026-01-29,0.11,tubs,3,0,1,winter,0
ITM005,Ice Cream,Frozen,HH016,2026-01-31,0.16,tubs,5,1,1,winter,0
ITM005,Ice Cream,Frozen,HH016,2026-02-05,0.09,tubs,3,0,2,winter,0
ITM005,Ice Cream,Frozen,HH016,2026-02-12,0.11,tubs,3,0,2,winter,0
ITM005,Ice Cream,Frozen,HH016,2026-02-20,0.14,tubs,4,0,2,winter,0
ITM005,Ice Cream,Frozen,HH016,2026-02-21,0.21,tubs,5,1,2,winter,0
ITM005,Ice Cream,Frozen,HH016,2026-03-07,0.22,tubs,5,1,3,spring,0
ITM005,Ice Cream,Frozen,HH016,2026-03-08,0.3,tubs,6,1,3,spring,1
ITM005,Ice Cream,Frozen,HH016,2026-03-14,0.19,tubs,5,1,3,spring,0
ITM005,Ice Cream,Frozen,HH016,2026-03-15,0.12,tubs,6,1,3,spring,0
ITM005,Ice Cream,Frozen,HH016,2026-03-17,0.16,tubs,1,0,3,spring,0
ITM005,Ice Cream,Frozen,HH016,2026-03-19,0.1,tubs,3,0,3,spring,0
ITM005,Ice Cream,Frozen,HH016,2026-03-22,0.19,tubs,6,1,3,spring,0
ITM005,Ice Cream,Frozen,HH016,2026-03-24,0.08,tubs,1,0,3,spring,0
ITM005,Ice Cream,Frozen,HH016,2026-03-27,0.08,tubs,4,0,3,spring,0
ITM005,Ice Cream,Frozen,HH016,2026-03-29,0.18,tubs,6,1,3,spring,0
ITM005,Ice Cream,Frozen,HH016,2026-04-09,0.11,tubs,3,0,4,spring,0
ITM005,Ice Cream,Frozen,HH016,2026-04-23,0.12,tubs,3,0,4,spring,0
ITM005,Ice Cream,Frozen,HH016,2026-04-24,0.19,tubs,4,0,4,spring,0
ITM005,Ice Cream,Frozen,HH016,2026-04-27,0.13,tubs,0,0,4,spring,0
ITM005,Ice Cream,Frozen,HH016,2026-04-30,0.1,tubs,3,0,4,spring,0
ITM005,Ice Cream,Frozen,HH016,2026-05-03,0.14,tubs,6,1,5,spring,0
ITM005,Ice Cream,Frozen,HH016,2026-05-15,0.12,tubs,4,0,5,spring,0
ITM005,Ice Cream,Frozen,HH016,2026-05-26,0.11,tubs,1,0,5,spring,0
ITM005,Ice Cream,Frozen,HH016,2026-05-28,0.14,tubs,3,0,5,spring,0
ITM005,Ice Cream,Frozen,HH016,2026-05-29,0.11,tubs,4,0,5,spring,0
ITM005,Ice Cream,Frozen,HH016,2026-06-01,0.29,tubs,0,0,6,summer,0
ITM005,Ice Cream,Frozen,HH016,2026-06-09,0.38,tubs,1,0,6,summer,0
ITM005,Ice Cream,Frozen,HH016,2026-06-10,0.29,tubs,2,0,6,summer,0
ITM005,Ice Cream,Frozen,HH016,2026-06-15,0.23,tubs,0,0,6,summer,0
ITM005,Ice Cream,Frozen,HH016,2026-06-17,0.26,tubs,2,0,6,summer,0
ITM005,Ice Cream,Frozen,HH016,2026-06-22,0.29,tubs,0,0,6,summer,0
ITM005,Ice Cream,Frozen,HH016,2026-06-27,0.32,tubs,5,1,6,summer,0
ITM005,Ice Cream,Frozen,HH016,2026-06-28,0.38,tubs,6,1,6,summer,0
ITM005,Ice Cream,Frozen,HH016,2026-06-29,0.34,tubs,0,0,6,summer,0
ITM005,Ice Cream,Frozen,HH017,2026-01-06,0.15,tubs,1,0,1,winter,0
ITM005,Ice Cream,Frozen,HH017,2026-01-08,0.1,tubs,3,0,1,winter,0
ITM005,Ice Cream,Frozen,HH017,2026-01-13,0.18,tubs,1,0,1,winter,0
ITM005,Ice Cream,Frozen,HH017,2026-01-14,0.14,tubs,2,0,1,winter,0
ITM005,Ice Cream,Frozen,HH017,2026-01-16,0.17,tubs,4,0,1,winter,0
ITM005,Ice Cream,Frozen,HH017,2026-01-24,0.17,tubs,5,1,1,winter,0
ITM005,Ice Cream,Frozen,HH017,2026-02-01,0.25,tubs,6,1,2,winter,0
ITM005,Ice Cream,Frozen,HH017,2026-02-04,0.1,tubs,2,0,2,winter,0
ITM005,Ice Cream,Frozen,HH017,2026-02-05,0.14,tubs,3,0,2,winter,0
ITM005,Ice Cream,Frozen,HH017,2026-02-07,0.24,tubs,5,1,2,winter,0
ITM005,Ice Cream,Frozen,HH017,2026-02-09,0.13,tubs,0,0,2,winter,0
ITM005,Ice Cream,Frozen,HH017,2026-02-12,0.16,tubs,3,0,2,winter,0
ITM005,Ice Cream,Frozen,HH017,2026-02-13,0.15,tubs,4,0,2,winter,0
ITM005,Ice Cream,Frozen,HH017,2026-02-19,0.18,tubs,3,0,2,winter,0
ITM005,Ice Cream,Frozen,HH017,2026-02-22,0.24,tubs,6,1,2,winter,0
ITM005,Ice Cream,Frozen,HH017,2026-02-28,0.26,tubs,5,1,2,winter,0
ITM005,Ice Cream,Frozen,HH017,2026-03-02,0.16,tubs,0,0,3,spring,0
ITM005,Ice Cream,Frozen,HH017,2026-03-05,0.16,tubs,3,0,3,spring,0
ITM005,Ice Cream,Frozen,HH017,2026-03-16,0.17,tubs,0,0,3,spring,0
ITM005,Ice Cream,Frozen,HH017,2026-03-20,0.13,tubs,4,0,3,spring,0
ITM005,Ice Cream,Frozen,HH017,2026-03-24,0.15,tubs,1,0,3,spring,0
ITM005,Ice Cream,Frozen,HH017,2026-03-28,0.17,tubs,5,1,3,spring,0
ITM005,Ice Cream,Frozen,HH017,2026-04-07,0.14,tubs,1,0,4,spring,0
ITM005,Ice Cream,Frozen,HH017,2026-04-08,0.14,tubs,2,0,4,spring,0
ITM005,Ice Cream,Frozen,HH017,2026-04-13,0.17,tubs,0,0,4,spring,0
ITM005,Ice Cream,Frozen,HH017,2026-04-17,0.15,tubs,4,0,4,spring,0
ITM005,Ice Cream,Frozen,HH017,2026-04-21,0.19,tubs,1,0,4,spring,0
ITM005,Ice Cream,Frozen,HH017,2026-05-05,0.12,tubs,1,0,5,spring,0
ITM005,Ice Cream,Frozen,HH017,2026-05-08,0.15,tubs,4,0,5,spring,0
ITM005,Ice Cream,Frozen,HH017,2026-05-16,0.2,tubs,5,1,5,spring,0
ITM005,Ice Cream,Frozen,HH017,2026-05-20,0.12,tubs,2,0,5,spring,0
ITM005,Ice Cream,Frozen,HH017,2026-05-24,0.22,tubs,6,1,5,spring,0
ITM005,Ice Cream,Frozen,HH017,2026-05-25,0.16,tubs,0,0,5,spring,0
ITM005,Ice Cream,Frozen,HH017,2026-06-02,0.32,tubs,1,0,6,summer,0
ITM005,Ice Cream,Frozen,HH017,2026-06-05,0.47,tubs,4,0,6,summer,0
ITM005,Ice Cream,Frozen,HH017,2026-06-06,0.66,tubs,5,1,6,summer,1
ITM005,Ice Cream,Frozen,HH017,2026-06-10,0.44,tubs,2,0,6,summer,0
ITM005,Ice Cream,Frozen,HH017,2026-06-17,0.3,tubs,2,0,6,summer,0
ITM005,Ice Cream,Frozen,HH017,2026-06-18,0.28,tubs,3,0,6,summer,0
ITM005,Ice Cream,Frozen,HH017,2026-06-22,0.23,tubs,0,0,6,summer,0
ITM005,Ice Cream,Frozen,HH017,2026-06-24,0.39,tubs,2,0,6,summer,0
ITM005,Ice Cream,Frozen,HH017,2026-06-25,0.48,tubs,3,0,6,summer,0
ITM005,Ice Cream,Frozen,HH017,2026-06-27,0.53,tubs,5,1,6,summer,0
ITM005,Ice Cream,Frozen,HH018,2026-01-03,0.23,tubs,5,1,1,winter,0
ITM005,Ice Cream,Frozen,HH018,2026-01-05,0.2,tubs,0,0,1,winter,0
ITM005,Ice Cream,Frozen,HH018,2026-01-08,0.18,tubs,3,0,1,winter,0
ITM005,Ice Cream,Frozen,HH018,2026-01-13,0.15,tubs,1,0,1,winter,0
ITM005,Ice Cream,Frozen,HH018,2026-01-14,0.16,tubs,2,0,1,winter,0
ITM005,Ice Cream,Frozen,HH018,2026-01-18,0.19,tubs,6,1,1,winter,0
ITM005,Ice Cream,Frozen,HH018,2026-01-19,0.15,tubs,0,0,1,winter,0
ITM005,Ice Cream,Frozen,HH018,2026-01-21,0.13,tubs,2,0,1,winter,0
ITM005,Ice Cream,Frozen,HH018,2026-01-23,0.16,tubs,4,0,1,winter,0
ITM005,Ice Cream,Frozen,HH018,2026-01-26,0.25,tubs,0,0,1,winter,1
ITM005,Ice Cream,Frozen,HH018,2026-01-28,0.18,tubs,2,0,1,winter,0
ITM005,Ice Cream,Frozen,HH018,2026-01-31,0.22,tubs,5,1,1,winter,0
ITM005,Ice Cream,Frozen,HH018,2026-02-06,0.24,tubs,4,0,2,winter,0
ITM005,Ice Cream,Frozen,HH018,2026-02-08,0.31,tubs,6,1,2,winter,0
ITM005,Ice Cream,Frozen,HH018,2026-02-10,0.19,tubs,1,0,2,winter,0
ITM005,Ice Cream,Frozen,HH018,2026-02-13,0.19,tubs,4,0,2,winter,0
ITM005,Ice Cream,Frozen,HH018,2026-02-19,0.17,tubs,3,0,2,winter,0
ITM005,Ice Cream,Frozen,HH018,2026-02-22,0.18,tubs,6,1,2,winter,0
ITM005,Ice Cream,Frozen,HH018,2026-02-25,0.13,tubs,2,0,2,winter,0
ITM005,Ice Cream,Frozen,HH018,2026-02-27,0.19,tubs,4,0,2,winter,0
ITM005,Ice Cream,Frozen,HH018,2026-03-12,0.23,tubs,3,0,3,spring,0
ITM005,Ice Cream,Frozen,HH018,2026-03-28,0.27,tubs,5,1,3,spring,0
ITM005,Ice Cream,Frozen,HH018,2026-04-03,0.14,tubs,4,0,4,spring,0
ITM005,Ice Cream,Frozen,HH018,2026-04-04,0.22,tubs,5,1,4,spring,0
ITM005,Ice Cream,Frozen,HH018,2026-04-16,0.14,tubs,3,0,4,spring,0
ITM005,Ice Cream,Frozen,HH018,2026-04-18,0.21,tubs,5,1,4,spring,0
ITM005,Ice Cream,Frozen,HH018,2026-04-24,0.21,tubs,4,0,4,spring,0
ITM005,Ice Cream,Frozen,HH018,2026-04-25,0.19,tubs,5,1,4,spring,0
ITM005,Ice Cream,Frozen,HH018,2026-04-27,0.16,tubs,0,0,4,spring,0
ITM005,Ice Cream,Frozen,HH018,2026-05-02,0.27,tubs,5,1,5,spring,0
ITM005,Ice Cream,Frozen,HH018,2026-05-08,0.15,tubs,4,0,5,spring,0
ITM005,Ice Cream,Frozen,HH018,2026-05-15,0.13,tubs,4,0,5,spring,0
ITM005,Ice Cream,Frozen,HH018,2026-05-22,0.15,tubs,4,0,5,spring,0
ITM005,Ice Cream,Frozen,HH018,2026-05-25,0.14,tubs,0,0,5,spring,0
ITM005,Ice Cream,Frozen,HH018,2026-05-26,0.14,tubs,1,0,5,spring,0
ITM005,Ice Cream,Frozen,HH018,2026-05-31,0.24,tubs,6,1,5,spring,0
ITM005,Ice Cream,Frozen,HH018,2026-06-01,0.45,tubs,0,0,6,summer,0
ITM005,Ice Cream,Frozen,HH018,2026-06-03,0.38,tubs,2,0,6,summer,0
ITM005,Ice Cream,Frozen,HH018,2026-06-04,0.34,tubs,3,0,6,summer,0
ITM005,Ice Cream,Frozen,HH018,2026-06-08,0.37,tubs,0,0,6,summer,0
ITM005,Ice Cream,Frozen,HH018,2026-06-11,0.44,tubs,3,0,6,summer,0
ITM005,Ice Cream,Frozen,HH018,2026-06-20,0.37,tubs,5,1,6,summer,0
ITM005,Ice Cream,Frozen,HH018,2026-06-23,0.41,tubs,1,0,6,summer,0
ITM005,Ice Cream,Frozen,HH018,2026-06-26,0.25,tubs,4,0,6,summer,0
ITM005,Ice Cream,Frozen,HH018,2026-06-27,0.59,tubs,5,1,6,summer,0
ITM005,Ice Cream,Frozen,HH018,2026-06-29,0.44,tubs,0,0,6,summer,0
ITM005,Ice Cream,Frozen,HH019,2026-01-02,0.19,tubs,4,0,1,winter,0
ITM005,Ice Cream,Frozen,HH019,2026-01-06,0.19,tubs,1,0,1,winter,0
ITM005,Ice Cream,Frozen,HH019,2026-01-07,0.13,tubs,2,0,1,winter,0
ITM005,Ice Cream,Frozen,HH019,2026-01-09,0.19,tubs,4,0,1,winter,0
ITM005,Ice Cream,Frozen,HH019,2026-01-10,0.24,tubs,5,1,1,winter,0
ITM005,Ice Cream,Frozen,HH019,2026-01-12,0.16,tubs,0,0,1,winter,0
ITM005,Ice Cream,Frozen,HH019,2026-01-13,0.18,tubs,1,0,1,winter,0
ITM005,Ice Cream,Frozen,HH019,2026-01-14,0.22,tubs,2,0,1,winter,0
ITM005,Ice Cream,Frozen,HH019,2026-01-17,0.24,tubs,5,1,1,winter,0
ITM005,Ice Cream,Frozen,HH019,2026-01-18,0.17,tubs,6,1,1,winter,0
ITM005,Ice Cream,Frozen,HH019,2026-01-19,0.16,tubs,0,0,1,winter,0
ITM005,Ice Cream,Frozen,HH019,2026-01-20,0.19,tubs,1,0,1,winter,0
ITM005,Ice Cream,Frozen,HH019,2026-01-24,0.3,tubs,5,1,1,winter,0
ITM005,Ice Cream,Frozen,HH019,2026-01-25,0.33,tubs,6,1,1,winter,0
ITM005,Ice Cream,Frozen,HH019,2026-01-27,0.24,tubs,1,0,1,winter,0
ITM005,Ice Cream,Frozen,HH019,2026-01-28,0.16,tubs,2,0,1,winter,0
ITM005,Ice Cream,Frozen,HH019,2026-01-30,0.2,tubs,4,0,1,winter,0
ITM005,Ice Cream,Frozen,HH019,2026-01-31,0.22,tubs,5,1,1,winter,0
ITM005,Ice Cream,Frozen,HH019,2026-02-02,0.21,tubs,0,0,2,winter,0
ITM005,Ice Cream,Frozen,HH019,2026-02-06,0.21,tubs,4,0,2,winter,0
ITM005,Ice Cream,Frozen,HH019,2026-02-10,0.23,tubs,1,0,2,winter,0
ITM005,Ice Cream,Frozen,HH019,2026-02-11,0.17,tubs,2,0,2,winter,0
ITM005,Ice Cream,Frozen,HH019,2026-02-12,0.14,tubs,3,0,2,winter,0
ITM005,Ice Cream,Frozen,HH019,2026-02-15,0.27,tubs,6,1,2,winter,0
ITM005,Ice Cream,Frozen,HH019,2026-02-20,0.16,tubs,4,0,2,winter,0
ITM005,Ice Cream,Frozen,HH019,2026-02-22,0.34,tubs,6,1,2,winter,0
ITM005,Ice Cream,Frozen,HH019,2026-02-23,0.21,tubs,0,0,2,winter,0
ITM005,Ice Cream,Frozen,HH019,2026-02-26,0.19,tubs,3,0,2,winter,0
ITM005,Ice Cream,Frozen,HH019,2026-03-01,0.42,tubs,6,1,3,spring,0
ITM005,Ice Cream,Frozen,HH019,2026-03-04,0.23,tubs,2,0,3,spring,0
ITM005,Ice Cream,Frozen,HH019,2026-03-09,0.18,tubs,0,0,3,spring,0
ITM005,Ice Cream,Frozen,HH019,2026-03-12,0.22,tubs,3,0,3,spring,0
ITM005,Ice Cream,Frozen,HH019,2026-03-15,0.3,tubs,6,1,3,spring,0
ITM005,Ice Cream,Frozen,HH019,2026-03-19,0.2,tubs,3,0,3,spring,0
ITM005,Ice Cream,Frozen,HH019,2026-03-21,0.28,tubs,5,1,3,spring,0
ITM005,Ice Cream,Frozen,HH019,2026-03-25,0.17,tubs,2,0,3,spring,0
ITM005,Ice Cream,Frozen,HH019,2026-03-26,0.26,tubs,3,0,3,spring,0
ITM005,Ice Cream,Frozen,HH019,2026-03-29,0.26,tubs,6,1,3,spring,0
ITM005,Ice Cream,Frozen,HH019,2026-04-04,0.27,tubs,5,1,4,spring,0
ITM005,Ice Cream,Frozen,HH019,2026-04-15,0.15,tubs,2,0,4,spring,0
ITM005,Ice Cream,Frozen,HH019,2026-04-17,0.19,tubs,4,0,4,spring,0
ITM005,Ice Cream,Frozen,HH019,2026-04-21,0.14,tubs,1,0,4,spring,0
ITM005,Ice Cream,Frozen,HH019,2026-04-30,0.12,tubs,3,0,4,spring,0
ITM005,Ice Cream,Frozen,HH019,2026-05-02,0.24,tubs,5,1,5,spring,0
ITM005,Ice Cream,Frozen,HH019,2026-05-06,0.19,tubs,2,0,5,spring,0
ITM005,Ice Cream,Frozen,HH019,2026-05-09,0.27,tubs,5,1,5,spring,0
ITM005,Ice Cream,Frozen,HH019,2026-05-12,0.19,tubs,1,0,5,spring,0
ITM005,Ice Cream,Frozen,HH019,2026-05-22,0.18,tubs,4,0,5,spring,0
ITM005,Ice Cream,Frozen,HH019,2026-05-26,0.2,tubs,1,0,5,spring,0
ITM005,Ice Cream,Frozen,HH019,2026-06-03,0.39,tubs,2,0,6,summer,0
ITM005,Ice Cream,Frozen,HH019,2026-06-04,0.42,tubs,3,0,6,summer,0
ITM005,Ice Cream,Frozen,HH019,2026-06-06,0.73,tubs,5,1,6,summer,1
ITM005,Ice Cream,Frozen,HH019,2026-06-07,0.62,tubs,6,1,6,summer,0
ITM005,Ice Cream,Frozen,HH019,2026-06-11,0.46,tubs,3,0,6,summer,0
ITM005,Ice Cream,Frozen,HH019,2026-06-13,0.78,tubs,5,1,6,summer,0
ITM005,Ice Cream,Frozen,HH019,2026-06-14,0.73,tubs,6,1,6,summer,0
ITM005,Ice Cream,Frozen,HH019,2026-06-16,0.52,tubs,1,0,6,summer,0
ITM005,Ice Cream,Frozen,HH019,2026-06-17,0.54,tubs,2,0,6,summer,0
ITM005,Ice Cream,Frozen,HH019,2026-06-18,0.4,tubs,3,0,6,summer,0
ITM005,Ice Cream,Frozen,HH019,2026-06-25,0.48,tubs,3,0,6,summer,0
ITM005,Ice Cream,Frozen,HH020,2026-01-01,0.19,tubs,3,0,1,winter,1
ITM005,Ice Cream,Frozen,HH020,2026-01-02,0.1,tubs,4,0,1,winter,0
ITM005,Ice Cream,Frozen,HH020,2026-01-04,0.1,tubs,6,1,1,winter,0
ITM005,Ice Cream,Frozen,HH020,2026-01-08,0.11,tubs,3,0,1,winter,0
ITM005,Ice Cream,Frozen,HH020,2026-01-12,0.11,tubs,0,0,1,winter,0
ITM005,Ice Cream,Frozen,HH020,2026-01-17,0.14,tubs,5,1,1,winter,0
ITM005,Ice Cream,Frozen,HH020,2026-01-18,0.09,tubs,6,1,1,winter,0
ITM005,Ice Cream,Frozen,HH020,2026-01-19,0.12,tubs,0,0,1,winter,0
ITM005,Ice Cream,Frozen,HH020,2026-01-24,0.12,tubs,5,1,1,winter,0
ITM005,Ice Cream,Frozen,HH020,2026-01-27,0.1,tubs,1,0,1,winter,0
ITM005,Ice Cream,Frozen,HH020,2026-01-28,0.07,tubs,2,0,1,winter,0
ITM005,Ice Cream,Frozen,HH020,2026-01-29,0.15,tubs,3,0,1,winter,0
ITM005,Ice Cream,Frozen,HH020,2026-02-03,0.07,tubs,1,0,2,winter,0
ITM005,Ice Cream,Frozen,HH020,2026-02-12,0.12,tubs,3,0,2,winter,0
ITM005,Ice Cream,Frozen,HH020,2026-02-13,0.14,tubs,4,0,2,winter,0
ITM005,Ice Cream,Frozen,HH020,2026-02-17,0.09,tubs,1,0,2,winter,0
ITM005,Ice Cream,Frozen,HH020,2026-02-19,0.09,tubs,3,0,2,winter,0
ITM005,Ice Cream,Frozen,HH020,2026-02-20,0.1,tubs,4,0,2,winter,0
ITM005,Ice Cream,Frozen,HH020,2026-02-22,0.19,tubs,6,1,2,winter,0
ITM005,Ice Cream,Frozen,HH020,2026-02-27,0.06,tubs,4,0,2,winter,0
ITM005,Ice Cream,Frozen,HH020,2026-02-28,0.13,tubs,5,1,2,winter,0
ITM005,Ice Cream,Frozen,HH020,2026-03-06,0.11,tubs,4,0,3,spring,0
ITM005,Ice Cream,Frozen,HH020,2026-03-09,0.11,tubs,0,0,3,spring,0
ITM005,Ice Cream,Frozen,HH020,2026-03-10,0.1,tubs,1,0,3,spring,0
ITM005,Ice Cream,Frozen,HH020,2026-03-18,0.09,tubs,2,0,3,spring,0
ITM005,Ice Cream,Frozen,HH020,2026-03-23,0.1,tubs,0,0,3,spring,0
ITM005,Ice Cream,Frozen,HH020,2026-03-27,0.12,tubs,4,0,3,spring,0
ITM005,Ice Cream,Frozen,HH020,2026-03-29,0.15,tubs,6,1,3,spring,0
ITM005,Ice Cream,Frozen,HH020,2026-04-04,0.13,tubs,5,1,4,spring,0
ITM005,Ice Cream,Frozen,HH020,2026-04-06,0.1,tubs,0,0,4,spring,0
ITM005,Ice Cream,Frozen,HH020,2026-04-08,0.1,tubs,2,0,4,spring,0
ITM005,Ice Cream,Frozen,HH020,2026-04-21,0.09,tubs,1,0,4,spring,0
ITM005,Ice Cream,Frozen,HH020,2026-04-22,0.11,tubs,2,0,4,spring,0
ITM005,Ice Cream,Frozen,HH020,2026-05-04,0.08,tubs,0,0,5,spring,0
ITM005,Ice Cream,Frozen,HH020,2026-05-08,0.07,tubs,4,0,5,spring,0
ITM005,Ice Cream,Frozen,HH020,2026-05-11,0.1,tubs,0,0,5,spring,0
ITM005,Ice Cream,Frozen,HH020,2026-05-13,0.14,tubs,2,0,5,spring,0
ITM005,Ice Cream,Frozen,HH020,2026-05-15,0.08,tubs,4,0,5,spring,0
ITM005,Ice Cream,Frozen,HH020,2026-05-18,0.07,tubs,0,0,5,spring,0
ITM005,Ice Cream,Frozen,HH020,2026-05-21,0.1,tubs,3,0,5,spring,0
ITM005,Ice Cream,Frozen,HH020,2026-05-22,0.15,tubs,4,0,5,spring,0
ITM005,Ice Cream,Frozen,HH020,2026-05-24,0.11,tubs,6,1,5,spring,0
ITM005,Ice Cream,Frozen,HH020,2026-05-26,0.09,tubs,1,0,5,spring,0
ITM005,Ice Cream,Frozen,HH020,2026-05-27,0.06,tubs,2,0,5,spring,0
ITM005,Ice Cream,Frozen,HH020,2026-05-29,0.1,tubs,4,0,5,spring,0
ITM005,Ice Cream,Frozen,HH020,2026-06-02,0.24,tubs,1,0,6,summer,0
ITM005,Ice Cream,Frozen,HH020,2026-06-03,0.31,tubs,2,0,6,summer,0
ITM005,Ice Cream,Frozen,HH020,2026-06-04,0.23,tubs,3,0,6,summer,0
ITM005,Ice Cream,Frozen,HH020,2026-06-09,0.28,tubs,1,0,6,summer,0
ITM005,Ice Cream,Frozen,HH020,2026-06-10,0.18,tubs,2,0,6,summer,0
ITM005,Ice Cream,Frozen,HH020,2026-06-14,0.31,tubs,6,1,6,summer,0
ITM005,Ice Cream,Frozen,HH020,2026-06-16,0.27,tubs,1,0,6,summer,0
ITM005,Ice Cream,Frozen,HH020,2026-06-17,0.21,tubs,2,0,6,summer,0
ITM005,Ice Cream,Frozen,HH020,2026-06-18,0.23,tubs,3,0,6,summer,0
ITM005,Ice Cream,Frozen,HH020,2026-06-19,0.18,tubs,4,0,6,summer,0
ITM005,Ice Cream,Frozen,HH020,2026-06-21,0.29,tubs,6,1,6,summer,0
ITM005,Ice Cream,Frozen,HH020,2026-06-22,0.24,tubs,0,0,6,summer,0
ITM005,Ice Cream,Frozen,HH020,2026-06-25,0.25,tubs,3,0,6,summer,0
ITM005,Ice Cream,Frozen,HH020,2026-06-28,0.25,tubs,6,1,6,summer,0
ITM006,Chicken Breast,Meat,HH001,2026-01-06,0.27,kg,1,0,1,winter,0
ITM006,Chicken Breast,Meat,HH001,2026-01-08,0.2,kg,3,0,1,winter,0
ITM006,Chicken Breast,Meat,HH001,2026-01-09,0.27,kg,4,0,1,winter,0
ITM006,Chicken Breast,Meat,HH001,2026-01-10,0.37,kg,5,1,1,winter,0
ITM006,Chicken Breast,Meat,HH001,2026-01-11,0.32,kg,6,1,1,winter,0
ITM006,Chicken Breast,Meat,HH001,2026-01-15,0.28,kg,3,0,1,winter,0
ITM006,Chicken Breast,Meat,HH001,2026-01-18,0.41,kg,6,1,1,winter,0
ITM006,Chicken Breast,Meat,HH001,2026-01-25,0.28,kg,6,1,1,winter,0
ITM006,Chicken Breast,Meat,HH001,2026-01-27,0.25,kg,1,0,1,winter,0
ITM006,Chicken Breast,Meat,HH001,2026-01-30,0.25,kg,4,0,1,winter,0
ITM006,Chicken Breast,Meat,HH001,2026-01-31,0.35,kg,5,1,1,winter,0
ITM006,Chicken Breast,Meat,HH001,2026-02-01,0.42,kg,6,1,2,winter,0
ITM006,Chicken Breast,Meat,HH001,2026-02-06,0.28,kg,4,0,2,winter,0
ITM006,Chicken Breast,Meat,HH001,2026-02-09,0.3,kg,0,0,2,winter,0
ITM006,Chicken Breast,Meat,HH001,2026-02-19,0.22,kg,3,0,2,winter,0
ITM006,Chicken Breast,Meat,HH001,2026-03-03,0.26,kg,1,0,3,spring,0
ITM006,Chicken Breast,Meat,HH001,2026-03-08,0.63,kg,6,1,3,spring,1
ITM006,Chicken Breast,Meat,HH001,2026-03-10,0.26,kg,1,0,3,spring,0
ITM006,Chicken Breast,Meat,HH001,2026-03-16,0.28,kg,0,0,3,spring,0
ITM006,Chicken Breast,Meat,HH001,2026-03-19,0.27,kg,3,0,3,spring,0
ITM006,Chicken Breast,Meat,HH001,2026-03-21,0.31,kg,5,1,3,spring,0
ITM006,Chicken Breast,Meat,HH001,2026-03-24,0.24,kg,1,0,3,spring,0
ITM006,Chicken Breast,Meat,HH001,2026-03-25,0.22,kg,2,0,3,spring,0
ITM006,Chicken Breast,Meat,HH001,2026-03-30,0.25,kg,0,0,3,spring,0
ITM006,Chicken Breast,Meat,HH001,2026-04-23,0.24,kg,3,0,4,spring,0
ITM006,Chicken Breast,Meat,HH001,2026-04-24,0.24,kg,4,0,4,spring,0
ITM006,Chicken Breast,Meat,HH001,2026-04-30,0.35,kg,3,0,4,spring,0
ITM006,Chicken Breast,Meat,HH001,2026-05-02,0.36,kg,5,1,5,spring,0
ITM006,Chicken Breast,Meat,HH001,2026-05-09,0.38,kg,5,1,5,spring,0
ITM006,Chicken Breast,Meat,HH001,2026-05-15,0.32,kg,4,0,5,spring,0
ITM006,Chicken Breast,Meat,HH001,2026-05-20,0.2,kg,2,0,5,spring,0
ITM006,Chicken Breast,Meat,HH001,2026-05-26,0.29,kg,1,0,5,spring,0
ITM006,Chicken Breast,Meat,HH001,2026-06-03,0.28,kg,2,0,6,summer,0
ITM006,Chicken Breast,Meat,HH001,2026-06-04,0.21,kg,3,0,6,summer,0
ITM006,Chicken Breast,Meat,HH001,2026-06-10,0.26,kg,2,0,6,summer,0
ITM006,Chicken Breast,Meat,HH001,2026-06-14,0.32,kg,6,1,6,summer,0
ITM006,Chicken Breast,Meat,HH001,2026-06-17,0.31,kg,2,0,6,summer,0
ITM006,Chicken Breast,Meat,HH001,2026-06-25,0.25,kg,3,0,6,summer,0
ITM006,Chicken Breast,Meat,HH001,2026-06-26,0.22,kg,4,0,6,summer,0
ITM006,Chicken Breast,Meat,HH002,2026-01-01,0.48,kg,3,0,1,winter,1
ITM006,Chicken Breast,Meat,HH002,2026-01-04,0.42,kg,6,1,1,winter,0
ITM006,Chicken Breast,Meat,HH002,2026-01-15,0.33,kg,3,0,1,winter,0
ITM006,Chicken Breast,Meat,HH002,2026-01-29,0.32,kg,3,0,1,winter,0
ITM006,Chicken Breast,Meat,HH002,2026-01-30,0.25,kg,4,0,1,winter,0
ITM006,Chicken Breast,Meat,HH002,2026-02-01,0.44,kg,6,1,2,winter,0
ITM006,Chicken Breast,Meat,HH002,2026-02-04,0.3,kg,2,0,2,winter,0
ITM006,Chicken Breast,Meat,HH002,2026-02-05,0.25,kg,3,0,2,winter,0
ITM006,Chicken Breast,Meat,HH002,2026-02-10,0.26,kg,1,0,2,winter,0
ITM006,Chicken Breast,Meat,HH002,2026-02-11,0.36,kg,2,0,2,winter,0
ITM006,Chicken Breast,Meat,HH002,2026-02-13,0.32,kg,4,0,2,winter,0
ITM006,Chicken Breast,Meat,HH002,2026-02-20,0.28,kg,4,0,2,winter,0
ITM006,Chicken Breast,Meat,HH002,2026-02-26,0.3,kg,3,0,2,winter,0
ITM006,Chicken Breast,Meat,HH002,2026-02-27,0.28,kg,4,0,2,winter,0
ITM006,Chicken Breast,Meat,HH002,2026-03-05,0.28,kg,3,0,3,spring,0
ITM006,Chicken Breast,Meat,HH002,2026-03-12,0.27,kg,3,0,3,spring,0
ITM006,Chicken Breast,Meat,HH002,2026-03-18,0.36,kg,2,0,3,spring,0
ITM006,Chicken Breast,Meat,HH002,2026-03-19,0.42,kg,3,0,3,spring,0
ITM006,Chicken Breast,Meat,HH002,2026-03-28,0.34,kg,5,1,3,spring,0
ITM006,Chicken Breast,Meat,HH002,2026-04-05,0.4,kg,6,1,4,spring,0
ITM006,Chicken Breast,Meat,HH002,2026-04-08,0.25,kg,2,0,4,spring,0
ITM006,Chicken Breast,Meat,HH002,2026-04-17,0.26,kg,4,0,4,spring,0
ITM006,Chicken Breast,Meat,HH002,2026-04-20,0.29,kg,0,0,4,spring,0
ITM006,Chicken Breast,Meat,HH002,2026-04-21,0.33,kg,1,0,4,spring,0
ITM006,Chicken Breast,Meat,HH002,2026-04-23,0.34,kg,3,0,4,spring,0
ITM006,Chicken Breast,Meat,HH002,2026-04-26,0.58,kg,6,1,4,spring,0
ITM006,Chicken Breast,Meat,HH002,2026-04-30,0.28,kg,3,0,4,spring,0
ITM006,Chicken Breast,Meat,HH002,2026-05-11,0.29,kg,0,0,5,spring,0
ITM006,Chicken Breast,Meat,HH002,2026-05-18,0.33,kg,0,0,5,spring,0
ITM006,Chicken Breast,Meat,HH002,2026-05-19,0.39,kg,1,0,5,spring,0
ITM006,Chicken Breast,Meat,HH002,2026-05-21,0.35,kg,3,0,5,spring,0
ITM006,Chicken Breast,Meat,HH002,2026-05-22,0.3,kg,4,0,5,spring,0
ITM006,Chicken Breast,Meat,HH002,2026-06-04,0.37,kg,3,0,6,summer,0
ITM006,Chicken Breast,Meat,HH002,2026-06-05,0.37,kg,4,0,6,summer,0
ITM006,Chicken Breast,Meat,HH002,2026-06-07,0.36,kg,6,1,6,summer,0
ITM006,Chicken Breast,Meat,HH002,2026-06-09,0.32,kg,1,0,6,summer,0
ITM006,Chicken Breast,Meat,HH002,2026-06-10,0.38,kg,2,0,6,summer,0
ITM006,Chicken Breast,Meat,HH002,2026-06-11,0.34,kg,3,0,6,summer,0
ITM006,Chicken Breast,Meat,HH002,2026-06-12,0.31,kg,4,0,6,summer,0
ITM006,Chicken Breast,Meat,HH002,2026-06-13,0.47,kg,5,1,6,summer,0
ITM006,Chicken Breast,Meat,HH002,2026-06-21,0.31,kg,6,1,6,summer,0
ITM006,Chicken Breast,Meat,HH002,2026-06-26,0.3,kg,4,0,6,summer,0
ITM006,Chicken Breast,Meat,HH002,2026-06-27,0.39,kg,5,1,6,summer,0
ITM006,Chicken Breast,Meat,HH003,2026-01-01,0.53,kg,3,0,1,winter,1
ITM006,Chicken Breast,Meat,HH003,2026-01-02,0.26,kg,4,0,1,winter,0
ITM006,Chicken Breast,Meat,HH003,2026-01-05,0.36,kg,0,0,1,winter,0
ITM006,Chicken Breast,Meat,HH003,2026-01-06,0.44,kg,1,0,1,winter,0
ITM006,Chicken Breast,Meat,HH003,2026-01-13,0.43,kg,1,0,1,winter,0
ITM006,Chicken Breast,Meat,HH003,2026-01-14,0.37,kg,2,0,1,winter,0
ITM006,Chicken Breast,Meat,HH003,2026-01-19,0.28,kg,0,0,1,winter,0
ITM006,Chicken Breast,Meat,HH003,2026-01-21,0.43,kg,2,0,1,winter,0
ITM006,Chicken Breast,Meat,HH003,2026-01-27,0.38,kg,1,0,1,winter,0
ITM006,Chicken Breast,Meat,HH003,2026-01-30,0.41,kg,4,0,1,winter,0
ITM006,Chicken Breast,Meat,HH003,2026-02-01,0.4,kg,6,1,2,winter,0
ITM006,Chicken Breast,Meat,HH003,2026-02-03,0.37,kg,1,0,2,winter,0
ITM006,Chicken Breast,Meat,HH003,2026-02-06,0.38,kg,4,0,2,winter,0
ITM006,Chicken Breast,Meat,HH003,2026-02-14,0.58,kg,5,1,2,winter,0
ITM006,Chicken Breast,Meat,HH003,2026-02-15,0.59,kg,6,1,2,winter,0
ITM006,Chicken Breast,Meat,HH003,2026-02-17,0.36,kg,1,0,2,winter,0
ITM006,Chicken Breast,Meat,HH003,2026-02-19,0.44,kg,3,0,2,winter,0
ITM006,Chicken Breast,Meat,HH003,2026-02-24,0.4,kg,1,0,2,winter,0
ITM006,Chicken Breast,Meat,HH003,2026-02-25,0.3,kg,2,0,2,winter,0
ITM006,Chicken Breast,Meat,HH003,2026-02-27,0.27,kg,4,0,2,winter,0
ITM006,Chicken Breast,Meat,HH003,2026-03-05,0.32,kg,3,0,3,spring,0
ITM006,Chicken Breast,Meat,HH003,2026-03-07,0.52,kg,5,1,3,spring,0
ITM006,Chicken Breast,Meat,HH003,2026-03-13,0.27,kg,4,0,3,spring,0
ITM006,Chicken Breast,Meat,HH003,2026-03-14,0.42,kg,5,1,3,spring,0
ITM006,Chicken Breast,Meat,HH003,2026-03-15,0.54,kg,6,1,3,spring,0
ITM006,Chicken Breast,Meat,HH003,2026-03-17,0.32,kg,1,0,3,spring,0
ITM006,Chicken Breast,Meat,HH003,2026-03-19,0.35,kg,3,0,3,spring,0
ITM006,Chicken Breast,Meat,HH003,2026-03-25,0.31,kg,2,0,3,spring,0
ITM006,Chicken Breast,Meat,HH003,2026-04-04,0.56,kg,5,1,4,spring,0
ITM006,Chicken Breast,Meat,HH003,2026-04-05,0.46,kg,6,1,4,spring,0
ITM006,Chicken Breast,Meat,HH003,2026-04-07,0.46,kg,1,0,4,spring,0
ITM006,Chicken Breast,Meat,HH003,2026-04-14,0.53,kg,1,0,4,spring,1
ITM006,Chicken Breast,Meat,HH003,2026-04-15,0.31,kg,2,0,4,spring,0
ITM006,Chicken Breast,Meat,HH003,2026-04-19,0.46,kg,6,1,4,spring,0
ITM006,Chicken Breast,Meat,HH003,2026-04-21,0.27,kg,1,0,4,spring,0
ITM006,Chicken Breast,Meat,HH003,2026-04-22,0.33,kg,2,0,4,spring,0
ITM006,Chicken Breast,Meat,HH003,2026-05-03,0.49,kg,6,1,5,spring,0
ITM006,Chicken Breast,Meat,HH003,2026-05-08,0.41,kg,4,0,5,spring,0
ITM006,Chicken Breast,Meat,HH003,2026-05-09,0.52,kg,5,1,5,spring,0
ITM006,Chicken Breast,Meat,HH003,2026-05-11,0.3,kg,0,0,5,spring,0
ITM006,Chicken Breast,Meat,HH003,2026-05-12,0.35,kg,1,0,5,spring,0
ITM006,Chicken Breast,Meat,HH003,2026-05-18,0.33,kg,0,0,5,spring,0
ITM006,Chicken Breast,Meat,HH003,2026-05-20,0.4,kg,2,0,5,spring,0
ITM006,Chicken Breast,Meat,HH003,2026-05-27,0.3,kg,2,0,5,spring,0
ITM006,Chicken Breast,Meat,HH003,2026-05-29,0.28,kg,4,0,5,spring,0
ITM006,Chicken Breast,Meat,HH003,2026-05-30,0.42,kg,5,1,5,spring,0
ITM006,Chicken Breast,Meat,HH003,2026-06-03,0.4,kg,2,0,6,summer,0
ITM006,Chicken Breast,Meat,HH003,2026-06-06,0.67,kg,5,1,6,summer,1
ITM006,Chicken Breast,Meat,HH003,2026-06-08,0.35,kg,0,0,6,summer,0
ITM006,Chicken Breast,Meat,HH003,2026-06-09,0.4,kg,1,0,6,summer,0
ITM006,Chicken Breast,Meat,HH003,2026-06-11,0.32,kg,3,0,6,summer,0
ITM006,Chicken Breast,Meat,HH003,2026-06-12,0.36,kg,4,0,6,summer,0
ITM006,Chicken Breast,Meat,HH003,2026-06-13,0.5,kg,5,1,6,summer,0
ITM006,Chicken Breast,Meat,HH003,2026-06-14,0.49,kg,6,1,6,summer,0
ITM006,Chicken Breast,Meat,HH003,2026-06-15,0.42,kg,0,0,6,summer,0
ITM006,Chicken Breast,Meat,HH003,2026-06-18,0.22,kg,3,0,6,summer,0
ITM006,Chicken Breast,Meat,HH003,2026-06-27,0.63,kg,5,1,6,summer,0
ITM006,Chicken Breast,Meat,HH004,2026-01-01,0.42,kg,3,0,1,winter,1
ITM006,Chicken Breast,Meat,HH004,2026-01-05,0.38,kg,0,0,1,winter,0
ITM006,Chicken Breast,Meat,HH004,2026-01-11,0.56,kg,6,1,1,winter,0
ITM006,Chicken Breast,Meat,HH004,2026-01-15,0.36,kg,3,0,1,winter,0
ITM006,Chicken Breast,Meat,HH004,2026-01-16,0.39,kg,4,0,1,winter,0
ITM006,Chicken Breast,Meat,HH004,2026-01-19,0.31,kg,0,0,1,winter,0
ITM006,Chicken Breast,Meat,HH004,2026-01-22,0.4,kg,3,0,1,winter,0
ITM006,Chicken Breast,Meat,HH004,2026-01-26,0.67,kg,0,0,1,winter,1
ITM006,Chicken Breast,Meat,HH004,2026-01-28,0.48,kg,2,0,1,winter,0
ITM006,Chicken Breast,Meat,HH004,2026-02-08,0.54,kg,6,1,2,winter,0
ITM006,Chicken Breast,Meat,HH004,2026-02-11,0.42,kg,2,0,2,winter,0
ITM006,Chicken Breast,Meat,HH004,2026-02-18,0.43,kg,2,0,2,winter,0
ITM006,Chicken Breast,Meat,HH004,2026-02-23,0.46,kg,0,0,2,winter,0
ITM006,Chicken Breast,Meat,HH004,2026-02-25,0.35,kg,2,0,2,winter,0
ITM006,Chicken Breast,Meat,HH004,2026-03-03,0.37,kg,1,0,3,spring,0
ITM006,Chicken Breast,Meat,HH004,2026-03-10,0.34,kg,1,0,3,spring,0
ITM006,Chicken Breast,Meat,HH004,2026-03-13,0.33,kg,4,0,3,spring,0
ITM006,Chicken Breast,Meat,HH004,2026-03-20,0.36,kg,4,0,3,spring,0
ITM006,Chicken Breast,Meat,HH004,2026-03-23,0.39,kg,0,0,3,spring,0
ITM006,Chicken Breast,Meat,HH004,2026-03-24,0.34,kg,1,0,3,spring,0
ITM006,Chicken Breast,Meat,HH004,2026-03-26,0.41,kg,3,0,3,spring,0
ITM006,Chicken Breast,Meat,HH004,2026-04-03,0.44,kg,4,0,4,spring,0
ITM006,Chicken Breast,Meat,HH004,2026-04-05,0.51,kg,6,1,4,spring,0
ITM006,Chicken Breast,Meat,HH004,2026-04-16,0.35,kg,3,0,4,spring,0
ITM006,Chicken Breast,Meat,HH004,2026-04-17,0.32,kg,4,0,4,spring,0
ITM006,Chicken Breast,Meat,HH004,2026-04-18,0.4,kg,5,1,4,spring,0
ITM006,Chicken Breast,Meat,HH004,2026-04-22,0.36,kg,2,0,4,spring,0
ITM006,Chicken Breast,Meat,HH004,2026-04-27,0.35,kg,0,0,4,spring,0
ITM006,Chicken Breast,Meat,HH004,2026-04-28,0.41,kg,1,0,4,spring,0
ITM006,Chicken Breast,Meat,HH004,2026-05-01,0.74,kg,4,0,5,spring,1
ITM006,Chicken Breast,Meat,HH004,2026-05-02,0.64,kg,5,1,5,spring,0
ITM006,Chicken Breast,Meat,HH004,2026-05-05,0.48,kg,1,0,5,spring,0
ITM006,Chicken Breast,Meat,HH004,2026-05-06,0.38,kg,2,0,5,spring,0
ITM006,Chicken Breast,Meat,HH004,2026-05-08,0.37,kg,4,0,5,spring,0
ITM006,Chicken Breast,Meat,HH004,2026-05-09,0.5,kg,5,1,5,spring,0
ITM006,Chicken Breast,Meat,HH004,2026-05-12,0.44,kg,1,0,5,spring,0
ITM006,Chicken Breast,Meat,HH004,2026-05-15,0.35,kg,4,0,5,spring,0
ITM006,Chicken Breast,Meat,HH004,2026-05-24,0.58,kg,6,1,5,spring,0
ITM006,Chicken Breast,Meat,HH004,2026-06-01,0.37,kg,0,0,6,summer,0
ITM006,Chicken Breast,Meat,HH004,2026-06-02,0.36,kg,1,0,6,summer,0
ITM006,Chicken Breast,Meat,HH004,2026-06-05,0.42,kg,4,0,6,summer,0
ITM006,Chicken Breast,Meat,HH004,2026-06-15,0.32,kg,0,0,6,summer,0
ITM006,Chicken Breast,Meat,HH004,2026-06-16,0.39,kg,1,0,6,summer,0
ITM006,Chicken Breast,Meat,HH004,2026-06-17,0.34,kg,2,0,6,summer,0
ITM006,Chicken Breast,Meat,HH004,2026-06-18,0.39,kg,3,0,6,summer,0
ITM006,Chicken Breast,Meat,HH004,2026-06-22,0.37,kg,0,0,6,summer,0
ITM006,Chicken Breast,Meat,HH004,2026-06-26,0.49,kg,4,0,6,summer,0
ITM006,Chicken Breast,Meat,HH004,2026-06-27,0.52,kg,5,1,6,summer,0
ITM006,Chicken Breast,Meat,HH004,2026-06-28,0.66,kg,6,1,6,summer,0
ITM006,Chicken Breast,Meat,HH005,2026-01-03,0.29,kg,5,1,1,winter,0
ITM006,Chicken Breast,Meat,HH005,2026-01-13,0.21,kg,1,0,1,winter,0
ITM006,Chicken Breast,Meat,HH005,2026-01-18,0.23,kg,6,1,1,winter,0
ITM006,Chicken Breast,Meat,HH005,2026-01-21,0.21,kg,2,0,1,winter,0
ITM006,Chicken Breast,Meat,HH005,2026-01-24,0.37,kg,5,1,1,winter,0
ITM006,Chicken Breast,Meat,HH005,2026-01-25,0.26,kg,6,1,1,winter,0
ITM006,Chicken Breast,Meat,HH005,2026-01-26,0.29,kg,0,0,1,winter,1
ITM006,Chicken Breast,Meat,HH005,2026-01-27,0.17,kg,1,0,1,winter,0
ITM006,Chicken Breast,Meat,HH005,2026-02-12,0.18,kg,3,0,2,winter,0
ITM006,Chicken Breast,Meat,HH005,2026-02-17,0.18,kg,1,0,2,winter,0
ITM006,Chicken Breast,Meat,HH005,2026-02-20,0.17,kg,4,0,2,winter,0
ITM006,Chicken Breast,Meat,HH005,2026-02-23,0.19,kg,0,0,2,winter,0
ITM006,Chicken Breast,Meat,HH005,2026-02-26,0.14,kg,3,0,2,winter,0
ITM006,Chicken Breast,Meat,HH005,2026-02-27,0.24,kg,4,0,2,winter,0
ITM006,Chicken Breast,Meat,HH005,2026-03-01,0.24,kg,6,1,3,spring,0
ITM006,Chicken Breast,Meat,HH005,2026-03-02,0.21,kg,0,0,3,spring,0
ITM006,Chicken Breast,Meat,HH005,2026-03-06,0.21,kg,4,0,3,spring,0
ITM006,Chicken Breast,Meat,HH005,2026-03-08,0.35,kg,6,1,3,spring,1
ITM006,Chicken Breast,Meat,HH005,2026-03-10,0.22,kg,1,0,3,spring,0
ITM006,Chicken Breast,Meat,HH005,2026-03-11,0.26,kg,2,0,3,spring,0
ITM006,Chicken Breast,Meat,HH005,2026-03-13,0.19,kg,4,0,3,spring,0
ITM006,Chicken Breast,Meat,HH005,2026-03-17,0.18,kg,1,0,3,spring,0
ITM006,Chicken Breast,Meat,HH005,2026-03-29,0.38,kg,6,1,3,spring,0
ITM006,Chicken Breast,Meat,HH005,2026-04-11,0.4,kg,5,1,4,spring,0
ITM006,Chicken Breast,Meat,HH005,2026-04-14,0.3,kg,1,0,4,spring,1
ITM006,Chicken Breast,Meat,HH005,2026-04-15,0.21,kg,2,0,4,spring,0
ITM006,Chicken Breast,Meat,HH005,2026-04-19,0.17,kg,6,1,4,spring,0
ITM006,Chicken Breast,Meat,HH005,2026-04-23,0.18,kg,3,0,4,spring,0
ITM006,Chicken Breast,Meat,HH005,2026-04-25,0.26,kg,5,1,4,spring,0
ITM006,Chicken Breast,Meat,HH005,2026-04-27,0.17,kg,0,0,4,spring,0
ITM006,Chicken Breast,Meat,HH005,2026-05-03,0.26,kg,6,1,5,spring,0
ITM006,Chicken Breast,Meat,HH005,2026-05-04,0.2,kg,0,0,5,spring,0
ITM006,Chicken Breast,Meat,HH005,2026-05-08,0.22,kg,4,0,5,spring,0
ITM006,Chicken Breast,Meat,HH005,2026-05-11,0.24,kg,0,0,5,spring,0
ITM006,Chicken Breast,Meat,HH005,2026-05-14,0.2,kg,3,0,5,spring,0
ITM006,Chicken Breast,Meat,HH005,2026-05-19,0.16,kg,1,0,5,spring,0
ITM006,Chicken Breast,Meat,HH005,2026-05-27,0.18,kg,2,0,5,spring,0
ITM006,Chicken Breast,Meat,HH005,2026-06-07,0.35,kg,6,1,6,summer,0
ITM006,Chicken Breast,Meat,HH005,2026-06-13,0.32,kg,5,1,6,summer,0
ITM006,Chicken Breast,Meat,HH005,2026-06-14,0.3,kg,6,1,6,summer,0
ITM006,Chicken Breast,Meat,HH005,2026-06-21,0.29,kg,6,1,6,summer,0
ITM006,Chicken Breast,Meat,HH005,2026-06-24,0.19,kg,2,0,6,summer,0
ITM006,Chicken Breast,Meat,HH005,2026-06-27,0.23,kg,5,1,6,summer,0
ITM006,Chicken Breast,Meat,HH005,2026-06-28,0.27,kg,6,1,6,summer,0
ITM006,Chicken Breast,Meat,HH006,2026-01-05,0.25,kg,0,0,1,winter,0
ITM006,Chicken Breast,Meat,HH006,2026-01-13,0.26,kg,1,0,1,winter,0
ITM006,Chicken Breast,Meat,HH006,2026-01-21,0.28,kg,2,0,1,winter,0
ITM006,Chicken Breast,Meat,HH006,2026-01-22,0.3,kg,3,0,1,winter,0
ITM006,Chicken Breast,Meat,HH006,2026-01-24,0.42,kg,5,1,1,winter,0
ITM006,Chicken Breast,Meat,HH006,2026-01-28,0.24,kg,2,0,1,winter,0
ITM006,Chicken Breast,Meat,HH006,2026-02-15,0.34,kg,6,1,2,winter,0
ITM006,Chicken Breast,Meat,HH006,2026-02-16,0.24,kg,0,0,2,winter,0
ITM006,Chicken Breast,Meat,HH006,2026-02-21,0.28,kg,5,1,2,winter,0
ITM006,Chicken Breast,Meat,HH006,2026-02-23,0.24,kg,0,0,2,winter,0
ITM006,Chicken Breast,Meat,HH006,2026-02-28,0.28,kg,5,1,2,winter,0
ITM006,Chicken Breast,Meat,HH006,2026-03-04,0.25,kg,2,0,3,spring,0
ITM006,Chicken Breast,Meat,HH006,2026-03-07,0.32,kg,5,1,3,spring,0
ITM006,Chicken Breast,Meat,HH006,2026-03-09,0.2,kg,0,0,3,spring,0
ITM006,Chicken Breast,Meat,HH006,2026-03-12,0.2,kg,3,0,3,spring,0
ITM006,Chicken Breast,Meat,HH006,2026-03-19,0.27,kg,3,0,3,spring,0
ITM006,Chicken Breast,Meat,HH006,2026-03-28,0.35,kg,5,1,3,spring,0
ITM006,Chicken Breast,Meat,HH006,2026-03-29,0.24,kg,6,1,3,spring,0
ITM006,Chicken Breast,Meat,HH006,2026-03-30,0.22,kg,0,0,3,spring,0
ITM006,Chicken Breast,Meat,HH006,2026-04-01,0.25,kg,2,0,4,spring,0
ITM006,Chicken Breast,Meat,HH006,2026-04-02,0.23,kg,3,0,4,spring,0
ITM006,Chicken Breast,Meat,HH006,2026-04-04,0.39,kg,5,1,4,spring,0
ITM006,Chicken Breast,Meat,HH006,2026-04-06,0.25,kg,0,0,4,spring,0
ITM006,Chicken Breast,Meat,HH006,2026-04-08,0.28,kg,2,0,4,spring,0
ITM006,Chicken Breast,Meat,HH006,2026-04-10,0.24,kg,4,0,4,spring,0
ITM006,Chicken Breast,Meat,HH006,2026-04-13,0.33,kg,0,0,4,spring,0
ITM006,Chicken Breast,Meat,HH006,2026-04-14,0.42,kg,1,0,4,spring,1
ITM006,Chicken Breast,Meat,HH006,2026-04-17,0.25,kg,4,0,4,spring,0
ITM006,Chicken Breast,Meat,HH006,2026-04-18,0.39,kg,5,1,4,spring,0
ITM006,Chicken Breast,Meat,HH006,2026-04-20,0.28,kg,0,0,4,spring,0
ITM006,Chicken Breast,Meat,HH006,2026-04-24,0.27,kg,4,0,4,spring,0
ITM006,Chicken Breast,Meat,HH006,2026-04-26,0.33,kg,6,1,4,spring,0
ITM006,Chicken Breast,Meat,HH006,2026-04-27,0.26,kg,0,0,4,spring,0
ITM006,Chicken Breast,Meat,HH006,2026-04-28,0.2,kg,1,0,4,spring,0
ITM006,Chicken Breast,Meat,HH006,2026-05-14,0.23,kg,3,0,5,spring,0
ITM006,Chicken Breast,Meat,HH006,2026-05-19,0.28,kg,1,0,5,spring,0
ITM006,Chicken Breast,Meat,HH006,2026-05-24,0.38,kg,6,1,5,spring,0
ITM006,Chicken Breast,Meat,HH006,2026-05-27,0.21,kg,2,0,5,spring,0
ITM006,Chicken Breast,Meat,HH006,2026-05-29,0.25,kg,4,0,5,spring,0
ITM006,Chicken Breast,Meat,HH006,2026-05-31,0.34,kg,6,1,5,spring,0
ITM006,Chicken Breast,Meat,HH006,2026-06-02,0.25,kg,1,0,6,summer,0
ITM006,Chicken Breast,Meat,HH006,2026-06-03,0.23,kg,2,0,6,summer,0
ITM006,Chicken Breast,Meat,HH006,2026-06-04,0.26,kg,3,0,6,summer,0
ITM006,Chicken Breast,Meat,HH006,2026-06-06,0.33,kg,5,1,6,summer,1
ITM006,Chicken Breast,Meat,HH006,2026-06-09,0.23,kg,1,0,6,summer,0
ITM006,Chicken Breast,Meat,HH006,2026-06-14,0.41,kg,6,1,6,summer,0
ITM006,Chicken Breast,Meat,HH006,2026-06-18,0.22,kg,3,0,6,summer,0
ITM006,Chicken Breast,Meat,HH006,2026-06-19,0.27,kg,4,0,6,summer,0
ITM006,Chicken Breast,Meat,HH006,2026-06-25,0.27,kg,3,0,6,summer,0
ITM006,Chicken Breast,Meat,HH006,2026-06-26,0.23,kg,4,0,6,summer,0
ITM006,Chicken Breast,Meat,HH006,2026-06-28,0.32,kg,6,1,6,summer,0
ITM006,Chicken Breast,Meat,HH006,2026-06-29,0.3,kg,0,0,6,summer,0
ITM006,Chicken Breast,Meat,HH007,2026-01-07,0.18,kg,2,0,1,winter,0
ITM006,Chicken Breast,Meat,HH007,2026-01-16,0.21,kg,4,0,1,winter,0
ITM006,Chicken Breast,Meat,HH007,2026-01-22,0.18,kg,3,0,1,winter,0
ITM006,Chicken Breast,Meat,HH007,2026-01-23,0.34,kg,4,0,1,winter,0
ITM006,Chicken Breast,Meat,HH007,2026-01-25,0.53,kg,6,1,1,winter,0
ITM006,Chicken Breast,Meat,HH007,2026-02-05,0.33,kg,3,0,2,winter,0
ITM006,Chicken Breast,Meat,HH007,2026-02-07,0.51,kg,5,1,2,winter,0
ITM006,Chicken Breast,Meat,HH007,2026-02-08,0.39,kg,6,1,2,winter,0
ITM006,Chicken Breast,Meat,HH007,2026-02-24,0.23,kg,1,0,2,winter,0
ITM006,Chicken Breast,Meat,HH007,2026-02-25,0.35,kg,2,0,2,winter,0
ITM006,Chicken Breast,Meat,HH007,2026-02-28,0.45,kg,5,1,2,winter,0
ITM006,Chicken Breast,Meat,HH007,2026-03-01,0.35,kg,6,1,3,spring,0
ITM006,Chicken Breast,Meat,HH007,2026-03-04,0.22,kg,2,0,3,spring,0
ITM006,Chicken Breast,Meat,HH007,2026-03-11,0.31,kg,2,0,3,spring,0
ITM006,Chicken Breast,Meat,HH007,2026-03-12,0.24,kg,3,0,3,spring,0
ITM006,Chicken Breast,Meat,HH007,2026-03-15,0.45,kg,6,1,3,spring,0
ITM006,Chicken Breast,Meat,HH007,2026-03-16,0.33,kg,0,0,3,spring,0
ITM006,Chicken Breast,Meat,HH007,2026-03-20,0.27,kg,4,0,3,spring,0
ITM006,Chicken Breast,Meat,HH007,2026-03-21,0.54,kg,5,1,3,spring,0
ITM006,Chicken Breast,Meat,HH007,2026-03-22,0.58,kg,6,1,3,spring,0
ITM006,Chicken Breast,Meat,HH007,2026-04-04,0.31,kg,5,1,4,spring,0
ITM006,Chicken Breast,Meat,HH007,2026-04-05,0.27,kg,6,1,4,spring,0
ITM006,Chicken Breast,Meat,HH007,2026-04-16,0.26,kg,3,0,4,spring,0
ITM006,Chicken Breast,Meat,HH007,2026-04-20,0.34,kg,0,0,4,spring,0
ITM006,Chicken Breast,Meat,HH007,2026-04-26,0.46,kg,6,1,4,spring,0
ITM006,Chicken Breast,Meat,HH007,2026-04-28,0.28,kg,1,0,4,spring,0
ITM006,Chicken Breast,Meat,HH007,2026-05-03,0.43,kg,6,1,5,spring,0
ITM006,Chicken Breast,Meat,HH007,2026-05-06,0.28,kg,2,0,5,spring,0
ITM006,Chicken Breast,Meat,HH007,2026-05-22,0.31,kg,4,0,5,spring,0
ITM006,Chicken Breast,Meat,HH007,2026-05-28,0.28,kg,3,0,5,spring,0
ITM006,Chicken Breast,Meat,HH007,2026-06-02,0.22,kg,1,0,6,summer,0
ITM006,Chicken Breast,Meat,HH007,2026-06-13,0.51,kg,5,1,6,summer,0
ITM006,Chicken Breast,Meat,HH007,2026-06-19,0.31,kg,4,0,6,summer,0
ITM006,Chicken Breast,Meat,HH007,2026-06-22,0.35,kg,0,0,6,summer,0
ITM006,Chicken Breast,Meat,HH007,2026-06-23,0.28,kg,1,0,6,summer,0
ITM006,Chicken Breast,Meat,HH007,2026-06-24,0.37,kg,2,0,6,summer,0
ITM006,Chicken Breast,Meat,HH007,2026-06-25,0.31,kg,3,0,6,summer,0
ITM006,Chicken Breast,Meat,HH008,2026-01-01,0.48,kg,3,0,1,winter,1
ITM006,Chicken Breast,Meat,HH008,2026-01-03,0.48,kg,5,1,1,winter,0
ITM006,Chicken Breast,Meat,HH008,2026-01-04,0.43,kg,6,1,1,winter,0
ITM006,Chicken Breast,Meat,HH008,2026-01-05,0.29,kg,0,0,1,winter,0
ITM006,Chicken Breast,Meat,HH008,2026-01-12,0.38,kg,0,0,1,winter,0
ITM006,Chicken Breast,Meat,HH008,2026-01-22,0.43,kg,3,0,1,winter,0
ITM006,Chicken Breast,Meat,HH008,2026-02-01,0.49,kg,6,1,2,winter,0
ITM006,Chicken Breast,Meat,HH008,2026-02-03,0.38,kg,1,0,2,winter,0
ITM006,Chicken Breast,Meat,HH008,2026-02-07,0.55,kg,5,1,2,winter,0
ITM006,Chicken Breast,Meat,HH008,2026-02-11,0.34,kg,2,0,2,winter,0
ITM006,Chicken Breast,Meat,HH008,2026-02-12,0.41,kg,3,0,2,winter,0
ITM006,Chicken Breast,Meat,HH008,2026-02-13,0.35,kg,4,0,2,winter,0
ITM006,Chicken Breast,Meat,HH008,2026-02-19,0.34,kg,3,0,2,winter,0
ITM006,Chicken Breast,Meat,HH008,2026-02-21,0.45,kg,5,1,2,winter,0
ITM006,Chicken Breast,Meat,HH008,2026-02-22,0.55,kg,6,1,2,winter,0
ITM006,Chicken Breast,Meat,HH008,2026-02-28,0.37,kg,5,1,2,winter,0
ITM006,Chicken Breast,Meat,HH008,2026-03-07,0.37,kg,5,1,3,spring,0
ITM006,Chicken Breast,Meat,HH008,2026-03-08,0.61,kg,6,1,3,spring,1
ITM006,Chicken Breast,Meat,HH008,2026-03-12,0.29,kg,3,0,3,spring,0
ITM006,Chicken Breast,Meat,HH008,2026-03-14,0.43,kg,5,1,3,spring,0
ITM006,Chicken Breast,Meat,HH008,2026-03-16,0.29,kg,0,0,3,spring,0
ITM006,Chicken Breast,Meat,HH008,2026-03-22,0.52,kg,6,1,3,spring,0
ITM006,Chicken Breast,Meat,HH008,2026-03-26,0.29,kg,3,0,3,spring,0
ITM006,Chicken Breast,Meat,HH008,2026-03-31,0.22,kg,1,0,3,spring,0
ITM006,Chicken Breast,Meat,HH008,2026-04-10,0.36,kg,4,0,4,spring,0
ITM006,Chicken Breast,Meat,HH008,2026-04-18,0.55,kg,5,1,4,spring,0
ITM006,Chicken Breast,Meat,HH008,2026-05-03,0.43,kg,6,1,5,spring,0
ITM006,Chicken Breast,Meat,HH008,2026-05-05,0.27,kg,1,0,5,spring,0
ITM006,Chicken Breast,Meat,HH008,2026-05-06,0.29,kg,2,0,5,spring,0
ITM006,Chicken Breast,Meat,HH008,2026-05-21,0.27,kg,3,0,5,spring,0
ITM006,Chicken Breast,Meat,HH008,2026-05-27,0.39,kg,2,0,5,spring,0
ITM006,Chicken Breast,Meat,HH008,2026-05-29,0.27,kg,4,0,5,spring,0
ITM006,Chicken Breast,Meat,HH008,2026-06-05,0.31,kg,4,0,6,summer,0
ITM006,Chicken Breast,Meat,HH008,2026-06-10,0.35,kg,2,0,6,summer,0
ITM006,Chicken Breast,Meat,HH008,2026-06-12,0.28,kg,4,0,6,summer,0
ITM006,Chicken Breast,Meat,HH008,2026-06-16,0.36,kg,1,0,6,summer,0
ITM006,Chicken Breast,Meat,HH008,2026-06-23,0.29,kg,1,0,6,summer,0
ITM006,Chicken Breast,Meat,HH008,2026-06-28,0.36,kg,6,1,6,summer,0
ITM006,Chicken Breast,Meat,HH008,2026-06-29,0.34,kg,0,0,6,summer,0
ITM006,Chicken Breast,Meat,HH009,2026-01-06,0.41,kg,1,0,1,winter,0
ITM006,Chicken Breast,Meat,HH009,2026-01-09,0.42,kg,4,0,1,winter,0
ITM006,Chicken Breast,Meat,HH009,2026-01-10,0.71,kg,5,1,1,winter,0
ITM006,Chicken Breast,Meat,HH009,2026-01-21,0.4,kg,2,0,1,winter,0
ITM006,Chicken Breast,Meat,HH009,2026-01-22,0.33,kg,3,0,1,winter,0
ITM006,Chicken Breast,Meat,HH009,2026-01-24,0.46,kg,5,1,1,winter,0
ITM006,Chicken Breast,Meat,HH009,2026-01-26,0.6,kg,0,0,1,winter,1
ITM006,Chicken Breast,Meat,HH009,2026-01-27,0.35,kg,1,0,1,winter,0
ITM006,Chicken Breast,Meat,HH009,2026-02-02,0.38,kg,0,0,2,winter,0
ITM006,Chicken Breast,Meat,HH009,2026-02-03,0.36,kg,1,0,2,winter,0
ITM006,Chicken Breast,Meat,HH009,2026-02-04,0.37,kg,2,0,2,winter,0
ITM006,Chicken Breast,Meat,HH009,2026-02-11,0.31,kg,2,0,2,winter,0
ITM006,Chicken Breast,Meat,HH009,2026-02-18,0.41,kg,2,0,2,winter,0
ITM006,Chicken Breast,Meat,HH009,2026-02-19,0.41,kg,3,0,2,winter,0
ITM006,Chicken Breast,Meat,HH009,2026-02-24,0.39,kg,1,0,2,winter,0
ITM006,Chicken Breast,Meat,HH009,2026-02-25,0.44,kg,2,0,2,winter,0
ITM006,Chicken Breast,Meat,HH009,2026-02-26,0.4,kg,3,0,2,winter,0
ITM006,Chicken Breast,Meat,HH009,2026-03-01,0.59,kg,6,1,3,spring,0
ITM006,Chicken Breast,Meat,HH009,2026-03-04,0.5,kg,2,0,3,spring,0
ITM006,Chicken Breast,Meat,HH009,2026-03-07,0.54,kg,5,1,3,spring,0
ITM006,Chicken Breast,Meat,HH009,2026-03-12,0.39,kg,3,0,3,spring,0
ITM006,Chicken Breast,Meat,HH009,2026-03-14,0.49,kg,5,1,3,spring,0
ITM006,Chicken Breast,Meat,HH009,2026-03-16,0.37,kg,0,0,3,spring,0
ITM006,Chicken Breast,Meat,HH009,2026-03-17,0.35,kg,1,0,3,spring,0
ITM006,Chicken Breast,Meat,HH009,2026-03-19,0.41,kg,3,0,3,spring,0
ITM006,Chicken Breast,Meat,HH009,2026-03-21,0.52,kg,5,1,3,spring,0
ITM006,Chicken Breast,Meat,HH009,2026-03-31,0.37,kg,1,0,3,spring,0
ITM006,Chicken Breast,Meat,HH009,2026-04-06,0.43,kg,0,0,4,spring,0
ITM006,Chicken Breast,Meat,HH009,2026-04-08,0.34,kg,2,0,4,spring,0
ITM006,Chicken Breast,Meat,HH009,2026-04-11,0.61,kg,5,1,4,spring,0
ITM006,Chicken Breast,Meat,HH009,2026-04-17,0.49,kg,4,0,4,spring,0
ITM006,Chicken Breast,Meat,HH009,2026-04-19,0.72,kg,6,1,4,spring,0
ITM006,Chicken Breast,Meat,HH009,2026-04-20,0.33,kg,0,0,4,spring,0
ITM006,Chicken Breast,Meat,HH009,2026-04-21,0.42,kg,1,0,4,spring,0
ITM006,Chicken Breast,Meat,HH009,2026-04-22,0.37,kg,2,0,4,spring,0
ITM006,Chicken Breast,Meat,HH009,2026-04-29,0.32,kg,2,0,4,spring,0
ITM006,Chicken Breast,Meat,HH009,2026-05-01,0.58,kg,4,0,5,spring,1
ITM006,Chicken Breast,Meat,HH009,2026-05-03,0.57,kg,6,1,5,spring,0
ITM006,Chicken Breast,Meat,HH009,2026-05-04,0.43,kg,0,0,5,spring,0
ITM006,Chicken Breast,Meat,HH009,2026-05-06,0.31,kg,2,0,5,spring,0
ITM006,Chicken Breast,Meat,HH009,2026-05-10,0.55,kg,6,1,5,spring,0
ITM006,Chicken Breast,Meat,HH009,2026-05-21,0.33,kg,3,0,5,spring,0
ITM006,Chicken Breast,Meat,HH009,2026-05-22,0.42,kg,4,0,5,spring,0
ITM006,Chicken Breast,Meat,HH009,2026-05-23,0.58,kg,5,1,5,spring,0
ITM006,Chicken Breast,Meat,HH009,2026-05-25,0.37,kg,0,0,5,spring,0
ITM006,Chicken Breast,Meat,HH009,2026-05-28,0.4,kg,3,0,5,spring,0
ITM006,Chicken Breast,Meat,HH009,2026-06-10,0.35,kg,2,0,6,summer,0
ITM006,Chicken Breast,Meat,HH009,2026-06-11,0.42,kg,3,0,6,summer,0
ITM006,Chicken Breast,Meat,HH009,2026-06-15,0.35,kg,0,0,6,summer,0
ITM006,Chicken Breast,Meat,HH009,2026-06-16,0.4,kg,1,0,6,summer,0
ITM006,Chicken Breast,Meat,HH009,2026-06-17,0.3,kg,2,0,6,summer,0
ITM006,Chicken Breast,Meat,HH010,2026-01-01,0.32,kg,3,0,1,winter,1
ITM006,Chicken Breast,Meat,HH010,2026-01-02,0.25,kg,4,0,1,winter,0
ITM006,Chicken Breast,Meat,HH010,2026-01-03,0.29,kg,5,1,1,winter,0
ITM006,Chicken Breast,Meat,HH010,2026-01-04,0.28,kg,6,1,1,winter,0
ITM006,Chicken Breast,Meat,HH010,2026-01-06,0.18,kg,1,0,1,winter,0
ITM006,Chicken Breast,Meat,HH010,2026-01-07,0.17,kg,2,0,1,winter,0
ITM006,Chicken Breast,Meat,HH010,2026-01-11,0.27,kg,6,1,1,winter,0
ITM006,Chicken Breast,Meat,HH010,2026-01-12,0.19,kg,0,0,1,winter,0
ITM006,Chicken Breast,Meat,HH010,2026-01-19,0.24,kg,0,0,1,winter,0
ITM006,Chicken Breast,Meat,HH010,2026-01-23,0.18,kg,4,0,1,winter,0
ITM006,Chicken Breast,Meat,HH010,2026-01-25,0.32,kg,6,1,1,winter,0
ITM006,Chicken Breast,Meat,HH010,2026-01-26,0.29,kg,0,0,1,winter,1
ITM006,Chicken Breast,Meat,HH010,2026-01-27,0.27,kg,1,0,1,winter,0
ITM006,Chicken Breast,Meat,HH010,2026-01-31,0.37,kg,5,1,1,winter,0
ITM006,Chicken Breast,Meat,HH010,2026-02-01,0.3,kg,6,1,2,winter,0
ITM006,Chicken Breast,Meat,HH010,2026-02-04,0.19,kg,2,0,2,winter,0
ITM006,Chicken Breast,Meat,HH010,2026-02-05,0.13,kg,3,0,2,winter,0
ITM006,Chicken Breast,Meat,HH010,2026-02-09,0.21,kg,0,0,2,winter,0
ITM006,Chicken Breast,Meat,HH010,2026-02-11,0.21,kg,2,0,2,winter,0
ITM006,Chicken Breast,Meat,HH010,2026-02-14,0.19,kg,5,1,2,winter,0
ITM006,Chicken Breast,Meat,HH010,2026-02-16,0.2,kg,0,0,2,winter,0
ITM006,Chicken Breast,Meat,HH010,2026-02-18,0.24,kg,2,0,2,winter,0
ITM006,Chicken Breast,Meat,HH010,2026-02-20,0.21,kg,4,0,2,winter,0
ITM006,Chicken Breast,Meat,HH010,2026-02-23,0.18,kg,0,0,2,winter,0
ITM006,Chicken Breast,Meat,HH010,2026-02-25,0.19,kg,2,0,2,winter,0
ITM006,Chicken Breast,Meat,HH010,2026-02-28,0.39,kg,5,1,2,winter,0
ITM006,Chicken Breast,Meat,HH010,2026-03-02,0.24,kg,0,0,3,spring,0
ITM006,Chicken Breast,Meat,HH010,2026-03-08,0.56,kg,6,1,3,spring,1
ITM006,Chicken Breast,Meat,HH010,2026-03-10,0.2,kg,1,0,3,spring,0
ITM006,Chicken Breast,Meat,HH010,2026-03-11,0.16,kg,2,0,3,spring,0
ITM006,Chicken Breast,Meat,HH010,2026-03-16,0.24,kg,0,0,3,spring,0
ITM006,Chicken Breast,Meat,HH010,2026-03-17,0.24,kg,1,0,3,spring,0
ITM006,Chicken Breast,Meat,HH010,2026-03-23,0.22,kg,0,0,3,spring,0
ITM006,Chicken Breast,Meat,HH010,2026-03-26,0.2,kg,3,0,3,spring,0
ITM006,Chicken Breast,Meat,HH010,2026-03-28,0.32,kg,5,1,3,spring,0
ITM006,Chicken Breast,Meat,HH010,2026-03-30,0.18,kg,0,0,3,spring,0
ITM006,Chicken Breast,Meat,HH010,2026-04-08,0.23,kg,2,0,4,spring,0
ITM006,Chicken Breast,Meat,HH010,2026-04-10,0.21,kg,4,0,4,spring,0
ITM006,Chicken Breast,Meat,HH010,2026-04-11,0.3,kg,5,1,4,spring,0
ITM006,Chicken Breast,Meat,HH010,2026-04-14,0.43,kg,1,0,4,spring,1
ITM006,Chicken Breast,Meat,HH010,2026-04-15,0.24,kg,2,0,4,spring,0
ITM006,Chicken Breast,Meat,HH010,2026-04-24,0.18,kg,4,0,4,spring,0
ITM006,Chicken Breast,Meat,HH010,2026-04-27,0.16,kg,0,0,4,spring,0
ITM006,Chicken Breast,Meat,HH010,2026-05-12,0.2,kg,1,0,5,spring,0
ITM006,Chicken Breast,Meat,HH010,2026-05-20,0.15,kg,2,0,5,spring,0
ITM006,Chicken Breast,Meat,HH010,2026-05-21,0.16,kg,3,0,5,spring,0
ITM006,Chicken Breast,Meat,HH010,2026-05-24,0.32,kg,6,1,5,spring,0
ITM006,Chicken Breast,Meat,HH010,2026-05-29,0.17,kg,4,0,5,spring,0
ITM006,Chicken Breast,Meat,HH010,2026-06-01,0.24,kg,0,0,6,summer,0
ITM006,Chicken Breast,Meat,HH010,2026-06-05,0.19,kg,4,0,6,summer,0
ITM006,Chicken Breast,Meat,HH010,2026-06-11,0.24,kg,3,0,6,summer,0
ITM006,Chicken Breast,Meat,HH010,2026-06-15,0.23,kg,0,0,6,summer,0
ITM006,Chicken Breast,Meat,HH010,2026-06-16,0.27,kg,1,0,6,summer,0
ITM006,Chicken Breast,Meat,HH010,2026-06-19,0.27,kg,4,0,6,summer,0
ITM006,Chicken Breast,Meat,HH010,2026-06-21,0.3,kg,6,1,6,summer,0
ITM006,Chicken Breast,Meat,HH010,2026-06-22,0.21,kg,0,0,6,summer,0
ITM006,Chicken Breast,Meat,HH010,2026-06-26,0.16,kg,4,0,6,summer,0
ITM006,Chicken Breast,Meat,HH010,2026-06-27,0.3,kg,5,1,6,summer,0
ITM006,Chicken Breast,Meat,HH010,2026-06-28,0.32,kg,6,1,6,summer,0
ITM006,Chicken Breast,Meat,HH011,2026-01-03,0.32,kg,5,1,1,winter,0
ITM006,Chicken Breast,Meat,HH011,2026-01-06,0.27,kg,1,0,1,winter,0
ITM006,Chicken Breast,Meat,HH011,2026-01-10,0.32,kg,5,1,1,winter,0
ITM006,Chicken Breast,Meat,HH011,2026-01-20,0.21,kg,1,0,1,winter,0
ITM006,Chicken Breast,Meat,HH011,2026-01-22,0.2,kg,3,0,1,winter,0
ITM006,Chicken Breast,Meat,HH011,2026-01-25,0.24,kg,6,1,1,winter,0
ITM006,Chicken Breast,Meat,HH011,2026-01-26,0.48,kg,0,0,1,winter,1
ITM006,Chicken Breast,Meat,HH011,2026-01-30,0.31,kg,4,0,1,winter,0
ITM006,Chicken Breast,Meat,HH011,2026-02-03,0.24,kg,1,0,2,winter,0
ITM006,Chicken Breast,Meat,HH011,2026-02-04,0.21,kg,2,0,2,winter,0
ITM006,Chicken Breast,Meat,HH011,2026-02-06,0.22,kg,4,0,2,winter,0
ITM006,Chicken Breast,Meat,HH011,2026-02-08,0.34,kg,6,1,2,winter,0
ITM006,Chicken Breast,Meat,HH011,2026-02-10,0.15,kg,1,0,2,winter,0
ITM006,Chicken Breast,Meat,HH011,2026-02-12,0.28,kg,3,0,2,winter,0
ITM006,Chicken Breast,Meat,HH011,2026-02-16,0.31,kg,0,0,2,winter,0
ITM006,Chicken Breast,Meat,HH011,2026-02-17,0.27,kg,1,0,2,winter,0
ITM006,Chicken Breast,Meat,HH011,2026-02-19,0.22,kg,3,0,2,winter,0
ITM006,Chicken Breast,Meat,HH011,2026-02-23,0.3,kg,0,0,2,winter,0
ITM006,Chicken Breast,Meat,HH011,2026-02-27,0.26,kg,4,0,2,winter,0
ITM006,Chicken Breast,Meat,HH011,2026-03-06,0.22,kg,4,0,3,spring,0
ITM006,Chicken Breast,Meat,HH011,2026-03-10,0.25,kg,1,0,3,spring,0
ITM006,Chicken Breast,Meat,HH011,2026-03-21,0.3,kg,5,1,3,spring,0
ITM006,Chicken Breast,Meat,HH011,2026-03-27,0.21,kg,4,0,3,spring,0
ITM006,Chicken Breast,Meat,HH011,2026-03-28,0.33,kg,5,1,3,spring,0
ITM006,Chicken Breast,Meat,HH011,2026-03-31,0.28,kg,1,0,3,spring,0
ITM006,Chicken Breast,Meat,HH011,2026-04-02,0.3,kg,3,0,4,spring,0
ITM006,Chicken Breast,Meat,HH011,2026-04-08,0.24,kg,2,0,4,spring,0
ITM006,Chicken Breast,Meat,HH011,2026-04-10,0.33,kg,4,0,4,spring,0
ITM006,Chicken Breast,Meat,HH011,2026-04-11,0.3,kg,5,1,4,spring,0
ITM006,Chicken Breast,Meat,HH011,2026-04-14,0.34,kg,1,0,4,spring,1
ITM006,Chicken Breast,Meat,HH011,2026-04-15,0.23,kg,2,0,4,spring,0
ITM006,Chicken Breast,Meat,HH011,2026-04-17,0.25,kg,4,0,4,spring,0
ITM006,Chicken Breast,Meat,HH011,2026-04-21,0.3,kg,1,0,4,spring,0
ITM006,Chicken Breast,Meat,HH011,2026-04-22,0.3,kg,2,0,4,spring,0
ITM006,Chicken Breast,Meat,HH011,2026-05-04,0.21,kg,0,0,5,spring,0
ITM006,Chicken Breast,Meat,HH011,2026-05-15,0.27,kg,4,0,5,spring,0
ITM006,Chicken Breast,Meat,HH011,2026-05-20,0.28,kg,2,0,5,spring,0
ITM006,Chicken Breast,Meat,HH011,2026-05-21,0.24,kg,3,0,5,spring,0
ITM006,Chicken Breast,Meat,HH011,2026-05-22,0.31,kg,4,0,5,spring,0
ITM006,Chicken Breast,Meat,HH011,2026-05-29,0.32,kg,4,0,5,spring,0
ITM006,Chicken Breast,Meat,HH011,2026-05-31,0.32,kg,6,1,5,spring,0
ITM006,Chicken Breast,Meat,HH011,2026-06-01,0.27,kg,0,0,6,summer,0
ITM006,Chicken Breast,Meat,HH011,2026-06-09,0.22,kg,1,0,6,summer,0
ITM006,Chicken Breast,Meat,HH011,2026-06-16,0.26,kg,1,0,6,summer,0
ITM006,Chicken Breast,Meat,HH011,2026-06-18,0.28,kg,3,0,6,summer,0
ITM006,Chicken Breast,Meat,HH011,2026-06-19,0.32,kg,4,0,6,summer,0
ITM006,Chicken Breast,Meat,HH011,2026-06-20,0.3,kg,5,1,6,summer,0
ITM006,Chicken Breast,Meat,HH011,2026-06-24,0.2,kg,2,0,6,summer,0
ITM006,Chicken Breast,Meat,HH012,2026-01-02,0.3,kg,4,0,1,winter,0
ITM006,Chicken Breast,Meat,HH012,2026-01-05,0.3,kg,0,0,1,winter,0
ITM006,Chicken Breast,Meat,HH012,2026-01-17,0.34,kg,5,1,1,winter,0
ITM006,Chicken Breast,Meat,HH012,2026-01-21,0.16,kg,2,0,1,winter,0
ITM006,Chicken Breast,Meat,HH012,2026-01-24,0.54,kg,5,1,1,winter,0
ITM006,Chicken Breast,Meat,HH012,2026-01-26,0.45,kg,0,0,1,winter,1
ITM006,Chicken Breast,Meat,HH012,2026-01-27,0.3,kg,1,0,1,winter,0
ITM006,Chicken Breast,Meat,HH012,2026-02-03,0.38,kg,1,0,2,winter,0
ITM006,Chicken Breast,Meat,HH012,2026-02-06,0.33,kg,4,0,2,winter,0
ITM006,Chicken Breast,Meat,HH012,2026-02-08,0.45,kg,6,1,2,winter,0
ITM006,Chicken Breast,Meat,HH012,2026-02-10,0.22,kg,1,0,2,winter,0
ITM006,Chicken Breast,Meat,HH012,2026-02-11,0.41,kg,2,0,2,winter,0
ITM006,Chicken Breast,Meat,HH012,2026-02-18,0.32,kg,2,0,2,winter,0
ITM006,Chicken Breast,Meat,HH012,2026-02-19,0.29,kg,3,0,2,winter,0
ITM006,Chicken Breast,Meat,HH012,2026-02-25,0.28,kg,2,0,2,winter,0
ITM006,Chicken Breast,Meat,HH012,2026-02-28,0.59,kg,5,1,2,winter,0
ITM006,Chicken Breast,Meat,HH012,2026-03-04,0.3,kg,2,0,3,spring,0
ITM006,Chicken Breast,Meat,HH012,2026-03-06,0.37,kg,4,0,3,spring,0
ITM006,Chicken Breast,Meat,HH012,2026-03-11,0.31,kg,2,0,3,spring,0
ITM006,Chicken Breast,Meat,HH012,2026-03-12,0.29,kg,3,0,3,spring,0
ITM006,Chicken Breast,Meat,HH012,2026-03-13,0.36,kg,4,0,3,spring,0
ITM006,Chicken Breast,Meat,HH012,2026-03-23,0.26,kg,0,0,3,spring,0
ITM006,Chicken Breast,Meat,HH012,2026-03-24,0.25,kg,1,0,3,spring,0
ITM006,Chicken Breast,Meat,HH012,2026-03-25,0.28,kg,2,0,3,spring,0
ITM006,Chicken Breast,Meat,HH012,2026-03-27,0.27,kg,4,0,3,spring,0
ITM006,Chicken Breast,Meat,HH012,2026-03-28,0.36,kg,5,1,3,spring,0
ITM006,Chicken Breast,Meat,HH012,2026-03-31,0.33,kg,1,0,3,spring,0
ITM006,Chicken Breast,Meat,HH012,2026-04-02,0.34,kg,3,0,4,spring,0
ITM006,Chicken Breast,Meat,HH012,2026-04-04,0.43,kg,5,1,4,spring,0
ITM006,Chicken Breast,Meat,HH012,2026-04-07,0.3,kg,1,0,4,spring,0
ITM006,Chicken Breast,Meat,HH012,2026-04-08,0.31,kg,2,0,4,spring,0
ITM006,Chicken Breast,Meat,HH012,2026-04-10,0.3,kg,4,0,4,spring,0
ITM006,Chicken Breast,Meat,HH012,2026-04-11,0.4,kg,5,1,4,spring,0
ITM006,Chicken Breast,Meat,HH012,2026-04-13,0.31,kg,0,0,4,spring,0
ITM006,Chicken Breast,Meat,HH012,2026-04-18,0.44,kg,5,1,4,spring,0
ITM006,Chicken Breast,Meat,HH012,2026-04-21,0.28,kg,1,0,4,spring,0
ITM006,Chicken Breast,Meat,HH012,2026-04-23,0.32,kg,3,0,4,spring,0
ITM006,Chicken Breast,Meat,HH012,2026-04-24,0.26,kg,4,0,4,spring,0
ITM006,Chicken Breast,Meat,HH012,2026-05-01,0.4,kg,4,0,5,spring,1
ITM006,Chicken Breast,Meat,HH012,2026-05-03,0.41,kg,6,1,5,spring,0
ITM006,Chicken Breast,Meat,HH012,2026-05-06,0.29,kg,2,0,5,spring,0
ITM006,Chicken Breast,Meat,HH012,2026-05-25,0.23,kg,0,0,5,spring,0
ITM006,Chicken Breast,Meat,HH012,2026-05-27,0.27,kg,2,0,5,spring,0
ITM006,Chicken Breast,Meat,HH012,2026-06-03,0.29,kg,2,0,6,summer,0
ITM006,Chicken Breast,Meat,HH012,2026-06-04,0.29,kg,3,0,6,summer,0
ITM006,Chicken Breast,Meat,HH012,2026-06-09,0.34,kg,1,0,6,summer,0
ITM006,Chicken Breast,Meat,HH012,2026-06-23,0.34,kg,1,0,6,summer,0
ITM006,Chicken Breast,Meat,HH012,2026-06-25,0.34,kg,3,0,6,summer,0
ITM006,Chicken Breast,Meat,HH012,2026-06-26,0.28,kg,4,0,6,summer,0
ITM006,Chicken Breast,Meat,HH012,2026-06-27,0.55,kg,5,1,6,summer,0
ITM006,Chicken Breast,Meat,HH013,2026-01-03,0.44,kg,5,1,1,winter,0
ITM006,Chicken Breast,Meat,HH013,2026-01-08,0.33,kg,3,0,1,winter,0
ITM006,Chicken Breast,Meat,HH013,2026-01-10,0.46,kg,5,1,1,winter,0
ITM006,Chicken Breast,Meat,HH013,2026-01-16,0.23,kg,4,0,1,winter,0
ITM006,Chicken Breast,Meat,HH013,2026-01-17,0.58,kg,5,1,1,winter,0
ITM006,Chicken Breast,Meat,HH013,2026-01-21,0.35,kg,2,0,1,winter,0
ITM006,Chicken Breast,Meat,HH013,2026-01-23,0.33,kg,4,0,1,winter,0
ITM006,Chicken Breast,Meat,HH013,2026-01-24,0.52,kg,5,1,1,winter,0
ITM006,Chicken Breast,Meat,HH013,2026-01-25,0.45,kg,6,1,1,winter,0
ITM006,Chicken Breast,Meat,HH013,2026-01-28,0.35,kg,2,0,1,winter,0
ITM006,Chicken Breast,Meat,HH013,2026-02-01,0.59,kg,6,1,2,winter,0
ITM006,Chicken Breast,Meat,HH013,2026-02-06,0.29,kg,4,0,2,winter,0
ITM006,Chicken Breast,Meat,HH013,2026-02-07,0.46,kg,5,1,2,winter,0
ITM006,Chicken Breast,Meat,HH013,2026-02-10,0.39,kg,1,0,2,winter,0
ITM006,Chicken Breast,Meat,HH013,2026-02-12,0.32,kg,3,0,2,winter,0
ITM006,Chicken Breast,Meat,HH013,2026-02-14,0.46,kg,5,1,2,winter,0
ITM006,Chicken Breast,Meat,HH013,2026-02-15,0.55,kg,6,1,2,winter,0
ITM006,Chicken Breast,Meat,HH013,2026-03-03,0.28,kg,1,0,3,spring,0
ITM006,Chicken Breast,Meat,HH013,2026-03-06,0.37,kg,4,0,3,spring,0
ITM006,Chicken Breast,Meat,HH013,2026-03-09,0.29,kg,0,0,3,spring,0
ITM006,Chicken Breast,Meat,HH013,2026-03-13,0.32,kg,4,0,3,spring,0
ITM006,Chicken Breast,Meat,HH013,2026-03-15,0.6,kg,6,1,3,spring,0
ITM006,Chicken Breast,Meat,HH013,2026-03-24,0.34,kg,1,0,3,spring,0
ITM006,Chicken Breast,Meat,HH013,2026-03-25,0.39,kg,2,0,3,spring,0
ITM006,Chicken Breast,Meat,HH013,2026-03-26,0.29,kg,3,0,3,spring,0
ITM006,Chicken Breast,Meat,HH013,2026-03-28,0.63,kg,5,1,3,spring,0
ITM006,Chicken Breast,Meat,HH013,2026-04-01,0.31,kg,2,0,4,spring,0
ITM006,Chicken Breast,Meat,HH013,2026-04-04,0.6,kg,5,1,4,spring,0
ITM006,Chicken Breast,Meat,HH013,2026-04-12,0.45,kg,6,1,4,spring,0
ITM006,Chicken Breast,Meat,HH013,2026-04-16,0.42,kg,3,0,4,spring,0
ITM006,Chicken Breast,Meat,HH013,2026-04-18,0.39,kg,5,1,4,spring,0
ITM006,Chicken Breast,Meat,HH013,2026-04-21,0.34,kg,1,0,4,spring,0
ITM006,Chicken Breast,Meat,HH013,2026-04-23,0.38,kg,3,0,4,spring,0
ITM006,Chicken Breast,Meat,HH013,2026-05-03,0.58,kg,6,1,5,spring,0
ITM006,Chicken Breast,Meat,HH013,2026-05-05,0.37,kg,1,0,5,spring,0
ITM006,Chicken Breast,Meat,HH013,2026-05-07,0.35,kg,3,0,5,spring,0
ITM006,Chicken Breast,Meat,HH013,2026-05-10,0.44,kg,6,1,5,spring,0
ITM006,Chicken Breast,Meat,HH013,2026-05-11,0.28,kg,0,0,5,spring,0
ITM006,Chicken Breast,Meat,HH013,2026-05-12,0.33,kg,1,0,5,spring,0
ITM006,Chicken Breast,Meat,HH013,2026-05-17,0.48,kg,6,1,5,spring,0
ITM006,Chicken Breast,Meat,HH013,2026-05-18,0.36,kg,0,0,5,spring,0
ITM006,Chicken Breast,Meat,HH013,2026-05-23,0.39,kg,5,1,5,spring,0
ITM006,Chicken Breast,Meat,HH013,2026-05-28,0.28,kg,3,0,5,spring,0
ITM006,Chicken Breast,Meat,HH013,2026-05-29,0.4,kg,4,0,5,spring,0
ITM006,Chicken Breast,Meat,HH013,2026-05-30,0.55,kg,5,1,5,spring,0
ITM006,Chicken Breast,Meat,HH013,2026-06-02,0.4,kg,1,0,6,summer,0
ITM006,Chicken Breast,Meat,HH013,2026-06-09,0.35,kg,1,0,6,summer,0
ITM006,Chicken Breast,Meat,HH013,2026-06-11,0.41,kg,3,0,6,summer,0
ITM006,Chicken Breast,Meat,HH013,2026-06-16,0.31,kg,1,0,6,summer,0
ITM006,Chicken Breast,Meat,HH014,2026-01-08,0.39,kg,3,0,1,winter,0
ITM006,Chicken Breast,Meat,HH014,2026-01-10,0.49,kg,5,1,1,winter,0
ITM006,Chicken Breast,Meat,HH014,2026-01-14,0.42,kg,2,0,1,winter,0
ITM006,Chicken Breast,Meat,HH014,2026-01-21,0.41,kg,2,0,1,winter,0
ITM006,Chicken Breast,Meat,HH014,2026-01-23,0.45,kg,4,0,1,winter,0
ITM006,Chicken Breast,Meat,HH014,2026-01-26,0.65,kg,0,0,1,winter,1
ITM006,Chicken Breast,Meat,HH014,2026-02-02,0.49,kg,0,0,2,winter,0
ITM006,Chicken Breast,Meat,HH014,2026-02-08,0.51,kg,6,1,2,winter,0
ITM006,Chicken Breast,Meat,HH014,2026-02-10,0.44,kg,1,0,2,winter,0
ITM006,Chicken Breast,Meat,HH014,2026-02-18,0.41,kg,2,0,2,winter,0
ITM006,Chicken Breast,Meat,HH014,2026-02-21,0.41,kg,5,1,2,winter,0
ITM006,Chicken Breast,Meat,HH014,2026-02-24,0.36,kg,1,0,2,winter,0
ITM006,Chicken Breast,Meat,HH014,2026-03-03,0.4,kg,1,0,3,spring,0
ITM006,Chicken Breast,Meat,HH014,2026-03-06,0.4,kg,4,0,3,spring,0
ITM006,Chicken Breast,Meat,HH014,2026-03-12,0.31,kg,3,0,3,spring,0
ITM006,Chicken Breast,Meat,HH014,2026-03-13,0.47,kg,4,0,3,spring,0
ITM006,Chicken Breast,Meat,HH014,2026-03-14,0.54,kg,5,1,3,spring,0
ITM006,Chicken Breast,Meat,HH014,2026-03-15,0.46,kg,6,1,3,spring,0
ITM006,Chicken Breast,Meat,HH014,2026-03-19,0.41,kg,3,0,3,spring,0
ITM006,Chicken Breast,Meat,HH014,2026-03-22,0.59,kg,6,1,3,spring,0
ITM006,Chicken Breast,Meat,HH014,2026-03-23,0.34,kg,0,0,3,spring,0
ITM006,Chicken Breast,Meat,HH014,2026-03-26,0.33,kg,3,0,3,spring,0
ITM006,Chicken Breast,Meat,HH014,2026-03-29,0.55,kg,6,1,3,spring,0
ITM006,Chicken Breast,Meat,HH014,2026-04-02,0.24,kg,3,0,4,spring,0
ITM006,Chicken Breast,Meat,HH014,2026-04-04,0.43,kg,5,1,4,spring,0
ITM006,Chicken Breast,Meat,HH014,2026-04-05,0.55,kg,6,1,4,spring,0
ITM006,Chicken Breast,Meat,HH014,2026-04-08,0.49,kg,2,0,4,spring,0
ITM006,Chicken Breast,Meat,HH014,2026-04-09,0.4,kg,3,0,4,spring,0
ITM006,Chicken Breast,Meat,HH014,2026-04-11,0.55,kg,5,1,4,spring,0
ITM006,Chicken Breast,Meat,HH014,2026-04-12,0.55,kg,6,1,4,spring,0
ITM006,Chicken Breast,Meat,HH014,2026-04-16,0.39,kg,3,0,4,spring,0
ITM006,Chicken Breast,Meat,HH014,2026-04-19,0.61,kg,6,1,4,spring,0
ITM006,Chicken Breast,Meat,HH014,2026-04-20,0.41,kg,0,0,4,spring,0
ITM006,Chicken Breast,Meat,HH014,2026-05-10,0.48,kg,6,1,5,spring,0
ITM006,Chicken Breast,Meat,HH014,2026-05-14,0.43,kg,3,0,5,spring,0
ITM006,Chicken Breast,Meat,HH014,2026-05-17,0.5,kg,6,1,5,spring,0
ITM006,Chicken Breast,Meat,HH014,2026-05-21,0.35,kg,3,0,5,spring,0
ITM006,Chicken Breast,Meat,HH014,2026-05-22,0.22,kg,4,0,5,spring,0
ITM006,Chicken Breast,Meat,HH014,2026-05-23,0.69,kg,5,1,5,spring,0
ITM006,Chicken Breast,Meat,HH014,2026-05-24,0.57,kg,6,1,5,spring,0
ITM006,Chicken Breast,Meat,HH014,2026-06-01,0.34,kg,0,0,6,summer,0
ITM006,Chicken Breast,Meat,HH014,2026-06-06,0.62,kg,5,1,6,summer,1
ITM006,Chicken Breast,Meat,HH014,2026-06-08,0.29,kg,0,0,6,summer,0
ITM006,Chicken Breast,Meat,HH014,2026-06-10,0.42,kg,2,0,6,summer,0
ITM006,Chicken Breast,Meat,HH014,2026-06-14,0.57,kg,6,1,6,summer,0
ITM006,Chicken Breast,Meat,HH014,2026-06-19,0.37,kg,4,0,6,summer,0
ITM006,Chicken Breast,Meat,HH014,2026-06-27,0.45,kg,5,1,6,summer,0
ITM006,Chicken Breast,Meat,HH014,2026-06-29,0.32,kg,0,0,6,summer,0
ITM006,Chicken Breast,Meat,HH015,2026-01-09,0.11,kg,4,0,1,winter,0
ITM006,Chicken Breast,Meat,HH015,2026-01-11,0.31,kg,6,1,1,winter,0
ITM006,Chicken Breast,Meat,HH015,2026-01-13,0.18,kg,1,0,1,winter,0
ITM006,Chicken Breast,Meat,HH015,2026-01-14,0.2,kg,2,0,1,winter,0
ITM006,Chicken Breast,Meat,HH015,2026-01-26,0.29,kg,0,0,1,winter,1
ITM006,Chicken Breast,Meat,HH015,2026-01-31,0.37,kg,5,1,1,winter,0
ITM006,Chicken Breast,Meat,HH015,2026-02-05,0.2,kg,3,0,2,winter,0
ITM006,Chicken Breast,Meat,HH015,2026-02-08,0.38,kg,6,1,2,winter,0
ITM006,Chicken Breast,Meat,HH015,2026-02-10,0.24,kg,1,0,2,winter,0
ITM006,Chicken Breast,Meat,HH015,2026-02-13,0.2,kg,4,0,2,winter,0
ITM006,Chicken Breast,Meat,HH015,2026-02-17,0.19,kg,1,0,2,winter,0
ITM006,Chicken Breast,Meat,HH015,2026-02-26,0.22,kg,3,0,2,winter,0
ITM006,Chicken Breast,Meat,HH015,2026-03-02,0.19,kg,0,0,3,spring,0
ITM006,Chicken Breast,Meat,HH015,2026-03-05,0.16,kg,3,0,3,spring,0
ITM006,Chicken Breast,Meat,HH015,2026-03-08,0.36,kg,6,1,3,spring,1
ITM006,Chicken Breast,Meat,HH015,2026-03-18,0.28,kg,2,0,3,spring,0
ITM006,Chicken Breast,Meat,HH015,2026-03-21,0.32,kg,5,1,3,spring,0
ITM006,Chicken Breast,Meat,HH015,2026-03-22,0.39,kg,6,1,3,spring,0
ITM006,Chicken Breast,Meat,HH015,2026-03-23,0.23,kg,0,0,3,spring,0
ITM006,Chicken Breast,Meat,HH015,2026-03-26,0.16,kg,3,0,3,spring,0
ITM006,Chicken Breast,Meat,HH015,2026-03-28,0.25,kg,5,1,3,spring,0
ITM006,Chicken Breast,Meat,HH015,2026-03-29,0.29,kg,6,1,3,spring,0
ITM006,Chicken Breast,Meat,HH015,2026-03-30,0.24,kg,0,0,3,spring,0
ITM006,Chicken Breast,Meat,HH015,2026-04-05,0.33,kg,6,1,4,spring,0
ITM006,Chicken Breast,Meat,HH015,2026-04-06,0.25,kg,0,0,4,spring,0
ITM006,Chicken Breast,Meat,HH015,2026-04-07,0.22,kg,1,0,4,spring,0
ITM006,Chicken Breast,Meat,HH015,2026-04-11,0.3,kg,5,1,4,spring,0
ITM006,Chicken Breast,Meat,HH015,2026-04-12,0.25,kg,6,1,4,spring,0
ITM006,Chicken Breast,Meat,HH015,2026-04-19,0.36,kg,6,1,4,spring,0
ITM006,Chicken Breast,Meat,HH015,2026-04-20,0.19,kg,0,0,4,spring,0
ITM006,Chicken Breast,Meat,HH015,2026-04-24,0.26,kg,4,0,4,spring,0
ITM006,Chicken Breast,Meat,HH015,2026-04-25,0.32,kg,5,1,4,spring,0
ITM006,Chicken Breast,Meat,HH015,2026-04-28,0.23,kg,1,0,4,spring,0
ITM006,Chicken Breast,Meat,HH015,2026-04-29,0.19,kg,2,0,4,spring,0
ITM006,Chicken Breast,Meat,HH015,2026-05-02,0.34,kg,5,1,5,spring,0
ITM006,Chicken Breast,Meat,HH015,2026-05-04,0.28,kg,0,0,5,spring,0
ITM006,Chicken Breast,Meat,HH015,2026-05-12,0.27,kg,1,0,5,spring,0
ITM006,Chicken Breast,Meat,HH015,2026-05-16,0.28,kg,5,1,5,spring,0
ITM006,Chicken Breast,Meat,HH015,2026-05-18,0.24,kg,0,0,5,spring,0
ITM006,Chicken Breast,Meat,HH015,2026-05-19,0.21,kg,1,0,5,spring,0
ITM006,Chicken Breast,Meat,HH015,2026-05-20,0.2,kg,2,0,5,spring,0
ITM006,Chicken Breast,Meat,HH015,2026-05-26,0.24,kg,1,0,5,spring,0
ITM006,Chicken Breast,Meat,HH015,2026-05-29,0.23,kg,4,0,5,spring,0
ITM006,Chicken Breast,Meat,HH015,2026-06-06,0.53,kg,5,1,6,summer,1
ITM006,Chicken Breast,Meat,HH015,2026-06-22,0.16,kg,0,0,6,summer,0
ITM006,Chicken Breast,Meat,HH015,2026-06-28,0.36,kg,6,1,6,summer,0
ITM006,Chicken Breast,Meat,HH015,2026-06-29,0.26,kg,0,0,6,summer,0
ITM006,Chicken Breast,Meat,HH016,2026-01-01,0.39,kg,3,0,1,winter,1
ITM006,Chicken Breast,Meat,HH016,2026-01-09,0.3,kg,4,0,1,winter,0
ITM006,Chicken Breast,Meat,HH016,2026-01-15,0.29,kg,3,0,1,winter,0
ITM006,Chicken Breast,Meat,HH016,2026-01-20,0.27,kg,1,0,1,winter,0
ITM006,Chicken Breast,Meat,HH016,2026-01-27,0.24,kg,1,0,1,winter,0
ITM006,Chicken Breast,Meat,HH016,2026-01-29,0.2,kg,3,0,1,winter,0
ITM006,Chicken Breast,Meat,HH016,2026-02-02,0.31,kg,0,0,2,winter,0
ITM006,Chicken Breast,Meat,HH016,2026-02-03,0.24,kg,1,0,2,winter,0
ITM006,Chicken Breast,Meat,HH016,2026-02-09,0.27,kg,0,0,2,winter,0
ITM006,Chicken Breast,Meat,HH016,2026-02-22,0.34,kg,6,1,2,winter,0
ITM006,Chicken Breast,Meat,HH016,2026-02-23,0.26,kg,0,0,2,winter,0
ITM006,Chicken Breast,Meat,HH016,2026-02-24,0.22,kg,1,0,2,winter,0
ITM006,Chicken Breast,Meat,HH016,2026-02-25,0.24,kg,2,0,2,winter,0
ITM006,Chicken Breast,Meat,HH016,2026-02-27,0.28,kg,4,0,2,winter,0
ITM006,Chicken Breast,Meat,HH016,2026-03-01,0.27,kg,6,1,3,spring,0
ITM006,Chicken Breast,Meat,HH016,2026-03-02,0.25,kg,0,0,3,spring,0
ITM006,Chicken Breast,Meat,HH016,2026-03-03,0.29,kg,1,0,3,spring,0
ITM006,Chicken Breast,Meat,HH016,2026-03-04,0.25,kg,2,0,3,spring,0
ITM006,Chicken Breast,Meat,HH016,2026-03-08,0.55,kg,6,1,3,spring,1
ITM006,Chicken Breast,Meat,HH016,2026-03-13,0.23,kg,4,0,3,spring,0
ITM006,Chicken Breast,Meat,HH016,2026-03-16,0.26,kg,0,0,3,spring,0
ITM006,Chicken Breast,Meat,HH016,2026-03-19,0.26,kg,3,0,3,spring,0
ITM006,Chicken Breast,Meat,HH016,2026-03-20,0.22,kg,4,0,3,spring,0
ITM006,Chicken Breast,Meat,HH016,2026-03-27,0.26,kg,4,0,3,spring,0
ITM006,Chicken Breast,Meat,HH016,2026-03-28,0.33,kg,5,1,3,spring,0
ITM006,Chicken Breast,Meat,HH016,2026-03-30,0.27,kg,0,0,3,spring,0
ITM006,Chicken Breast,Meat,HH016,2026-04-02,0.25,kg,3,0,4,spring,0
ITM006,Chicken Breast,Meat,HH016,2026-04-06,0.21,kg,0,0,4,spring,0
ITM006,Chicken Breast,Meat,HH016,2026-04-11,0.33,kg,5,1,4,spring,0
ITM006,Chicken Breast,Meat,HH016,2026-04-14,0.29,kg,1,0,4,spring,1
ITM006,Chicken Breast,Meat,HH016,2026-04-17,0.3,kg,4,0,4,spring,0
ITM006,Chicken Breast,Meat,HH016,2026-04-19,0.37,kg,6,1,4,spring,0
ITM006,Chicken Breast,Meat,HH016,2026-04-22,0.22,kg,2,0,4,spring,0
ITM006,Chicken Breast,Meat,HH016,2026-04-29,0.26,kg,2,0,4,spring,0
ITM006,Chicken Breast,Meat,HH016,2026-05-02,0.29,kg,5,1,5,spring,0
ITM006,Chicken Breast,Meat,HH016,2026-05-06,0.28,kg,2,0,5,spring,0
ITM006,Chicken Breast,Meat,HH016,2026-05-09,0.32,kg,5,1,5,spring,0
ITM006,Chicken Breast,Meat,HH016,2026-05-13,0.23,kg,2,0,5,spring,0
ITM006,Chicken Breast,Meat,HH016,2026-05-15,0.22,kg,4,0,5,spring,0
ITM006,Chicken Breast,Meat,HH016,2026-05-16,0.28,kg,5,1,5,spring,0
ITM006,Chicken Breast,Meat,HH016,2026-05-18,0.28,kg,0,0,5,spring,0
ITM006,Chicken Breast,Meat,HH016,2026-05-20,0.25,kg,2,0,5,spring,0
ITM006,Chicken Breast,Meat,HH016,2026-06-01,0.19,kg,0,0,6,summer,0
ITM006,Chicken Breast,Meat,HH016,2026-06-05,0.25,kg,4,0,6,summer,0
ITM006,Chicken Breast,Meat,HH016,2026-06-06,0.66,kg,5,1,6,summer,1
ITM006,Chicken Breast,Meat,HH016,2026-06-12,0.23,kg,4,0,6,summer,0
ITM006,Chicken Breast,Meat,HH016,2026-06-17,0.26,kg,2,0,6,summer,0
ITM006,Chicken Breast,Meat,HH016,2026-06-23,0.29,kg,1,0,6,summer,0
ITM006,Chicken Breast,Meat,HH016,2026-06-25,0.19,kg,3,0,6,summer,0
ITM006,Chicken Breast,Meat,HH016,2026-06-28,0.34,kg,6,1,6,summer,0
ITM006,Chicken Breast,Meat,HH016,2026-06-29,0.27,kg,0,0,6,summer,0
ITM006,Chicken Breast,Meat,HH017,2026-01-01,0.46,kg,3,0,1,winter,1
ITM006,Chicken Breast,Meat,HH017,2026-01-04,0.48,kg,6,1,1,winter,0
ITM006,Chicken Breast,Meat,HH017,2026-01-05,0.27,kg,0,0,1,winter,0
ITM006,Chicken Breast,Meat,HH017,2026-01-07,0.21,kg,2,0,1,winter,0
ITM006,Chicken Breast,Meat,HH017,2026-01-10,0.4,kg,5,1,1,winter,0
ITM006,Chicken Breast,Meat,HH017,2026-01-21,0.32,kg,2,0,1,winter,0
ITM006,Chicken Breast,Meat,HH017,2026-01-22,0.32,kg,3,0,1,winter,0
ITM006,Chicken Breast,Meat,HH017,2026-01-28,0.29,kg,2,0,1,winter,0
ITM006,Chicken Breast,Meat,HH017,2026-02-06,0.24,kg,4,0,2,winter,0
ITM006,Chicken Breast,Meat,HH017,2026-02-07,0.31,kg,5,1,2,winter,0
ITM006,Chicken Breast,Meat,HH017,2026-02-09,0.19,kg,0,0,2,winter,0
ITM006,Chicken Breast,Meat,HH017,2026-02-12,0.26,kg,3,0,2,winter,0
ITM006,Chicken Breast,Meat,HH017,2026-02-16,0.24,kg,0,0,2,winter,0
ITM006,Chicken Breast,Meat,HH017,2026-02-17,0.29,kg,1,0,2,winter,0
ITM006,Chicken Breast,Meat,HH017,2026-02-19,0.38,kg,3,0,2,winter,0
ITM006,Chicken Breast,Meat,HH017,2026-02-28,0.38,kg,5,1,2,winter,0
ITM006,Chicken Breast,Meat,HH017,2026-03-03,0.29,kg,1,0,3,spring,0
ITM006,Chicken Breast,Meat,HH017,2026-03-07,0.46,kg,5,1,3,spring,0
ITM006,Chicken Breast,Meat,HH017,2026-03-11,0.26,kg,2,0,3,spring,0
ITM006,Chicken Breast,Meat,HH017,2026-03-15,0.38,kg,6,1,3,spring,0
ITM006,Chicken Breast,Meat,HH017,2026-03-17,0.27,kg,1,0,3,spring,0
ITM006,Chicken Breast,Meat,HH017,2026-03-21,0.34,kg,5,1,3,spring,0
ITM006,Chicken Breast,Meat,HH017,2026-03-23,0.31,kg,0,0,3,spring,0
ITM006,Chicken Breast,Meat,HH017,2026-03-24,0.37,kg,1,0,3,spring,0
ITM006,Chicken Breast,Meat,HH017,2026-03-29,0.4,kg,6,1,3,spring,0
ITM006,Chicken Breast,Meat,HH017,2026-03-30,0.33,kg,0,0,3,spring,0
ITM006,Chicken Breast,Meat,HH017,2026-04-03,0.28,kg,4,0,4,spring,0
ITM006,Chicken Breast,Meat,HH017,2026-04-04,0.34,kg,5,1,4,spring,0
ITM006,Chicken Breast,Meat,HH017,2026-04-06,0.36,kg,0,0,4,spring,0
ITM006,Chicken Breast,Meat,HH017,2026-04-08,0.35,kg,2,0,4,spring,0
ITM006,Chicken Breast,Meat,HH017,2026-04-09,0.23,kg,3,0,4,spring,0
ITM006,Chicken Breast,Meat,HH017,2026-04-10,0.34,kg,4,0,4,spring,0
ITM006,Chicken Breast,Meat,HH017,2026-04-12,0.48,kg,6,1,4,spring,0
ITM006,Chicken Breast,Meat,HH017,2026-04-13,0.29,kg,0,0,4,spring,0
ITM006,Chicken Breast,Meat,HH017,2026-04-14,0.39,kg,1,0,4,spring,1
ITM006,Chicken Breast,Meat,HH017,2026-04-16,0.31,kg,3,0,4,spring,0
ITM006,Chicken Breast,Meat,HH017,2026-04-22,0.18,kg,2,0,4,spring,0
ITM006,Chicken Breast,Meat,HH017,2026-04-23,0.26,kg,3,0,4,spring,0
ITM006,Chicken Breast,Meat,HH017,2026-04-28,0.33,kg,1,0,4,spring,0
ITM006,Chicken Breast,Meat,HH017,2026-04-29,0.33,kg,2,0,4,spring,0
ITM006,Chicken Breast,Meat,HH017,2026-05-01,0.47,kg,4,0,5,spring,1
ITM006,Chicken Breast,Meat,HH017,2026-05-11,0.29,kg,0,0,5,spring,0
ITM006,Chicken Breast,Meat,HH017,2026-05-12,0.26,kg,1,0,5,spring,0
ITM006,Chicken Breast,Meat,HH017,2026-05-16,0.44,kg,5,1,5,spring,0
ITM006,Chicken Breast,Meat,HH017,2026-05-17,0.44,kg,6,1,5,spring,0
ITM006,Chicken Breast,Meat,HH017,2026-05-20,0.38,kg,2,0,5,spring,0
ITM006,Chicken Breast,Meat,HH017,2026-05-22,0.32,kg,4,0,5,spring,0
ITM006,Chicken Breast,Meat,HH017,2026-05-28,0.28,kg,3,0,5,spring,0
ITM006,Chicken Breast,Meat,HH017,2026-06-04,0.29,kg,3,0,6,summer,0
ITM006,Chicken Breast,Meat,HH017,2026-06-06,0.73,kg,5,1,6,summer,1
ITM006,Chicken Breast,Meat,HH017,2026-06-07,0.4,kg,6,1,6,summer,0
ITM006,Chicken Breast,Meat,HH017,2026-06-08,0.37,kg,0,0,6,summer,0
ITM006,Chicken Breast,Meat,HH017,2026-06-15,0.35,kg,0,0,6,summer,0
ITM006,Chicken Breast,Meat,HH017,2026-06-18,0.27,kg,3,0,6,summer,0
ITM006,Chicken Breast,Meat,HH017,2026-06-20,0.51,kg,5,1,6,summer,0
ITM006,Chicken Breast,Meat,HH017,2026-06-22,0.25,kg,0,0,6,summer,0
ITM006,Chicken Breast,Meat,HH018,2026-01-03,0.36,kg,5,1,1,winter,0
ITM006,Chicken Breast,Meat,HH018,2026-01-06,0.25,kg,1,0,1,winter,0
ITM006,Chicken Breast,Meat,HH018,2026-01-10,0.57,kg,5,1,1,winter,0
ITM006,Chicken Breast,Meat,HH018,2026-01-11,0.31,kg,6,1,1,winter,0
ITM006,Chicken Breast,Meat,HH018,2026-01-12,0.42,kg,0,0,1,winter,0
ITM006,Chicken Breast,Meat,HH018,2026-01-17,0.62,kg,5,1,1,winter,0
ITM006,Chicken Breast,Meat,HH018,2026-01-19,0.37,kg,0,0,1,winter,0
ITM006,Chicken Breast,Meat,HH018,2026-01-29,0.34,kg,3,0,1,winter,0
ITM006,Chicken Breast,Meat,HH018,2026-01-30,0.32,kg,4,0,1,winter,0
ITM006,Chicken Breast,Meat,HH018,2026-02-01,0.49,kg,6,1,2,winter,0
ITM006,Chicken Breast,Meat,HH018,2026-02-07,0.49,kg,5,1,2,winter,0
ITM006,Chicken Breast,Meat,HH018,2026-02-08,0.7,kg,6,1,2,winter,0
ITM006,Chicken Breast,Meat,HH018,2026-02-11,0.24,kg,2,0,2,winter,0
ITM006,Chicken Breast,Meat,HH018,2026-02-13,0.32,kg,4,0,2,winter,0
ITM006,Chicken Breast,Meat,HH018,2026-02-18,0.38,kg,2,0,2,winter,0
ITM006,Chicken Breast,Meat,HH018,2026-02-19,0.34,kg,3,0,2,winter,0
ITM006,Chicken Breast,Meat,HH018,2026-02-20,0.46,kg,4,0,2,winter,0
ITM006,Chicken Breast,Meat,HH018,2026-03-02,0.24,kg,0,0,3,spring,0
ITM006,Chicken Breast,Meat,HH018,2026-03-03,0.31,kg,1,0,3,spring,0
ITM006,Chicken Breast,Meat,HH018,2026-03-04,0.32,kg,2,0,3,spring,0
ITM006,Chicken Breast,Meat,HH018,2026-03-06,0.38,kg,4,0,3,spring,0
ITM006,Chicken Breast,Meat,HH018,2026-03-07,0.5,kg,5,1,3,spring,0
ITM006,Chicken Breast,Meat,HH018,2026-03-08,0.69,kg,6,1,3,spring,1
ITM006,Chicken Breast,Meat,HH018,2026-03-15,0.52,kg,6,1,3,spring,0
ITM006,Chicken Breast,Meat,HH018,2026-03-23,0.31,kg,0,0,3,spring,0
ITM006,Chicken Breast,Meat,HH018,2026-03-26,0.29,kg,3,0,3,spring,0
ITM006,Chicken Breast,Meat,HH018,2026-04-01,0.35,kg,2,0,4,spring,0
ITM006,Chicken Breast,Meat,HH018,2026-04-02,0.42,kg,3,0,4,spring,0
ITM006,Chicken Breast,Meat,HH018,2026-04-03,0.28,kg,4,0,4,spring,0
ITM006,Chicken Breast,Meat,HH018,2026-04-05,0.63,kg,6,1,4,spring,0
ITM006,Chicken Breast,Meat,HH018,2026-04-12,0.38,kg,6,1,4,spring,0
ITM006,Chicken Breast,Meat,HH018,2026-04-16,0.38,kg,3,0,4,spring,0
ITM006,Chicken Breast,Meat,HH018,2026-04-19,0.42,kg,6,1,4,spring,0
ITM006,Chicken Breast,Meat,HH018,2026-04-21,0.3,kg,1,0,4,spring,0
ITM006,Chicken Breast,Meat,HH018,2026-04-25,0.43,kg,5,1,4,spring,0
ITM006,Chicken Breast,Meat,HH018,2026-04-30,0.35,kg,3,0,4,spring,0
ITM006,Chicken Breast,Meat,HH018,2026-05-04,0.44,kg,0,0,5,spring,0
ITM006,Chicken Breast,Meat,HH018,2026-05-05,0.35,kg,1,0,5,spring,0
ITM006,Chicken Breast,Meat,HH018,2026-05-07,0.33,kg,3,0,5,spring,0
ITM006,Chicken Breast,Meat,HH018,2026-05-12,0.24,kg,1,0,5,spring,0
ITM006,Chicken Breast,Meat,HH018,2026-05-20,0.39,kg,2,0,5,spring,0
ITM006,Chicken Breast,Meat,HH018,2026-05-22,0.35,kg,4,0,5,spring,0
ITM006,Chicken Breast,Meat,HH018,2026-05-23,0.64,kg,5,1,5,spring,0
ITM006,Chicken Breast,Meat,HH018,2026-05-28,0.31,kg,3,0,5,spring,0
ITM006,Chicken Breast,Meat,HH018,2026-06-04,0.42,kg,3,0,6,summer,0
ITM006,Chicken Breast,Meat,HH018,2026-06-06,0.81,kg,5,1,6,summer,1
ITM006,Chicken Breast,Meat,HH018,2026-06-11,0.3,kg,3,0,6,summer,0
ITM006,Chicken Breast,Meat,HH018,2026-06-15,0.37,kg,0,0,6,summer,0
ITM006,Chicken Breast,Meat,HH018,2026-06-17,0.35,kg,2,0,6,summer,0
ITM006,Chicken Breast,Meat,HH018,2026-06-18,0.4,kg,3,0,6,summer,0
ITM006,Chicken Breast,Meat,HH018,2026-06-28,0.32,kg,6,1,6,summer,0
ITM006,Chicken Breast,Meat,HH019,2026-01-06,0.44,kg,1,0,1,winter,0
ITM006,Chicken Breast,Meat,HH019,2026-01-09,0.22,kg,4,0,1,winter,0
ITM006,Chicken Breast,Meat,HH019,2026-01-16,0.4,kg,4,0,1,winter,0
ITM006,Chicken Breast,Meat,HH019,2026-01-17,0.53,kg,5,1,1,winter,0
ITM006,Chicken Breast,Meat,HH019,2026-01-18,0.41,kg,6,1,1,winter,0
ITM006,Chicken Breast,Meat,HH019,2026-01-23,0.39,kg,4,0,1,winter,0
ITM006,Chicken Breast,Meat,HH019,2026-01-24,0.53,kg,5,1,1,winter,0
ITM006,Chicken Breast,Meat,HH019,2026-01-28,0.39,kg,2,0,1,winter,0
ITM006,Chicken Breast,Meat,HH019,2026-02-04,0.49,kg,2,0,2,winter,0
ITM006,Chicken Breast,Meat,HH019,2026-02-06,0.42,kg,4,0,2,winter,0
ITM006,Chicken Breast,Meat,HH019,2026-02-07,0.48,kg,5,1,2,winter,0
ITM006,Chicken Breast,Meat,HH019,2026-02-09,0.48,kg,0,0,2,winter,0
ITM006,Chicken Breast,Meat,HH019,2026-02-10,0.48,kg,1,0,2,winter,0
ITM006,Chicken Breast,Meat,HH019,2026-02-18,0.36,kg,2,0,2,winter,0
ITM006,Chicken Breast,Meat,HH019,2026-02-24,0.36,kg,1,0,2,winter,0
ITM006,Chicken Breast,Meat,HH019,2026-03-01,0.59,kg,6,1,3,spring,0
ITM006,Chicken Breast,Meat,HH019,2026-03-03,0.49,kg,1,0,3,spring,0
ITM006,Chicken Breast,Meat,HH019,2026-03-04,0.29,kg,2,0,3,spring,0
ITM006,Chicken Breast,Meat,HH019,2026-03-05,0.41,kg,3,0,3,spring,0
ITM006,Chicken Breast,Meat,HH019,2026-03-11,0.37,kg,2,0,3,spring,0
ITM006,Chicken Breast,Meat,HH019,2026-03-12,0.44,kg,3,0,3,spring,0
ITM006,Chicken Breast,Meat,HH019,2026-03-21,0.46,kg,5,1,3,spring,0
ITM006,Chicken Breast,Meat,HH019,2026-03-22,0.7,kg,6,1,3,spring,0
ITM006,Chicken Breast,Meat,HH019,2026-03-30,0.39,kg,0,0,3,spring,0
ITM006,Chicken Breast,Meat,HH019,2026-04-03,0.37,kg,4,0,4,spring,0
ITM006,Chicken Breast,Meat,HH019,2026-04-13,0.35,kg,0,0,4,spring,0
ITM006,Chicken Breast,Meat,HH019,2026-04-14,0.49,kg,1,0,4,spring,1
ITM006,Chicken Breast,Meat,HH019,2026-04-16,0.34,kg,3,0,4,spring,0
ITM006,Chicken Breast,Meat,HH019,2026-04-17,0.41,kg,4,0,4,spring,0
ITM006,Chicken Breast,Meat,HH019,2026-04-18,0.64,kg,5,1,4,spring,0
ITM006,Chicken Breast,Meat,HH019,2026-04-24,0.36,kg,4,0,4,spring,0
ITM006,Chicken Breast,Meat,HH019,2026-04-28,0.39,kg,1,0,4,spring,0
ITM006,Chicken Breast,Meat,HH019,2026-04-29,0.39,kg,2,0,4,spring,0
ITM006,Chicken Breast,Meat,HH019,2026-05-03,0.6,kg,6,1,5,spring,0
ITM006,Chicken Breast,Meat,HH019,2026-05-13,0.31,kg,2,0,5,spring,0
ITM006,Chicken Breast,Meat,HH019,2026-05-15,0.34,kg,4,0,5,spring,0
ITM006,Chicken Breast,Meat,HH019,2026-05-16,0.71,kg,5,1,5,spring,0
ITM006,Chicken Breast,Meat,HH019,2026-05-19,0.3,kg,1,0,5,spring,0
ITM006,Chicken Breast,Meat,HH019,2026-05-22,0.39,kg,4,0,5,spring,0
ITM006,Chicken Breast,Meat,HH019,2026-05-23,0.58,kg,5,1,5,spring,0
ITM006,Chicken Breast,Meat,HH019,2026-05-25,0.28,kg,0,0,5,spring,0
ITM006,Chicken Breast,Meat,HH019,2026-05-26,0.33,kg,1,0,5,spring,0
ITM006,Chicken Breast,Meat,HH019,2026-05-28,0.46,kg,3,0,5,spring,0
ITM006,Chicken Breast,Meat,HH019,2026-05-30,0.44,kg,5,1,5,spring,0
ITM006,Chicken Breast,Meat,HH019,2026-05-31,0.64,kg,6,1,5,spring,0
ITM006,Chicken Breast,Meat,HH019,2026-06-02,0.48,kg,1,0,6,summer,0
ITM006,Chicken Breast,Meat,HH019,2026-06-03,0.35,kg,2,0,6,summer,0
ITM006,Chicken Breast,Meat,HH019,2026-06-04,0.33,kg,3,0,6,summer,0
ITM006,Chicken Breast,Meat,HH019,2026-06-11,0.33,kg,3,0,6,summer,0
ITM006,Chicken Breast,Meat,HH019,2026-06-12,0.43,kg,4,0,6,summer,0
ITM006,Chicken Breast,Meat,HH019,2026-06-19,0.39,kg,4,0,6,summer,0
ITM006,Chicken Breast,Meat,HH019,2026-06-22,0.43,kg,0,0,6,summer,0
ITM006,Chicken Breast,Meat,HH019,2026-06-23,0.32,kg,1,0,6,summer,0
ITM006,Chicken Breast,Meat,HH019,2026-06-26,0.42,kg,4,0,6,summer,0
ITM006,Chicken Breast,Meat,HH019,2026-06-27,0.58,kg,5,1,6,summer,0
ITM006,Chicken Breast,Meat,HH019,2026-06-29,0.3,kg,0,0,6,summer,0
ITM006,Chicken Breast,Meat,HH020,2026-01-03,0.42,kg,5,1,1,winter,0
ITM006,Chicken Breast,Meat,HH020,2026-01-05,0.22,kg,0,0,1,winter,0
ITM006,Chicken Breast,Meat,HH020,2026-01-09,0.19,kg,4,0,1,winter,0
ITM006,Chicken Breast,Meat,HH020,2026-01-15,0.24,kg,3,0,1,winter,0
ITM006,Chicken Breast,Meat,HH020,2026-01-20,0.2,kg,1,0,1,winter,0
ITM006,Chicken Breast,Meat,HH020,2026-01-28,0.23,kg,2,0,1,winter,0
ITM006,Chicken Breast,Meat,HH020,2026-01-31,0.28,kg,5,1,1,winter,0
ITM006,Chicken Breast,Meat,HH020,2026-02-01,0.26,kg,6,1,2,winter,0
ITM006,Chicken Breast,Meat,HH020,2026-02-03,0.26,kg,1,0,2,winter,0
ITM006,Chicken Breast,Meat,HH020,2026-02-05,0.17,kg,3,0,2,winter,0
ITM006,Chicken Breast,Meat,HH020,2026-02-08,0.31,kg,6,1,2,winter,0
ITM006,Chicken Breast,Meat,HH020,2026-02-11,0.16,kg,2,0,2,winter,0
ITM006,Chicken Breast,Meat,HH020,2026-02-14,0.29,kg,5,1,2,winter,0
ITM006,Chicken Breast,Meat,HH020,2026-02-22,0.27,kg,6,1,2,winter,0
ITM006,Chicken Breast,Meat,HH020,2026-02-25,0.24,kg,2,0,2,winter,0
ITM006,Chicken Breast,Meat,HH020,2026-03-02,0.27,kg,0,0,3,spring,0
ITM006,Chicken Breast,Meat,HH020,2026-03-08,0.39,kg,6,1,3,spring,1
ITM006,Chicken Breast,Meat,HH020,2026-03-09,0.22,kg,0,0,3,spring,0
ITM006,Chicken Breast,Meat,HH020,2026-03-14,0.35,kg,5,1,3,spring,0
ITM006,Chicken Breast,Meat,HH020,2026-03-18,0.23,kg,2,0,3,spring,0
ITM006,Chicken Breast,Meat,HH020,2026-03-19,0.26,kg,3,0,3,spring,0
ITM006,Chicken Breast,Meat,HH020,2026-03-23,0.2,kg,0,0,3,spring,0
ITM006,Chicken Breast,Meat,HH020,2026-03-25,0.22,kg,2,0,3,spring,0
ITM006,Chicken Breast,Meat,HH020,2026-04-01,0.23,kg,2,0,4,spring,0
ITM006,Chicken Breast,Meat,HH020,2026-04-05,0.38,kg,6,1,4,spring,0
ITM006,Chicken Breast,Meat,HH020,2026-04-07,0.23,kg,1,0,4,spring,0
ITM006,Chicken Breast,Meat,HH020,2026-04-09,0.17,kg,3,0,4,spring,0
ITM006,Chicken Breast,Meat,HH020,2026-04-22,0.25,kg,2,0,4,spring,0
ITM006,Chicken Breast,Meat,HH020,2026-04-30,0.25,kg,3,0,4,spring,0
ITM006,Chicken Breast,Meat,HH020,2026-05-01,0.31,kg,4,0,5,spring,1
ITM006,Chicken Breast,Meat,HH020,2026-05-06,0.23,kg,2,0,5,spring,0
ITM006,Chicken Breast,Meat,HH020,2026-05-07,0.18,kg,3,0,5,spring,0
ITM006,Chicken Breast,Meat,HH020,2026-05-11,0.16,kg,0,0,5,spring,0
ITM006,Chicken Breast,Meat,HH020,2026-05-13,0.18,kg,2,0,5,spring,0
ITM006,Chicken Breast,Meat,HH020,2026-05-26,0.27,kg,1,0,5,spring,0
ITM006,Chicken Breast,Meat,HH020,2026-05-28,0.14,kg,3,0,5,spring,0
ITM006,Chicken Breast,Meat,HH020,2026-06-02,0.18,kg,1,0,6,summer,0
ITM006,Chicken Breast,Meat,HH020,2026-06-03,0.26,kg,2,0,6,summer,0
ITM006,Chicken Breast,Meat,HH020,2026-06-05,0.17,kg,4,0,6,summer,0
ITM006,Chicken Breast,Meat,HH020,2026-06-08,0.22,kg,0,0,6,summer,0
ITM006,Chicken Breast,Meat,HH020,2026-06-13,0.27,kg,5,1,6,summer,0
ITM006,Chicken Breast,Meat,HH020,2026-06-15,0.15,kg,0,0,6,summer,0
ITM006,Chicken Breast,Meat,HH020,2026-06-17,0.22,kg,2,0,6,summer,0
ITM006,Chicken Breast,Meat,HH020,2026-06-19,0.2,kg,4,0,6,summer,0
ITM006,Chicken Breast,Meat,HH020,2026-06-20,0.22,kg,5,1,6,summer,0
ITM006,Chicken Breast,Meat,HH020,2026-06-22,0.2,kg,0,0,6,summer,0
ITM007,Tomatoes,Produce,HH001,2026-01-04,0.51,kg,6,1,1,winter,0
ITM007,Tomatoes,Produce,HH001,2026-01-20,0.31,kg,1,0,1,winter,0
ITM007,Tomatoes,Produce,HH001,2026-02-07,0.46,kg,5,1,2,winter,0
ITM007,Tomatoes,Produce,HH001,2026-02-15,0.39,kg,6,1,2,winter,0
ITM007,Tomatoes,Produce,HH001,2026-02-25,0.35,kg,2,0,2,winter,0
ITM007,Tomatoes,Produce,HH001,2026-03-11,0.35,kg,2,0,3,spring,0
ITM007,Tomatoes,Produce,HH001,2026-03-12,0.3,kg,3,0,3,spring,0
ITM007,Tomatoes,Produce,HH001,2026-03-14,0.37,kg,5,1,3,spring,0
ITM007,Tomatoes,Produce,HH001,2026-03-17,0.26,kg,1,0,3,spring,0
ITM007,Tomatoes,Produce,HH001,2026-03-19,0.37,kg,3,0,3,spring,0
ITM007,Tomatoes,Produce,HH001,2026-03-24,0.31,kg,1,0,3,spring,0
ITM007,Tomatoes,Produce,HH001,2026-03-26,0.37,kg,3,0,3,spring,0
ITM007,Tomatoes,Produce,HH001,2026-03-28,0.49,kg,5,1,3,spring,0
ITM007,Tomatoes,Produce,HH001,2026-04-03,0.38,kg,4,0,4,spring,0
ITM007,Tomatoes,Produce,HH001,2026-04-04,0.46,kg,5,1,4,spring,0
ITM007,Tomatoes,Produce,HH001,2026-04-06,0.4,kg,0,0,4,spring,0
ITM007,Tomatoes,Produce,HH001,2026-04-25,0.39,kg,5,1,4,spring,0
ITM007,Tomatoes,Produce,HH001,2026-04-26,0.5,kg,6,1,4,spring,0
ITM007,Tomatoes,Produce,HH001,2026-04-29,0.23,kg,2,0,4,spring,0
ITM007,Tomatoes,Produce,HH001,2026-05-02,0.43,kg,5,1,5,spring,0
ITM007,Tomatoes,Produce,HH001,2026-05-03,0.42,kg,6,1,5,spring,0
ITM007,Tomatoes,Produce,HH001,2026-05-04,0.29,kg,0,0,5,spring,0
ITM007,Tomatoes,Produce,HH001,2026-05-06,0.32,kg,2,0,5,spring,0
ITM007,Tomatoes,Produce,HH001,2026-05-13,0.24,kg,2,0,5,spring,0
ITM007,Tomatoes,Produce,HH001,2026-05-14,0.3,kg,3,0,5,spring,0
ITM007,Tomatoes,Produce,HH001,2026-05-16,0.37,kg,5,1,5,spring,0
ITM007,Tomatoes,Produce,HH001,2026-05-29,0.31,kg,4,0,5,spring,0
ITM007,Tomatoes,Produce,HH001,2026-06-04,0.34,kg,3,0,6,summer,0
ITM007,Tomatoes,Produce,HH001,2026-06-07,0.41,kg,6,1,6,summer,0
ITM007,Tomatoes,Produce,HH001,2026-06-10,0.25,kg,2,0,6,summer,0
ITM007,Tomatoes,Produce,HH001,2026-06-12,0.29,kg,4,0,6,summer,0
ITM007,Tomatoes,Produce,HH001,2026-06-15,0.29,kg,0,0,6,summer,0
ITM007,Tomatoes,Produce,HH001,2026-06-18,0.32,kg,3,0,6,summer,0
ITM007,Tomatoes,Produce,HH001,2026-06-20,0.43,kg,5,1,6,summer,0
ITM007,Tomatoes,Produce,HH001,2026-06-23,0.33,kg,1,0,6,summer,0
ITM007,Tomatoes,Produce,HH002,2026-01-01,0.36,kg,3,0,1,winter,1
ITM007,Tomatoes,Produce,HH002,2026-01-04,0.52,kg,6,1,1,winter,0
ITM007,Tomatoes,Produce,HH002,2026-01-10,0.53,kg,5,1,1,winter,0
ITM007,Tomatoes,Produce,HH002,2026-01-12,0.26,kg,0,0,1,winter,0
ITM007,Tomatoes,Produce,HH002,2026-01-13,0.38,kg,1,0,1,winter,0
ITM007,Tomatoes,Produce,HH002,2026-01-14,0.41,kg,2,0,1,winter,0
ITM007,Tomatoes,Produce,HH002,2026-01-15,0.28,kg,3,0,1,winter,0
ITM007,Tomatoes,Produce,HH002,2026-01-23,0.31,kg,4,0,1,winter,0
ITM007,Tomatoes,Produce,HH002,2026-01-25,0.51,kg,6,1,1,winter,0
ITM007,Tomatoes,Produce,HH002,2026-01-30,0.37,kg,4,0,1,winter,0
ITM007,Tomatoes,Produce,HH002,2026-01-31,0.45,kg,5,1,1,winter,0
ITM007,Tomatoes,Produce,HH002,2026-02-10,0.32,kg,1,0,2,winter,0
ITM007,Tomatoes,Produce,HH002,2026-02-11,0.3,kg,2,0,2,winter,0
ITM007,Tomatoes,Produce,HH002,2026-02-12,0.39,kg,3,0,2,winter,0
ITM007,Tomatoes,Produce,HH002,2026-02-14,0.56,kg,5,1,2,winter,0
ITM007,Tomatoes,Produce,HH002,2026-02-19,0.35,kg,3,0,2,winter,0
ITM007,Tomatoes,Produce,HH002,2026-02-20,0.41,kg,4,0,2,winter,0
ITM007,Tomatoes,Produce,HH002,2026-02-23,0.37,kg,0,0,2,winter,0
ITM007,Tomatoes,Produce,HH002,2026-03-09,0.39,kg,0,0,3,spring,0
ITM007,Tomatoes,Produce,HH002,2026-03-14,0.5,kg,5,1,3,spring,0
ITM007,Tomatoes,Produce,HH002,2026-03-15,0.42,kg,6,1,3,spring,0
ITM007,Tomatoes,Produce,HH002,2026-03-25,0.31,kg,2,0,3,spring,0
ITM007,Tomatoes,Produce,HH002,2026-03-27,0.44,kg,4,0,3,spring,0
ITM007,Tomatoes,Produce,HH002,2026-03-28,0.34,kg,5,1,3,spring,0
ITM007,Tomatoes,Produce,HH002,2026-03-29,0.4,kg,6,1,3,spring,0
ITM007,Tomatoes,Produce,HH002,2026-04-02,0.34,kg,3,0,4,spring,0
ITM007,Tomatoes,Produce,HH002,2026-04-05,0.47,kg,6,1,4,spring,0
ITM007,Tomatoes,Produce,HH002,2026-04-11,0.45,kg,5,1,4,spring,0
ITM007,Tomatoes,Produce,HH002,2026-04-14,0.61,kg,1,0,4,spring,1
ITM007,Tomatoes,Produce,HH002,2026-04-15,0.35,kg,2,0,4,spring,0
ITM007,Tomatoes,Produce,HH002,2026-04-20,0.45,kg,0,0,4,spring,0
ITM007,Tomatoes,Produce,HH002,2026-04-24,0.48,kg,4,0,4,spring,0
ITM007,Tomatoes,Produce,HH002,2026-04-25,0.47,kg,5,1,4,spring,0
ITM007,Tomatoes,Produce,HH002,2026-04-29,0.41,kg,2,0,4,spring,0
ITM007,Tomatoes,Produce,HH002,2026-04-30,0.44,kg,3,0,4,spring,0
ITM007,Tomatoes,Produce,HH002,2026-05-01,0.63,kg,4,0,5,spring,1
ITM007,Tomatoes,Produce,HH002,2026-05-03,0.43,kg,6,1,5,spring,0
ITM007,Tomatoes,Produce,HH002,2026-05-06,0.39,kg,2,0,5,spring,0
ITM007,Tomatoes,Produce,HH002,2026-05-07,0.29,kg,3,0,5,spring,0
ITM007,Tomatoes,Produce,HH002,2026-05-08,0.35,kg,4,0,5,spring,0
ITM007,Tomatoes,Produce,HH002,2026-05-10,0.47,kg,6,1,5,spring,0
ITM007,Tomatoes,Produce,HH002,2026-05-11,0.39,kg,0,0,5,spring,0
ITM007,Tomatoes,Produce,HH002,2026-05-19,0.32,kg,1,0,5,spring,0
ITM007,Tomatoes,Produce,HH002,2026-05-20,0.24,kg,2,0,5,spring,0
ITM007,Tomatoes,Produce,HH002,2026-05-22,0.43,kg,4,0,5,spring,0
ITM007,Tomatoes,Produce,HH002,2026-05-25,0.35,kg,0,0,5,spring,0
ITM007,Tomatoes,Produce,HH002,2026-05-31,0.57,kg,6,1,5,spring,0
ITM007,Tomatoes,Produce,HH002,2026-06-03,0.29,kg,2,0,6,summer,0
ITM007,Tomatoes,Produce,HH002,2026-06-11,0.37,kg,3,0,6,summer,0
ITM007,Tomatoes,Produce,HH002,2026-06-15,0.29,kg,0,0,6,summer,0
ITM007,Tomatoes,Produce,HH002,2026-06-16,0.36,kg,1,0,6,summer,0
ITM007,Tomatoes,Produce,HH002,2026-06-17,0.39,kg,2,0,6,summer,0
ITM007,Tomatoes,Produce,HH002,2026-06-18,0.33,kg,3,0,6,summer,0
ITM007,Tomatoes,Produce,HH002,2026-06-19,0.36,kg,4,0,6,summer,0
ITM007,Tomatoes,Produce,HH002,2026-06-27,0.52,kg,5,1,6,summer,0
ITM007,Tomatoes,Produce,HH003,2026-01-01,0.66,kg,3,0,1,winter,1
ITM007,Tomatoes,Produce,HH003,2026-01-09,0.37,kg,4,0,1,winter,0
ITM007,Tomatoes,Produce,HH003,2026-01-15,0.35,kg,3,0,1,winter,0
ITM007,Tomatoes,Produce,HH003,2026-01-20,0.42,kg,1,0,1,winter,0
ITM007,Tomatoes,Produce,HH003,2026-01-26,0.7,kg,0,0,1,winter,1
ITM007,Tomatoes,Produce,HH003,2026-01-27,0.41,kg,1,0,1,winter,0
ITM007,Tomatoes,Produce,HH003,2026-01-28,0.4,kg,2,0,1,winter,0
ITM007,Tomatoes,Produce,HH003,2026-01-29,0.45,kg,3,0,1,winter,0
ITM007,Tomatoes,Produce,HH003,2026-02-01,0.52,kg,6,1,2,winter,0
ITM007,Tomatoes,Produce,HH003,2026-02-06,0.39,kg,4,0,2,winter,0
ITM007,Tomatoes,Produce,HH003,2026-02-16,0.38,kg,0,0,2,winter,0
ITM007,Tomatoes,Produce,HH003,2026-02-17,0.45,kg,1,0,2,winter,0
ITM007,Tomatoes,Produce,HH003,2026-02-18,0.39,kg,2,0,2,winter,0
ITM007,Tomatoes,Produce,HH003,2026-02-20,0.37,kg,4,0,2,winter,0
ITM007,Tomatoes,Produce,HH003,2026-02-26,0.35,kg,3,0,2,winter,0
ITM007,Tomatoes,Produce,HH003,2026-02-28,0.58,kg,5,1,2,winter,0
ITM007,Tomatoes,Produce,HH003,2026-03-05,0.32,kg,3,0,3,spring,0
ITM007,Tomatoes,Produce,HH003,2026-03-07,0.48,kg,5,1,3,spring,0
ITM007,Tomatoes,Produce,HH003,2026-03-10,0.51,kg,1,0,3,spring,0
ITM007,Tomatoes,Produce,HH003,2026-03-11,0.44,kg,2,0,3,spring,0
ITM007,Tomatoes,Produce,HH003,2026-03-15,0.71,kg,6,1,3,spring,0
ITM007,Tomatoes,Produce,HH003,2026-03-16,0.41,kg,0,0,3,spring,0
ITM007,Tomatoes,Produce,HH003,2026-03-18,0.44,kg,2,0,3,spring,0
ITM007,Tomatoes,Produce,HH003,2026-03-20,0.39,kg,4,0,3,spring,0
ITM007,Tomatoes,Produce,HH003,2026-03-25,0.43,kg,2,0,3,spring,0
ITM007,Tomatoes,Produce,HH003,2026-03-27,0.4,kg,4,0,3,spring,0
ITM007,Tomatoes,Produce,HH003,2026-03-30,0.47,kg,0,0,3,spring,0
ITM007,Tomatoes,Produce,HH003,2026-03-31,0.34,kg,1,0,3,spring,0
ITM007,Tomatoes,Produce,HH003,2026-04-04,0.64,kg,5,1,4,spring,0
ITM007,Tomatoes,Produce,HH003,2026-04-09,0.35,kg,3,0,4,spring,0
ITM007,Tomatoes,Produce,HH003,2026-04-22,0.51,kg,2,0,4,spring,0
ITM007,Tomatoes,Produce,HH003,2026-04-23,0.4,kg,3,0,4,spring,0
ITM007,Tomatoes,Produce,HH003,2026-04-24,0.37,kg,4,0,4,spring,0
ITM007,Tomatoes,Produce,HH003,2026-04-25,0.53,kg,5,1,4,spring,0
ITM007,Tomatoes,Produce,HH003,2026-04-29,0.32,kg,2,0,4,spring,0
ITM007,Tomatoes,Produce,HH003,2026-05-06,0.34,kg,2,0,5,spring,0
ITM007,Tomatoes,Produce,HH003,2026-05-09,0.53,kg,5,1,5,spring,0
ITM007,Tomatoes,Produce,HH003,2026-05-10,0.39,kg,6,1,5,spring,0
ITM007,Tomatoes,Produce,HH003,2026-05-25,0.32,kg,0,0,5,spring,0
ITM007,Tomatoes,Produce,HH003,2026-05-26,0.42,kg,1,0,5,spring,0
ITM007,Tomatoes,Produce,HH003,2026-06-01,0.36,kg,0,0,6,summer,0
ITM007,Tomatoes,Produce,HH003,2026-06-04,0.44,kg,3,0,6,summer,0
ITM007,Tomatoes,Produce,HH003,2026-06-06,1.12,kg,5,1,6,summer,1
ITM007,Tomatoes,Produce,HH003,2026-06-12,0.4,kg,4,0,6,summer,0
ITM007,Tomatoes,Produce,HH003,2026-06-15,0.39,kg,0,0,6,summer,0
ITM007,Tomatoes,Produce,HH003,2026-06-18,0.35,kg,3,0,6,summer,0
ITM007,Tomatoes,Produce,HH003,2026-06-19,0.43,kg,4,0,6,summer,0
ITM007,Tomatoes,Produce,HH004,2026-01-01,0.73,kg,3,0,1,winter,1
ITM007,Tomatoes,Produce,HH004,2026-01-05,0.55,kg,0,0,1,winter,0
ITM007,Tomatoes,Produce,HH004,2026-01-08,0.46,kg,3,0,1,winter,0
ITM007,Tomatoes,Produce,HH004,2026-01-12,0.49,kg,0,0,1,winter,0
ITM007,Tomatoes,Produce,HH004,2026-01-14,0.42,kg,2,0,1,winter,0
ITM007,Tomatoes,Produce,HH004,2026-01-15,0.47,kg,3,0,1,winter,0
ITM007,Tomatoes,Produce,HH004,2026-01-16,0.54,kg,4,0,1,winter,0
ITM007,Tomatoes,Produce,HH004,2026-01-18,0.67,kg,6,1,1,winter,0
ITM007,Tomatoes,Produce,HH004,2026-01-19,0.46,kg,0,0,1,winter,0
ITM007,Tomatoes,Produce,HH004,2026-01-22,0.36,kg,3,0,1,winter,0
ITM007,Tomatoes,Produce,HH004,2026-01-29,0.44,kg,3,0,1,winter,0
ITM007,Tomatoes,Produce,HH004,2026-02-02,0.5,kg,0,0,2,winter,0
ITM007,Tomatoes,Produce,HH004,2026-02-03,0.67,kg,1,0,2,winter,0
ITM007,Tomatoes,Produce,HH004,2026-02-04,0.37,kg,2,0,2,winter,0
ITM007,Tomatoes,Produce,HH004,2026-02-05,0.61,kg,3,0,2,winter,0
ITM007,Tomatoes,Produce,HH004,2026-02-09,0.43,kg,0,0,2,winter,0
ITM007,Tomatoes,Produce,HH004,2026-02-14,0.52,kg,5,1,2,winter,0
ITM007,Tomatoes,Produce,HH004,2026-02-15,0.6,kg,6,1,2,winter,0
ITM007,Tomatoes,Produce,HH004,2026-02-21,0.66,kg,5,1,2,winter,0
ITM007,Tomatoes,Produce,HH004,2026-02-25,0.43,kg,2,0,2,winter,0
ITM007,Tomatoes,Produce,HH004,2026-03-01,0.54,kg,6,1,3,spring,0
ITM007,Tomatoes,Produce,HH004,2026-03-05,0.43,kg,3,0,3,spring,0
ITM007,Tomatoes,Produce,HH004,2026-03-08,1.01,kg,6,1,3,spring,1
ITM007,Tomatoes,Produce,HH004,2026-03-14,0.6,kg,5,1,3,spring,0
ITM007,Tomatoes,Produce,HH004,2026-03-15,0.57,kg,6,1,3,spring,0
ITM007,Tomatoes,Produce,HH004,2026-03-16,0.35,kg,0,0,3,spring,0
ITM007,Tomatoes,Produce,HH004,2026-03-17,0.57,kg,1,0,3,spring,0
ITM007,Tomatoes,Produce,HH004,2026-03-19,0.49,kg,3,0,3,spring,0
ITM007,Tomatoes,Produce,HH004,2026-03-21,0.59,kg,5,1,3,spring,0
ITM007,Tomatoes,Produce,HH004,2026-03-22,0.81,kg,6,1,3,spring,0
ITM007,Tomatoes,Produce,HH004,2026-03-23,0.56,kg,0,0,3,spring,0
ITM007,Tomatoes,Produce,HH004,2026-04-02,0.32,kg,3,0,4,spring,0
ITM007,Tomatoes,Produce,HH004,2026-04-03,0.5,kg,4,0,4,spring,0
ITM007,Tomatoes,Produce,HH004,2026-04-05,0.74,kg,6,1,4,spring,0
ITM007,Tomatoes,Produce,HH004,2026-04-06,0.38,kg,0,0,4,spring,0
ITM007,Tomatoes,Produce,HH004,2026-04-13,0.35,kg,0,0,4,spring,0
ITM007,Tomatoes,Produce,HH004,2026-04-15,0.46,kg,2,0,4,spring,0
ITM007,Tomatoes,Produce,HH004,2026-04-22,0.44,kg,2,0,4,spring,0
ITM007,Tomatoes,Produce,HH004,2026-04-24,0.43,kg,4,0,4,spring,0
ITM007,Tomatoes,Produce,HH004,2026-04-26,0.53,kg,6,1,4,spring,0
ITM007,Tomatoes,Produce,HH004,2026-05-09,0.71,kg,5,1,5,spring,0
ITM007,Tomatoes,Produce,HH004,2026-05-12,0.49,kg,1,0,5,spring,0
ITM007,Tomatoes,Produce,HH004,2026-05-13,0.54,kg,2,0,5,spring,0
ITM007,Tomatoes,Produce,HH004,2026-05-17,0.67,kg,6,1,5,spring,0
ITM007,Tomatoes,Produce,HH004,2026-05-24,0.68,kg,6,1,5,spring,0
ITM007,Tomatoes,Produce,HH004,2026-05-27,0.46,kg,2,0,5,spring,0
ITM007,Tomatoes,Produce,HH004,2026-05-29,0.61,kg,4,0,5,spring,0
ITM007,Tomatoes,Produce,HH004,2026-05-30,0.73,kg,5,1,5,spring,0
ITM007,Tomatoes,Produce,HH004,2026-06-01,0.47,kg,0,0,6,summer,0
ITM007,Tomatoes,Produce,HH004,2026-06-02,0.45,kg,1,0,6,summer,0
ITM007,Tomatoes,Produce,HH004,2026-06-03,0.39,kg,2,0,6,summer,0
ITM007,Tomatoes,Produce,HH004,2026-06-12,0.54,kg,4,0,6,summer,0
ITM007,Tomatoes,Produce,HH004,2026-06-17,0.41,kg,2,0,6,summer,0
ITM007,Tomatoes,Produce,HH004,2026-06-19,0.47,kg,4,0,6,summer,0
ITM007,Tomatoes,Produce,HH004,2026-06-22,0.5,kg,0,0,6,summer,0
ITM007,Tomatoes,Produce,HH004,2026-06-23,0.4,kg,1,0,6,summer,0
ITM007,Tomatoes,Produce,HH004,2026-06-25,0.3,kg,3,0,6,summer,0
ITM007,Tomatoes,Produce,HH005,2026-01-02,0.23,kg,4,0,1,winter,0
ITM007,Tomatoes,Produce,HH005,2026-01-04,0.37,kg,6,1,1,winter,0
ITM007,Tomatoes,Produce,HH005,2026-01-10,0.36,kg,5,1,1,winter,0
ITM007,Tomatoes,Produce,HH005,2026-01-12,0.29,kg,0,0,1,winter,0
ITM007,Tomatoes,Produce,HH005,2026-01-14,0.22,kg,2,0,1,winter,0
ITM007,Tomatoes,Produce,HH005,2026-01-22,0.25,kg,3,0,1,winter,0
ITM007,Tomatoes,Produce,HH005,2026-01-23,0.26,kg,4,0,1,winter,0
ITM007,Tomatoes,Produce,HH005,2026-01-24,0.34,kg,5,1,1,winter,0
ITM007,Tomatoes,Produce,HH005,2026-02-06,0.24,kg,4,0,2,winter,0
ITM007,Tomatoes,Produce,HH005,2026-02-11,0.24,kg,2,0,2,winter,0
ITM007,Tomatoes,Produce,HH005,2026-02-13,0.27,kg,4,0,2,winter,0
ITM007,Tomatoes,Produce,HH005,2026-02-14,0.4,kg,5,1,2,winter,0
ITM007,Tomatoes,Produce,HH005,2026-02-17,0.24,kg,1,0,2,winter,0
ITM007,Tomatoes,Produce,HH005,2026-02-18,0.26,kg,2,0,2,winter,0
ITM007,Tomatoes,Produce,HH005,2026-02-19,0.26,kg,3,0,2,winter,0
ITM007,Tomatoes,Produce,HH005,2026-02-24,0.27,kg,1,0,2,winter,0
ITM007,Tomatoes,Produce,HH005,2026-03-02,0.27,kg,0,0,3,spring,0
ITM007,Tomatoes,Produce,HH005,2026-03-05,0.3,kg,3,0,3,spring,0
ITM007,Tomatoes,Produce,HH005,2026-03-08,0.55,kg,6,1,3,spring,1
ITM007,Tomatoes,Produce,HH005,2026-03-10,0.27,kg,1,0,3,spring,0
ITM007,Tomatoes,Produce,HH005,2026-03-16,0.27,kg,0,0,3,spring,0
ITM007,Tomatoes,Produce,HH005,2026-03-23,0.21,kg,0,0,3,spring,0
ITM007,Tomatoes,Produce,HH005,2026-03-28,0.43,kg,5,1,3,spring,0
ITM007,Tomatoes,Produce,HH005,2026-03-29,0.33,kg,6,1,3,spring,0
ITM007,Tomatoes,Produce,HH005,2026-03-30,0.27,kg,0,0,3,spring,0
ITM007,Tomatoes,Produce,HH005,2026-04-08,0.27,kg,2,0,4,spring,0
ITM007,Tomatoes,Produce,HH005,2026-04-09,0.3,kg,3,0,4,spring,0
ITM007,Tomatoes,Produce,HH005,2026-04-14,0.36,kg,1,0,4,spring,1
ITM007,Tomatoes,Produce,HH005,2026-04-17,0.22,kg,4,0,4,spring,0
ITM007,Tomatoes,Produce,HH005,2026-04-18,0.34,kg,5,1,4,spring,0
ITM007,Tomatoes,Produce,HH005,2026-04-26,0.29,kg,6,1,4,spring,0
ITM007,Tomatoes,Produce,HH005,2026-04-28,0.14,kg,1,0,4,spring,0
ITM007,Tomatoes,Produce,HH005,2026-04-30,0.25,kg,3,0,4,spring,0
ITM007,Tomatoes,Produce,HH005,2026-05-02,0.34,kg,5,1,5,spring,0
ITM007,Tomatoes,Produce,HH005,2026-05-10,0.39,kg,6,1,5,spring,0
ITM007,Tomatoes,Produce,HH005,2026-05-12,0.21,kg,1,0,5,spring,0
ITM007,Tomatoes,Produce,HH005,2026-05-15,0.26,kg,4,0,5,spring,0
ITM007,Tomatoes,Produce,HH005,2026-05-17,0.32,kg,6,1,5,spring,0
ITM007,Tomatoes,Produce,HH005,2026-05-19,0.26,kg,1,0,5,spring,0
ITM007,Tomatoes,Produce,HH005,2026-05-23,0.33,kg,5,1,5,spring,0
ITM007,Tomatoes,Produce,HH005,2026-05-26,0.23,kg,1,0,5,spring,0
ITM007,Tomatoes,Produce,HH005,2026-05-29,0.24,kg,4,0,5,spring,0
ITM007,Tomatoes,Produce,HH005,2026-06-01,0.3,kg,0,0,6,summer,0
ITM007,Tomatoes,Produce,HH005,2026-06-04,0.23,kg,3,0,6,summer,0
ITM007,Tomatoes,Produce,HH005,2026-06-08,0.3,kg,0,0,6,summer,0
ITM007,Tomatoes,Produce,HH005,2026-06-15,0.26,kg,0,0,6,summer,0
ITM007,Tomatoes,Produce,HH005,2026-06-16,0.27,kg,1,0,6,summer,0
ITM007,Tomatoes,Produce,HH005,2026-06-20,0.3,kg,5,1,6,summer,0
ITM007,Tomatoes,Produce,HH005,2026-06-22,0.27,kg,0,0,6,summer,0
ITM007,Tomatoes,Produce,HH005,2026-06-25,0.24,kg,3,0,6,summer,0
ITM007,Tomatoes,Produce,HH005,2026-06-27,0.42,kg,5,1,6,summer,0
ITM007,Tomatoes,Produce,HH006,2026-01-01,0.52,kg,3,0,1,winter,1
ITM007,Tomatoes,Produce,HH006,2026-01-02,0.19,kg,4,0,1,winter,0
ITM007,Tomatoes,Produce,HH006,2026-01-18,0.47,kg,6,1,1,winter,0
ITM007,Tomatoes,Produce,HH006,2026-01-19,0.31,kg,0,0,1,winter,0
ITM007,Tomatoes,Produce,HH006,2026-01-20,0.27,kg,1,0,1,winter,0
ITM007,Tomatoes,Produce,HH006,2026-01-30,0.34,kg,4,0,1,winter,0
ITM007,Tomatoes,Produce,HH006,2026-02-04,0.31,kg,2,0,2,winter,0
ITM007,Tomatoes,Produce,HH006,2026-02-07,0.43,kg,5,1,2,winter,0
ITM007,Tomatoes,Produce,HH006,2026-02-14,0.32,kg,5,1,2,winter,0
ITM007,Tomatoes,Produce,HH006,2026-02-16,0.22,kg,0,0,2,winter,0
ITM007,Tomatoes,Produce,HH006,2026-02-19,0.33,kg,3,0,2,winter,0
ITM007,Tomatoes,Produce,HH006,2026-02-21,0.27,kg,5,1,2,winter,0
ITM007,Tomatoes,Produce,HH006,2026-02-23,0.29,kg,0,0,2,winter,0
ITM007,Tomatoes,Produce,HH006,2026-02-26,0.31,kg,3,0,2,winter,0
ITM007,Tomatoes,Produce,HH006,2026-02-27,0.26,kg,4,0,2,winter,0
ITM007,Tomatoes,Produce,HH006,2026-03-03,0.32,kg,1,0,3,spring,0
ITM007,Tomatoes,Produce,HH006,2026-03-05,0.31,kg,3,0,3,spring,0
ITM007,Tomatoes,Produce,HH006,2026-03-06,0.35,kg,4,0,3,spring,0
ITM007,Tomatoes,Produce,HH006,2026-03-12,0.36,kg,3,0,3,spring,0
ITM007,Tomatoes,Produce,HH006,2026-03-14,0.67,kg,5,1,3,spring,0
ITM007,Tomatoes,Produce,HH006,2026-03-21,0.52,kg,5,1,3,spring,0
ITM007,Tomatoes,Produce,HH006,2026-03-23,0.32,kg,0,0,3,spring,0
ITM007,Tomatoes,Produce,HH006,2026-03-25,0.29,kg,2,0,3,spring,0
ITM007,Tomatoes,Produce,HH006,2026-03-30,0.32,kg,0,0,3,spring,0
ITM007,Tomatoes,Produce,HH006,2026-04-01,0.35,kg,2,0,4,spring,0
ITM007,Tomatoes,Produce,HH006,2026-04-04,0.48,kg,5,1,4,spring,0
ITM007,Tomatoes,Produce,HH006,2026-04-05,0.38,kg,6,1,4,spring,0
ITM007,Tomatoes,Produce,HH006,2026-04-08,0.27,kg,2,0,4,spring,0
ITM007,Tomatoes,Produce,HH006,2026-04-10,0.42,kg,4,0,4,spring,0
ITM007,Tomatoes,Produce,HH006,2026-04-16,0.35,kg,3,0,4,spring,0
ITM007,Tomatoes,Produce,HH006,2026-04-17,0.27,kg,4,0,4,spring,0
ITM007,Tomatoes,Produce,HH006,2026-04-20,0.36,kg,0,0,4,spring,0
ITM007,Tomatoes,Produce,HH006,2026-04-22,0.31,kg,2,0,4,spring,0
ITM007,Tomatoes,Produce,HH006,2026-04-25,0.29,kg,5,1,4,spring,0
ITM007,Tomatoes,Produce,HH006,2026-05-05,0.39,kg,1,0,5,spring,0
ITM007,Tomatoes,Produce,HH006,2026-05-09,0.4,kg,5,1,5,spring,0
ITM007,Tomatoes,Produce,HH006,2026-05-13,0.23,kg,2,0,5,spring,0
ITM007,Tomatoes,Produce,HH006,2026-05-17,0.57,kg,6,1,5,spring,0
ITM007,Tomatoes,Produce,HH006,2026-05-23,0.41,kg,5,1,5,spring,0
ITM007,Tomatoes,Produce,HH006,2026-05-24,0.37,kg,6,1,5,spring,0
ITM007,Tomatoes,Produce,HH006,2026-05-25,0.31,kg,0,0,5,spring,0
ITM007,Tomatoes,Produce,HH006,2026-05-27,0.31,kg,2,0,5,spring,0
ITM007,Tomatoes,Produce,HH006,2026-06-03,0.34,kg,2,0,6,summer,0
ITM007,Tomatoes,Produce,HH006,2026-06-04,0.25,kg,3,0,6,summer,0
ITM007,Tomatoes,Produce,HH006,2026-06-08,0.35,kg,0,0,6,summer,0
ITM007,Tomatoes,Produce,HH006,2026-06-09,0.3,kg,1,0,6,summer,0
ITM007,Tomatoes,Produce,HH006,2026-06-10,0.23,kg,2,0,6,summer,0
ITM007,Tomatoes,Produce,HH006,2026-06-12,0.29,kg,4,0,6,summer,0
ITM007,Tomatoes,Produce,HH006,2026-06-13,0.42,kg,5,1,6,summer,0
ITM007,Tomatoes,Produce,HH006,2026-06-15,0.31,kg,0,0,6,summer,0
ITM007,Tomatoes,Produce,HH006,2026-06-19,0.28,kg,4,0,6,summer,0
ITM007,Tomatoes,Produce,HH006,2026-06-23,0.25,kg,1,0,6,summer,0
ITM007,Tomatoes,Produce,HH006,2026-06-24,0.33,kg,2,0,6,summer,0
ITM007,Tomatoes,Produce,HH006,2026-06-29,0.27,kg,0,0,6,summer,0
ITM007,Tomatoes,Produce,HH007,2026-01-04,0.66,kg,6,1,1,winter,0
ITM007,Tomatoes,Produce,HH007,2026-01-05,0.31,kg,0,0,1,winter,0
ITM007,Tomatoes,Produce,HH007,2026-01-08,0.33,kg,3,0,1,winter,0
ITM007,Tomatoes,Produce,HH007,2026-01-10,0.61,kg,5,1,1,winter,0
ITM007,Tomatoes,Produce,HH007,2026-01-11,0.35,kg,6,1,1,winter,0
ITM007,Tomatoes,Produce,HH007,2026-01-16,0.3,kg,4,0,1,winter,0
ITM007,Tomatoes,Produce,HH007,2026-01-22,0.27,kg,3,0,1,winter,0
ITM007,Tomatoes,Produce,HH007,2026-01-26,0.73,kg,0,0,1,winter,1
ITM007,Tomatoes,Produce,HH007,2026-02-01,0.53,kg,6,1,2,winter,0
ITM007,Tomatoes,Produce,HH007,2026-02-05,0.31,kg,3,0,2,winter,0
ITM007,Tomatoes,Produce,HH007,2026-02-09,0.37,kg,0,0,2,winter,0
ITM007,Tomatoes,Produce,HH007,2026-02-19,0.44,kg,3,0,2,winter,0
ITM007,Tomatoes,Produce,HH007,2026-03-04,0.28,kg,2,0,3,spring,0
ITM007,Tomatoes,Produce,HH007,2026-03-11,0.41,kg,2,0,3,spring,0
ITM007,Tomatoes,Produce,HH007,2026-03-24,0.33,kg,1,0,3,spring,0
ITM007,Tomatoes,Produce,HH007,2026-03-29,0.5,kg,6,1,3,spring,0
ITM007,Tomatoes,Produce,HH007,2026-04-01,0.41,kg,2,0,4,spring,0
ITM007,Tomatoes,Produce,HH007,2026-04-02,0.34,kg,3,0,4,spring,0
ITM007,Tomatoes,Produce,HH007,2026-04-03,0.38,kg,4,0,4,spring,0
ITM007,Tomatoes,Produce,HH007,2026-04-06,0.38,kg,0,0,4,spring,0
ITM007,Tomatoes,Produce,HH007,2026-04-07,0.46,kg,1,0,4,spring,0
ITM007,Tomatoes,Produce,HH007,2026-04-09,0.39,kg,3,0,4,spring,0
ITM007,Tomatoes,Produce,HH007,2026-04-14,0.43,kg,1,0,4,spring,1
ITM007,Tomatoes,Produce,HH007,2026-04-21,0.42,kg,1,0,4,spring,0
ITM007,Tomatoes,Produce,HH007,2026-04-22,0.35,kg,2,0,4,spring,0
ITM007,Tomatoes,Produce,HH007,2026-04-23,0.41,kg,3,0,4,spring,0
ITM007,Tomatoes,Produce,HH007,2026-04-30,0.4,kg,3,0,4,spring,0
ITM007,Tomatoes,Produce,HH007,2026-05-11,0.32,kg,0,0,5,spring,0
ITM007,Tomatoes,Produce,HH007,2026-05-12,0.31,kg,1,0,5,spring,0
ITM007,Tomatoes,Produce,HH007,2026-05-13,0.48,kg,2,0,5,spring,0
ITM007,Tomatoes,Produce,HH007,2026-05-17,0.55,kg,6,1,5,spring,0
ITM007,Tomatoes,Produce,HH007,2026-05-19,0.38,kg,1,0,5,spring,0
ITM007,Tomatoes,Produce,HH007,2026-05-21,0.3,kg,3,0,5,spring,0
ITM007,Tomatoes,Produce,HH007,2026-05-30,0.43,kg,5,1,5,spring,0
ITM007,Tomatoes,Produce,HH007,2026-06-03,0.44,kg,2,0,6,summer,0
ITM007,Tomatoes,Produce,HH007,2026-06-09,0.32,kg,1,0,6,summer,0
ITM007,Tomatoes,Produce,HH007,2026-06-13,0.44,kg,5,1,6,summer,0
ITM007,Tomatoes,Produce,HH007,2026-06-21,0.49,kg,6,1,6,summer,0
ITM007,Tomatoes,Produce,HH007,2026-06-22,0.48,kg,0,0,6,summer,0
ITM007,Tomatoes,Produce,HH007,2026-06-24,0.3,kg,2,0,6,summer,0
ITM007,Tomatoes,Produce,HH007,2026-06-27,0.45,kg,5,1,6,summer,0
ITM007,Tomatoes,Produce,HH007,2026-06-28,0.55,kg,6,1,6,summer,0
ITM007,Tomatoes,Produce,HH008,2026-01-06,0.37,kg,1,0,1,winter,0
ITM007,Tomatoes,Produce,HH008,2026-01-08,0.32,kg,3,0,1,winter,0
ITM007,Tomatoes,Produce,HH008,2026-01-12,0.39,kg,0,0,1,winter,0
ITM007,Tomatoes,Produce,HH008,2026-01-14,0.38,kg,2,0,1,winter,0
ITM007,Tomatoes,Produce,HH008,2026-01-17,0.49,kg,5,1,1,winter,0
ITM007,Tomatoes,Produce,HH008,2026-01-19,0.44,kg,0,0,1,winter,0
ITM007,Tomatoes,Produce,HH008,2026-01-21,0.45,kg,2,0,1,winter,0
ITM007,Tomatoes,Produce,HH008,2026-01-23,0.45,kg,4,0,1,winter,0
ITM007,Tomatoes,Produce,HH008,2026-01-27,0.37,kg,1,0,1,winter,0
ITM007,Tomatoes,Produce,HH008,2026-02-03,0.39,kg,1,0,2,winter,0
ITM007,Tomatoes,Produce,HH008,2026-02-04,0.44,kg,2,0,2,winter,0
ITM007,Tomatoes,Produce,HH008,2026-02-09,0.38,kg,0,0,2,winter,0
ITM007,Tomatoes,Produce,HH008,2026-02-12,0.44,kg,3,0,2,winter,0
ITM007,Tomatoes,Produce,HH008,2026-02-15,0.65,kg,6,1,2,winter,0
ITM007,Tomatoes,Produce,HH008,2026-02-17,0.38,kg,1,0,2,winter,0
ITM007,Tomatoes,Produce,HH008,2026-02-18,0.37,kg,2,0,2,winter,0
ITM007,Tomatoes,Produce,HH008,2026-02-20,0.42,kg,4,0,2,winter,0
ITM007,Tomatoes,Produce,HH008,2026-02-22,0.59,kg,6,1,2,winter,0
ITM007,Tomatoes,Produce,HH008,2026-03-01,0.47,kg,6,1,3,spring,0
ITM007,Tomatoes,Produce,HH008,2026-03-04,0.48,kg,2,0,3,spring,0
ITM007,Tomatoes,Produce,HH008,2026-03-14,0.62,kg,5,1,3,spring,0
ITM007,Tomatoes,Produce,HH008,2026-03-16,0.39,kg,0,0,3,spring,0
ITM007,Tomatoes,Produce,HH008,2026-03-19,0.39,kg,3,0,3,spring,0
ITM007,Tomatoes,Produce,HH008,2026-03-20,0.44,kg,4,0,3,spring,0
ITM007,Tomatoes,Produce,HH008,2026-03-21,0.62,kg,5,1,3,spring,0
ITM007,Tomatoes,Produce,HH008,2026-03-22,0.53,kg,6,1,3,spring,0
ITM007,Tomatoes,Produce,HH008,2026-03-26,0.39,kg,3,0,3,spring,0
ITM007,Tomatoes,Produce,HH008,2026-03-27,0.48,kg,4,0,3,spring,0
ITM007,Tomatoes,Produce,HH008,2026-03-29,0.53,kg,6,1,3,spring,0
ITM007,Tomatoes,Produce,HH008,2026-03-31,0.45,kg,1,0,3,spring,0
ITM007,Tomatoes,Produce,HH008,2026-04-01,0.43,kg,2,0,4,spring,0
ITM007,Tomatoes,Produce,HH008,2026-04-05,0.63,kg,6,1,4,spring,0
ITM007,Tomatoes,Produce,HH008,2026-04-16,0.45,kg,3,0,4,spring,0
ITM007,Tomatoes,Produce,HH008,2026-04-25,0.43,kg,5,1,4,spring,0
ITM007,Tomatoes,Produce,HH008,2026-04-27,0.43,kg,0,0,4,spring,0
ITM007,Tomatoes,Produce,HH008,2026-04-30,0.43,kg,3,0,4,spring,0
ITM007,Tomatoes,Produce,HH008,2026-05-04,0.38,kg,0,0,5,spring,0
ITM007,Tomatoes,Produce,HH008,2026-05-06,0.34,kg,2,0,5,spring,0
ITM007,Tomatoes,Produce,HH008,2026-05-07,0.35,kg,3,0,5,spring,0
ITM007,Tomatoes,Produce,HH008,2026-05-19,0.53,kg,1,0,5,spring,0
ITM007,Tomatoes,Produce,HH008,2026-05-22,0.47,kg,4,0,5,spring,0
ITM007,Tomatoes,Produce,HH008,2026-05-23,0.75,kg,5,1,5,spring,0
ITM007,Tomatoes,Produce,HH008,2026-05-30,0.77,kg,5,1,5,spring,0
ITM007,Tomatoes,Produce,HH008,2026-06-01,0.37,kg,0,0,6,summer,0
ITM007,Tomatoes,Produce,HH008,2026-06-05,0.42,kg,4,0,6,summer,0
ITM007,Tomatoes,Produce,HH008,2026-06-06,0.79,kg,5,1,6,summer,1
ITM007,Tomatoes,Produce,HH008,2026-06-13,0.56,kg,5,1,6,summer,0
ITM007,Tomatoes,Produce,HH008,2026-06-19,0.35,kg,4,0,6,summer,0
ITM007,Tomatoes,Produce,HH008,2026-06-24,0.42,kg,2,0,6,summer,0
ITM007,Tomatoes,Produce,HH008,2026-06-28,0.52,kg,6,1,6,summer,0
ITM007,Tomatoes,Produce,HH009,2026-01-02,0.36,kg,4,0,1,winter,0
ITM007,Tomatoes,Produce,HH009,2026-01-09,0.51,kg,4,0,1,winter,0
ITM007,Tomatoes,Produce,HH009,2026-01-19,0.53,kg,0,0,1,winter,0
ITM007,Tomatoes,Produce,HH009,2026-01-22,0.46,kg,3,0,1,winter,0
ITM007,Tomatoes,Produce,HH009,2026-01-26,0.57,kg,0,0,1,winter,1
ITM007,Tomatoes,Produce,HH009,2026-01-29,0.46,kg,3,0,1,winter,0
ITM007,Tomatoes,Produce,HH009,2026-02-02,0.44,kg,0,0,2,winter,0
ITM007,Tomatoes,Produce,HH009,2026-02-06,0.49,kg,4,0,2,winter,0
ITM007,Tomatoes,Produce,HH009,2026-02-09,0.56,kg,0,0,2,winter,0
ITM007,Tomatoes,Produce,HH009,2026-02-12,0.43,kg,3,0,2,winter,0
ITM007,Tomatoes,Produce,HH009,2026-02-15,0.54,kg,6,1,2,winter,0
ITM007,Tomatoes,Produce,HH009,2026-02-22,0.59,kg,6,1,2,winter,0
ITM007,Tomatoes,Produce,HH009,2026-02-26,0.44,kg,3,0,2,winter,0
ITM007,Tomatoes,Produce,HH009,2026-02-28,0.63,kg,5,1,2,winter,0
ITM007,Tomatoes,Produce,HH009,2026-03-02,0.51,kg,0,0,3,spring,0
ITM007,Tomatoes,Produce,HH009,2026-03-05,0.49,kg,3,0,3,spring,0
ITM007,Tomatoes,Produce,HH009,2026-03-10,0.44,kg,1,0,3,spring,0
ITM007,Tomatoes,Produce,HH009,2026-03-11,0.47,kg,2,0,3,spring,0
ITM007,Tomatoes,Produce,HH009,2026-03-13,0.41,kg,4,0,3,spring,0
ITM007,Tomatoes,Produce,HH009,2026-03-16,0.4,kg,0,0,3,spring,0
ITM007,Tomatoes,Produce,HH009,2026-03-18,0.5,kg,2,0,3,spring,0
ITM007,Tomatoes,Produce,HH009,2026-03-22,0.74,kg,6,1,3,spring,0
ITM007,Tomatoes,Produce,HH009,2026-03-26,0.56,kg,3,0,3,spring,0
ITM007,Tomatoes,Produce,HH009,2026-03-28,0.62,kg,5,1,3,spring,0
ITM007,Tomatoes,Produce,HH009,2026-03-29,0.69,kg,6,1,3,spring,0
ITM007,Tomatoes,Produce,HH009,2026-04-05,0.76,kg,6,1,4,spring,0
ITM007,Tomatoes,Produce,HH009,2026-04-12,0.52,kg,6,1,4,spring,0
ITM007,Tomatoes,Produce,HH009,2026-04-21,0.33,kg,1,0,4,spring,0
ITM007,Tomatoes,Produce,HH009,2026-04-24,0.42,kg,4,0,4,spring,0
ITM007,Tomatoes,Produce,HH009,2026-04-25,0.41,kg,5,1,4,spring,0
ITM007,Tomatoes,Produce,HH009,2026-05-02,0.57,kg,5,1,5,spring,0
ITM007,Tomatoes,Produce,HH009,2026-05-03,0.77,kg,6,1,5,spring,0
ITM007,Tomatoes,Produce,HH009,2026-05-04,0.47,kg,0,0,5,spring,0
ITM007,Tomatoes,Produce,HH009,2026-05-11,0.51,kg,0,0,5,spring,0
ITM007,Tomatoes,Produce,HH009,2026-05-27,0.54,kg,2,0,5,spring,0
ITM007,Tomatoes,Produce,HH009,2026-06-02,0.4,kg,1,0,6,summer,0
ITM007,Tomatoes,Produce,HH009,2026-06-03,0.39,kg,2,0,6,summer,0
ITM007,Tomatoes,Produce,HH009,2026-06-07,0.44,kg,6,1,6,summer,0
ITM007,Tomatoes,Produce,HH009,2026-06-08,0.41,kg,0,0,6,summer,0
ITM007,Tomatoes,Produce,HH009,2026-06-10,0.45,kg,2,0,6,summer,0
ITM007,Tomatoes,Produce,HH009,2026-06-12,0.42,kg,4,0,6,summer,0
ITM007,Tomatoes,Produce,HH009,2026-06-13,0.79,kg,5,1,6,summer,0
ITM007,Tomatoes,Produce,HH009,2026-06-21,0.56,kg,6,1,6,summer,0
ITM007,Tomatoes,Produce,HH010,2026-01-01,0.26,kg,3,0,1,winter,1
ITM007,Tomatoes,Produce,HH010,2026-01-06,0.22,kg,1,0,1,winter,0
ITM007,Tomatoes,Produce,HH010,2026-01-07,0.24,kg,2,0,1,winter,0
ITM007,Tomatoes,Produce,HH010,2026-01-08,0.26,kg,3,0,1,winter,0
ITM007,Tomatoes,Produce,HH010,2026-01-12,0.28,kg,0,0,1,winter,0
ITM007,Tomatoes,Produce,HH010,2026-01-18,0.37,kg,6,1,1,winter,0
ITM007,Tomatoes,Produce,HH010,2026-01-20,0.16,kg,1,0,1,winter,0
ITM007,Tomatoes,Produce,HH010,2026-01-29,0.28,kg,3,0,1,winter,0
ITM007,Tomatoes,Produce,HH010,2026-01-30,0.22,kg,4,0,1,winter,0
ITM007,Tomatoes,Produce,HH010,2026-02-07,0.33,kg,5,1,2,winter,0
ITM007,Tomatoes,Produce,HH010,2026-02-12,0.23,kg,3,0,2,winter,0
ITM007,Tomatoes,Produce,HH010,2026-02-14,0.39,kg,5,1,2,winter,0
ITM007,Tomatoes,Produce,HH010,2026-02-15,0.31,kg,6,1,2,winter,0
ITM007,Tomatoes,Produce,HH010,2026-02-16,0.29,kg,0,0,2,winter,0
ITM007,Tomatoes,Produce,HH010,2026-02-20,0.28,kg,4,0,2,winter,0
ITM007,Tomatoes,Produce,HH010,2026-02-22,0.48,kg,6,1,2,winter,0
ITM007,Tomatoes,Produce,HH010,2026-03-13,0.22,kg,4,0,3,spring,0
ITM007,Tomatoes,Produce,HH010,2026-03-14,0.47,kg,5,1,3,spring,0
ITM007,Tomatoes,Produce,HH010,2026-03-27,0.2,kg,4,0,3,spring,0
ITM007,Tomatoes,Produce,HH010,2026-03-28,0.28,kg,5,1,3,spring,0
ITM007,Tomatoes,Produce,HH010,2026-04-01,0.29,kg,2,0,4,spring,0
ITM007,Tomatoes,Produce,HH010,2026-04-02,0.27,kg,3,0,4,spring,0
ITM007,Tomatoes,Produce,HH010,2026-04-03,0.26,kg,4,0,4,spring,0
ITM007,Tomatoes,Produce,HH010,2026-04-10,0.21,kg,4,0,4,spring,0
ITM007,Tomatoes,Produce,HH010,2026-04-18,0.25,kg,5,1,4,spring,0
ITM007,Tomatoes,Produce,HH010,2026-04-20,0.22,kg,0,0,4,spring,0
ITM007,Tomatoes,Produce,HH010,2026-04-23,0.15,kg,3,0,4,spring,0
ITM007,Tomatoes,Produce,HH010,2026-04-24,0.25,kg,4,0,4,spring,0
ITM007,Tomatoes,Produce,HH010,2026-05-05,0.28,kg,1,0,5,spring,0
ITM007,Tomatoes,Produce,HH010,2026-05-06,0.32,kg,2,0,5,spring,0
ITM007,Tomatoes,Produce,HH010,2026-05-08,0.3,kg,4,0,5,spring,0
ITM007,Tomatoes,Produce,HH010,2026-05-09,0.3,kg,5,1,5,spring,0
ITM007,Tomatoes,Produce,HH010,2026-05-12,0.25,kg,1,0,5,spring,0
ITM007,Tomatoes,Produce,HH010,2026-05-15,0.28,kg,4,0,5,spring,0
ITM007,Tomatoes,Produce,HH010,2026-05-18,0.21,kg,0,0,5,spring,0
ITM007,Tomatoes,Produce,HH010,2026-05-19,0.27,kg,1,0,5,spring,0
ITM007,Tomatoes,Produce,HH010,2026-05-21,0.25,kg,3,0,5,spring,0
ITM007,Tomatoes,Produce,HH010,2026-05-24,0.31,kg,6,1,5,spring,0
ITM007,Tomatoes,Produce,HH010,2026-05-30,0.37,kg,5,1,5,spring,0
ITM007,Tomatoes,Produce,HH010,2026-05-31,0.39,kg,6,1,5,spring,0
ITM007,Tomatoes,Produce,HH010,2026-06-01,0.23,kg,0,0,6,summer,0
ITM007,Tomatoes,Produce,HH010,2026-06-04,0.24,kg,3,0,6,summer,0
ITM007,Tomatoes,Produce,HH010,2026-06-05,0.26,kg,4,0,6,summer,0
ITM007,Tomatoes,Produce,HH010,2026-06-11,0.28,kg,3,0,6,summer,0
ITM007,Tomatoes,Produce,HH010,2026-06-13,0.46,kg,5,1,6,summer,0
ITM007,Tomatoes,Produce,HH010,2026-06-14,0.47,kg,6,1,6,summer,0
ITM007,Tomatoes,Produce,HH010,2026-06-17,0.25,kg,2,0,6,summer,0
ITM007,Tomatoes,Produce,HH010,2026-06-18,0.27,kg,3,0,6,summer,0
ITM007,Tomatoes,Produce,HH010,2026-06-28,0.32,kg,6,1,6,summer,0
ITM007,Tomatoes,Produce,HH011,2026-01-05,0.29,kg,0,0,1,winter,0
ITM007,Tomatoes,Produce,HH011,2026-01-18,0.34,kg,6,1,1,winter,0
ITM007,Tomatoes,Produce,HH011,2026-01-19,0.32,kg,0,0,1,winter,0
ITM007,Tomatoes,Produce,HH011,2026-01-20,0.28,kg,1,0,1,winter,0
ITM007,Tomatoes,Produce,HH011,2026-01-23,0.22,kg,4,0,1,winter,0
ITM007,Tomatoes,Produce,HH011,2026-01-25,0.41,kg,6,1,1,winter,0
ITM007,Tomatoes,Produce,HH011,2026-01-29,0.25,kg,3,0,1,winter,0
ITM007,Tomatoes,Produce,HH011,2026-01-30,0.3,kg,4,0,1,winter,0
ITM007,Tomatoes,Produce,HH011,2026-01-31,0.46,kg,5,1,1,winter,0
ITM007,Tomatoes,Produce,HH011,2026-02-03,0.31,kg,1,0,2,winter,0
ITM007,Tomatoes,Produce,HH011,2026-02-04,0.24,kg,2,0,2,winter,0
ITM007,Tomatoes,Produce,HH011,2026-02-05,0.3,kg,3,0,2,winter,0
ITM007,Tomatoes,Produce,HH011,2026-02-07,0.49,kg,5,1,2,winter,0
ITM007,Tomatoes,Produce,HH011,2026-02-10,0.25,kg,1,0,2,winter,0
ITM007,Tomatoes,Produce,HH011,2026-02-13,0.37,kg,4,0,2,winter,0
ITM007,Tomatoes,Produce,HH011,2026-03-05,0.31,kg,3,0,3,spring,0
ITM007,Tomatoes,Produce,HH011,2026-03-10,0.34,kg,1,0,3,spring,0
ITM007,Tomatoes,Produce,HH011,2026-03-14,0.44,kg,5,1,3,spring,0
ITM007,Tomatoes,Produce,HH011,2026-03-15,0.51,kg,6,1,3,spring,0
ITM007,Tomatoes,Produce,HH011,2026-03-18,0.31,kg,2,0,3,spring,0
ITM007,Tomatoes,Produce,HH011,2026-03-26,0.34,kg,3,0,3,spring,0
ITM007,Tomatoes,Produce,HH011,2026-03-27,0.29,kg,4,0,3,spring,0
ITM007,Tomatoes,Produce,HH011,2026-03-29,0.52,kg,6,1,3,spring,0
ITM007,Tomatoes,Produce,HH011,2026-04-02,0.3,kg,3,0,4,spring,0
ITM007,Tomatoes,Produce,HH011,2026-04-04,0.38,kg,5,1,4,spring,0
ITM007,Tomatoes,Produce,HH011,2026-04-07,0.38,kg,1,0,4,spring,0
ITM007,Tomatoes,Produce,HH011,2026-04-14,0.37,kg,1,0,4,spring,1
ITM007,Tomatoes,Produce,HH011,2026-04-15,0.23,kg,2,0,4,spring,0
ITM007,Tomatoes,Produce,HH011,2026-04-19,0.32,kg,6,1,4,spring,0
ITM007,Tomatoes,Produce,HH011,2026-04-22,0.28,kg,2,0,4,spring,0
ITM007,Tomatoes,Produce,HH011,2026-04-23,0.29,kg,3,0,4,spring,0
ITM007,Tomatoes,Produce,HH011,2026-04-26,0.39,kg,6,1,4,spring,0
ITM007,Tomatoes,Produce,HH011,2026-05-01,0.46,kg,4,0,5,spring,1
ITM007,Tomatoes,Produce,HH011,2026-05-03,0.5,kg,6,1,5,spring,0
ITM007,Tomatoes,Produce,HH011,2026-05-04,0.32,kg,0,0,5,spring,0
ITM007,Tomatoes,Produce,HH011,2026-05-11,0.27,kg,0,0,5,spring,0
ITM007,Tomatoes,Produce,HH011,2026-05-15,0.28,kg,4,0,5,spring,0
ITM007,Tomatoes,Produce,HH011,2026-05-16,0.35,kg,5,1,5,spring,0
ITM007,Tomatoes,Produce,HH011,2026-05-17,0.48,kg,6,1,5,spring,0
ITM007,Tomatoes,Produce,HH011,2026-05-28,0.26,kg,3,0,5,spring,0
ITM007,Tomatoes,Produce,HH011,2026-05-29,0.35,kg,4,0,5,spring,0
ITM007,Tomatoes,Produce,HH011,2026-06-02,0.37,kg,1,0,6,summer,0
ITM007,Tomatoes,Produce,HH011,2026-06-05,0.26,kg,4,0,6,summer,0
ITM007,Tomatoes,Produce,HH011,2026-06-12,0.26,kg,4,0,6,summer,0
ITM007,Tomatoes,Produce,HH011,2026-06-13,0.42,kg,5,1,6,summer,0
ITM007,Tomatoes,Produce,HH011,2026-06-16,0.25,kg,1,0,6,summer,0
ITM007,Tomatoes,Produce,HH011,2026-06-18,0.32,kg,3,0,6,summer,0
ITM007,Tomatoes,Produce,HH011,2026-06-26,0.3,kg,4,0,6,summer,0
ITM007,Tomatoes,Produce,HH011,2026-06-28,0.45,kg,6,1,6,summer,0
ITM007,Tomatoes,Produce,HH012,2026-01-04,0.56,kg,6,1,1,winter,0
ITM007,Tomatoes,Produce,HH012,2026-01-08,0.43,kg,3,0,1,winter,0
ITM007,Tomatoes,Produce,HH012,2026-01-09,0.3,kg,4,0,1,winter,0
ITM007,Tomatoes,Produce,HH012,2026-01-13,0.31,kg,1,0,1,winter,0
ITM007,Tomatoes,Produce,HH012,2026-01-14,0.36,kg,2,0,1,winter,0
ITM007,Tomatoes,Produce,HH012,2026-01-19,0.29,kg,0,0,1,winter,0
ITM007,Tomatoes,Produce,HH012,2026-01-24,0.5,kg,5,1,1,winter,0
ITM007,Tomatoes,Produce,HH012,2026-01-25,0.52,kg,6,1,1,winter,0
ITM007,Tomatoes,Produce,HH012,2026-02-01,0.38,kg,6,1,2,winter,0
ITM007,Tomatoes,Produce,HH012,2026-02-04,0.24,kg,2,0,2,winter,0
ITM007,Tomatoes,Produce,HH012,2026-02-06,0.34,kg,4,0,2,winter,0
ITM007,Tomatoes,Produce,HH012,2026-02-08,0.45,kg,6,1,2,winter,0
ITM007,Tomatoes,Produce,HH012,2026-02-11,0.26,kg,2,0,2,winter,0
ITM007,Tomatoes,Produce,HH012,2026-02-12,0.44,kg,3,0,2,winter,0
ITM007,Tomatoes,Produce,HH012,2026-02-17,0.4,kg,1,0,2,winter,0
ITM007,Tomatoes,Produce,HH012,2026-02-21,0.57,kg,5,1,2,winter,0
ITM007,Tomatoes,Produce,HH012,2026-02-22,0.48,kg,6,1,2,winter,0
ITM007,Tomatoes,Produce,HH012,2026-02-25,0.31,kg,2,0,2,winter,0
ITM007,Tomatoes,Produce,HH012,2026-02-26,0.41,kg,3,0,2,winter,0
ITM007,Tomatoes,Produce,HH012,2026-02-27,0.35,kg,4,0,2,winter,0
ITM007,Tomatoes,Produce,HH012,2026-02-28,0.51,kg,5,1,2,winter,0
ITM007,Tomatoes,Produce,HH012,2026-03-03,0.23,kg,1,0,3,spring,0
ITM007,Tomatoes,Produce,HH012,2026-03-10,0.34,kg,1,0,3,spring,0
ITM007,Tomatoes,Produce,HH012,2026-03-12,0.37,kg,3,0,3,spring,0
ITM007,Tomatoes,Produce,HH012,2026-03-15,0.46,kg,6,1,3,spring,0
ITM007,Tomatoes,Produce,HH012,2026-03-18,0.27,kg,2,0,3,spring,0
ITM007,Tomatoes,Produce,HH012,2026-03-21,0.39,kg,5,1,3,spring,0
ITM007,Tomatoes,Produce,HH012,2026-03-25,0.39,kg,2,0,3,spring,0
ITM007,Tomatoes,Produce,HH012,2026-03-30,0.36,kg,0,0,3,spring,0
ITM007,Tomatoes,Produce,HH012,2026-04-01,0.35,kg,2,0,4,spring,0
ITM007,Tomatoes,Produce,HH012,2026-04-03,0.35,kg,4,0,4,spring,0
ITM007,Tomatoes,Produce,HH012,2026-04-10,0.4,kg,4,0,4,spring,0
ITM007,Tomatoes,Produce,HH012,2026-04-12,0.48,kg,6,1,4,spring,0
ITM007,Tomatoes,Produce,HH012,2026-04-15,0.36,kg,2,0,4,spring,0
ITM007,Tomatoes,Produce,HH012,2026-04-16,0.33,kg,3,0,4,spring,0
ITM007,Tomatoes,Produce,HH012,2026-04-17,0.37,kg,4,0,4,spring,0
ITM007,Tomatoes,Produce,HH012,2026-04-20,0.36,kg,0,0,4,spring,0
ITM007,Tomatoes,Produce,HH012,2026-04-22,0.41,kg,2,0,4,spring,0
ITM007,Tomatoes,Produce,HH012,2026-04-27,0.32,kg,0,0,4,spring,0
ITM007,Tomatoes,Produce,HH012,2026-04-28,0.4,kg,1,0,4,spring,0
ITM007,Tomatoes,Produce,HH012,2026-05-02,0.52,kg,5,1,5,spring,0
ITM007,Tomatoes,Produce,HH012,2026-05-04,0.33,kg,0,0,5,spring,0
ITM007,Tomatoes,Produce,HH012,2026-05-11,0.33,kg,0,0,5,spring,0
ITM007,Tomatoes,Produce,HH012,2026-05-12,0.33,kg,1,0,5,spring,0
ITM007,Tomatoes,Produce,HH012,2026-05-13,0.39,kg,2,0,5,spring,0
ITM007,Tomatoes,Produce,HH012,2026-05-15,0.33,kg,4,0,5,spring,0
ITM007,Tomatoes,Produce,HH012,2026-05-18,0.36,kg,0,0,5,spring,0
ITM007,Tomatoes,Produce,HH012,2026-05-22,0.4,kg,4,0,5,spring,0
ITM007,Tomatoes,Produce,HH012,2026-05-28,0.26,kg,3,0,5,spring,0
ITM007,Tomatoes,Produce,HH012,2026-06-05,0.31,kg,4,0,6,summer,0
ITM007,Tomatoes,Produce,HH012,2026-06-06,0.8,kg,5,1,6,summer,1
ITM007,Tomatoes,Produce,HH012,2026-06-12,0.36,kg,4,0,6,summer,0
ITM007,Tomatoes,Produce,HH012,2026-06-24,0.27,kg,2,0,6,summer,0
ITM007,Tomatoes,Produce,HH012,2026-06-29,0.34,kg,0,0,6,summer,0
ITM007,Tomatoes,Produce,HH013,2026-01-04,0.5,kg,6,1,1,winter,0
ITM007,Tomatoes,Produce,HH013,2026-01-05,0.39,kg,0,0,1,winter,0
ITM007,Tomatoes,Produce,HH013,2026-01-06,0.34,kg,1,0,1,winter,0
ITM007,Tomatoes,Produce,HH013,2026-01-13,0.59,kg,1,0,1,winter,0
ITM007,Tomatoes,Produce,HH013,2026-01-14,0.33,kg,2,0,1,winter,0
ITM007,Tomatoes,Produce,HH013,2026-01-16,0.4,kg,4,0,1,winter,0
ITM007,Tomatoes,Produce,HH013,2026-01-22,0.35,kg,3,0,1,winter,0
ITM007,Tomatoes,Produce,HH013,2026-01-26,0.55,kg,0,0,1,winter,1
ITM007,Tomatoes,Produce,HH013,2026-01-27,0.35,kg,1,0,1,winter,0
ITM007,Tomatoes,Produce,HH013,2026-02-01,0.54,kg,6,1,2,winter,0
ITM007,Tomatoes,Produce,HH013,2026-02-05,0.3,kg,3,0,2,winter,0
ITM007,Tomatoes,Produce,HH013,2026-02-11,0.38,kg,2,0,2,winter,0
ITM007,Tomatoes,Produce,HH013,2026-02-25,0.39,kg,2,0,2,winter,0
ITM007,Tomatoes,Produce,HH013,2026-02-28,0.62,kg,5,1,2,winter,0
ITM007,Tomatoes,Produce,HH013,2026-03-08,0.71,kg,6,1,3,spring,1
ITM007,Tomatoes,Produce,HH013,2026-03-11,0.39,kg,2,0,3,spring,0
ITM007,Tomatoes,Produce,HH013,2026-03-13,0.39,kg,4,0,3,spring,0
ITM007,Tomatoes,Produce,HH013,2026-03-21,0.72,kg,5,1,3,spring,0
ITM007,Tomatoes,Produce,HH013,2026-03-25,0.35,kg,2,0,3,spring,0
ITM007,Tomatoes,Produce,HH013,2026-03-27,0.36,kg,4,0,3,spring,0
ITM007,Tomatoes,Produce,HH013,2026-03-30,0.53,kg,0,0,3,spring,0
ITM007,Tomatoes,Produce,HH013,2026-04-01,0.44,kg,2,0,4,spring,0
ITM007,Tomatoes,Produce,HH013,2026-04-02,0.34,kg,3,0,4,spring,0
ITM007,Tomatoes,Produce,HH013,2026-04-04,0.65,kg,5,1,4,spring,0
ITM007,Tomatoes,Produce,HH013,2026-04-07,0.32,kg,1,0,4,spring,0
ITM007,Tomatoes,Produce,HH013,2026-04-10,0.33,kg,4,0,4,spring,0
ITM007,Tomatoes,Produce,HH013,2026-04-16,0.39,kg,3,0,4,spring,0
ITM007,Tomatoes,Produce,HH013,2026-04-17,0.44,kg,4,0,4,spring,0
ITM007,Tomatoes,Produce,HH013,2026-04-18,0.74,kg,5,1,4,spring,0
ITM007,Tomatoes,Produce,HH013,2026-04-20,0.34,kg,0,0,4,spring,0
ITM007,Tomatoes,Produce,HH013,2026-04-28,0.46,kg,1,0,4,spring,0
ITM007,Tomatoes,Produce,HH013,2026-05-01,0.71,kg,4,0,5,spring,1
ITM007,Tomatoes,Produce,HH013,2026-05-07,0.33,kg,3,0,5,spring,0
ITM007,Tomatoes,Produce,HH013,2026-05-09,0.44,kg,5,1,5,spring,0
ITM007,Tomatoes,Produce,HH013,2026-05-15,0.42,kg,4,0,5,spring,0
ITM007,Tomatoes,Produce,HH013,2026-05-16,0.59,kg,5,1,5,spring,0
ITM007,Tomatoes,Produce,HH013,2026-05-19,0.45,kg,1,0,5,spring,0
ITM007,Tomatoes,Produce,HH013,2026-05-20,0.33,kg,2,0,5,spring,0
ITM007,Tomatoes,Produce,HH013,2026-05-25,0.31,kg,0,0,5,spring,0
ITM007,Tomatoes,Produce,HH013,2026-05-30,0.65,kg,5,1,5,spring,0
ITM007,Tomatoes,Produce,HH013,2026-06-01,0.43,kg,0,0,6,summer,0
ITM007,Tomatoes,Produce,HH013,2026-06-08,0.44,kg,0,0,6,summer,0
ITM007,Tomatoes,Produce,HH013,2026-06-10,0.47,kg,2,0,6,summer,0
ITM007,Tomatoes,Produce,HH013,2026-06-12,0.3,kg,4,0,6,summer,0
ITM007,Tomatoes,Produce,HH013,2026-06-14,0.45,kg,6,1,6,summer,0
ITM007,Tomatoes,Produce,HH013,2026-06-15,0.37,kg,0,0,6,summer,0
ITM007,Tomatoes,Produce,HH013,2026-06-16,0.43,kg,1,0,6,summer,0
ITM007,Tomatoes,Produce,HH013,2026-06-22,0.47,kg,0,0,6,summer,0
ITM007,Tomatoes,Produce,HH013,2026-06-25,0.4,kg,3,0,6,summer,0
ITM007,Tomatoes,Produce,HH013,2026-06-29,0.35,kg,0,0,6,summer,0
ITM007,Tomatoes,Produce,HH014,2026-01-01,0.57,kg,3,0,1,winter,1
ITM007,Tomatoes,Produce,HH014,2026-01-03,0.48,kg,5,1,1,winter,0
ITM007,Tomatoes,Produce,HH014,2026-01-15,0.48,kg,3,0,1,winter,0
ITM007,Tomatoes,Produce,HH014,2026-01-16,0.53,kg,4,0,1,winter,0
ITM007,Tomatoes,Produce,HH014,2026-01-17,0.67,kg,5,1,1,winter,0
ITM007,Tomatoes,Produce,HH014,2026-01-20,0.52,kg,1,0,1,winter,0
ITM007,Tomatoes,Produce,HH014,2026-01-22,0.43,kg,3,0,1,winter,0
ITM007,Tomatoes,Produce,HH014,2026-01-25,0.47,kg,6,1,1,winter,0
ITM007,Tomatoes,Produce,HH014,2026-01-29,0.36,kg,3,0,1,winter,0
ITM007,Tomatoes,Produce,HH014,2026-02-05,0.53,kg,3,0,2,winter,0
ITM007,Tomatoes,Produce,HH014,2026-02-09,0.37,kg,0,0,2,winter,0
ITM007,Tomatoes,Produce,HH014,2026-02-12,0.48,kg,3,0,2,winter,0
ITM007,Tomatoes,Produce,HH014,2026-02-13,0.49,kg,4,0,2,winter,0
ITM007,Tomatoes,Produce,HH014,2026-02-14,0.59,kg,5,1,2,winter,0
ITM007,Tomatoes,Produce,HH014,2026-02-19,0.59,kg,3,0,2,winter,0
ITM007,Tomatoes,Produce,HH014,2026-02-23,0.49,kg,0,0,2,winter,0
ITM007,Tomatoes,Produce,HH014,2026-02-25,0.45,kg,2,0,2,winter,0
ITM007,Tomatoes,Produce,HH014,2026-02-27,0.41,kg,4,0,2,winter,0
ITM007,Tomatoes,Produce,HH014,2026-03-01,0.61,kg,6,1,3,spring,0
ITM007,Tomatoes,Produce,HH014,2026-03-02,0.44,kg,0,0,3,spring,0
ITM007,Tomatoes,Produce,HH014,2026-03-04,0.36,kg,2,0,3,spring,0
ITM007,Tomatoes,Produce,HH014,2026-03-10,0.53,kg,1,0,3,spring,0
ITM007,Tomatoes,Produce,HH014,2026-03-13,0.39,kg,4,0,3,spring,0
ITM007,Tomatoes,Produce,HH014,2026-03-17,0.49,kg,1,0,3,spring,0
ITM007,Tomatoes,Produce,HH014,2026-03-18,0.32,kg,2,0,3,spring,0
ITM007,Tomatoes,Produce,HH014,2026-03-22,0.63,kg,6,1,3,spring,0
ITM007,Tomatoes,Produce,HH014,2026-03-23,0.46,kg,0,0,3,spring,0
ITM007,Tomatoes,Produce,HH014,2026-03-27,0.41,kg,4,0,3,spring,0
ITM007,Tomatoes,Produce,HH014,2026-03-28,0.61,kg,5,1,3,spring,0
ITM007,Tomatoes,Produce,HH014,2026-03-30,0.46,kg,0,0,3,spring,0
ITM007,Tomatoes,Produce,HH014,2026-04-03,0.39,kg,4,0,4,spring,0
ITM007,Tomatoes,Produce,HH014,2026-04-05,0.71,kg,6,1,4,spring,0
ITM007,Tomatoes,Produce,HH014,2026-04-07,0.49,kg,1,0,4,spring,0
ITM007,Tomatoes,Produce,HH014,2026-04-08,0.29,kg,2,0,4,spring,0
ITM007,Tomatoes,Produce,HH014,2026-04-09,0.43,kg,3,0,4,spring,0
ITM007,Tomatoes,Produce,HH014,2026-04-13,0.52,kg,0,0,4,spring,0
ITM007,Tomatoes,Produce,HH014,2026-04-19,0.73,kg,6,1,4,spring,0
ITM007,Tomatoes,Produce,HH014,2026-04-21,0.51,kg,1,0,4,spring,0
ITM007,Tomatoes,Produce,HH014,2026-04-27,0.45,kg,0,0,4,spring,0
ITM007,Tomatoes,Produce,HH014,2026-04-28,0.49,kg,1,0,4,spring,0
ITM007,Tomatoes,Produce,HH014,2026-05-02,0.59,kg,5,1,5,spring,0
ITM007,Tomatoes,Produce,HH014,2026-05-09,0.64,kg,5,1,5,spring,0
ITM007,Tomatoes,Produce,HH014,2026-05-13,0.44,kg,2,0,5,spring,0
ITM007,Tomatoes,Produce,HH014,2026-05-14,0.52,kg,3,0,5,spring,0
ITM007,Tomatoes,Produce,HH014,2026-05-17,0.85,kg,6,1,5,spring,0
ITM007,Tomatoes,Produce,HH014,2026-05-18,0.52,kg,0,0,5,spring,0
ITM007,Tomatoes,Produce,HH014,2026-05-20,0.47,kg,2,0,5,spring,0
ITM007,Tomatoes,Produce,HH014,2026-05-24,0.78,kg,6,1,5,spring,0
ITM007,Tomatoes,Produce,HH014,2026-05-25,0.51,kg,0,0,5,spring,0
ITM007,Tomatoes,Produce,HH014,2026-05-30,0.66,kg,5,1,5,spring,0
ITM007,Tomatoes,Produce,HH014,2026-06-16,0.39,kg,1,0,6,summer,0
ITM007,Tomatoes,Produce,HH014,2026-06-19,0.4,kg,4,0,6,summer,0
ITM007,Tomatoes,Produce,HH014,2026-06-21,0.71,kg,6,1,6,summer,0
ITM007,Tomatoes,Produce,HH015,2026-01-03,0.38,kg,5,1,1,winter,0
ITM007,Tomatoes,Produce,HH015,2026-01-04,0.31,kg,6,1,1,winter,0
ITM007,Tomatoes,Produce,HH015,2026-01-05,0.21,kg,0,0,1,winter,0
ITM007,Tomatoes,Produce,HH015,2026-01-06,0.28,kg,1,0,1,winter,0
ITM007,Tomatoes,Produce,HH015,2026-01-07,0.17,kg,2,0,1,winter,0
ITM007,Tomatoes,Produce,HH015,2026-01-09,0.29,kg,4,0,1,winter,0
ITM007,Tomatoes,Produce,HH015,2026-01-12,0.22,kg,0,0,1,winter,0
ITM007,Tomatoes,Produce,HH015,2026-01-16,0.24,kg,4,0,1,winter,0
ITM007,Tomatoes,Produce,HH015,2026-01-19,0.22,kg,0,0,1,winter,0
ITM007,Tomatoes,Produce,HH015,2026-01-22,0.26,kg,3,0,1,winter,0
ITM007,Tomatoes,Produce,HH015,2026-01-24,0.29,kg,5,1,1,winter,0
ITM007,Tomatoes,Produce,HH015,2026-01-30,0.24,kg,4,0,1,winter,0
ITM007,Tomatoes,Produce,HH015,2026-01-31,0.5,kg,5,1,1,winter,0
ITM007,Tomatoes,Produce,HH015,2026-02-04,0.24,kg,2,0,2,winter,0
ITM007,Tomatoes,Produce,HH015,2026-02-05,0.23,kg,3,0,2,winter,0
ITM007,Tomatoes,Produce,HH015,2026-02-09,0.28,kg,0,0,2,winter,0
ITM007,Tomatoes,Produce,HH015,2026-02-20,0.23,kg,4,0,2,winter,0
ITM007,Tomatoes,Produce,HH015,2026-02-28,0.36,kg,5,1,2,winter,0
ITM007,Tomatoes,Produce,HH015,2026-03-03,0.25,kg,1,0,3,spring,0
ITM007,Tomatoes,Produce,HH015,2026-03-06,0.21,kg,4,0,3,spring,0
ITM007,Tomatoes,Produce,HH015,2026-03-10,0.23,kg,1,0,3,spring,0
ITM007,Tomatoes,Produce,HH015,2026-03-12,0.22,kg,3,0,3,spring,0
ITM007,Tomatoes,Produce,HH015,2026-03-19,0.26,kg,3,0,3,spring,0
ITM007,Tomatoes,Produce,HH015,2026-03-31,0.21,kg,1,0,3,spring,0
ITM007,Tomatoes,Produce,HH015,2026-04-03,0.22,kg,4,0,4,spring,0
ITM007,Tomatoes,Produce,HH015,2026-04-04,0.38,kg,5,1,4,spring,0
ITM007,Tomatoes,Produce,HH015,2026-04-07,0.22,kg,1,0,4,spring,0
ITM007,Tomatoes,Produce,HH015,2026-04-09,0.2,kg,3,0,4,spring,0
ITM007,Tomatoes,Produce,HH015,2026-04-11,0.34,kg,5,1,4,spring,0
ITM007,Tomatoes,Produce,HH015,2026-04-22,0.29,kg,2,0,4,spring,0
ITM007,Tomatoes,Produce,HH015,2026-04-27,0.31,kg,0,0,4,spring,0
ITM007,Tomatoes,Produce,HH015,2026-05-02,0.36,kg,5,1,5,spring,0
ITM007,Tomatoes,Produce,HH015,2026-05-03,0.34,kg,6,1,5,spring,0
ITM007,Tomatoes,Produce,HH015,2026-05-05,0.26,kg,1,0,5,spring,0
ITM007,Tomatoes,Produce,HH015,2026-05-11,0.27,kg,0,0,5,spring,0
ITM007,Tomatoes,Produce,HH015,2026-05-12,0.26,kg,1,0,5,spring,0
ITM007,Tomatoes,Produce,HH015,2026-05-19,0.25,kg,1,0,5,spring,0
ITM007,Tomatoes,Produce,HH015,2026-05-21,0.22,kg,3,0,5,spring,0
ITM007,Tomatoes,Produce,HH015,2026-05-22,0.28,kg,4,0,5,spring,0
ITM007,Tomatoes,Produce,HH015,2026-05-23,0.46,kg,5,1,5,spring,0
ITM007,Tomatoes,Produce,HH015,2026-05-31,0.37,kg,6,1,5,spring,0
ITM007,Tomatoes,Produce,HH015,2026-06-01,0.23,kg,0,0,6,summer,0
ITM007,Tomatoes,Produce,HH015,2026-06-02,0.3,kg,1,0,6,summer,0
ITM007,Tomatoes,Produce,HH015,2026-06-13,0.38,kg,5,1,6,summer,0
ITM007,Tomatoes,Produce,HH015,2026-06-16,0.27,kg,1,0,6,summer,0
ITM007,Tomatoes,Produce,HH015,2026-06-20,0.36,kg,5,1,6,summer,0
ITM007,Tomatoes,Produce,HH015,2026-06-21,0.29,kg,6,1,6,summer,0
ITM007,Tomatoes,Produce,HH015,2026-06-23,0.19,kg,1,0,6,summer,0
ITM007,Tomatoes,Produce,HH015,2026-06-28,0.32,kg,6,1,6,summer,0
ITM007,Tomatoes,Produce,HH015,2026-06-29,0.22,kg,0,0,6,summer,0
ITM007,Tomatoes,Produce,HH016,2026-01-03,0.6,kg,5,1,1,winter,0
ITM007,Tomatoes,Produce,HH016,2026-01-06,0.31,kg,1,0,1,winter,0
ITM007,Tomatoes,Produce,HH016,2026-01-07,0.32,kg,2,0,1,winter,0
ITM007,Tomatoes,Produce,HH016,2026-01-09,0.3,kg,4,0,1,winter,0
ITM007,Tomatoes,Produce,HH016,2026-01-19,0.27,kg,0,0,1,winter,0
ITM007,Tomatoes,Produce,HH016,2026-01-21,0.28,kg,2,0,1,winter,0
ITM007,Tomatoes,Produce,HH016,2026-01-23,0.32,kg,4,0,1,winter,0
ITM007,Tomatoes,Produce,HH016,2026-01-26,0.53,kg,0,0,1,winter,1
ITM007,Tomatoes,Produce,HH016,2026-01-27,0.32,kg,1,0,1,winter,0
ITM007,Tomatoes,Produce,HH016,2026-01-30,0.37,kg,4,0,1,winter,0
ITM007,Tomatoes,Produce,HH016,2026-02-01,0.3,kg,6,1,2,winter,0
ITM007,Tomatoes,Produce,HH016,2026-02-11,0.35,kg,2,0,2,winter,0
ITM007,Tomatoes,Produce,HH016,2026-02-16,0.22,kg,0,0,2,winter,0
ITM007,Tomatoes,Produce,HH016,2026-02-19,0.29,kg,3,0,2,winter,0
ITM007,Tomatoes,Produce,HH016,2026-02-23,0.4,kg,0,0,2,winter,0
ITM007,Tomatoes,Produce,HH016,2026-02-26,0.29,kg,3,0,2,winter,0
ITM007,Tomatoes,Produce,HH016,2026-03-02,0.33,kg,0,0,3,spring,0
ITM007,Tomatoes,Produce,HH016,2026-03-05,0.36,kg,3,0,3,spring,0
ITM007,Tomatoes,Produce,HH016,2026-03-17,0.29,kg,1,0,3,spring,0
ITM007,Tomatoes,Produce,HH016,2026-03-23,0.31,kg,0,0,3,spring,0
ITM007,Tomatoes,Produce,HH016,2026-03-25,0.3,kg,2,0,3,spring,0
ITM007,Tomatoes,Produce,HH016,2026-03-26,0.35,kg,3,0,3,spring,0
ITM007,Tomatoes,Produce,HH016,2026-03-28,0.37,kg,5,1,3,spring,0
ITM007,Tomatoes,Produce,HH016,2026-03-30,0.32,kg,0,0,3,spring,0
ITM007,Tomatoes,Produce,HH016,2026-04-01,0.37,kg,2,0,4,spring,0
ITM007,Tomatoes,Produce,HH016,2026-04-05,0.42,kg,6,1,4,spring,0
ITM007,Tomatoes,Produce,HH016,2026-04-06,0.34,kg,0,0,4,spring,0
ITM007,Tomatoes,Produce,HH016,2026-04-07,0.31,kg,1,0,4,spring,0
ITM007,Tomatoes,Produce,HH016,2026-04-15,0.29,kg,2,0,4,spring,0
ITM007,Tomatoes,Produce,HH016,2026-04-20,0.25,kg,0,0,4,spring,0
ITM007,Tomatoes,Produce,HH016,2026-05-15,0.27,kg,4,0,5,spring,0
ITM007,Tomatoes,Produce,HH016,2026-05-27,0.24,kg,2,0,5,spring,0
ITM007,Tomatoes,Produce,HH016,2026-06-04,0.31,kg,3,0,6,summer,0
ITM007,Tomatoes,Produce,HH016,2026-06-07,0.42,kg,6,1,6,summer,0
ITM007,Tomatoes,Produce,HH016,2026-06-08,0.31,kg,0,0,6,summer,0
ITM007,Tomatoes,Produce,HH016,2026-06-13,0.47,kg,5,1,6,summer,0
ITM007,Tomatoes,Produce,HH016,2026-06-14,0.31,kg,6,1,6,summer,0
ITM007,Tomatoes,Produce,HH016,2026-06-20,0.37,kg,5,1,6,summer,0
ITM007,Tomatoes,Produce,HH016,2026-06-22,0.27,kg,0,0,6,summer,0
ITM007,Tomatoes,Produce,HH016,2026-06-24,0.3,kg,2,0,6,summer,0
ITM007,Tomatoes,Produce,HH016,2026-06-26,0.28,kg,4,0,6,summer,0
ITM007,Tomatoes,Produce,HH016,2026-06-27,0.46,kg,5,1,6,summer,0
ITM007,Tomatoes,Produce,HH016,2026-06-28,0.34,kg,6,1,6,summer,0
ITM007,Tomatoes,Produce,HH016,2026-06-29,0.3,kg,0,0,6,summer,0
ITM007,Tomatoes,Produce,HH017,2026-01-02,0.35,kg,4,0,1,winter,0
ITM007,Tomatoes,Produce,HH017,2026-01-03,0.47,kg,5,1,1,winter,0
ITM007,Tomatoes,Produce,HH017,2026-01-07,0.37,kg,2,0,1,winter,0
ITM007,Tomatoes,Produce,HH017,2026-01-10,0.44,kg,5,1,1,winter,0
ITM007,Tomatoes,Produce,HH017,2026-01-15,0.38,kg,3,0,1,winter,0
ITM007,Tomatoes,Produce,HH017,2026-01-16,0.5,kg,4,0,1,winter,0
ITM007,Tomatoes,Produce,HH017,2026-01-17,0.53,kg,5,1,1,winter,0
ITM007,Tomatoes,Produce,HH017,2026-01-20,0.45,kg,1,0,1,winter,0
ITM007,Tomatoes,Produce,HH017,2026-01-21,0.33,kg,2,0,1,winter,0
ITM007,Tomatoes,Produce,HH017,2026-02-03,0.3,kg,1,0,2,winter,0
ITM007,Tomatoes,Produce,HH017,2026-02-05,0.27,kg,3,0,2,winter,0
ITM007,Tomatoes,Produce,HH017,2026-02-10,0.31,kg,1,0,2,winter,0
ITM007,Tomatoes,Produce,HH017,2026-02-18,0.29,kg,2,0,2,winter,0
ITM007,Tomatoes,Produce,HH017,2026-02-21,0.5,kg,5,1,2,winter,0
ITM007,Tomatoes,Produce,HH017,2026-03-01,0.42,kg,6,1,3,spring,0
ITM007,Tomatoes,Produce,HH017,2026-03-03,0.28,kg,1,0,3,spring,0
ITM007,Tomatoes,Produce,HH017,2026-03-05,0.41,kg,3,0,3,spring,0
ITM007,Tomatoes,Produce,HH017,2026-03-06,0.35,kg,4,0,3,spring,0
ITM007,Tomatoes,Produce,HH017,2026-03-07,0.47,kg,5,1,3,spring,0
ITM007,Tomatoes,Produce,HH017,2026-03-08,0.78,kg,6,1,3,spring,1
ITM007,Tomatoes,Produce,HH017,2026-03-09,0.35,kg,0,0,3,spring,0
ITM007,Tomatoes,Produce,HH017,2026-03-10,0.42,kg,1,0,3,spring,0
ITM007,Tomatoes,Produce,HH017,2026-03-17,0.35,kg,1,0,3,spring,0
ITM007,Tomatoes,Produce,HH017,2026-03-22,0.38,kg,6,1,3,spring,0
ITM007,Tomatoes,Produce,HH017,2026-03-23,0.27,kg,0,0,3,spring,0
ITM007,Tomatoes,Produce,HH017,2026-03-25,0.33,kg,2,0,3,spring,0
ITM007,Tomatoes,Produce,HH017,2026-03-29,0.42,kg,6,1,3,spring,0
ITM007,Tomatoes,Produce,HH017,2026-04-02,0.45,kg,3,0,4,spring,0
ITM007,Tomatoes,Produce,HH017,2026-04-06,0.4,kg,0,0,4,spring,0
ITM007,Tomatoes,Produce,HH017,2026-04-08,0.4,kg,2,0,4,spring,0
ITM007,Tomatoes,Produce,HH017,2026-04-09,0.37,kg,3,0,4,spring,0
ITM007,Tomatoes,Produce,HH017,2026-04-10,0.38,kg,4,0,4,spring,0
ITM007,Tomatoes,Produce,HH017,2026-04-11,0.59,kg,5,1,4,spring,0
ITM007,Tomatoes,Produce,HH017,2026-04-12,0.53,kg,6,1,4,spring,0
ITM007,Tomatoes,Produce,HH017,2026-04-13,0.38,kg,0,0,4,spring,0
ITM007,Tomatoes,Produce,HH017,2026-04-15,0.38,kg,2,0,4,spring,0
ITM007,Tomatoes,Produce,HH017,2026-04-17,0.28,kg,4,0,4,spring,0
ITM007,Tomatoes,Produce,HH017,2026-04-20,0.38,kg,0,0,4,spring,0
ITM007,Tomatoes,Produce,HH017,2026-04-21,0.42,kg,1,0,4,spring,0
ITM007,Tomatoes,Produce,HH017,2026-04-26,0.31,kg,6,1,4,spring,0
ITM007,Tomatoes,Produce,HH017,2026-04-27,0.35,kg,0,0,4,spring,0
ITM007,Tomatoes,Produce,HH017,2026-04-28,0.34,kg,1,0,4,spring,0
ITM007,Tomatoes,Produce,HH017,2026-04-30,0.44,kg,3,0,4,spring,0
ITM007,Tomatoes,Produce,HH017,2026-05-02,0.51,kg,5,1,5,spring,0
ITM007,Tomatoes,Produce,HH017,2026-05-22,0.35,kg,4,0,5,spring,0
ITM007,Tomatoes,Produce,HH017,2026-05-23,0.46,kg,5,1,5,spring,0
ITM007,Tomatoes,Produce,HH017,2026-05-24,0.53,kg,6,1,5,spring,0
ITM007,Tomatoes,Produce,HH017,2026-06-03,0.24,kg,2,0,6,summer,0
ITM007,Tomatoes,Produce,HH017,2026-06-07,0.45,kg,6,1,6,summer,0
ITM007,Tomatoes,Produce,HH017,2026-06-14,0.62,kg,6,1,6,summer,0
ITM007,Tomatoes,Produce,HH017,2026-06-20,0.27,kg,5,1,6,summer,0
ITM007,Tomatoes,Produce,HH017,2026-06-21,0.47,kg,6,1,6,summer,0
ITM007,Tomatoes,Produce,HH017,2026-06-23,0.39,kg,1,0,6,summer,0
ITM007,Tomatoes,Produce,HH017,2026-06-27,0.48,kg,5,1,6,summer,0
ITM007,Tomatoes,Produce,HH017,2026-06-29,0.43,kg,0,0,6,summer,0
ITM007,Tomatoes,Produce,HH018,2026-01-06,0.54,kg,1,0,1,winter,0
ITM007,Tomatoes,Produce,HH018,2026-01-07,0.44,kg,2,0,1,winter,0
ITM007,Tomatoes,Produce,HH018,2026-01-10,0.64,kg,5,1,1,winter,0
ITM007,Tomatoes,Produce,HH018,2026-01-11,0.52,kg,6,1,1,winter,0
ITM007,Tomatoes,Produce,HH018,2026-01-21,0.26,kg,2,0,1,winter,0
ITM007,Tomatoes,Produce,HH018,2026-01-23,0.33,kg,4,0,1,winter,0
ITM007,Tomatoes,Produce,HH018,2026-01-26,0.69,kg,0,0,1,winter,1
ITM007,Tomatoes,Produce,HH018,2026-01-28,0.45,kg,2,0,1,winter,0
ITM007,Tomatoes,Produce,HH018,2026-01-30,0.42,kg,4,0,1,winter,0
ITM007,Tomatoes,Produce,HH018,2026-02-02,0.33,kg,0,0,2,winter,0
ITM007,Tomatoes,Produce,HH018,2026-02-03,0.32,kg,1,0,2,winter,0
ITM007,Tomatoes,Produce,HH018,2026-02-04,0.38,kg,2,0,2,winter,0
ITM007,Tomatoes,Produce,HH018,2026-02-08,0.57,kg,6,1,2,winter,0
ITM007,Tomatoes,Produce,HH018,2026-02-11,0.39,kg,2,0,2,winter,0
ITM007,Tomatoes,Produce,HH018,2026-02-13,0.32,kg,4,0,2,winter,0
ITM007,Tomatoes,Produce,HH018,2026-02-16,0.39,kg,0,0,2,winter,0
ITM007,Tomatoes,Produce,HH018,2026-02-20,0.31,kg,4,0,2,winter,0
ITM007,Tomatoes,Produce,HH018,2026-02-24,0.43,kg,1,0,2,winter,0
ITM007,Tomatoes,Produce,HH018,2026-03-06,0.48,kg,4,0,3,spring,0
ITM007,Tomatoes,Produce,HH018,2026-03-08,1.08,kg,6,1,3,spring,1
ITM007,Tomatoes,Produce,HH018,2026-03-09,0.35,kg,0,0,3,spring,0
ITM007,Tomatoes,Produce,HH018,2026-03-12,0.46,kg,3,0,3,spring,0
ITM007,Tomatoes,Produce,HH018,2026-03-17,0.33,kg,1,0,3,spring,0
ITM007,Tomatoes,Produce,HH018,2026-03-18,0.35,kg,2,0,3,spring,0
ITM007,Tomatoes,Produce,HH018,2026-03-22,0.59,kg,6,1,3,spring,0
ITM007,Tomatoes,Produce,HH018,2026-03-23,0.37,kg,0,0,3,spring,0
ITM007,Tomatoes,Produce,HH018,2026-03-24,0.45,kg,1,0,3,spring,0
ITM007,Tomatoes,Produce,HH018,2026-03-26,0.42,kg,3,0,3,spring,0
ITM007,Tomatoes,Produce,HH018,2026-03-27,0.34,kg,4,0,3,spring,0
ITM007,Tomatoes,Produce,HH018,2026-03-28,0.54,kg,5,1,3,spring,0
ITM007,Tomatoes,Produce,HH018,2026-04-04,0.63,kg,5,1,4,spring,0
ITM007,Tomatoes,Produce,HH018,2026-04-06,0.38,kg,0,0,4,spring,0
ITM007,Tomatoes,Produce,HH018,2026-04-14,0.61,kg,1,0,4,spring,1
ITM007,Tomatoes,Produce,HH018,2026-04-15,0.37,kg,2,0,4,spring,0
ITM007,Tomatoes,Produce,HH018,2026-04-19,0.48,kg,6,1,4,spring,0
ITM007,Tomatoes,Produce,HH018,2026-04-21,0.36,kg,1,0,4,spring,0
ITM007,Tomatoes,Produce,HH018,2026-04-22,0.51,kg,2,0,4,spring,0
ITM007,Tomatoes,Produce,HH018,2026-04-23,0.46,kg,3,0,4,spring,0
ITM007,Tomatoes,Produce,HH018,2026-04-28,0.53,kg,1,0,4,spring,0
ITM007,Tomatoes,Produce,HH018,2026-05-12,0.4,kg,1,0,5,spring,0
ITM007,Tomatoes,Produce,HH018,2026-05-15,0.4,kg,4,0,5,spring,0
ITM007,Tomatoes,Produce,HH018,2026-05-17,0.5,kg,6,1,5,spring,0
ITM007,Tomatoes,Produce,HH018,2026-05-21,0.4,kg,3,0,5,spring,0
ITM007,Tomatoes,Produce,HH018,2026-05-23,0.58,kg,5,1,5,spring,0
ITM007,Tomatoes,Produce,HH018,2026-05-30,0.45,kg,5,1,5,spring,0
ITM007,Tomatoes,Produce,HH018,2026-05-31,0.65,kg,6,1,5,spring,0
ITM007,Tomatoes,Produce,HH018,2026-06-01,0.5,kg,0,0,6,summer,0
ITM007,Tomatoes,Produce,HH018,2026-06-03,0.5,kg,2,0,6,summer,0
ITM007,Tomatoes,Produce,HH018,2026-06-08,0.52,kg,0,0,6,summer,0
ITM007,Tomatoes,Produce,HH018,2026-06-09,0.34,kg,1,0,6,summer,0
ITM007,Tomatoes,Produce,HH018,2026-06-14,0.52,kg,6,1,6,summer,0
ITM007,Tomatoes,Produce,HH018,2026-06-16,0.4,kg,1,0,6,summer,0
ITM007,Tomatoes,Produce,HH018,2026-06-17,0.41,kg,2,0,6,summer,0
ITM007,Tomatoes,Produce,HH018,2026-06-19,0.42,kg,4,0,6,summer,0
ITM007,Tomatoes,Produce,HH018,2026-06-23,0.45,kg,1,0,6,summer,0
ITM007,Tomatoes,Produce,HH018,2026-06-26,0.4,kg,4,0,6,summer,0
ITM007,Tomatoes,Produce,HH018,2026-06-27,0.56,kg,5,1,6,summer,0
ITM007,Tomatoes,Produce,HH018,2026-06-29,0.51,kg,0,0,6,summer,0
ITM007,Tomatoes,Produce,HH019,2026-01-01,0.64,kg,3,0,1,winter,1
ITM007,Tomatoes,Produce,HH019,2026-01-11,0.51,kg,6,1,1,winter,0
ITM007,Tomatoes,Produce,HH019,2026-02-04,0.53,kg,2,0,2,winter,0
ITM007,Tomatoes,Produce,HH019,2026-02-08,0.65,kg,6,1,2,winter,0
ITM007,Tomatoes,Produce,HH019,2026-02-14,0.6,kg,5,1,2,winter,0
ITM007,Tomatoes,Produce,HH019,2026-02-15,0.54,kg,6,1,2,winter,0
ITM007,Tomatoes,Produce,HH019,2026-02-16,0.3,kg,0,0,2,winter,0
ITM007,Tomatoes,Produce,HH019,2026-02-20,0.46,kg,4,0,2,winter,0
ITM007,Tomatoes,Produce,HH019,2026-02-24,0.42,kg,1,0,2,winter,0
ITM007,Tomatoes,Produce,HH019,2026-02-27,0.46,kg,4,0,2,winter,0
ITM007,Tomatoes,Produce,HH019,2026-03-02,0.47,kg,0,0,3,spring,0
ITM007,Tomatoes,Produce,HH019,2026-03-03,0.31,kg,1,0,3,spring,0
ITM007,Tomatoes,Produce,HH019,2026-03-11,0.44,kg,2,0,3,spring,0
ITM007,Tomatoes,Produce,HH019,2026-03-16,0.57,kg,0,0,3,spring,0
ITM007,Tomatoes,Produce,HH019,2026-03-17,0.47,kg,1,0,3,spring,0
ITM007,Tomatoes,Produce,HH019,2026-03-19,0.44,kg,3,0,3,spring,0
ITM007,Tomatoes,Produce,HH019,2026-03-26,0.42,kg,3,0,3,spring,0
ITM007,Tomatoes,Produce,HH019,2026-04-03,0.4,kg,4,0,4,spring,0
ITM007,Tomatoes,Produce,HH019,2026-04-10,0.38,kg,4,0,4,spring,0
ITM007,Tomatoes,Produce,HH019,2026-04-13,0.35,kg,0,0,4,spring,0
ITM007,Tomatoes,Produce,HH019,2026-04-21,0.39,kg,1,0,4,spring,0
ITM007,Tomatoes,Produce,HH019,2026-04-25,0.88,kg,5,1,4,spring,0
ITM007,Tomatoes,Produce,HH019,2026-05-01,0.8,kg,4,0,5,spring,1
ITM007,Tomatoes,Produce,HH019,2026-05-08,0.48,kg,4,0,5,spring,0
ITM007,Tomatoes,Produce,HH019,2026-05-14,0.47,kg,3,0,5,spring,0
ITM007,Tomatoes,Produce,HH019,2026-05-17,0.64,kg,6,1,5,spring,0
ITM007,Tomatoes,Produce,HH019,2026-05-21,0.4,kg,3,0,5,spring,0
ITM007,Tomatoes,Produce,HH019,2026-05-24,0.56,kg,6,1,5,spring,0
ITM007,Tomatoes,Produce,HH019,2026-05-30,0.55,kg,5,1,5,spring,0
ITM007,Tomatoes,Produce,HH019,2026-05-31,0.82,kg,6,1,5,spring,0
ITM007,Tomatoes,Produce,HH019,2026-06-02,0.48,kg,1,0,6,summer,0
ITM007,Tomatoes,Produce,HH019,2026-06-08,0.45,kg,0,0,6,summer,0
ITM007,Tomatoes,Produce,HH019,2026-06-15,0.56,kg,0,0,6,summer,0
ITM007,Tomatoes,Produce,HH019,2026-06-18,0.49,kg,3,0,6,summer,0
ITM007,Tomatoes,Produce,HH019,2026-06-19,0.58,kg,4,0,6,summer,0
ITM007,Tomatoes,Produce,HH019,2026-06-22,0.4,kg,0,0,6,summer,0
ITM007,Tomatoes,Produce,HH019,2026-06-23,0.56,kg,1,0,6,summer,0
ITM007,Tomatoes,Produce,HH019,2026-06-25,0.44,kg,3,0,6,summer,0
ITM007,Tomatoes,Produce,HH019,2026-06-28,0.64,kg,6,1,6,summer,0
ITM007,Tomatoes,Produce,HH019,2026-06-29,0.45,kg,0,0,6,summer,0
ITM007,Tomatoes,Produce,HH020,2026-01-02,0.26,kg,4,0,1,winter,0
ITM007,Tomatoes,Produce,HH020,2026-01-04,0.33,kg,6,1,1,winter,0
ITM007,Tomatoes,Produce,HH020,2026-01-09,0.2,kg,4,0,1,winter,0
ITM007,Tomatoes,Produce,HH020,2026-01-14,0.23,kg,2,0,1,winter,0
ITM007,Tomatoes,Produce,HH020,2026-01-18,0.34,kg,6,1,1,winter,0
ITM007,Tomatoes,Produce,HH020,2026-01-22,0.29,kg,3,0,1,winter,0
ITM007,Tomatoes,Produce,HH020,2026-01-25,0.29,kg,6,1,1,winter,0
ITM007,Tomatoes,Produce,HH020,2026-01-28,0.24,kg,2,0,1,winter,0
ITM007,Tomatoes,Produce,HH020,2026-01-30,0.23,kg,4,0,1,winter,0
ITM007,Tomatoes,Produce,HH020,2026-01-31,0.38,kg,5,1,1,winter,0
ITM007,Tomatoes,Produce,HH020,2026-02-06,0.2,kg,4,0,2,winter,0
ITM007,Tomatoes,Produce,HH020,2026-02-10,0.23,kg,1,0,2,winter,0
ITM007,Tomatoes,Produce,HH020,2026-02-13,0.3,kg,4,0,2,winter,0
ITM007,Tomatoes,Produce,HH020,2026-02-15,0.33,kg,6,1,2,winter,0
ITM007,Tomatoes,Produce,HH020,2026-02-18,0.2,kg,2,0,2,winter,0
ITM007,Tomatoes,Produce,HH020,2026-02-20,0.26,kg,4,0,2,winter,0
ITM007,Tomatoes,Produce,HH020,2026-02-21,0.43,kg,5,1,2,winter,0
ITM007,Tomatoes,Produce,HH020,2026-03-02,0.21,kg,0,0,3,spring,0
ITM007,Tomatoes,Produce,HH020,2026-03-07,0.36,kg,5,1,3,spring,0
ITM007,Tomatoes,Produce,HH020,2026-03-12,0.24,kg,3,0,3,spring,0
ITM007,Tomatoes,Produce,HH020,2026-03-19,0.22,kg,3,0,3,spring,0
ITM007,Tomatoes,Produce,HH020,2026-03-20,0.33,kg,4,0,3,spring,0
ITM007,Tomatoes,Produce,HH020,2026-03-22,0.37,kg,6,1,3,spring,0
ITM007,Tomatoes,Produce,HH020,2026-03-23,0.2,kg,0,0,3,spring,0
ITM007,Tomatoes,Produce,HH020,2026-04-01,0.21,kg,2,0,4,spring,0
ITM007,Tomatoes,Produce,HH020,2026-04-02,0.24,kg,3,0,4,spring,0
ITM007,Tomatoes,Produce,HH020,2026-04-04,0.3,kg,5,1,4,spring,0
ITM007,Tomatoes,Produce,HH020,2026-04-05,0.24,kg,6,1,4,spring,0
ITM007,Tomatoes,Produce,HH020,2026-04-06,0.22,kg,0,0,4,spring,0
ITM007,Tomatoes,Produce,HH020,2026-04-07,0.18,kg,1,0,4,spring,0
ITM007,Tomatoes,Produce,HH020,2026-04-10,0.24,kg,4,0,4,spring,0
ITM007,Tomatoes,Produce,HH020,2026-04-11,0.33,kg,5,1,4,spring,0
ITM007,Tomatoes,Produce,HH020,2026-04-14,0.45,kg,1,0,4,spring,1
ITM007,Tomatoes,Produce,HH020,2026-04-15,0.25,kg,2,0,4,spring,0
ITM007,Tomatoes,Produce,HH020,2026-04-17,0.23,kg,4,0,4,spring,0
ITM007,Tomatoes,Produce,HH020,2026-04-21,0.22,kg,1,0,4,spring,0
ITM007,Tomatoes,Produce,HH020,2026-04-27,0.26,kg,0,0,4,spring,0
ITM007,Tomatoes,Produce,HH020,2026-04-30,0.28,kg,3,0,4,spring,0
ITM007,Tomatoes,Produce,HH020,2026-05-01,0.36,kg,4,0,5,spring,1
ITM007,Tomatoes,Produce,HH020,2026-05-03,0.34,kg,6,1,5,spring,0
ITM007,Tomatoes,Produce,HH020,2026-05-04,0.28,kg,0,0,5,spring,0
ITM007,Tomatoes,Produce,HH020,2026-05-05,0.27,kg,1,0,5,spring,0
ITM007,Tomatoes,Produce,HH020,2026-05-06,0.25,kg,2,0,5,spring,0
ITM007,Tomatoes,Produce,HH020,2026-05-10,0.4,kg,6,1,5,spring,0
ITM007,Tomatoes,Produce,HH020,2026-05-11,0.26,kg,0,0,5,spring,0
ITM007,Tomatoes,Produce,HH020,2026-05-12,0.3,kg,1,0,5,spring,0
ITM007,Tomatoes,Produce,HH020,2026-05-13,0.27,kg,2,0,5,spring,0
ITM007,Tomatoes,Produce,HH020,2026-05-19,0.21,kg,1,0,5,spring,0
ITM007,Tomatoes,Produce,HH020,2026-05-22,0.26,kg,4,0,5,spring,0
ITM007,Tomatoes,Produce,HH020,2026-05-24,0.24,kg,6,1,5,spring,0
ITM007,Tomatoes,Produce,HH020,2026-05-26,0.23,kg,1,0,5,spring,0
ITM007,Tomatoes,Produce,HH020,2026-05-28,0.25,kg,3,0,5,spring,0
ITM007,Tomatoes,Produce,HH020,2026-06-02,0.28,kg,1,0,6,summer,0
ITM007,Tomatoes,Produce,HH020,2026-06-08,0.24,kg,0,0,6,summer,0
ITM007,Tomatoes,Produce,HH020,2026-06-10,0.19,kg,2,0,6,summer,0
ITM007,Tomatoes,Produce,HH020,2026-06-11,0.22,kg,3,0,6,summer,0
ITM007,Tomatoes,Produce,HH020,2026-06-15,0.33,kg,0,0,6,summer,0
ITM007,Tomatoes,Produce,HH020,2026-06-16,0.25,kg,1,0,6,summer,0
ITM007,Tomatoes,Produce,HH020,2026-06-24,0.24,kg,2,0,6,summer,0
ITM008,Yogurt,Dairy,HH001,2026-01-01,0.69,cups,3,0,1,winter,1
ITM008,Yogurt,Dairy,HH001,2026-01-02,0.38,cups,4,0,1,winter,0
ITM008,Yogurt,Dairy,HH001,2026-01-06,0.45,cups,1,0,1,winter,0
ITM008,Yogurt,Dairy,HH001,2026-01-14,0.47,cups,2,0,1,winter,0
ITM008,Yogurt,Dairy,HH001,2026-01-19,0.56,cups,0,0,1,winter,0
ITM008,Yogurt,Dairy,HH001,2026-01-26,0.51,cups,0,0,1,winter,1
ITM008,Yogurt,Dairy,HH001,2026-01-29,0.54,cups,3,0,1,winter,0
ITM008,Yogurt,Dairy,HH001,2026-01-30,0.47,cups,4,0,1,winter,0
ITM008,Yogurt,Dairy,HH001,2026-02-04,0.36,cups,2,0,2,winter,0
ITM008,Yogurt,Dairy,HH001,2026-02-06,0.38,cups,4,0,2,winter,0
ITM008,Yogurt,Dairy,HH001,2026-02-12,0.36,cups,3,0,2,winter,0
ITM008,Yogurt,Dairy,HH001,2026-02-14,0.68,cups,5,1,2,winter,0
ITM008,Yogurt,Dairy,HH001,2026-02-16,0.49,cups,0,0,2,winter,0
ITM008,Yogurt,Dairy,HH001,2026-02-19,0.45,cups,3,0,2,winter,0
ITM008,Yogurt,Dairy,HH001,2026-02-27,0.44,cups,4,0,2,winter,0
ITM008,Yogurt,Dairy,HH001,2026-03-02,0.49,cups,0,0,3,spring,0
ITM008,Yogurt,Dairy,HH001,2026-03-07,0.61,cups,5,1,3,spring,0
ITM008,Yogurt,Dairy,HH001,2026-03-11,0.43,cups,2,0,3,spring,0
ITM008,Yogurt,Dairy,HH001,2026-03-18,0.37,cups,2,0,3,spring,0
ITM008,Yogurt,Dairy,HH001,2026-03-20,0.56,cups,4,0,3,spring,0
ITM008,Yogurt,Dairy,HH001,2026-03-22,0.75,cups,6,1,3,spring,0
ITM008,Yogurt,Dairy,HH001,2026-03-24,0.52,cups,1,0,3,spring,0
ITM008,Yogurt,Dairy,HH001,2026-03-27,0.39,cups,4,0,3,spring,0
ITM008,Yogurt,Dairy,HH001,2026-04-03,0.47,cups,4,0,4,spring,0
ITM008,Yogurt,Dairy,HH001,2026-04-07,0.33,cups,1,0,4,spring,0
ITM008,Yogurt,Dairy,HH001,2026-04-13,0.45,cups,0,0,4,spring,0
ITM008,Yogurt,Dairy,HH001,2026-04-20,0.44,cups,0,0,4,spring,0
ITM008,Yogurt,Dairy,HH001,2026-05-01,0.5,cups,4,0,5,spring,1
ITM008,Yogurt,Dairy,HH001,2026-05-05,0.4,cups,1,0,5,spring,0
ITM008,Yogurt,Dairy,HH001,2026-05-08,0.47,cups,4,0,5,spring,0
ITM008,Yogurt,Dairy,HH001,2026-05-11,0.39,cups,0,0,5,spring,0
ITM008,Yogurt,Dairy,HH001,2026-05-15,0.45,cups,4,0,5,spring,0
ITM008,Yogurt,Dairy,HH001,2026-05-16,0.68,cups,5,1,5,spring,0
ITM008,Yogurt,Dairy,HH001,2026-05-19,0.37,cups,1,0,5,spring,0
ITM008,Yogurt,Dairy,HH001,2026-05-27,0.43,cups,2,0,5,spring,0
ITM008,Yogurt,Dairy,HH001,2026-05-28,0.36,cups,3,0,5,spring,0
ITM008,Yogurt,Dairy,HH001,2026-06-01,0.41,cups,0,0,6,summer,0
ITM008,Yogurt,Dairy,HH001,2026-06-02,0.42,cups,1,0,6,summer,0
ITM008,Yogurt,Dairy,HH001,2026-06-03,0.51,cups,2,0,6,summer,0
ITM008,Yogurt,Dairy,HH001,2026-06-04,0.41,cups,3,0,6,summer,0
ITM008,Yogurt,Dairy,HH001,2026-06-09,0.39,cups,1,0,6,summer,0
ITM008,Yogurt,Dairy,HH001,2026-06-10,0.6,cups,2,0,6,summer,0
ITM008,Yogurt,Dairy,HH001,2026-06-17,0.55,cups,2,0,6,summer,0
ITM008,Yogurt,Dairy,HH001,2026-06-19,0.43,cups,4,0,6,summer,0
ITM008,Yogurt,Dairy,HH001,2026-06-20,0.78,cups,5,1,6,summer,0
ITM008,Yogurt,Dairy,HH001,2026-06-21,0.46,cups,6,1,6,summer,0
ITM008,Yogurt,Dairy,HH001,2026-06-23,0.41,cups,1,0,6,summer,0
ITM008,Yogurt,Dairy,HH001,2026-06-25,0.25,cups,3,0,6,summer,0
ITM008,Yogurt,Dairy,HH001,2026-06-29,0.45,cups,0,0,6,summer,0
ITM008,Yogurt,Dairy,HH002,2026-01-02,0.49,cups,4,0,1,winter,0
ITM008,Yogurt,Dairy,HH002,2026-01-07,0.6,cups,2,0,1,winter,0
ITM008,Yogurt,Dairy,HH002,2026-01-08,0.55,cups,3,0,1,winter,0
ITM008,Yogurt,Dairy,HH002,2026-01-11,0.62,cups,6,1,1,winter,0
ITM008,Yogurt,Dairy,HH002,2026-01-14,0.56,cups,2,0,1,winter,0
ITM008,Yogurt,Dairy,HH002,2026-01-15,0.53,cups,3,0,1,winter,0
ITM008,Yogurt,Dairy,HH002,2026-01-18,0.86,cups,6,1,1,winter,0
ITM008,Yogurt,Dairy,HH002,2026-01-22,0.47,cups,3,0,1,winter,0
ITM008,Yogurt,Dairy,HH002,2026-01-26,0.67,cups,0,0,1,winter,1
ITM008,Yogurt,Dairy,HH002,2026-01-28,0.46,cups,2,0,1,winter,0
ITM008,Yogurt,Dairy,HH002,2026-01-31,0.76,cups,5,1,1,winter,0
ITM008,Yogurt,Dairy,HH002,2026-02-01,0.63,cups,6,1,2,winter,0
ITM008,Yogurt,Dairy,HH002,2026-02-02,0.34,cups,0,0,2,winter,0
ITM008,Yogurt,Dairy,HH002,2026-02-07,0.74,cups,5,1,2,winter,0
ITM008,Yogurt,Dairy,HH002,2026-02-10,0.47,cups,1,0,2,winter,0
ITM008,Yogurt,Dairy,HH002,2026-02-11,0.42,cups,2,0,2,winter,0
ITM008,Yogurt,Dairy,HH002,2026-02-15,0.59,cups,6,1,2,winter,0
ITM008,Yogurt,Dairy,HH002,2026-02-19,0.47,cups,3,0,2,winter,0
ITM008,Yogurt,Dairy,HH002,2026-02-22,0.64,cups,6,1,2,winter,0
ITM008,Yogurt,Dairy,HH002,2026-02-26,0.54,cups,3,0,2,winter,0
ITM008,Yogurt,Dairy,HH002,2026-03-02,0.64,cups,0,0,3,spring,0
ITM008,Yogurt,Dairy,HH002,2026-03-06,0.38,cups,4,0,3,spring,0
ITM008,Yogurt,Dairy,HH002,2026-03-12,0.6,cups,3,0,3,spring,0
ITM008,Yogurt,Dairy,HH002,2026-03-14,0.47,cups,5,1,3,spring,0
ITM008,Yogurt,Dairy,HH002,2026-03-16,0.5,cups,0,0,3,spring,0
ITM008,Yogurt,Dairy,HH002,2026-03-23,0.55,cups,0,0,3,spring,0
ITM008,Yogurt,Dairy,HH002,2026-03-24,0.47,cups,1,0,3,spring,0
ITM008,Yogurt,Dairy,HH002,2026-03-25,0.46,cups,2,0,3,spring,0
ITM008,Yogurt,Dairy,HH002,2026-03-27,0.41,cups,4,0,3,spring,0
ITM008,Yogurt,Dairy,HH002,2026-03-29,0.6,cups,6,1,3,spring,0
ITM008,Yogurt,Dairy,HH002,2026-03-30,0.48,cups,0,0,3,spring,0
ITM008,Yogurt,Dairy,HH002,2026-04-07,0.35,cups,1,0,4,spring,0
ITM008,Yogurt,Dairy,HH002,2026-04-08,0.66,cups,2,0,4,spring,0
ITM008,Yogurt,Dairy,HH002,2026-04-10,0.54,cups,4,0,4,spring,0
ITM008,Yogurt,Dairy,HH002,2026-04-11,0.94,cups,5,1,4,spring,0
ITM008,Yogurt,Dairy,HH002,2026-04-15,0.33,cups,2,0,4,spring,0
ITM008,Yogurt,Dairy,HH002,2026-04-21,0.5,cups,1,0,4,spring,0
ITM008,Yogurt,Dairy,HH002,2026-04-23,0.5,cups,3,0,4,spring,0
ITM008,Yogurt,Dairy,HH002,2026-05-04,0.37,cups,0,0,5,spring,0
ITM008,Yogurt,Dairy,HH002,2026-05-07,0.64,cups,3,0,5,spring,0
ITM008,Yogurt,Dairy,HH002,2026-05-09,0.57,cups,5,1,5,spring,0
ITM008,Yogurt,Dairy,HH002,2026-05-10,0.83,cups,6,1,5,spring,0
ITM008,Yogurt,Dairy,HH002,2026-05-11,0.41,cups,0,0,5,spring,0
ITM008,Yogurt,Dairy,HH002,2026-05-21,0.49,cups,3,0,5,spring,0
ITM008,Yogurt,Dairy,HH002,2026-05-25,0.54,cups,0,0,5,spring,0
ITM008,Yogurt,Dairy,HH002,2026-05-28,0.44,cups,3,0,5,spring,0
ITM008,Yogurt,Dairy,HH002,2026-06-04,0.53,cups,3,0,6,summer,0
ITM008,Yogurt,Dairy,HH002,2026-06-09,0.47,cups,1,0,6,summer,0
ITM008,Yogurt,Dairy,HH002,2026-06-22,0.44,cups,0,0,6,summer,0
ITM008,Yogurt,Dairy,HH002,2026-06-23,0.45,cups,1,0,6,summer,0
ITM008,Yogurt,Dairy,HH002,2026-06-28,0.53,cups,6,1,6,summer,0
ITM008,Yogurt,Dairy,HH002,2026-06-29,0.49,cups,0,0,6,summer,0
ITM008,Yogurt,Dairy,HH003,2026-01-09,0.39,cups,4,0,1,winter,0
ITM008,Yogurt,Dairy,HH003,2026-01-27,0.5,cups,1,0,1,winter,0
ITM008,Yogurt,Dairy,HH003,2026-01-28,0.56,cups,2,0,1,winter,0
ITM008,Yogurt,Dairy,HH003,2026-02-02,0.49,cups,0,0,2,winter,0
ITM008,Yogurt,Dairy,HH003,2026-02-03,0.6,cups,1,0,2,winter,0
ITM008,Yogurt,Dairy,HH003,2026-02-12,0.63,cups,3,0,2,winter,0
ITM008,Yogurt,Dairy,HH003,2026-02-14,0.78,cups,5,1,2,winter,0
ITM008,Yogurt,Dairy,HH003,2026-02-16,0.52,cups,0,0,2,winter,0
ITM008,Yogurt,Dairy,HH003,2026-02-23,0.55,cups,0,0,2,winter,0
ITM008,Yogurt,Dairy,HH003,2026-02-26,0.45,cups,3,0,2,winter,0
ITM008,Yogurt,Dairy,HH003,2026-03-01,1.0,cups,6,1,3,spring,0
ITM008,Yogurt,Dairy,HH003,2026-03-03,0.37,cups,1,0,3,spring,0
ITM008,Yogurt,Dairy,HH003,2026-03-04,0.53,cups,2,0,3,spring,0
ITM008,Yogurt,Dairy,HH003,2026-03-08,1.35,cups,6,1,3,spring,1
ITM008,Yogurt,Dairy,HH003,2026-03-09,0.59,cups,0,0,3,spring,0
ITM008,Yogurt,Dairy,HH003,2026-03-18,0.4,cups,2,0,3,spring,0
ITM008,Yogurt,Dairy,HH003,2026-03-26,0.59,cups,3,0,3,spring,0
ITM008,Yogurt,Dairy,HH003,2026-03-27,0.47,cups,4,0,3,spring,0
ITM008,Yogurt,Dairy,HH003,2026-03-30,0.7,cups,0,0,3,spring,0
ITM008,Yogurt,Dairy,HH003,2026-03-31,0.54,cups,1,0,3,spring,0
ITM008,Yogurt,Dairy,HH003,2026-04-01,0.59,cups,2,0,4,spring,0
ITM008,Yogurt,Dairy,HH003,2026-04-02,0.64,cups,3,0,4,spring,0
ITM008,Yogurt,Dairy,HH003,2026-04-04,0.85,cups,5,1,4,spring,0
ITM008,Yogurt,Dairy,HH003,2026-04-08,0.46,cups,2,0,4,spring,0
ITM008,Yogurt,Dairy,HH003,2026-04-09,0.6,cups,3,0,4,spring,0
ITM008,Yogurt,Dairy,HH003,2026-04-11,0.77,cups,5,1,4,spring,0
ITM008,Yogurt,Dairy,HH003,2026-04-13,0.48,cups,0,0,4,spring,0
ITM008,Yogurt,Dairy,HH003,2026-04-14,1.02,cups,1,0,4,spring,1
ITM008,Yogurt,Dairy,HH003,2026-04-15,0.54,cups,2,0,4,spring,0
ITM008,Yogurt,Dairy,HH003,2026-05-06,0.52,cups,2,0,5,spring,0
ITM008,Yogurt,Dairy,HH003,2026-05-11,0.67,cups,0,0,5,spring,0
ITM008,Yogurt,Dairy,HH003,2026-05-12,0.53,cups,1,0,5,spring,0
ITM008,Yogurt,Dairy,HH003,2026-05-14,0.62,cups,3,0,5,spring,0
ITM008,Yogurt,Dairy,HH003,2026-05-15,0.57,cups,4,0,5,spring,0
ITM008,Yogurt,Dairy,HH003,2026-05-18,0.38,cups,0,0,5,spring,0
ITM008,Yogurt,Dairy,HH003,2026-05-20,0.51,cups,2,0,5,spring,0
ITM008,Yogurt,Dairy,HH003,2026-05-25,0.54,cups,0,0,5,spring,0
ITM008,Yogurt,Dairy,HH003,2026-05-28,0.5,cups,3,0,5,spring,0
ITM008,Yogurt,Dairy,HH003,2026-05-31,0.85,cups,6,1,5,spring,0
ITM008,Yogurt,Dairy,HH003,2026-06-04,0.57,cups,3,0,6,summer,0
ITM008,Yogurt,Dairy,HH003,2026-06-08,0.56,cups,0,0,6,summer,0
ITM008,Yogurt,Dairy,HH003,2026-06-10,0.64,cups,2,0,6,summer,0
ITM008,Yogurt,Dairy,HH003,2026-06-15,0.71,cups,0,0,6,summer,0
ITM008,Yogurt,Dairy,HH003,2026-06-16,0.63,cups,1,0,6,summer,0
ITM008,Yogurt,Dairy,HH003,2026-06-17,0.66,cups,2,0,6,summer,0
ITM008,Yogurt,Dairy,HH003,2026-06-18,0.51,cups,3,0,6,summer,0
ITM008,Yogurt,Dairy,HH003,2026-06-21,0.72,cups,6,1,6,summer,0
ITM008,Yogurt,Dairy,HH003,2026-06-27,0.86,cups,5,1,6,summer,0
ITM008,Yogurt,Dairy,HH003,2026-06-28,0.91,cups,6,1,6,summer,0
ITM008,Yogurt,Dairy,HH004,2026-01-09,0.54,cups,4,0,1,winter,0
ITM008,Yogurt,Dairy,HH004,2026-01-12,0.46,cups,0,0,1,winter,0
ITM008,Yogurt,Dairy,HH004,2026-01-17,1.18,cups,5,1,1,winter,0
ITM008,Yogurt,Dairy,HH004,2026-01-18,0.9,cups,6,1,1,winter,0
ITM008,Yogurt,Dairy,HH004,2026-01-21,0.48,cups,2,0,1,winter,0
ITM008,Yogurt,Dairy,HH004,2026-01-22,0.61,cups,3,0,1,winter,0
ITM008,Yogurt,Dairy,HH004,2026-01-27,0.68,cups,1,0,1,winter,0
ITM008,Yogurt,Dairy,HH004,2026-01-30,0.71,cups,4,0,1,winter,0
ITM008,Yogurt,Dairy,HH004,2026-02-09,0.6,cups,0,0,2,winter,0
ITM008,Yogurt,Dairy,HH004,2026-02-10,0.83,cups,1,0,2,winter,0
ITM008,Yogurt,Dairy,HH004,2026-02-13,0.77,cups,4,0,2,winter,0
ITM008,Yogurt,Dairy,HH004,2026-02-16,0.66,cups,0,0,2,winter,0
ITM008,Yogurt,Dairy,HH004,2026-02-20,0.68,cups,4,0,2,winter,0
ITM008,Yogurt,Dairy,HH004,2026-02-21,0.9,cups,5,1,2,winter,0
ITM008,Yogurt,Dairy,HH004,2026-02-24,0.61,cups,1,0,2,winter,0
ITM008,Yogurt,Dairy,HH004,2026-02-25,0.56,cups,2,0,2,winter,0
ITM008,Yogurt,Dairy,HH004,2026-02-28,0.83,cups,5,1,2,winter,0
ITM008,Yogurt,Dairy,HH004,2026-03-02,0.62,cups,0,0,3,spring,0
ITM008,Yogurt,Dairy,HH004,2026-03-09,0.59,cups,0,0,3,spring,0
ITM008,Yogurt,Dairy,HH004,2026-03-13,0.52,cups,4,0,3,spring,0
ITM008,Yogurt,Dairy,HH004,2026-03-21,1.18,cups,5,1,3,spring,0
ITM008,Yogurt,Dairy,HH004,2026-03-25,0.55,cups,2,0,3,spring,0
ITM008,Yogurt,Dairy,HH004,2026-04-04,1.07,cups,5,1,4,spring,0
ITM008,Yogurt,Dairy,HH004,2026-04-09,0.61,cups,3,0,4,spring,0
ITM008,Yogurt,Dairy,HH004,2026-04-10,0.57,cups,4,0,4,spring,0
ITM008,Yogurt,Dairy,HH004,2026-04-12,0.94,cups,6,1,4,spring,0
ITM008,Yogurt,Dairy,HH004,2026-04-15,0.59,cups,2,0,4,spring,0
ITM008,Yogurt,Dairy,HH004,2026-04-17,0.6,cups,4,0,4,spring,0
ITM008,Yogurt,Dairy,HH004,2026-04-26,0.93,cups,6,1,4,spring,0
ITM008,Yogurt,Dairy,HH004,2026-04-28,0.53,cups,1,0,4,spring,0
ITM008,Yogurt,Dairy,HH004,2026-04-30,0.76,cups,3,0,4,spring,0
ITM008,Yogurt,Dairy,HH004,2026-05-02,0.78,cups,5,1,5,spring,0
ITM008,Yogurt,Dairy,HH004,2026-05-03,1.01,cups,6,1,5,spring,0
ITM008,Yogurt,Dairy,HH004,2026-05-05,0.67,cups,1,0,5,spring,0
ITM008,Yogurt,Dairy,HH004,2026-05-10,0.95,cups,6,1,5,spring,0
ITM008,Yogurt,Dairy,HH004,2026-05-13,0.59,cups,2,0,5,spring,0
ITM008,Yogurt,Dairy,HH004,2026-05-18,0.49,cups,0,0,5,spring,0
ITM008,Yogurt,Dairy,HH004,2026-05-22,0.48,cups,4,0,5,spring,0
ITM008,Yogurt,Dairy,HH004,2026-05-25,0.69,cups,0,0,5,spring,0
ITM008,Yogurt,Dairy,HH004,2026-06-02,0.72,cups,1,0,6,summer,0
ITM008,Yogurt,Dairy,HH004,2026-06-06,1.29,cups,5,1,6,summer,1
ITM008,Yogurt,Dairy,HH004,2026-06-09,0.47,cups,1,0,6,summer,0
ITM008,Yogurt,Dairy,HH004,2026-06-10,0.6,cups,2,0,6,summer,0
ITM008,Yogurt,Dairy,HH004,2026-06-12,0.44,cups,4,0,6,summer,0
ITM008,Yogurt,Dairy,HH004,2026-06-16,0.62,cups,1,0,6,summer,0
ITM008,Yogurt,Dairy,HH004,2026-06-18,0.68,cups,3,0,6,summer,0
ITM008,Yogurt,Dairy,HH004,2026-06-21,0.89,cups,6,1,6,summer,0
ITM008,Yogurt,Dairy,HH004,2026-06-25,0.48,cups,3,0,6,summer,0
ITM008,Yogurt,Dairy,HH004,2026-06-29,0.54,cups,0,0,6,summer,0
ITM008,Yogurt,Dairy,HH005,2026-01-05,0.39,cups,0,0,1,winter,0
ITM008,Yogurt,Dairy,HH005,2026-01-07,0.34,cups,2,0,1,winter,0
ITM008,Yogurt,Dairy,HH005,2026-01-08,0.44,cups,3,0,1,winter,0
ITM008,Yogurt,Dairy,HH005,2026-01-13,0.25,cups,1,0,1,winter,0
ITM008,Yogurt,Dairy,HH005,2026-01-18,0.52,cups,6,1,1,winter,0
ITM008,Yogurt,Dairy,HH005,2026-01-19,0.3,cups,0,0,1,winter,0
ITM008,Yogurt,Dairy,HH005,2026-01-22,0.39,cups,3,0,1,winter,0
ITM008,Yogurt,Dairy,HH005,2026-02-10,0.37,cups,1,0,2,winter,0
ITM008,Yogurt,Dairy,HH005,2026-02-11,0.36,cups,2,0,2,winter,0
ITM008,Yogurt,Dairy,HH005,2026-02-13,0.36,cups,4,0,2,winter,0
ITM008,Yogurt,Dairy,HH005,2026-02-16,0.41,cups,0,0,2,winter,0
ITM008,Yogurt,Dairy,HH005,2026-02-22,0.4,cups,6,1,2,winter,0
ITM008,Yogurt,Dairy,HH005,2026-03-04,0.31,cups,2,0,3,spring,0
ITM008,Yogurt,Dairy,HH005,2026-03-09,0.37,cups,0,0,3,spring,0
ITM008,Yogurt,Dairy,HH005,2026-03-10,0.32,cups,1,0,3,spring,0
ITM008,Yogurt,Dairy,HH005,2026-03-11,0.36,cups,2,0,3,spring,0
ITM008,Yogurt,Dairy,HH005,2026-03-12,0.37,cups,3,0,3,spring,0
ITM008,Yogurt,Dairy,HH005,2026-03-21,0.45,cups,5,1,3,spring,0
ITM008,Yogurt,Dairy,HH005,2026-03-23,0.31,cups,0,0,3,spring,0
ITM008,Yogurt,Dairy,HH005,2026-03-24,0.25,cups,1,0,3,spring,0
ITM008,Yogurt,Dairy,HH005,2026-03-25,0.46,cups,2,0,3,spring,0
ITM008,Yogurt,Dairy,HH005,2026-03-30,0.4,cups,0,0,3,spring,0
ITM008,Yogurt,Dairy,HH005,2026-04-01,0.43,cups,2,0,4,spring,0
ITM008,Yogurt,Dairy,HH005,2026-04-10,0.31,cups,4,0,4,spring,0
ITM008,Yogurt,Dairy,HH005,2026-04-11,0.54,cups,5,1,4,spring,0
ITM008,Yogurt,Dairy,HH005,2026-04-23,0.44,cups,3,0,4,spring,0
ITM008,Yogurt,Dairy,HH005,2026-05-01,0.82,cups,4,0,5,spring,1
ITM008,Yogurt,Dairy,HH005,2026-05-02,0.35,cups,5,1,5,spring,0
ITM008,Yogurt,Dairy,HH005,2026-05-03,0.72,cups,6,1,5,spring,0
ITM008,Yogurt,Dairy,HH005,2026-05-09,0.54,cups,5,1,5,spring,0
ITM008,Yogurt,Dairy,HH005,2026-05-12,0.36,cups,1,0,5,spring,0
ITM008,Yogurt,Dairy,HH005,2026-05-16,0.47,cups,5,1,5,spring,0
ITM008,Yogurt,Dairy,HH005,2026-05-17,0.41,cups,6,1,5,spring,0
ITM008,Yogurt,Dairy,HH005,2026-05-22,0.28,cups,4,0,5,spring,0
ITM008,Yogurt,Dairy,HH005,2026-05-24,0.57,cups,6,1,5,spring,0
ITM008,Yogurt,Dairy,HH005,2026-05-28,0.4,cups,3,0,5,spring,0
ITM008,Yogurt,Dairy,HH005,2026-05-29,0.35,cups,4,0,5,spring,0
ITM008,Yogurt,Dairy,HH005,2026-05-30,0.48,cups,5,1,5,spring,0
ITM008,Yogurt,Dairy,HH005,2026-05-31,0.51,cups,6,1,5,spring,0
ITM008,Yogurt,Dairy,HH005,2026-06-04,0.38,cups,3,0,6,summer,0
ITM008,Yogurt,Dairy,HH005,2026-06-06,0.83,cups,5,1,6,summer,1
ITM008,Yogurt,Dairy,HH005,2026-06-18,0.49,cups,3,0,6,summer,0
ITM008,Yogurt,Dairy,HH005,2026-06-19,0.39,cups,4,0,6,summer,0
ITM008,Yogurt,Dairy,HH005,2026-06-20,0.57,cups,5,1,6,summer,0
ITM008,Yogurt,Dairy,HH005,2026-06-27,0.63,cups,5,1,6,summer,0
ITM008,Yogurt,Dairy,HH005,2026-06-28,0.46,cups,6,1,6,summer,0
ITM008,Yogurt,Dairy,HH006,2026-01-03,0.61,cups,5,1,1,winter,0
ITM008,Yogurt,Dairy,HH006,2026-01-05,0.46,cups,0,0,1,winter,0
ITM008,Yogurt,Dairy,HH006,2026-01-06,0.4,cups,1,0,1,winter,0
ITM008,Yogurt,Dairy,HH006,2026-01-09,0.35,cups,4,0,1,winter,0
ITM008,Yogurt,Dairy,HH006,2026-01-10,0.57,cups,5,1,1,winter,0
ITM008,Yogurt,Dairy,HH006,2026-01-16,0.51,cups,4,0,1,winter,0
ITM008,Yogurt,Dairy,HH006,2026-01-20,0.47,cups,1,0,1,winter,0
ITM008,Yogurt,Dairy,HH006,2026-01-24,0.72,cups,5,1,1,winter,0
ITM008,Yogurt,Dairy,HH006,2026-01-26,0.74,cups,0,0,1,winter,1
ITM008,Yogurt,Dairy,HH006,2026-02-02,0.43,cups,0,0,2,winter,0
ITM008,Yogurt,Dairy,HH006,2026-02-07,0.54,cups,5,1,2,winter,0
ITM008,Yogurt,Dairy,HH006,2026-02-14,0.48,cups,5,1,2,winter,0
ITM008,Yogurt,Dairy,HH006,2026-02-19,0.37,cups,3,0,2,winter,0
ITM008,Yogurt,Dairy,HH006,2026-02-20,0.41,cups,4,0,2,winter,0
ITM008,Yogurt,Dairy,HH006,2026-02-23,0.42,cups,0,0,2,winter,0
ITM008,Yogurt,Dairy,HH006,2026-03-06,0.29,cups,4,0,3,spring,0
ITM008,Yogurt,Dairy,HH006,2026-03-10,0.52,cups,1,0,3,spring,0
ITM008,Yogurt,Dairy,HH006,2026-03-17,0.48,cups,1,0,3,spring,0
ITM008,Yogurt,Dairy,HH006,2026-03-21,0.54,cups,5,1,3,spring,0
ITM008,Yogurt,Dairy,HH006,2026-03-27,0.44,cups,4,0,3,spring,0
ITM008,Yogurt,Dairy,HH006,2026-03-28,0.44,cups,5,1,3,spring,0
ITM008,Yogurt,Dairy,HH006,2026-03-30,0.5,cups,0,0,3,spring,0
ITM008,Yogurt,Dairy,HH006,2026-03-31,0.34,cups,1,0,3,spring,0
ITM008,Yogurt,Dairy,HH006,2026-04-02,0.46,cups,3,0,4,spring,0
ITM008,Yogurt,Dairy,HH006,2026-04-04,0.6,cups,5,1,4,spring,0
ITM008,Yogurt,Dairy,HH006,2026-04-06,0.49,cups,0,0,4,spring,0
ITM008,Yogurt,Dairy,HH006,2026-04-11,0.64,cups,5,1,4,spring,0
ITM008,Yogurt,Dairy,HH006,2026-04-16,0.42,cups,3,0,4,spring,0
ITM008,Yogurt,Dairy,HH006,2026-04-17,0.41,cups,4,0,4,spring,0
ITM008,Yogurt,Dairy,HH006,2026-04-19,0.6,cups,6,1,4,spring,0
ITM008,Yogurt,Dairy,HH006,2026-04-27,0.49,cups,0,0,4,spring,0
ITM008,Yogurt,Dairy,HH006,2026-05-04,0.44,cups,0,0,5,spring,0
ITM008,Yogurt,Dairy,HH006,2026-05-05,0.4,cups,1,0,5,spring,0
ITM008,Yogurt,Dairy,HH006,2026-05-08,0.35,cups,4,0,5,spring,0
ITM008,Yogurt,Dairy,HH006,2026-05-13,0.39,cups,2,0,5,spring,0
ITM008,Yogurt,Dairy,HH006,2026-05-15,0.45,cups,4,0,5,spring,0
ITM008,Yogurt,Dairy,HH006,2026-05-23,0.72,cups,5,1,5,spring,0
ITM008,Yogurt,Dairy,HH006,2026-05-25,0.45,cups,0,0,5,spring,0
ITM008,Yogurt,Dairy,HH006,2026-05-26,0.43,cups,1,0,5,spring,0
ITM008,Yogurt,Dairy,HH006,2026-05-29,0.36,cups,4,0,5,spring,0
ITM008,Yogurt,Dairy,HH006,2026-06-02,0.33,cups,1,0,6,summer,0
ITM008,Yogurt,Dairy,HH006,2026-06-05,0.42,cups,4,0,6,summer,0
ITM008,Yogurt,Dairy,HH006,2026-06-06,1.26,cups,5,1,6,summer,1
ITM008,Yogurt,Dairy,HH006,2026-06-08,0.4,cups,0,0,6,summer,0
ITM008,Yogurt,Dairy,HH006,2026-06-13,0.48,cups,5,1,6,summer,0
ITM008,Yogurt,Dairy,HH006,2026-06-15,0.36,cups,0,0,6,summer,0
ITM008,Yogurt,Dairy,HH006,2026-06-22,0.44,cups,0,0,6,summer,0
ITM008,Yogurt,Dairy,HH006,2026-06-26,0.63,cups,4,0,6,summer,0
ITM008,Yogurt,Dairy,HH007,2026-01-01,0.85,cups,3,0,1,winter,1
ITM008,Yogurt,Dairy,HH007,2026-01-04,0.75,cups,6,1,1,winter,0
ITM008,Yogurt,Dairy,HH007,2026-01-06,0.64,cups,1,0,1,winter,0
ITM008,Yogurt,Dairy,HH007,2026-01-10,0.53,cups,5,1,1,winter,0
ITM008,Yogurt,Dairy,HH007,2026-01-23,0.46,cups,4,0,1,winter,0
ITM008,Yogurt,Dairy,HH007,2026-01-24,0.76,cups,5,1,1,winter,0
ITM008,Yogurt,Dairy,HH007,2026-01-27,0.65,cups,1,0,1,winter,0
ITM008,Yogurt,Dairy,HH007,2026-01-28,0.42,cups,2,0,1,winter,0
ITM008,Yogurt,Dairy,HH007,2026-01-31,0.64,cups,5,1,1,winter,0
ITM008,Yogurt,Dairy,HH007,2026-02-01,0.69,cups,6,1,2,winter,0
ITM008,Yogurt,Dairy,HH007,2026-02-05,0.58,cups,3,0,2,winter,0
ITM008,Yogurt,Dairy,HH007,2026-02-24,0.4,cups,1,0,2,winter,0
ITM008,Yogurt,Dairy,HH007,2026-03-02,0.4,cups,0,0,3,spring,0
ITM008,Yogurt,Dairy,HH007,2026-03-03,0.46,cups,1,0,3,spring,0
ITM008,Yogurt,Dairy,HH007,2026-03-04,0.4,cups,2,0,3,spring,0
ITM008,Yogurt,Dairy,HH007,2026-03-05,0.6,cups,3,0,3,spring,0
ITM008,Yogurt,Dairy,HH007,2026-03-10,0.34,cups,1,0,3,spring,0
ITM008,Yogurt,Dairy,HH007,2026-03-16,0.56,cups,0,0,3,spring,0
ITM008,Yogurt,Dairy,HH007,2026-03-18,0.48,cups,2,0,3,spring,0
ITM008,Yogurt,Dairy,HH007,2026-03-20,0.55,cups,4,0,3,spring,0
ITM008,Yogurt,Dairy,HH007,2026-03-23,0.49,cups,0,0,3,spring,0
ITM008,Yogurt,Dairy,HH007,2026-03-28,0.62,cups,5,1,3,spring,0
ITM008,Yogurt,Dairy,HH007,2026-03-31,0.56,cups,1,0,3,spring,0
ITM008,Yogurt,Dairy,HH007,2026-04-03,0.46,cups,4,0,4,spring,0
ITM008,Yogurt,Dairy,HH007,2026-04-05,0.84,cups,6,1,4,spring,0
ITM008,Yogurt,Dairy,HH007,2026-04-11,0.77,cups,5,1,4,spring,0
ITM008,Yogurt,Dairy,HH007,2026-04-16,0.52,cups,3,0,4,spring,0
ITM008,Yogurt,Dairy,HH007,2026-04-20,0.42,cups,0,0,4,spring,0
ITM008,Yogurt,Dairy,HH007,2026-04-21,0.54,cups,1,0,4,spring,0
ITM008,Yogurt,Dairy,HH007,2026-04-24,0.48,cups,4,0,4,spring,0
ITM008,Yogurt,Dairy,HH007,2026-04-25,0.74,cups,5,1,4,spring,0
ITM008,Yogurt,Dairy,HH007,2026-04-29,0.56,cups,2,0,4,spring,0
ITM008,Yogurt,Dairy,HH007,2026-05-10,0.72,cups,6,1,5,spring,0
ITM008,Yogurt,Dairy,HH007,2026-05-11,0.5,cups,0,0,5,spring,0
ITM008,Yogurt,Dairy,HH007,2026-05-14,0.58,cups,3,0,5,spring,0
ITM008,Yogurt,Dairy,HH007,2026-05-15,0.49,cups,4,0,5,spring,0
ITM008,Yogurt,Dairy,HH007,2026-05-17,0.62,cups,6,1,5,spring,0
ITM008,Yogurt,Dairy,HH007,2026-05-27,0.48,cups,2,0,5,spring,0
ITM008,Yogurt,Dairy,HH007,2026-05-29,0.39,cups,4,0,5,spring,0
ITM008,Yogurt,Dairy,HH007,2026-06-01,0.54,cups,0,0,6,summer,0
ITM008,Yogurt,Dairy,HH007,2026-06-02,0.61,cups,1,0,6,summer,0
ITM008,Yogurt,Dairy,HH007,2026-06-04,0.51,cups,3,0,6,summer,0
ITM008,Yogurt,Dairy,HH007,2026-06-07,0.85,cups,6,1,6,summer,0
ITM008,Yogurt,Dairy,HH007,2026-06-13,0.77,cups,5,1,6,summer,0
ITM008,Yogurt,Dairy,HH007,2026-06-14,0.6,cups,6,1,6,summer,0
ITM008,Yogurt,Dairy,HH007,2026-06-17,0.49,cups,2,0,6,summer,0
ITM008,Yogurt,Dairy,HH007,2026-06-25,0.42,cups,3,0,6,summer,0
ITM008,Yogurt,Dairy,HH007,2026-06-27,0.71,cups,5,1,6,summer,0
ITM008,Yogurt,Dairy,HH008,2026-01-03,0.87,cups,5,1,1,winter,0
ITM008,Yogurt,Dairy,HH008,2026-01-07,0.57,cups,2,0,1,winter,0
ITM008,Yogurt,Dairy,HH008,2026-01-09,0.58,cups,4,0,1,winter,0
ITM008,Yogurt,Dairy,HH008,2026-01-15,0.54,cups,3,0,1,winter,0
ITM008,Yogurt,Dairy,HH008,2026-01-21,0.65,cups,2,0,1,winter,0
ITM008,Yogurt,Dairy,HH008,2026-01-24,0.74,cups,5,1,1,winter,0
ITM008,Yogurt,Dairy,HH008,2026-01-27,0.35,cups,1,0,1,winter,0
ITM008,Yogurt,Dairy,HH008,2026-01-31,0.66,cups,5,1,1,winter,0
ITM008,Yogurt,Dairy,HH008,2026-02-11,0.64,cups,2,0,2,winter,0
ITM008,Yogurt,Dairy,HH008,2026-02-16,0.66,cups,0,0,2,winter,0
ITM008,Yogurt,Dairy,HH008,2026-02-17,0.43,cups,1,0,2,winter,0
ITM008,Yogurt,Dairy,HH008,2026-02-18,0.54,cups,2,0,2,winter,0
ITM008,Yogurt,Dairy,HH008,2026-02-21,0.87,cups,5,1,2,winter,0
ITM008,Yogurt,Dairy,HH008,2026-02-22,0.73,cups,6,1,2,winter,0
ITM008,Yogurt,Dairy,HH008,2026-02-26,0.53,cups,3,0,2,winter,0
ITM008,Yogurt,Dairy,HH008,2026-03-02,0.55,cups,0,0,3,spring,0
ITM008,Yogurt,Dairy,HH008,2026-03-04,0.74,cups,2,0,3,spring,0
ITM008,Yogurt,Dairy,HH008,2026-03-12,0.7,cups,3,0,3,spring,0
ITM008,Yogurt,Dairy,HH008,2026-03-19,0.51,cups,3,0,3,spring,0
ITM008,Yogurt,Dairy,HH008,2026-03-23,0.71,cups,0,0,3,spring,0
ITM008,Yogurt,Dairy,HH008,2026-03-27,0.52,cups,4,0,3,spring,0
ITM008,Yogurt,Dairy,HH008,2026-04-05,0.62,cups,6,1,4,spring,0
ITM008,Yogurt,Dairy,HH008,2026-04-11,0.82,cups,5,1,4,spring,0
ITM008,Yogurt,Dairy,HH008,2026-04-13,0.45,cups,0,0,4,spring,0
ITM008,Yogurt,Dairy,HH008,2026-04-16,0.59,cups,3,0,4,spring,0
ITM008,Yogurt,Dairy,HH008,2026-04-19,0.83,cups,6,1,4,spring,0
ITM008,Yogurt,Dairy,HH008,2026-04-26,0.75,cups,6,1,4,spring,0
ITM008,Yogurt,Dairy,HH008,2026-04-27,0.62,cups,0,0,4,spring,0
ITM008,Yogurt,Dairy,HH008,2026-05-01,0.85,cups,4,0,5,spring,1
ITM008,Yogurt,Dairy,HH008,2026-05-07,0.46,cups,3,0,5,spring,0
ITM008,Yogurt,Dairy,HH008,2026-05-10,0.56,cups,6,1,5,spring,0
ITM008,Yogurt,Dairy,HH008,2026-05-12,0.54,cups,1,0,5,spring,0
ITM008,Yogurt,Dairy,HH008,2026-05-19,0.74,cups,1,0,5,spring,0
ITM008,Yogurt,Dairy,HH008,2026-05-20,0.57,cups,2,0,5,spring,0
ITM008,Yogurt,Dairy,HH008,2026-05-23,0.63,cups,5,1,5,spring,0
ITM008,Yogurt,Dairy,HH008,2026-05-24,0.62,cups,6,1,5,spring,0
ITM008,Yogurt,Dairy,HH008,2026-05-25,0.54,cups,0,0,5,spring,0
ITM008,Yogurt,Dairy,HH008,2026-05-29,0.64,cups,4,0,5,spring,0
ITM008,Yogurt,Dairy,HH008,2026-05-30,0.85,cups,5,1,5,spring,0
ITM008,Yogurt,Dairy,HH008,2026-06-05,0.53,cups,4,0,6,summer,0
ITM008,Yogurt,Dairy,HH008,2026-06-06,0.98,cups,5,1,6,summer,1
ITM008,Yogurt,Dairy,HH008,2026-06-09,0.58,cups,1,0,6,summer,0
ITM008,Yogurt,Dairy,HH008,2026-06-10,0.57,cups,2,0,6,summer,0
ITM008,Yogurt,Dairy,HH008,2026-06-11,0.84,cups,3,0,6,summer,0
ITM008,Yogurt,Dairy,HH008,2026-06-13,0.71,cups,5,1,6,summer,0
ITM008,Yogurt,Dairy,HH008,2026-06-14,0.74,cups,6,1,6,summer,0
ITM008,Yogurt,Dairy,HH008,2026-06-21,0.7,cups,6,1,6,summer,0
ITM008,Yogurt,Dairy,HH009,2026-01-03,0.64,cups,5,1,1,winter,0
ITM008,Yogurt,Dairy,HH009,2026-01-08,0.59,cups,3,0,1,winter,0
ITM008,Yogurt,Dairy,HH009,2026-01-11,0.9,cups,6,1,1,winter,0
ITM008,Yogurt,Dairy,HH009,2026-01-13,0.47,cups,1,0,1,winter,0
ITM008,Yogurt,Dairy,HH009,2026-01-16,0.66,cups,4,0,1,winter,0
ITM008,Yogurt,Dairy,HH009,2026-01-18,1.05,cups,6,1,1,winter,0
ITM008,Yogurt,Dairy,HH009,2026-01-22,0.76,cups,3,0,1,winter,0
ITM008,Yogurt,Dairy,HH009,2026-01-23,0.56,cups,4,0,1,winter,0
ITM008,Yogurt,Dairy,HH009,2026-01-30,0.64,cups,4,0,1,winter,0
ITM008,Yogurt,Dairy,HH009,2026-02-01,0.79,cups,6,1,2,winter,0
ITM008,Yogurt,Dairy,HH009,2026-02-03,0.63,cups,1,0,2,winter,0
ITM008,Yogurt,Dairy,HH009,2026-02-08,0.84,cups,6,1,2,winter,0
ITM008,Yogurt,Dairy,HH009,2026-02-12,0.49,cups,3,0,2,winter,0
ITM008,Yogurt,Dairy,HH009,2026-02-15,1.11,cups,6,1,2,winter,0
ITM008,Yogurt,Dairy,HH009,2026-02-16,0.47,cups,0,0,2,winter,0
ITM008,Yogurt,Dairy,HH009,2026-02-17,0.63,cups,1,0,2,winter,0
ITM008,Yogurt,Dairy,HH009,2026-02-19,0.68,cups,3,0,2,winter,0
ITM008,Yogurt,Dairy,HH009,2026-02-21,0.59,cups,5,1,2,winter,0
ITM008,Yogurt,Dairy,HH009,2026-02-24,0.53,cups,1,0,2,winter,0
ITM008,Yogurt,Dairy,HH009,2026-03-01,1.22,cups,6,1,3,spring,0
ITM008,Yogurt,Dairy,HH009,2026-03-14,0.84,cups,5,1,3,spring,0
ITM008,Yogurt,Dairy,HH009,2026-03-18,0.71,cups,2,0,3,spring,0
ITM008,Yogurt,Dairy,HH009,2026-03-28,0.76,cups,5,1,3,spring,0
ITM008,Yogurt,Dairy,HH009,2026-04-05,0.94,cups,6,1,4,spring,0
ITM008,Yogurt,Dairy,HH009,2026-04-13,0.57,cups,0,0,4,spring,0
ITM008,Yogurt,Dairy,HH009,2026-04-26,1.05,cups,6,1,4,spring,0
ITM008,Yogurt,Dairy,HH009,2026-05-01,1.05,cups,4,0,5,spring,1
ITM008,Yogurt,Dairy,HH009,2026-05-03,0.89,cups,6,1,5,spring,0
ITM008,Yogurt,Dairy,HH009,2026-05-06,0.68,cups,2,0,5,spring,0
ITM008,Yogurt,Dairy,HH009,2026-05-07,0.61,cups,3,0,5,spring,0
ITM008,Yogurt,Dairy,HH009,2026-05-09,0.95,cups,5,1,5,spring,0
ITM008,Yogurt,Dairy,HH009,2026-05-14,0.72,cups,3,0,5,spring,0
ITM008,Yogurt,Dairy,HH009,2026-05-21,0.55,cups,3,0,5,spring,0
ITM008,Yogurt,Dairy,HH009,2026-05-26,0.64,cups,1,0,5,spring,0
ITM008,Yogurt,Dairy,HH009,2026-05-28,0.66,cups,3,0,5,spring,0
ITM008,Yogurt,Dairy,HH009,2026-05-30,0.95,cups,5,1,5,spring,0
ITM008,Yogurt,Dairy,HH009,2026-06-01,0.61,cups,0,0,6,summer,0
ITM008,Yogurt,Dairy,HH009,2026-06-05,0.68,cups,4,0,6,summer,0
ITM008,Yogurt,Dairy,HH009,2026-06-07,0.82,cups,6,1,6,summer,0
ITM008,Yogurt,Dairy,HH009,2026-06-08,0.72,cups,0,0,6,summer,0
ITM008,Yogurt,Dairy,HH009,2026-06-24,0.54,cups,2,0,6,summer,0
ITM008,Yogurt,Dairy,HH009,2026-06-26,0.71,cups,4,0,6,summer,0
ITM008,Yogurt,Dairy,HH009,2026-06-27,0.89,cups,5,1,6,summer,0
ITM008,Yogurt,Dairy,HH010,2026-01-05,0.23,cups,0,0,1,winter,0
ITM008,Yogurt,Dairy,HH010,2026-01-07,0.34,cups,2,0,1,winter,0
ITM008,Yogurt,Dairy,HH010,2026-01-08,0.47,cups,3,0,1,winter,0
ITM008,Yogurt,Dairy,HH010,2026-01-14,0.36,cups,2,0,1,winter,0
ITM008,Yogurt,Dairy,HH010,2026-01-17,0.47,cups,5,1,1,winter,0
ITM008,Yogurt,Dairy,HH010,2026-01-19,0.39,cups,0,0,1,winter,0
ITM008,Yogurt,Dairy,HH010,2026-01-21,0.43,cups,2,0,1,winter,0
ITM008,Yogurt,Dairy,HH010,2026-01-27,0.35,cups,1,0,1,winter,0
ITM008,Yogurt,Dairy,HH010,2026-01-30,0.28,cups,4,0,1,winter,0
ITM008,Yogurt,Dairy,HH010,2026-02-01,0.58,cups,6,1,2,winter,0
ITM008,Yogurt,Dairy,HH010,2026-02-04,0.43,cups,2,0,2,winter,0
ITM008,Yogurt,Dairy,HH010,2026-02-11,0.35,cups,2,0,2,winter,0
ITM008,Yogurt,Dairy,HH010,2026-02-18,0.4,cups,2,0,2,winter,0
ITM008,Yogurt,Dairy,HH010,2026-02-24,0.33,cups,1,0,2,winter,0
ITM008,Yogurt,Dairy,HH010,2026-02-25,0.39,cups,2,0,2,winter,0
ITM008,Yogurt,Dairy,HH010,2026-02-27,0.38,cups,4,0,2,winter,0
ITM008,Yogurt,Dairy,HH010,2026-03-07,0.43,cups,5,1,3,spring,0
ITM008,Yogurt,Dairy,HH010,2026-03-13,0.3,cups,4,0,3,spring,0
ITM008,Yogurt,Dairy,HH010,2026-03-15,0.72,cups,6,1,3,spring,0
ITM008,Yogurt,Dairy,HH010,2026-03-17,0.34,cups,1,0,3,spring,0
ITM008,Yogurt,Dairy,HH010,2026-03-18,0.44,cups,2,0,3,spring,0
ITM008,Yogurt,Dairy,HH010,2026-03-19,0.28,cups,3,0,3,spring,0
ITM008,Yogurt,Dairy,HH010,2026-03-25,0.32,cups,2,0,3,spring,0
ITM008,Yogurt,Dairy,HH010,2026-03-26,0.43,cups,3,0,3,spring,0
ITM008,Yogurt,Dairy,HH010,2026-03-30,0.38,cups,0,0,3,spring,0
ITM008,Yogurt,Dairy,HH010,2026-04-03,0.34,cups,4,0,4,spring,0
ITM008,Yogurt,Dairy,HH010,2026-04-09,0.34,cups,3,0,4,spring,0
ITM008,Yogurt,Dairy,HH010,2026-04-11,0.4,cups,5,1,4,spring,0
ITM008,Yogurt,Dairy,HH010,2026-04-12,0.56,cups,6,1,4,spring,0
ITM008,Yogurt,Dairy,HH010,2026-04-14,0.55,cups,1,0,4,spring,1
ITM008,Yogurt,Dairy,HH010,2026-04-17,0.39,cups,4,0,4,spring,0
ITM008,Yogurt,Dairy,HH010,2026-04-18,0.58,cups,5,1,4,spring,0
ITM008,Yogurt,Dairy,HH010,2026-04-21,0.39,cups,1,0,4,spring,0
ITM008,Yogurt,Dairy,HH010,2026-04-22,0.41,cups,2,0,4,spring,0
ITM008,Yogurt,Dairy,HH010,2026-04-23,0.35,cups,3,0,4,spring,0
ITM008,Yogurt,Dairy,HH010,2026-04-30,0.24,cups,3,0,4,spring,0
ITM008,Yogurt,Dairy,HH010,2026-05-06,0.31,cups,2,0,5,spring,0
ITM008,Yogurt,Dairy,HH010,2026-05-07,0.34,cups,3,0,5,spring,0
ITM008,Yogurt,Dairy,HH010,2026-05-09,0.52,cups,5,1,5,spring,0
ITM008,Yogurt,Dairy,HH010,2026-05-14,0.39,cups,3,0,5,spring,0
ITM008,Yogurt,Dairy,HH010,2026-05-15,0.27,cups,4,0,5,spring,0
ITM008,Yogurt,Dairy,HH010,2026-05-18,0.4,cups,0,0,5,spring,0
ITM008,Yogurt,Dairy,HH010,2026-05-24,0.5,cups,6,1,5,spring,0
ITM008,Yogurt,Dairy,HH010,2026-05-26,0.37,cups,1,0,5,spring,0
ITM008,Yogurt,Dairy,HH010,2026-05-30,0.47,cups,5,1,5,spring,0
ITM008,Yogurt,Dairy,HH010,2026-06-02,0.4,cups,1,0,6,summer,0
ITM008,Yogurt,Dairy,HH010,2026-06-09,0.32,cups,1,0,6,summer,0
ITM008,Yogurt,Dairy,HH010,2026-06-15,0.39,cups,0,0,6,summer,0
ITM008,Yogurt,Dairy,HH010,2026-06-16,0.32,cups,1,0,6,summer,0
ITM008,Yogurt,Dairy,HH010,2026-06-19,0.33,cups,4,0,6,summer,0
ITM008,Yogurt,Dairy,HH010,2026-06-20,0.38,cups,5,1,6,summer,0
ITM008,Yogurt,Dairy,HH010,2026-06-22,0.32,cups,0,0,6,summer,0
ITM008,Yogurt,Dairy,HH010,2026-06-26,0.33,cups,4,0,6,summer,0
ITM008,Yogurt,Dairy,HH010,2026-06-29,0.43,cups,0,0,6,summer,0
ITM008,Yogurt,Dairy,HH011,2026-01-04,0.59,cups,6,1,1,winter,0
ITM008,Yogurt,Dairy,HH011,2026-01-09,0.4,cups,4,0,1,winter,0
ITM008,Yogurt,Dairy,HH011,2026-01-10,0.82,cups,5,1,1,winter,0
ITM008,Yogurt,Dairy,HH011,2026-01-11,0.48,cups,6,1,1,winter,0
ITM008,Yogurt,Dairy,HH011,2026-01-13,0.36,cups,1,0,1,winter,0
ITM008,Yogurt,Dairy,HH011,2026-01-16,0.4,cups,4,0,1,winter,0
ITM008,Yogurt,Dairy,HH011,2026-01-17,0.65,cups,5,1,1,winter,0
ITM008,Yogurt,Dairy,HH011,2026-01-18,0.58,cups,6,1,1,winter,0
ITM008,Yogurt,Dairy,HH011,2026-01-21,0.46,cups,2,0,1,winter,0
ITM008,Yogurt,Dairy,HH011,2026-01-27,0.56,cups,1,0,1,winter,0
ITM008,Yogurt,Dairy,HH011,2026-01-29,0.36,cups,3,0,1,winter,0
ITM008,Yogurt,Dairy,HH011,2026-01-31,0.54,cups,5,1,1,winter,0
ITM008,Yogurt,Dairy,HH011,2026-02-01,0.8,cups,6,1,2,winter,0
ITM008,Yogurt,Dairy,HH011,2026-02-04,0.36,cups,2,0,2,winter,0
ITM008,Yogurt,Dairy,HH011,2026-02-05,0.38,cups,3,0,2,winter,0
ITM008,Yogurt,Dairy,HH011,2026-02-13,0.4,cups,4,0,2,winter,0
ITM008,Yogurt,Dairy,HH011,2026-02-17,0.51,cups,1,0,2,winter,0
ITM008,Yogurt,Dairy,HH011,2026-03-06,0.33,cups,4,0,3,spring,0
ITM008,Yogurt,Dairy,HH011,2026-03-08,1.22,cups,6,1,3,spring,1
ITM008,Yogurt,Dairy,HH011,2026-03-11,0.44,cups,2,0,3,spring,0
ITM008,Yogurt,Dairy,HH011,2026-03-15,0.56,cups,6,1,3,spring,0
ITM008,Yogurt,Dairy,HH011,2026-03-16,0.5,cups,0,0,3,spring,0
ITM008,Yogurt,Dairy,HH011,2026-03-22,0.63,cups,6,1,3,spring,0
ITM008,Yogurt,Dairy,HH011,2026-03-26,0.56,cups,3,0,3,spring,0
ITM008,Yogurt,Dairy,HH011,2026-03-27,0.45,cups,4,0,3,spring,0
ITM008,Yogurt,Dairy,HH011,2026-03-31,0.33,cups,1,0,3,spring,0
ITM008,Yogurt,Dairy,HH011,2026-04-05,0.53,cups,6,1,4,spring,0
ITM008,Yogurt,Dairy,HH011,2026-04-08,0.4,cups,2,0,4,spring,0
ITM008,Yogurt,Dairy,HH011,2026-04-11,0.82,cups,5,1,4,spring,0
ITM008,Yogurt,Dairy,HH011,2026-04-12,0.52,cups,6,1,4,spring,0
ITM008,Yogurt,Dairy,HH011,2026-04-19,0.35,cups,6,1,4,spring,0
ITM008,Yogurt,Dairy,HH011,2026-04-22,0.52,cups,2,0,4,spring,0
ITM008,Yogurt,Dairy,HH011,2026-04-27,0.3,cups,0,0,4,spring,0
ITM008,Yogurt,Dairy,HH011,2026-05-02,0.6,cups,5,1,5,spring,0
ITM008,Yogurt,Dairy,HH011,2026-05-07,0.31,cups,3,0,5,spring,0
ITM008,Yogurt,Dairy,HH011,2026-05-10,0.59,cups,6,1,5,spring,0
ITM008,Yogurt,Dairy,HH011,2026-05-16,0.5,cups,5,1,5,spring,0
ITM008,Yogurt,Dairy,HH011,2026-05-18,0.36,cups,0,0,5,spring,0
ITM008,Yogurt,Dairy,HH011,2026-05-23,0.49,cups,5,1,5,spring,0
ITM008,Yogurt,Dairy,HH011,2026-05-26,0.53,cups,1,0,5,spring,0
ITM008,Yogurt,Dairy,HH011,2026-05-29,0.37,cups,4,0,5,spring,0
ITM008,Yogurt,Dairy,HH011,2026-06-02,0.36,cups,1,0,6,summer,0
ITM008,Yogurt,Dairy,HH011,2026-06-19,0.38,cups,4,0,6,summer,0
ITM008,Yogurt,Dairy,HH011,2026-06-20,0.56,cups,5,1,6,summer,0
ITM008,Yogurt,Dairy,HH012,2026-01-02,0.54,cups,4,0,1,winter,0
ITM008,Yogurt,Dairy,HH012,2026-01-05,0.35,cups,0,0,1,winter,0
ITM008,Yogurt,Dairy,HH012,2026-01-09,0.4,cups,4,0,1,winter,0
ITM008,Yogurt,Dairy,HH012,2026-01-11,0.89,cups,6,1,1,winter,0
ITM008,Yogurt,Dairy,HH012,2026-01-13,0.54,cups,1,0,1,winter,0
ITM008,Yogurt,Dairy,HH012,2026-01-17,0.77,cups,5,1,1,winter,0
ITM008,Yogurt,Dairy,HH012,2026-01-19,0.54,cups,0,0,1,winter,0
ITM008,Yogurt,Dairy,HH012,2026-01-22,0.43,cups,3,0,1,winter,0
ITM008,Yogurt,Dairy,HH012,2026-01-24,0.71,cups,5,1,1,winter,0
ITM008,Yogurt,Dairy,HH012,2026-01-25,0.87,cups,6,1,1,winter,0
ITM008,Yogurt,Dairy,HH012,2026-01-28,0.4,cups,2,0,1,winter,0
ITM008,Yogurt,Dairy,HH012,2026-01-29,0.51,cups,3,0,1,winter,0
ITM008,Yogurt,Dairy,HH012,2026-01-31,0.72,cups,5,1,1,winter,0
ITM008,Yogurt,Dairy,HH012,2026-02-02,0.52,cups,0,0,2,winter,0
ITM008,Yogurt,Dairy,HH012,2026-02-03,0.52,cups,1,0,2,winter,0
ITM008,Yogurt,Dairy,HH012,2026-02-08,0.69,cups,6,1,2,winter,0
ITM008,Yogurt,Dairy,HH012,2026-02-21,0.71,cups,5,1,2,winter,0
ITM008,Yogurt,Dairy,HH012,2026-02-27,0.44,cups,4,0,2,winter,0
ITM008,Yogurt,Dairy,HH012,2026-03-01,0.7,cups,6,1,3,spring,0
ITM008,Yogurt,Dairy,HH012,2026-03-02,0.36,cups,0,0,3,spring,0
ITM008,Yogurt,Dairy,HH012,2026-03-03,0.49,cups,1,0,3,spring,0
ITM008,Yogurt,Dairy,HH012,2026-03-04,0.45,cups,2,0,3,spring,0
ITM008,Yogurt,Dairy,HH012,2026-03-11,0.45,cups,2,0,3,spring,0
ITM008,Yogurt,Dairy,HH012,2026-03-17,0.58,cups,1,0,3,spring,0
ITM008,Yogurt,Dairy,HH012,2026-03-19,0.59,cups,3,0,3,spring,0
ITM008,Yogurt,Dairy,HH012,2026-03-20,0.58,cups,4,0,3,spring,0
ITM008,Yogurt,Dairy,HH012,2026-03-22,0.7,cups,6,1,3,spring,0
ITM008,Yogurt,Dairy,HH012,2026-03-24,0.48,cups,1,0,3,spring,0
ITM008,Yogurt,Dairy,HH012,2026-03-25,0.5,cups,2,0,3,spring,0
ITM008,Yogurt,Dairy,HH012,2026-03-26,0.57,cups,3,0,3,spring,0
ITM008,Yogurt,Dairy,HH012,2026-03-27,0.5,cups,4,0,3,spring,0
ITM008,Yogurt,Dairy,HH012,2026-03-28,0.73,cups,5,1,3,spring,0
ITM008,Yogurt,Dairy,HH012,2026-03-31,0.58,cups,1,0,3,spring,0
ITM008,Yogurt,Dairy,HH012,2026-04-01,0.38,cups,2,0,4,spring,0
ITM008,Yogurt,Dairy,HH012,2026-04-17,0.51,cups,4,0,4,spring,0
ITM008,Yogurt,Dairy,HH012,2026-04-20,0.4,cups,0,0,4,spring,0
ITM008,Yogurt,Dairy,HH012,2026-04-25,0.93,cups,5,1,4,spring,0
ITM008,Yogurt,Dairy,HH012,2026-04-26,0.67,cups,6,1,4,spring,0
ITM008,Yogurt,Dairy,HH012,2026-04-29,0.6,cups,2,0,4,spring,0
ITM008,Yogurt,Dairy,HH012,2026-05-02,0.69,cups,5,1,5,spring,0
ITM008,Yogurt,Dairy,HH012,2026-05-04,0.46,cups,0,0,5,spring,0
ITM008,Yogurt,Dairy,HH012,2026-05-06,0.49,cups,2,0,5,spring,0
ITM008,Yogurt,Dairy,HH012,2026-05-08,0.37,cups,4,0,5,spring,0
ITM008,Yogurt,Dairy,HH012,2026-05-09,0.68,cups,5,1,5,spring,0
ITM008,Yogurt,Dairy,HH012,2026-05-11,0.54,cups,0,0,5,spring,0
ITM008,Yogurt,Dairy,HH012,2026-05-20,0.57,cups,2,0,5,spring,0
ITM008,Yogurt,Dairy,HH012,2026-06-12,0.52,cups,4,0,6,summer,0
ITM008,Yogurt,Dairy,HH012,2026-06-15,0.56,cups,0,0,6,summer,0
ITM008,Yogurt,Dairy,HH012,2026-06-16,0.5,cups,1,0,6,summer,0
ITM008,Yogurt,Dairy,HH012,2026-06-17,0.51,cups,2,0,6,summer,0
ITM008,Yogurt,Dairy,HH012,2026-06-23,0.62,cups,1,0,6,summer,0
ITM008,Yogurt,Dairy,HH012,2026-06-25,0.32,cups,3,0,6,summer,0
ITM008,Yogurt,Dairy,HH012,2026-06-26,0.44,cups,4,0,6,summer,0
ITM008,Yogurt,Dairy,HH013,2026-01-03,0.75,cups,5,1,1,winter,0
ITM008,Yogurt,Dairy,HH013,2026-01-08,0.58,cups,3,0,1,winter,0
ITM008,Yogurt,Dairy,HH013,2026-01-14,0.44,cups,2,0,1,winter,0
ITM008,Yogurt,Dairy,HH013,2026-01-16,0.44,cups,4,0,1,winter,0
ITM008,Yogurt,Dairy,HH013,2026-01-19,0.54,cups,0,0,1,winter,0
ITM008,Yogurt,Dairy,HH013,2026-01-30,0.59,cups,4,0,1,winter,0
ITM008,Yogurt,Dairy,HH013,2026-01-31,0.5,cups,5,1,1,winter,0
ITM008,Yogurt,Dairy,HH013,2026-02-09,0.65,cups,0,0,2,winter,0
ITM008,Yogurt,Dairy,HH013,2026-02-15,0.66,cups,6,1,2,winter,0
ITM008,Yogurt,Dairy,HH013,2026-02-21,0.85,cups,5,1,2,winter,0
ITM008,Yogurt,Dairy,HH013,2026-02-28,0.94,cups,5,1,2,winter,0
ITM008,Yogurt,Dairy,HH013,2026-03-04,0.61,cups,2,0,3,spring,0
ITM008,Yogurt,Dairy,HH013,2026-03-05,0.66,cups,3,0,3,spring,0
ITM008,Yogurt,Dairy,HH013,2026-03-07,0.67,cups,5,1,3,spring,0
ITM008,Yogurt,Dairy,HH013,2026-03-08,1.13,cups,6,1,3,spring,1
ITM008,Yogurt,Dairy,HH013,2026-03-09,0.49,cups,0,0,3,spring,0
ITM008,Yogurt,Dairy,HH013,2026-03-15,0.77,cups,6,1,3,spring,0
ITM008,Yogurt,Dairy,HH013,2026-03-19,0.63,cups,3,0,3,spring,0
ITM008,Yogurt,Dairy,HH013,2026-03-26,0.65,cups,3,0,3,spring,0
ITM008,Yogurt,Dairy,HH013,2026-04-02,0.45,cups,3,0,4,spring,0
ITM008,Yogurt,Dairy,HH013,2026-04-08,0.3,cups,2,0,4,spring,0
ITM008,Yogurt,Dairy,HH013,2026-04-10,0.71,cups,4,0,4,spring,0
ITM008,Yogurt,Dairy,HH013,2026-04-12,1.08,cups,6,1,4,spring,0
ITM008,Yogurt,Dairy,HH013,2026-04-16,0.62,cups,3,0,4,spring,0
ITM008,Yogurt,Dairy,HH013,2026-04-20,0.59,cups,0,0,4,spring,0
ITM008,Yogurt,Dairy,HH013,2026-04-24,0.64,cups,4,0,4,spring,0
ITM008,Yogurt,Dairy,HH013,2026-05-06,0.65,cups,2,0,5,spring,0
ITM008,Yogurt,Dairy,HH013,2026-05-07,0.58,cups,3,0,5,spring,0
ITM008,Yogurt,Dairy,HH013,2026-05-14,0.64,cups,3,0,5,spring,0
ITM008,Yogurt,Dairy,HH013,2026-05-16,0.74,cups,5,1,5,spring,0
ITM008,Yogurt,Dairy,HH013,2026-05-20,0.6,cups,2,0,5,spring,0
ITM008,Yogurt,Dairy,HH013,2026-06-02,0.44,cups,1,0,6,summer,0
ITM008,Yogurt,Dairy,HH013,2026-06-04,0.45,cups,3,0,6,summer,0
ITM008,Yogurt,Dairy,HH013,2026-06-05,0.71,cups,4,0,6,summer,0
ITM008,Yogurt,Dairy,HH013,2026-06-06,1.21,cups,5,1,6,summer,1
ITM008,Yogurt,Dairy,HH013,2026-06-07,0.85,cups,6,1,6,summer,0
ITM008,Yogurt,Dairy,HH013,2026-06-08,0.61,cups,0,0,6,summer,0
ITM008,Yogurt,Dairy,HH013,2026-06-10,0.68,cups,2,0,6,summer,0
ITM008,Yogurt,Dairy,HH013,2026-06-11,0.52,cups,3,0,6,summer,0
ITM008,Yogurt,Dairy,HH013,2026-06-12,0.57,cups,4,0,6,summer,0
ITM008,Yogurt,Dairy,HH013,2026-06-16,0.75,cups,1,0,6,summer,0
ITM008,Yogurt,Dairy,HH013,2026-06-18,0.47,cups,3,0,6,summer,0
ITM008,Yogurt,Dairy,HH013,2026-06-21,0.7,cups,6,1,6,summer,0
ITM008,Yogurt,Dairy,HH013,2026-06-22,0.55,cups,0,0,6,summer,0
ITM008,Yogurt,Dairy,HH013,2026-06-23,0.61,cups,1,0,6,summer,0
ITM008,Yogurt,Dairy,HH013,2026-06-28,0.98,cups,6,1,6,summer,0
ITM008,Yogurt,Dairy,HH014,2026-01-02,0.67,cups,4,0,1,winter,0
ITM008,Yogurt,Dairy,HH014,2026-01-04,0.87,cups,6,1,1,winter,0
ITM008,Yogurt,Dairy,HH014,2026-01-06,0.6,cups,1,0,1,winter,0
ITM008,Yogurt,Dairy,HH014,2026-01-07,0.73,cups,2,0,1,winter,0
ITM008,Yogurt,Dairy,HH014,2026-01-10,0.91,cups,5,1,1,winter,0
ITM008,Yogurt,Dairy,HH014,2026-01-12,0.55,cups,0,0,1,winter,0
ITM008,Yogurt,Dairy,HH014,2026-01-27,0.51,cups,1,0,1,winter,0
ITM008,Yogurt,Dairy,HH014,2026-01-30,0.74,cups,4,0,1,winter,0
ITM008,Yogurt,Dairy,HH014,2026-02-02,0.66,cups,0,0,2,winter,0
ITM008,Yogurt,Dairy,HH014,2026-02-03,0.7,cups,1,0,2,winter,0
ITM008,Yogurt,Dairy,HH014,2026-02-04,0.56,cups,2,0,2,winter,0
ITM008,Yogurt,Dairy,HH014,2026-02-06,0.68,cups,4,0,2,winter,0
ITM008,Yogurt,Dairy,HH014,2026-02-11,0.49,cups,2,0,2,winter,0
ITM008,Yogurt,Dairy,HH014,2026-02-16,0.71,cups,0,0,2,winter,0
ITM008,Yogurt,Dairy,HH014,2026-02-19,0.6,cups,3,0,2,winter,0
ITM008,Yogurt,Dairy,HH014,2026-02-20,0.56,cups,4,0,2,winter,0
ITM008,Yogurt,Dairy,HH014,2026-02-26,0.72,cups,3,0,2,winter,0
ITM008,Yogurt,Dairy,HH014,2026-02-28,0.95,cups,5,1,2,winter,0
ITM008,Yogurt,Dairy,HH014,2026-03-01,0.63,cups,6,1,3,spring,0
ITM008,Yogurt,Dairy,HH014,2026-03-06,0.62,cups,4,0,3,spring,0
ITM008,Yogurt,Dairy,HH014,2026-03-08,1.65,cups,6,1,3,spring,1
ITM008,Yogurt,Dairy,HH014,2026-03-09,0.61,cups,0,0,3,spring,0
ITM008,Yogurt,Dairy,HH014,2026-03-11,0.66,cups,2,0,3,spring,0
ITM008,Yogurt,Dairy,HH014,2026-03-14,0.9,cups,5,1,3,spring,0
ITM008,Yogurt,Dairy,HH014,2026-03-15,0.88,cups,6,1,3,spring,0
ITM008,Yogurt,Dairy,HH014,2026-03-19,0.59,cups,3,0,3,spring,0
ITM008,Yogurt,Dairy,HH014,2026-03-20,0.67,cups,4,0,3,spring,0
ITM008,Yogurt,Dairy,HH014,2026-03-24,0.72,cups,1,0,3,spring,0
ITM008,Yogurt,Dairy,HH014,2026-03-25,0.68,cups,2,0,3,spring,0
ITM008,Yogurt,Dairy,HH014,2026-03-26,0.62,cups,3,0,3,spring,0
ITM008,Yogurt,Dairy,HH014,2026-03-31,0.66,cups,1,0,3,spring,0
ITM008,Yogurt,Dairy,HH014,2026-04-06,0.56,cups,0,0,4,spring,0
ITM008,Yogurt,Dairy,HH014,2026-04-07,0.72,cups,1,0,4,spring,0
ITM008,Yogurt,Dairy,HH014,2026-04-08,0.6,cups,2,0,4,spring,0
ITM008,Yogurt,Dairy,HH014,2026-04-09,0.82,cups,3,0,4,spring,0
ITM008,Yogurt,Dairy,HH014,2026-04-12,1.16,cups,6,1,4,spring,0
ITM008,Yogurt,Dairy,HH014,2026-04-16,0.64,cups,3,0,4,spring,0
ITM008,Yogurt,Dairy,HH014,2026-04-21,0.66,cups,1,0,4,spring,0
ITM008,Yogurt,Dairy,HH014,2026-04-22,0.65,cups,2,0,4,spring,0
ITM008,Yogurt,Dairy,HH014,2026-04-23,0.67,cups,3,0,4,spring,0
ITM008,Yogurt,Dairy,HH014,2026-05-03,1.14,cups,6,1,5,spring,0
ITM008,Yogurt,Dairy,HH014,2026-05-05,0.41,cups,1,0,5,spring,0
ITM008,Yogurt,Dairy,HH014,2026-05-10,0.91,cups,6,1,5,spring,0
ITM008,Yogurt,Dairy,HH014,2026-05-12,0.56,cups,1,0,5,spring,0
ITM008,Yogurt,Dairy,HH014,2026-05-14,0.75,cups,3,0,5,spring,0
ITM008,Yogurt,Dairy,HH014,2026-05-17,1.05,cups,6,1,5,spring,0
ITM008,Yogurt,Dairy,HH014,2026-05-24,0.97,cups,6,1,5,spring,0
ITM008,Yogurt,Dairy,HH014,2026-05-25,0.69,cups,0,0,5,spring,0
ITM008,Yogurt,Dairy,HH014,2026-06-04,0.52,cups,3,0,6,summer,0
ITM008,Yogurt,Dairy,HH014,2026-06-05,0.69,cups,4,0,6,summer,0
ITM008,Yogurt,Dairy,HH014,2026-06-09,0.76,cups,1,0,6,summer,0
ITM008,Yogurt,Dairy,HH014,2026-06-19,0.7,cups,4,0,6,summer,0
ITM008,Yogurt,Dairy,HH014,2026-06-24,0.79,cups,2,0,6,summer,0
ITM008,Yogurt,Dairy,HH014,2026-06-25,0.75,cups,3,0,6,summer,0
ITM008,Yogurt,Dairy,HH015,2026-01-05,0.32,cups,0,0,1,winter,0
ITM008,Yogurt,Dairy,HH015,2026-01-08,0.32,cups,3,0,1,winter,0
ITM008,Yogurt,Dairy,HH015,2026-01-14,0.31,cups,2,0,1,winter,0
ITM008,Yogurt,Dairy,HH015,2026-01-15,0.28,cups,3,0,1,winter,0
ITM008,Yogurt,Dairy,HH015,2026-01-18,0.45,cups,6,1,1,winter,0
ITM008,Yogurt,Dairy,HH015,2026-01-25,0.45,cups,6,1,1,winter,0
ITM008,Yogurt,Dairy,HH015,2026-01-31,0.52,cups,5,1,1,winter,0
ITM008,Yogurt,Dairy,HH015,2026-02-01,0.55,cups,6,1,2,winter,0
ITM008,Yogurt,Dairy,HH015,2026-02-02,0.34,cups,0,0,2,winter,0
ITM008,Yogurt,Dairy,HH015,2026-02-04,0.35,cups,2,0,2,winter,0
ITM008,Yogurt,Dairy,HH015,2026-02-05,0.31,cups,3,0,2,winter,0
ITM008,Yogurt,Dairy,HH015,2026-02-07,0.48,cups,5,1,2,winter,0
ITM008,Yogurt,Dairy,HH015,2026-02-09,0.42,cups,0,0,2,winter,0
ITM008,Yogurt,Dairy,HH015,2026-02-12,0.28,cups,3,0,2,winter,0
ITM008,Yogurt,Dairy,HH015,2026-02-13,0.35,cups,4,0,2,winter,0
ITM008,Yogurt,Dairy,HH015,2026-02-15,0.48,cups,6,1,2,winter,0
ITM008,Yogurt,Dairy,HH015,2026-02-16,0.35,cups,0,0,2,winter,0
ITM008,Yogurt,Dairy,HH015,2026-02-28,0.48,cups,5,1,2,winter,0
ITM008,Yogurt,Dairy,HH015,2026-03-03,0.33,cups,1,0,3,spring,0
ITM008,Yogurt,Dairy,HH015,2026-03-05,0.31,cups,3,0,3,spring,0
ITM008,Yogurt,Dairy,HH015,2026-03-06,0.3,cups,4,0,3,spring,0
ITM008,Yogurt,Dairy,HH015,2026-03-09,0.36,cups,0,0,3,spring,0
ITM008,Yogurt,Dairy,HH015,2026-03-10,0.27,cups,1,0,3,spring,0
ITM008,Yogurt,Dairy,HH015,2026-03-13,0.36,cups,4,0,3,spring,0
ITM008,Yogurt,Dairy,HH015,2026-03-18,0.36,cups,2,0,3,spring,0
ITM008,Yogurt,Dairy,HH015,2026-03-20,0.43,cups,4,0,3,spring,0
ITM008,Yogurt,Dairy,HH015,2026-03-21,0.49,cups,5,1,3,spring,0
ITM008,Yogurt,Dairy,HH015,2026-03-29,0.37,cups,6,1,3,spring,0
ITM008,Yogurt,Dairy,HH015,2026-03-31,0.22,cups,1,0,3,spring,0
ITM008,Yogurt,Dairy,HH015,2026-04-04,0.37,cups,5,1,4,spring,0
ITM008,Yogurt,Dairy,HH015,2026-04-14,0.7,cups,1,0,4,spring,1
ITM008,Yogurt,Dairy,HH015,2026-04-15,0.42,cups,2,0,4,spring,0
ITM008,Yogurt,Dairy,HH015,2026-04-18,0.56,cups,5,1,4,spring,0
ITM008,Yogurt,Dairy,HH015,2026-04-20,0.31,cups,0,0,4,spring,0
ITM008,Yogurt,Dairy,HH015,2026-04-23,0.26,cups,3,0,4,spring,0
ITM008,Yogurt,Dairy,HH015,2026-04-24,0.39,cups,4,0,4,spring,0
ITM008,Yogurt,Dairy,HH015,2026-05-03,0.48,cups,6,1,5,spring,0
ITM008,Yogurt,Dairy,HH015,2026-05-10,0.52,cups,6,1,5,spring,0
ITM008,Yogurt,Dairy,HH015,2026-05-13,0.33,cups,2,0,5,spring,0
ITM008,Yogurt,Dairy,HH015,2026-05-16,0.53,cups,5,1,5,spring,0
ITM008,Yogurt,Dairy,HH015,2026-05-19,0.31,cups,1,0,5,spring,0
ITM008,Yogurt,Dairy,HH015,2026-05-21,0.38,cups,3,0,5,spring,0
ITM008,Yogurt,Dairy,HH015,2026-05-25,0.44,cups,0,0,5,spring,0
ITM008,Yogurt,Dairy,HH015,2026-05-29,0.33,cups,4,0,5,spring,0
ITM008,Yogurt,Dairy,HH015,2026-05-30,0.39,cups,5,1,5,spring,0
ITM008,Yogurt,Dairy,HH015,2026-06-10,0.36,cups,2,0,6,summer,0
ITM008,Yogurt,Dairy,HH015,2026-06-12,0.38,cups,4,0,6,summer,0
ITM008,Yogurt,Dairy,HH015,2026-06-16,0.35,cups,1,0,6,summer,0
ITM008,Yogurt,Dairy,HH015,2026-06-17,0.39,cups,2,0,6,summer,0
ITM008,Yogurt,Dairy,HH015,2026-06-18,0.32,cups,3,0,6,summer,0
ITM008,Yogurt,Dairy,HH015,2026-06-19,0.42,cups,4,0,6,summer,0
ITM008,Yogurt,Dairy,HH015,2026-06-28,0.39,cups,6,1,6,summer,0
ITM008,Yogurt,Dairy,HH016,2026-01-01,0.5,cups,3,0,1,winter,1
ITM008,Yogurt,Dairy,HH016,2026-01-03,0.71,cups,5,1,1,winter,0
ITM008,Yogurt,Dairy,HH016,2026-01-06,0.41,cups,1,0,1,winter,0
ITM008,Yogurt,Dairy,HH016,2026-01-08,0.36,cups,3,0,1,winter,0
ITM008,Yogurt,Dairy,HH016,2026-01-11,0.72,cups,6,1,1,winter,0
ITM008,Yogurt,Dairy,HH016,2026-01-12,0.51,cups,0,0,1,winter,0
ITM008,Yogurt,Dairy,HH016,2026-01-22,0.45,cups,3,0,1,winter,0
ITM008,Yogurt,Dairy,HH016,2026-01-25,0.55,cups,6,1,1,winter,0
ITM008,Yogurt,Dairy,HH016,2026-01-26,0.71,cups,0,0,1,winter,1
ITM008,Yogurt,Dairy,HH016,2026-01-30,0.41,cups,4,0,1,winter,0
ITM008,Yogurt,Dairy,HH016,2026-02-01,0.54,cups,6,1,2,winter,0
ITM008,Yogurt,Dairy,HH016,2026-02-04,0.49,cups,2,0,2,winter,0
ITM008,Yogurt,Dairy,HH016,2026-02-08,0.56,cups,6,1,2,winter,0
ITM008,Yogurt,Dairy,HH016,2026-02-11,0.38,cups,2,0,2,winter,0
ITM008,Yogurt,Dairy,HH016,2026-02-13,0.41,cups,4,0,2,winter,0
ITM008,Yogurt,Dairy,HH016,2026-02-15,0.61,cups,6,1,2,winter,0
ITM008,Yogurt,Dairy,HH016,2026-02-24,0.41,cups,1,0,2,winter,0
ITM008,Yogurt,Dairy,HH016,2026-02-26,0.52,cups,3,0,2,winter,0
ITM008,Yogurt,Dairy,HH016,2026-02-27,0.4,cups,4,0,2,winter,0
ITM008,Yogurt,Dairy,HH016,2026-03-01,0.7,cups,6,1,3,spring,0
ITM008,Yogurt,Dairy,HH016,2026-03-04,0.44,cups,2,0,3,spring,0
ITM008,Yogurt,Dairy,HH016,2026-03-06,0.37,cups,4,0,3,spring,0
ITM008,Yogurt,Dairy,HH016,2026-03-09,0.59,cups,0,0,3,spring,0
ITM008,Yogurt,Dairy,HH016,2026-03-13,0.43,cups,4,0,3,spring,0
ITM008,Yogurt,Dairy,HH016,2026-03-15,0.78,cups,6,1,3,spring,0
ITM008,Yogurt,Dairy,HH016,2026-03-19,0.41,cups,3,0,3,spring,0
ITM008,Yogurt,Dairy,HH016,2026-03-20,0.43,cups,4,0,3,spring,0
ITM008,Yogurt,Dairy,HH016,2026-03-21,0.56,cups,5,1,3,spring,0
ITM008,Yogurt,Dairy,HH016,2026-03-27,0.5,cups,4,0,3,spring,0
ITM008,Yogurt,Dairy,HH016,2026-03-28,0.57,cups,5,1,3,spring,0
ITM008,Yogurt,Dairy,HH016,2026-04-02,0.41,cups,3,0,4,spring,0
ITM008,Yogurt,Dairy,HH016,2026-04-05,0.61,cups,6,1,4,spring,0
ITM008,Yogurt,Dairy,HH016,2026-04-07,0.41,cups,1,0,4,spring,0
ITM008,Yogurt,Dairy,HH016,2026-04-09,0.3,cups,3,0,4,spring,0
ITM008,Yogurt,Dairy,HH016,2026-04-12,0.64,cups,6,1,4,spring,0
ITM008,Yogurt,Dairy,HH016,2026-04-14,0.56,cups,1,0,4,spring,1
ITM008,Yogurt,Dairy,HH016,2026-04-18,0.61,cups,5,1,4,spring,0
ITM008,Yogurt,Dairy,HH016,2026-04-19,0.62,cups,6,1,4,spring,0
ITM008,Yogurt,Dairy,HH016,2026-04-20,0.51,cups,0,0,4,spring,0
ITM008,Yogurt,Dairy,HH016,2026-04-25,0.55,cups,5,1,4,spring,0
ITM008,Yogurt,Dairy,HH016,2026-04-26,0.55,cups,6,1,4,spring,0
ITM008,Yogurt,Dairy,HH016,2026-04-29,0.5,cups,2,0,4,spring,0
ITM008,Yogurt,Dairy,HH016,2026-05-03,0.54,cups,6,1,5,spring,0
ITM008,Yogurt,Dairy,HH016,2026-05-04,0.41,cups,0,0,5,spring,0
ITM008,Yogurt,Dairy,HH016,2026-05-05,0.49,cups,1,0,5,spring,0
ITM008,Yogurt,Dairy,HH016,2026-05-12,0.49,cups,1,0,5,spring,0
ITM008,Yogurt,Dairy,HH016,2026-05-15,0.41,cups,4,0,5,spring,0
ITM008,Yogurt,Dairy,HH016,2026-05-18,0.39,cups,0,0,5,spring,0
ITM008,Yogurt,Dairy,HH016,2026-05-19,0.43,cups,1,0,5,spring,0
ITM008,Yogurt,Dairy,HH016,2026-05-20,0.43,cups,2,0,5,spring,0
ITM008,Yogurt,Dairy,HH016,2026-05-21,0.45,cups,3,0,5,spring,0
ITM008,Yogurt,Dairy,HH016,2026-05-23,0.67,cups,5,1,5,spring,0
ITM008,Yogurt,Dairy,HH016,2026-05-26,0.3,cups,1,0,5,spring,0
ITM008,Yogurt,Dairy,HH016,2026-05-27,0.44,cups,2,0,5,spring,0
ITM008,Yogurt,Dairy,HH016,2026-06-03,0.32,cups,2,0,6,summer,0
ITM008,Yogurt,Dairy,HH016,2026-06-06,1.13,cups,5,1,6,summer,1
ITM008,Yogurt,Dairy,HH016,2026-06-14,0.74,cups,6,1,6,summer,0
ITM008,Yogurt,Dairy,HH016,2026-06-20,0.67,cups,5,1,6,summer,0
ITM008,Yogurt,Dairy,HH016,2026-06-23,0.39,cups,1,0,6,summer,0
ITM008,Yogurt,Dairy,HH016,2026-06-24,0.43,cups,2,0,6,summer,0
ITM008,Yogurt,Dairy,HH016,2026-06-25,0.48,cups,3,0,6,summer,0
ITM008,Yogurt,Dairy,HH016,2026-06-26,0.35,cups,4,0,6,summer,0
ITM008,Yogurt,Dairy,HH017,2026-01-02,0.47,cups,4,0,1,winter,0
ITM008,Yogurt,Dairy,HH017,2026-01-03,0.73,cups,5,1,1,winter,0
ITM008,Yogurt,Dairy,HH017,2026-01-07,0.52,cups,2,0,1,winter,0
ITM008,Yogurt,Dairy,HH017,2026-01-10,0.58,cups,5,1,1,winter,0
ITM008,Yogurt,Dairy,HH017,2026-01-15,0.57,cups,3,0,1,winter,0
ITM008,Yogurt,Dairy,HH017,2026-01-19,0.45,cups,0,0,1,winter,0
ITM008,Yogurt,Dairy,HH017,2026-01-20,0.46,cups,1,0,1,winter,0
ITM008,Yogurt,Dairy,HH017,2026-01-23,0.41,cups,4,0,1,winter,0
ITM008,Yogurt,Dairy,HH017,2026-02-03,0.56,cups,1,0,2,winter,0
ITM008,Yogurt,Dairy,HH017,2026-02-05,0.57,cups,3,0,2,winter,0
ITM008,Yogurt,Dairy,HH017,2026-02-08,0.63,cups,6,1,2,winter,0
ITM008,Yogurt,Dairy,HH017,2026-02-12,0.44,cups,3,0,2,winter,0
ITM008,Yogurt,Dairy,HH017,2026-02-18,0.31,cups,2,0,2,winter,0
ITM008,Yogurt,Dairy,HH017,2026-02-20,0.48,cups,4,0,2,winter,0
ITM008,Yogurt,Dairy,HH017,2026-02-21,0.66,cups,5,1,2,winter,0
ITM008,Yogurt,Dairy,HH017,2026-02-22,0.73,cups,6,1,2,winter,0
ITM008,Yogurt,Dairy,HH017,2026-02-24,0.47,cups,1,0,2,winter,0
ITM008,Yogurt,Dairy,HH017,2026-02-26,0.63,cups,3,0,2,winter,0
ITM008,Yogurt,Dairy,HH017,2026-02-28,0.73,cups,5,1,2,winter,0
ITM008,Yogurt,Dairy,HH017,2026-03-06,0.58,cups,4,0,3,spring,0
ITM008,Yogurt,Dairy,HH017,2026-03-10,0.46,cups,1,0,3,spring,0
ITM008,Yogurt,Dairy,HH017,2026-03-13,0.52,cups,4,0,3,spring,0
ITM008,Yogurt,Dairy,HH017,2026-03-19,0.52,cups,3,0,3,spring,0
ITM008,Yogurt,Dairy,HH017,2026-03-22,0.73,cups,6,1,3,spring,0
ITM008,Yogurt,Dairy,HH017,2026-03-29,0.83,cups,6,1,3,spring,0
ITM008,Yogurt,Dairy,HH017,2026-03-30,0.53,cups,0,0,3,spring,0
ITM008,Yogurt,Dairy,HH017,2026-04-06,0.44,cups,0,0,4,spring,0
ITM008,Yogurt,Dairy,HH017,2026-04-13,0.46,cups,0,0,4,spring,0
ITM008,Yogurt,Dairy,HH017,2026-04-15,0.55,cups,2,0,4,spring,0
ITM008,Yogurt,Dairy,HH017,2026-04-19,0.74,cups,6,1,4,spring,0
ITM008,Yogurt,Dairy,HH017,2026-04-20,0.46,cups,0,0,4,spring,0
ITM008,Yogurt,Dairy,HH017,2026-04-25,0.66,cups,5,1,4,spring,0
ITM008,Yogurt,Dairy,HH017,2026-04-27,0.47,cups,0,0,4,spring,0
ITM008,Yogurt,Dairy,HH017,2026-04-28,0.65,cups,1,0,4,spring,0
ITM008,Yogurt,Dairy,HH017,2026-05-06,0.54,cups,2,0,5,spring,0
ITM008,Yogurt,Dairy,HH017,2026-05-10,0.62,cups,6,1,5,spring,0
ITM008,Yogurt,Dairy,HH017,2026-05-11,0.45,cups,0,0,5,spring,0
ITM008,Yogurt,Dairy,HH017,2026-05-12,0.37,cups,1,0,5,spring,0
ITM008,Yogurt,Dairy,HH017,2026-05-14,0.55,cups,3,0,5,spring,0
ITM008,Yogurt,Dairy,HH017,2026-05-23,0.68,cups,5,1,5,spring,0
ITM008,Yogurt,Dairy,HH017,2026-05-26,0.56,cups,1,0,5,spring,0
ITM008,Yogurt,Dairy,HH017,2026-05-28,0.32,cups,3,0,5,spring,0
ITM008,Yogurt,Dairy,HH017,2026-05-31,0.71,cups,6,1,5,spring,0
ITM008,Yogurt,Dairy,HH017,2026-06-02,0.54,cups,1,0,6,summer,0
ITM008,Yogurt,Dairy,HH017,2026-06-09,0.39,cups,1,0,6,summer,0
ITM008,Yogurt,Dairy,HH017,2026-06-18,0.48,cups,3,0,6,summer,0
ITM008,Yogurt,Dairy,HH017,2026-06-20,0.61,cups,5,1,6,summer,0
ITM008,Yogurt,Dairy,HH017,2026-06-21,0.44,cups,6,1,6,summer,0
ITM008,Yogurt,Dairy,HH017,2026-06-23,0.41,cups,1,0,6,summer,0
ITM008,Yogurt,Dairy,HH017,2026-06-26,0.54,cups,4,0,6,summer,0
ITM008,Yogurt,Dairy,HH018,2026-01-02,0.62,cups,4,0,1,winter,0
ITM008,Yogurt,Dairy,HH018,2026-01-06,0.54,cups,1,0,1,winter,0
ITM008,Yogurt,Dairy,HH018,2026-01-09,0.52,cups,4,0,1,winter,0
ITM008,Yogurt,Dairy,HH018,2026-01-11,1.22,cups,6,1,1,winter,0
ITM008,Yogurt,Dairy,HH018,2026-01-16,0.46,cups,4,0,1,winter,0
ITM008,Yogurt,Dairy,HH018,2026-01-17,0.86,cups,5,1,1,winter,0
ITM008,Yogurt,Dairy,HH018,2026-01-18,0.9,cups,6,1,1,winter,0
ITM008,Yogurt,Dairy,HH018,2026-01-19,0.66,cups,0,0,1,winter,0
ITM008,Yogurt,Dairy,HH018,2026-01-20,0.44,cups,1,0,1,winter,0
ITM008,Yogurt,Dairy,HH018,2026-01-21,0.54,cups,2,0,1,winter,0
ITM008,Yogurt,Dairy,HH018,2026-01-29,0.52,cups,3,0,1,winter,0
ITM008,Yogurt,Dairy,HH018,2026-01-30,0.56,cups,4,0,1,winter,0
ITM008,Yogurt,Dairy,HH018,2026-01-31,0.93,cups,5,1,1,winter,0
ITM008,Yogurt,Dairy,HH018,2026-02-05,0.43,cups,3,0,2,winter,0
ITM008,Yogurt,Dairy,HH018,2026-02-08,0.77,cups,6,1,2,winter,0
ITM008,Yogurt,Dairy,HH018,2026-02-11,0.43,cups,2,0,2,winter,0
ITM008,Yogurt,Dairy,HH018,2026-02-14,0.77,cups,5,1,2,winter,0
ITM008,Yogurt,Dairy,HH018,2026-02-21,0.92,cups,5,1,2,winter,0
ITM008,Yogurt,Dairy,HH018,2026-02-22,0.75,cups,6,1,2,winter,0
ITM008,Yogurt,Dairy,HH018,2026-02-25,0.63,cups,2,0,2,winter,0
ITM008,Yogurt,Dairy,HH018,2026-02-26,0.53,cups,3,0,2,winter,0
ITM008,Yogurt,Dairy,HH018,2026-03-01,0.87,cups,6,1,3,spring,0
ITM008,Yogurt,Dairy,HH018,2026-03-03,0.72,cups,1,0,3,spring,0
ITM008,Yogurt,Dairy,HH018,2026-03-05,0.63,cups,3,0,3,spring,0
ITM008,Yogurt,Dairy,HH018,2026-03-11,0.58,cups,2,0,3,spring,0
ITM008,Yogurt,Dairy,HH018,2026-03-16,0.55,cups,0,0,3,spring,0
ITM008,Yogurt,Dairy,HH018,2026-03-18,0.53,cups,2,0,3,spring,0
ITM008,Yogurt,Dairy,HH018,2026-03-24,0.53,cups,1,0,3,spring,0
ITM008,Yogurt,Dairy,HH018,2026-03-30,0.59,cups,0,0,3,spring,0
ITM008,Yogurt,Dairy,HH018,2026-03-31,0.5,cups,1,0,3,spring,0
ITM008,Yogurt,Dairy,HH018,2026-04-04,0.96,cups,5,1,4,spring,0
ITM008,Yogurt,Dairy,HH018,2026-04-05,0.78,cups,6,1,4,spring,0
ITM008,Yogurt,Dairy,HH018,2026-04-06,0.53,cups,0,0,4,spring,0
ITM008,Yogurt,Dairy,HH018,2026-04-07,0.5,cups,1,0,4,spring,0
ITM008,Yogurt,Dairy,HH018,2026-04-13,0.64,cups,0,0,4,spring,0
ITM008,Yogurt,Dairy,HH018,2026-04-14,0.8,cups,1,0,4,spring,1
ITM008,Yogurt,Dairy,HH018,2026-04-19,0.67,cups,6,1,4,spring,0
ITM008,Yogurt,Dairy,HH018,2026-04-20,0.48,cups,0,0,4,spring,0
ITM008,Yogurt,Dairy,HH018,2026-04-22,0.61,cups,2,0,4,spring,0
ITM008,Yogurt,Dairy,HH018,2026-04-25,0.94,cups,5,1,4,spring,0
ITM008,Yogurt,Dairy,HH018,2026-04-27,0.53,cups,0,0,4,spring,0
ITM008,Yogurt,Dairy,HH018,2026-04-30,0.42,cups,3,0,4,spring,0
ITM008,Yogurt,Dairy,HH018,2026-05-03,0.74,cups,6,1,5,spring,0
ITM008,Yogurt,Dairy,HH018,2026-05-07,0.43,cups,3,0,5,spring,0
ITM008,Yogurt,Dairy,HH018,2026-05-09,0.98,cups,5,1,5,spring,0
ITM008,Yogurt,Dairy,HH018,2026-05-12,0.61,cups,1,0,5,spring,0
ITM008,Yogurt,Dairy,HH018,2026-05-13,0.62,cups,2,0,5,spring,0
ITM008,Yogurt,Dairy,HH018,2026-05-14,0.63,cups,3,0,5,spring,0
ITM008,Yogurt,Dairy,HH018,2026-05-15,0.59,cups,4,0,5,spring,0
ITM008,Yogurt,Dairy,HH018,2026-05-18,0.46,cups,0,0,5,spring,0
ITM008,Yogurt,Dairy,HH018,2026-05-19,0.43,cups,1,0,5,spring,0
ITM008,Yogurt,Dairy,HH018,2026-05-20,0.44,cups,2,0,5,spring,0
ITM008,Yogurt,Dairy,HH018,2026-05-22,0.63,cups,4,0,5,spring,0
ITM008,Yogurt,Dairy,HH018,2026-05-27,0.65,cups,2,0,5,spring,0
ITM008,Yogurt,Dairy,HH018,2026-06-04,0.61,cups,3,0,6,summer,0
ITM008,Yogurt,Dairy,HH018,2026-06-10,0.54,cups,2,0,6,summer,0
ITM008,Yogurt,Dairy,HH018,2026-06-13,0.84,cups,5,1,6,summer,0
ITM008,Yogurt,Dairy,HH018,2026-06-22,0.62,cups,0,0,6,summer,0
ITM008,Yogurt,Dairy,HH018,2026-06-27,0.77,cups,5,1,6,summer,0
ITM008,Yogurt,Dairy,HH019,2026-01-02,0.73,cups,4,0,1,winter,0
ITM008,Yogurt,Dairy,HH019,2026-01-03,1.1,cups,5,1,1,winter,0
ITM008,Yogurt,Dairy,HH019,2026-01-07,0.8,cups,2,0,1,winter,0
ITM008,Yogurt,Dairy,HH019,2026-01-08,0.76,cups,3,0,1,winter,0
ITM008,Yogurt,Dairy,HH019,2026-01-12,0.53,cups,0,0,1,winter,0
ITM008,Yogurt,Dairy,HH019,2026-01-13,0.58,cups,1,0,1,winter,0
ITM008,Yogurt,Dairy,HH019,2026-01-18,0.98,cups,6,1,1,winter,0
ITM008,Yogurt,Dairy,HH019,2026-01-27,0.73,cups,1,0,1,winter,0
ITM008,Yogurt,Dairy,HH019,2026-02-04,0.61,cups,2,0,2,winter,0
ITM008,Yogurt,Dairy,HH019,2026-02-06,0.76,cups,4,0,2,winter,0
ITM008,Yogurt,Dairy,HH019,2026-02-08,0.86,cups,6,1,2,winter,0
ITM008,Yogurt,Dairy,HH019,2026-02-15,0.98,cups,6,1,2,winter,0
ITM008,Yogurt,Dairy,HH019,2026-02-24,0.72,cups,1,0,2,winter,0
ITM008,Yogurt,Dairy,HH019,2026-02-28,0.88,cups,5,1,2,winter,0
ITM008,Yogurt,Dairy,HH019,2026-03-02,0.67,cups,0,0,3,spring,0
ITM008,Yogurt,Dairy,HH019,2026-03-06,0.56,cups,4,0,3,spring,0
ITM008,Yogurt,Dairy,HH019,2026-03-10,0.56,cups,1,0,3,spring,0
ITM008,Yogurt,Dairy,HH019,2026-03-23,0.61,cups,0,0,3,spring,0
ITM008,Yogurt,Dairy,HH019,2026-03-30,0.42,cups,0,0,3,spring,0
ITM008,Yogurt,Dairy,HH019,2026-04-03,0.75,cups,4,0,4,spring,0
ITM008,Yogurt,Dairy,HH019,2026-04-04,1.01,cups,5,1,4,spring,0
ITM008,Yogurt,Dairy,HH019,2026-04-05,0.59,cups,6,1,4,spring,0
ITM008,Yogurt,Dairy,HH019,2026-04-15,0.68,cups,2,0,4,spring,0
ITM008,Yogurt,Dairy,HH019,2026-04-17,0.7,cups,4,0,4,spring,0
ITM008,Yogurt,Dairy,HH019,2026-04-25,1.05,cups,5,1,4,spring,0
ITM008,Yogurt,Dairy,HH019,2026-04-28,0.64,cups,1,0,4,spring,0
ITM008,Yogurt,Dairy,HH019,2026-04-30,0.63,cups,3,0,4,spring,0
ITM008,Yogurt,Dairy,HH019,2026-05-09,0.96,cups,5,1,5,spring,0
ITM008,Yogurt,Dairy,HH019,2026-05-18,0.83,cups,0,0,5,spring,0
ITM008,Yogurt,Dairy,HH019,2026-05-20,0.76,cups,2,0,5,spring,0
ITM008,Yogurt,Dairy,HH019,2026-05-23,0.65,cups,5,1,5,spring,0
ITM008,Yogurt,Dairy,HH019,2026-05-25,0.68,cups,0,0,5,spring,0
ITM008,Yogurt,Dairy,HH019,2026-05-28,0.77,cups,3,0,5,spring,0
ITM008,Yogurt,Dairy,HH019,2026-06-09,0.7,cups,1,0,6,summer,0
ITM008,Yogurt,Dairy,HH019,2026-06-12,0.73,cups,4,0,6,summer,0
ITM008,Yogurt,Dairy,HH019,2026-06-17,0.96,cups,2,0,6,summer,0
ITM008,Yogurt,Dairy,HH019,2026-06-18,0.58,cups,3,0,6,summer,0
ITM008,Yogurt,Dairy,HH019,2026-06-19,0.64,cups,4,0,6,summer,0
ITM008,Yogurt,Dairy,HH019,2026-06-22,0.62,cups,0,0,6,summer,0
ITM008,Yogurt,Dairy,HH019,2026-06-26,0.72,cups,4,0,6,summer,0
ITM008,Yogurt,Dairy,HH019,2026-06-29,0.73,cups,0,0,6,summer,0
ITM008,Yogurt,Dairy,HH020,2026-01-01,0.44,cups,3,0,1,winter,1
ITM008,Yogurt,Dairy,HH020,2026-01-03,0.6,cups,5,1,1,winter,0
ITM008,Yogurt,Dairy,HH020,2026-01-05,0.35,cups,0,0,1,winter,0
ITM008,Yogurt,Dairy,HH020,2026-01-09,0.31,cups,4,0,1,winter,0
ITM008,Yogurt,Dairy,HH020,2026-01-10,0.47,cups,5,1,1,winter,0
ITM008,Yogurt,Dairy,HH020,2026-01-11,0.55,cups,6,1,1,winter,0
ITM008,Yogurt,Dairy,HH020,2026-01-14,0.46,cups,2,0,1,winter,0
ITM008,Yogurt,Dairy,HH020,2026-01-19,0.37,cups,0,0,1,winter,0
ITM008,Yogurt,Dairy,HH020,2026-01-23,0.33,cups,4,0,1,winter,0
ITM008,Yogurt,Dairy,HH020,2026-02-02,0.42,cups,0,0,2,winter,0
ITM008,Yogurt,Dairy,HH020,2026-02-07,0.38,cups,5,1,2,winter,0
ITM008,Yogurt,Dairy,HH020,2026-02-08,0.46,cups,6,1,2,winter,0
ITM008,Yogurt,Dairy,HH020,2026-02-12,0.36,cups,3,0,2,winter,0
ITM008,Yogurt,Dairy,HH020,2026-02-20,0.33,cups,4,0,2,winter,0
ITM008,Yogurt,Dairy,HH020,2026-02-21,0.47,cups,5,1,2,winter,0
ITM008,Yogurt,Dairy,HH020,2026-02-23,0.27,cups,0,0,2,winter,0
ITM008,Yogurt,Dairy,HH020,2026-02-28,0.45,cups,5,1,2,winter,0
ITM008,Yogurt,Dairy,HH020,2026-03-01,0.47,cups,6,1,3,spring,0
ITM008,Yogurt,Dairy,HH020,2026-03-02,0.34,cups,0,0,3,spring,0
ITM008,Yogurt,Dairy,HH020,2026-03-03,0.38,cups,1,0,3,spring,0
ITM008,Yogurt,Dairy,HH020,2026-03-10,0.4,cups,1,0,3,spring,0
ITM008,Yogurt,Dairy,HH020,2026-03-15,0.53,cups,6,1,3,spring,0
ITM008,Yogurt,Dairy,HH020,2026-03-18,0.36,cups,2,0,3,spring,0
ITM008,Yogurt,Dairy,HH020,2026-03-19,0.38,cups,3,0,3,spring,0
ITM008,Yogurt,Dairy,HH020,2026-03-20,0.25,cups,4,0,3,spring,0
ITM008,Yogurt,Dairy,HH020,2026-03-21,0.44,cups,5,1,3,spring,0
ITM008,Yogurt,Dairy,HH020,2026-04-06,0.34,cups,0,0,4,spring,0
ITM008,Yogurt,Dairy,HH020,2026-04-18,0.53,cups,5,1,4,spring,0
ITM008,Yogurt,Dairy,HH020,2026-04-22,0.26,cups,2,0,4,spring,0
ITM008,Yogurt,Dairy,HH020,2026-05-02,0.41,cups,5,1,5,spring,0
ITM008,Yogurt,Dairy,HH020,2026-05-07,0.37,cups,3,0,5,spring,0
ITM008,Yogurt,Dairy,HH020,2026-05-08,0.3,cups,4,0,5,spring,0
ITM008,Yogurt,Dairy,HH020,2026-05-09,0.44,cups,5,1,5,spring,0
ITM008,Yogurt,Dairy,HH020,2026-05-17,0.47,cups,6,1,5,spring,0
ITM008,Yogurt,Dairy,HH020,2026-05-20,0.39,cups,2,0,5,spring,0
ITM008,Yogurt,Dairy,HH020,2026-05-28,0.39,cups,3,0,5,spring,0
ITM008,Yogurt,Dairy,HH020,2026-05-30,0.41,cups,5,1,5,spring,0
ITM008,Yogurt,Dairy,HH020,2026-06-03,0.4,cups,2,0,6,summer,0
ITM008,Yogurt,Dairy,HH020,2026-06-05,0.38,cups,4,0,6,summer,0
ITM008,Yogurt,Dairy,HH020,2026-06-06,0.99,cups,5,1,6,summer,1
ITM008,Yogurt,Dairy,HH020,2026-06-11,0.4,cups,3,0,6,summer,0
ITM008,Yogurt,Dairy,HH020,2026-06-15,0.29,cups,0,0,6,summer,0
ITM008,Yogurt,Dairy,HH020,2026-06-25,0.36,cups,3,0,6,summer,0
ITM009,Cheese,Dairy,HH001,2026-01-01,0.21,kg,3,0,1,winter,1
ITM009,Cheese,Dairy,HH001,2026-01-02,0.16,kg,4,0,1,winter,0
ITM009,Cheese,Dairy,HH001,2026-01-05,0.14,kg,0,0,1,winter,0
ITM009,Cheese,Dairy,HH001,2026-01-13,0.16,kg,1,0,1,winter,0
ITM009,Cheese,Dairy,HH001,2026-01-16,0.09,kg,4,0,1,winter,0
ITM009,Cheese,Dairy,HH001,2026-01-26,0.28,kg,0,0,1,winter,1
ITM009,Cheese,Dairy,HH001,2026-01-28,0.17,kg,2,0,1,winter,0
ITM009,Cheese,Dairy,HH001,2026-01-30,0.15,kg,4,0,1,winter,0
ITM009,Cheese,Dairy,HH001,2026-02-05,0.13,kg,3,0,2,winter,0
ITM009,Cheese,Dairy,HH001,2026-02-07,0.19,kg,5,1,2,winter,0
ITM009,Cheese,Dairy,HH001,2026-02-08,0.15,kg,6,1,2,winter,0
ITM009,Cheese,Dairy,HH001,2026-02-14,0.16,kg,5,1,2,winter,0
ITM009,Cheese,Dairy,HH001,2026-02-17,0.14,kg,1,0,2,winter,0
ITM009,Cheese,Dairy,HH001,2026-02-19,0.16,kg,3,0,2,winter,0
ITM009,Cheese,Dairy,HH001,2026-02-28,0.19,kg,5,1,2,winter,0
ITM009,Cheese,Dairy,HH001,2026-03-02,0.07,kg,0,0,3,spring,0
ITM009,Cheese,Dairy,HH001,2026-03-05,0.06,kg,3,0,3,spring,0
ITM009,Cheese,Dairy,HH001,2026-03-06,0.06,kg,4,0,3,spring,0
ITM009,Cheese,Dairy,HH001,2026-03-09,0.05,kg,0,0,3,spring,0
ITM009,Cheese,Dairy,HH001,2026-03-11,0.06,kg,2,0,3,spring,0
ITM009,Cheese,Dairy,HH001,2026-03-17,0.05,kg,1,0,3,spring,0
ITM009,Cheese,Dairy,HH001,2026-03-18,0.07,kg,2,0,3,spring,0
ITM009,Cheese,Dairy,HH001,2026-03-21,0.14,kg,5,1,3,spring,0
ITM009,Cheese,Dairy,HH001,2026-03-25,0.05,kg,2,0,3,spring,0
ITM009,Cheese,Dairy,HH001,2026-03-29,0.08,kg,6,1,3,spring,0
ITM009,Cheese,Dairy,HH001,2026-04-01,0.06,kg,2,0,4,spring,0
ITM009,Cheese,Dairy,HH001,2026-04-09,0.07,kg,3,0,4,spring,0
ITM009,Cheese,Dairy,HH001,2026-04-12,0.1,kg,6,1,4,spring,0
ITM009,Cheese,Dairy,HH001,2026-04-16,0.09,kg,3,0,4,spring,0
ITM009,Cheese,Dairy,HH001,2026-04-19,0.09,kg,6,1,4,spring,0
ITM009,Cheese,Dairy,HH001,2026-04-20,0.05,kg,0,0,4,spring,0
ITM009,Cheese,Dairy,HH001,2026-04-23,0.06,kg,3,0,4,spring,0
ITM009,Cheese,Dairy,HH001,2026-04-26,0.09,kg,6,1,4,spring,0
ITM009,Cheese,Dairy,HH001,2026-04-27,0.06,kg,0,0,4,spring,0
ITM009,Cheese,Dairy,HH001,2026-05-01,0.13,kg,4,0,5,spring,1
ITM009,Cheese,Dairy,HH001,2026-05-04,0.07,kg,0,0,5,spring,0
ITM009,Cheese,Dairy,HH001,2026-05-05,0.07,kg,1,0,5,spring,0
ITM009,Cheese,Dairy,HH001,2026-05-07,0.06,kg,3,0,5,spring,0
ITM009,Cheese,Dairy,HH001,2026-05-09,0.09,kg,5,1,5,spring,0
ITM009,Cheese,Dairy,HH001,2026-05-11,0.06,kg,0,0,5,spring,0
ITM009,Cheese,Dairy,HH001,2026-05-14,0.05,kg,3,0,5,spring,0
ITM009,Cheese,Dairy,HH001,2026-05-17,0.07,kg,6,1,5,spring,0
ITM009,Cheese,Dairy,HH001,2026-05-22,0.07,kg,4,0,5,spring,0
ITM009,Cheese,Dairy,HH001,2026-05-23,0.12,kg,5,1,5,spring,0
ITM009,Cheese,Dairy,HH001,2026-05-25,0.09,kg,0,0,5,spring,0
ITM009,Cheese,Dairy,HH001,2026-05-26,0.07,kg,1,0,5,spring,0
ITM009,Cheese,Dairy,HH001,2026-05-28,0.07,kg,3,0,5,spring,0
ITM009,Cheese,Dairy,HH001,2026-05-29,0.04,kg,4,0,5,spring,0
ITM009,Cheese,Dairy,HH001,2026-06-01,0.06,kg,0,0,6,summer,0
ITM009,Cheese,Dairy,HH001,2026-06-06,0.14,kg,5,1,6,summer,1
ITM009,Cheese,Dairy,HH001,2026-06-14,0.1,kg,6,1,6,summer,0
ITM009,Cheese,Dairy,HH001,2026-06-18,0.06,kg,3,0,6,summer,0
ITM009,Cheese,Dairy,HH001,2026-06-19,0.04,kg,4,0,6,summer,0
ITM009,Cheese,Dairy,HH001,2026-06-21,0.11,kg,6,1,6,summer,0
ITM009,Cheese,Dairy,HH002,2026-01-06,0.2,kg,1,0,1,winter,0
ITM009,Cheese,Dairy,HH002,2026-01-09,0.14,kg,4,0,1,winter,0
ITM009,Cheese,Dairy,HH002,2026-01-17,0.22,kg,5,1,1,winter,0
ITM009,Cheese,Dairy,HH002,2026-01-18,0.28,kg,6,1,1,winter,0
ITM009,Cheese,Dairy,HH002,2026-01-21,0.16,kg,2,0,1,winter,0
ITM009,Cheese,Dairy,HH002,2026-01-25,0.26,kg,6,1,1,winter,0
ITM009,Cheese,Dairy,HH002,2026-01-28,0.22,kg,2,0,1,winter,0
ITM009,Cheese,Dairy,HH002,2026-01-31,0.19,kg,5,1,1,winter,0
ITM009,Cheese,Dairy,HH002,2026-02-04,0.12,kg,2,0,2,winter,0
ITM009,Cheese,Dairy,HH002,2026-02-06,0.24,kg,4,0,2,winter,0
ITM009,Cheese,Dairy,HH002,2026-02-10,0.16,kg,1,0,2,winter,0
ITM009,Cheese,Dairy,HH002,2026-02-12,0.2,kg,3,0,2,winter,0
ITM009,Cheese,Dairy,HH002,2026-02-17,0.19,kg,1,0,2,winter,0
ITM009,Cheese,Dairy,HH002,2026-02-24,0.17,kg,1,0,2,winter,0
ITM009,Cheese,Dairy,HH002,2026-03-01,0.11,kg,6,1,3,spring,0
ITM009,Cheese,Dairy,HH002,2026-03-02,0.05,kg,0,0,3,spring,0
ITM009,Cheese,Dairy,HH002,2026-03-11,0.08,kg,2,0,3,spring,0
ITM009,Cheese,Dairy,HH002,2026-03-21,0.1,kg,5,1,3,spring,0
ITM009,Cheese,Dairy,HH002,2026-03-23,0.07,kg,0,0,3,spring,0
ITM009,Cheese,Dairy,HH002,2026-03-29,0.11,kg,6,1,3,spring,0
ITM009,Cheese,Dairy,HH002,2026-03-30,0.09,kg,0,0,3,spring,0
ITM009,Cheese,Dairy,HH002,2026-03-31,0.07,kg,1,0,3,spring,0
ITM009,Cheese,Dairy,HH002,2026-04-03,0.07,kg,4,0,4,spring,0
ITM009,Cheese,Dairy,HH002,2026-04-04,0.1,kg,5,1,4,spring,0
ITM009,Cheese,Dairy,HH002,2026-04-07,0.1,kg,1,0,4,spring,0
ITM009,Cheese,Dairy,HH002,2026-04-11,0.11,kg,5,1,4,spring,0
ITM009,Cheese,Dairy,HH002,2026-04-20,0.1,kg,0,0,4,spring,0
ITM009,Cheese,Dairy,HH002,2026-04-24,0.09,kg,4,0,4,spring,0
ITM009,Cheese,Dairy,HH002,2026-04-27,0.11,kg,0,0,4,spring,0
ITM009,Cheese,Dairy,HH002,2026-05-09,0.1,kg,5,1,5,spring,0
ITM009,Cheese,Dairy,HH002,2026-05-12,0.07,kg,1,0,5,spring,0
ITM009,Cheese,Dairy,HH002,2026-05-14,0.09,kg,3,0,5,spring,0
ITM009,Cheese,Dairy,HH002,2026-05-25,0.09,kg,0,0,5,spring,0
ITM009,Cheese,Dairy,HH002,2026-06-06,0.12,kg,5,1,6,summer,1
ITM009,Cheese,Dairy,HH002,2026-06-07,0.1,kg,6,1,6,summer,0
ITM009,Cheese,Dairy,HH002,2026-06-14,0.11,kg,6,1,6,summer,0
ITM009,Cheese,Dairy,HH002,2026-06-17,0.08,kg,2,0,6,summer,0
ITM009,Cheese,Dairy,HH002,2026-06-18,0.06,kg,3,0,6,summer,0
ITM009,Cheese,Dairy,HH002,2026-06-20,0.09,kg,5,1,6,summer,0
ITM009,Cheese,Dairy,HH002,2026-06-22,0.1,kg,0,0,6,summer,0
ITM009,Cheese,Dairy,HH002,2026-06-26,0.09,kg,4,0,6,summer,0
ITM009,Cheese,Dairy,HH002,2026-06-28,0.14,kg,6,1,6,summer,0
ITM009,Cheese,Dairy,HH003,2026-01-01,0.36,kg,3,0,1,winter,1
ITM009,Cheese,Dairy,HH003,2026-01-02,0.17,kg,4,0,1,winter,0
ITM009,Cheese,Dairy,HH003,2026-01-05,0.17,kg,0,0,1,winter,0
ITM009,Cheese,Dairy,HH003,2026-01-06,0.16,kg,1,0,1,winter,0
ITM009,Cheese,Dairy,HH003,2026-01-10,0.26,kg,5,1,1,winter,0
ITM009,Cheese,Dairy,HH003,2026-01-13,0.23,kg,1,0,1,winter,0
ITM009,Cheese,Dairy,HH003,2026-01-16,0.26,kg,4,0,1,winter,0
ITM009,Cheese,Dairy,HH003,2026-01-22,0.22,kg,3,0,1,winter,0
ITM009,Cheese,Dairy,HH003,2026-01-24,0.32,kg,5,1,1,winter,0
ITM009,Cheese,Dairy,HH003,2026-02-06,0.18,kg,4,0,2,winter,0
ITM009,Cheese,Dairy,HH003,2026-02-07,0.22,kg,5,1,2,winter,0
ITM009,Cheese,Dairy,HH003,2026-02-09,0.21,kg,0,0,2,winter,0
ITM009,Cheese,Dairy,HH003,2026-02-10,0.24,kg,1,0,2,winter,0
ITM009,Cheese,Dairy,HH003,2026-02-12,0.13,kg,3,0,2,winter,0
ITM009,Cheese,Dairy,HH003,2026-02-18,0.15,kg,2,0,2,winter,0
ITM009,Cheese,Dairy,HH003,2026-02-21,0.22,kg,5,1,2,winter,0
ITM009,Cheese,Dairy,HH003,2026-02-23,0.21,kg,0,0,2,winter,0
ITM009,Cheese,Dairy,HH003,2026-02-28,0.27,kg,5,1,2,winter,0
ITM009,Cheese,Dairy,HH003,2026-03-06,0.1,kg,4,0,3,spring,0
ITM009,Cheese,Dairy,HH003,2026-03-08,0.25,kg,6,1,3,spring,1
ITM009,Cheese,Dairy,HH003,2026-03-09,0.08,kg,0,0,3,spring,0
ITM009,Cheese,Dairy,HH003,2026-03-16,0.09,kg,0,0,3,spring,0
ITM009,Cheese,Dairy,HH003,2026-03-24,0.09,kg,1,0,3,spring,0
ITM009,Cheese,Dairy,HH003,2026-03-26,0.07,kg,3,0,3,spring,0
ITM009,Cheese,Dairy,HH003,2026-03-30,0.08,kg,0,0,3,spring,0
ITM009,Cheese,Dairy,HH003,2026-04-01,0.08,kg,2,0,4,spring,0
ITM009,Cheese,Dairy,HH003,2026-04-06,0.08,kg,0,0,4,spring,0
ITM009,Cheese,Dairy,HH003,2026-04-12,0.09,kg,6,1,4,spring,0
ITM009,Cheese,Dairy,HH003,2026-04-18,0.12,kg,5,1,4,spring,0
ITM009,Cheese,Dairy,HH003,2026-04-21,0.11,kg,1,0,4,spring,0
ITM009,Cheese,Dairy,HH003,2026-04-28,0.11,kg,1,0,4,spring,0
ITM009,Cheese,Dairy,HH003,2026-05-04,0.08,kg,0,0,5,spring,0
ITM009,Cheese,Dairy,HH003,2026-05-05,0.12,kg,1,0,5,spring,0
ITM009,Cheese,Dairy,HH003,2026-05-06,0.08,kg,2,0,5,spring,0
ITM009,Cheese,Dairy,HH003,2026-05-11,0.09,kg,0,0,5,spring,0
ITM009,Cheese,Dairy,HH003,2026-05-14,0.07,kg,3,0,5,spring,0
ITM009,Cheese,Dairy,HH003,2026-05-15,0.1,kg,4,0,5,spring,0
ITM009,Cheese,Dairy,HH003,2026-05-18,0.1,kg,0,0,5,spring,0
ITM009,Cheese,Dairy,HH003,2026-05-20,0.07,kg,2,0,5,spring,0
ITM009,Cheese,Dairy,HH003,2026-05-21,0.08,kg,3,0,5,spring,0
ITM009,Cheese,Dairy,HH003,2026-05-28,0.06,kg,3,0,5,spring,0
ITM009,Cheese,Dairy,HH003,2026-06-03,0.09,kg,2,0,6,summer,0
ITM009,Cheese,Dairy,HH003,2026-06-12,0.07,kg,4,0,6,summer,0
ITM009,Cheese,Dairy,HH003,2026-06-16,0.08,kg,1,0,6,summer,0
ITM009,Cheese,Dairy,HH003,2026-06-19,0.08,kg,4,0,6,summer,0
ITM009,Cheese,Dairy,HH003,2026-06-20,0.16,kg,5,1,6,summer,0
ITM009,Cheese,Dairy,HH003,2026-06-22,0.1,kg,0,0,6,summer,0
ITM009,Cheese,Dairy,HH003,2026-06-24,0.08,kg,2,0,6,summer,0
ITM009,Cheese,Dairy,HH003,2026-06-27,0.13,kg,5,1,6,summer,0
ITM009,Cheese,Dairy,HH004,2026-01-01,0.41,kg,3,0,1,winter,1
ITM009,Cheese,Dairy,HH004,2026-01-05,0.31,kg,0,0,1,winter,0
ITM009,Cheese,Dairy,HH004,2026-01-14,0.19,kg,2,0,1,winter,0
ITM009,Cheese,Dairy,HH004,2026-01-17,0.28,kg,5,1,1,winter,0
ITM009,Cheese,Dairy,HH004,2026-01-19,0.24,kg,0,0,1,winter,0
ITM009,Cheese,Dairy,HH004,2026-01-21,0.27,kg,2,0,1,winter,0
ITM009,Cheese,Dairy,HH004,2026-01-25,0.27,kg,6,1,1,winter,0
ITM009,Cheese,Dairy,HH004,2026-01-28,0.21,kg,2,0,1,winter,0
ITM009,Cheese,Dairy,HH004,2026-01-30,0.23,kg,4,0,1,winter,0
ITM009,Cheese,Dairy,HH004,2026-02-05,0.29,kg,3,0,2,winter,0
ITM009,Cheese,Dairy,HH004,2026-02-07,0.32,kg,5,1,2,winter,0
ITM009,Cheese,Dairy,HH004,2026-02-12,0.28,kg,3,0,2,winter,0
ITM009,Cheese,Dairy,HH004,2026-02-17,0.3,kg,1,0,2,winter,0
ITM009,Cheese,Dairy,HH004,2026-02-20,0.22,kg,4,0,2,winter,0
ITM009,Cheese,Dairy,HH004,2026-02-22,0.35,kg,6,1,2,winter,0
ITM009,Cheese,Dairy,HH004,2026-02-23,0.21,kg,0,0,2,winter,0
ITM009,Cheese,Dairy,HH004,2026-02-27,0.32,kg,4,0,2,winter,0
ITM009,Cheese,Dairy,HH004,2026-03-01,0.14,kg,6,1,3,spring,0
ITM009,Cheese,Dairy,HH004,2026-03-02,0.07,kg,0,0,3,spring,0
ITM009,Cheese,Dairy,HH004,2026-03-11,0.1,kg,2,0,3,spring,0
ITM009,Cheese,Dairy,HH004,2026-03-13,0.09,kg,4,0,3,spring,0
ITM009,Cheese,Dairy,HH004,2026-03-20,0.1,kg,4,0,3,spring,0
ITM009,Cheese,Dairy,HH004,2026-03-23,0.09,kg,0,0,3,spring,0
ITM009,Cheese,Dairy,HH004,2026-03-25,0.07,kg,2,0,3,spring,0
ITM009,Cheese,Dairy,HH004,2026-04-03,0.09,kg,4,0,4,spring,0
ITM009,Cheese,Dairy,HH004,2026-04-06,0.1,kg,0,0,4,spring,0
ITM009,Cheese,Dairy,HH004,2026-04-11,0.13,kg,5,1,4,spring,0
ITM009,Cheese,Dairy,HH004,2026-04-12,0.12,kg,6,1,4,spring,0
ITM009,Cheese,Dairy,HH004,2026-04-17,0.1,kg,4,0,4,spring,0
ITM009,Cheese,Dairy,HH004,2026-04-20,0.1,kg,0,0,4,spring,0
ITM009,Cheese,Dairy,HH004,2026-04-23,0.1,kg,3,0,4,spring,0
ITM009,Cheese,Dairy,HH004,2026-04-28,0.09,kg,1,0,4,spring,0
ITM009,Cheese,Dairy,HH004,2026-05-07,0.08,kg,3,0,5,spring,0
ITM009,Cheese,Dairy,HH004,2026-05-11,0.12,kg,0,0,5,spring,0
ITM009,Cheese,Dairy,HH004,2026-05-12,0.08,kg,1,0,5,spring,0
ITM009,Cheese,Dairy,HH004,2026-05-13,0.1,kg,2,0,5,spring,0
ITM009,Cheese,Dairy,HH004,2026-05-14,0.11,kg,3,0,5,spring,0
ITM009,Cheese,Dairy,HH004,2026-05-16,0.09,kg,5,1,5,spring,0
ITM009,Cheese,Dairy,HH004,2026-05-17,0.12,kg,6,1,5,spring,0
ITM009,Cheese,Dairy,HH004,2026-05-18,0.12,kg,0,0,5,spring,0
ITM009,Cheese,Dairy,HH004,2026-05-21,0.17,kg,3,0,5,spring,0
ITM009,Cheese,Dairy,HH004,2026-05-23,0.16,kg,5,1,5,spring,0
ITM009,Cheese,Dairy,HH004,2026-05-24,0.19,kg,6,1,5,spring,0
ITM009,Cheese,Dairy,HH004,2026-05-26,0.11,kg,1,0,5,spring,0
ITM009,Cheese,Dairy,HH004,2026-05-30,0.11,kg,5,1,5,spring,0
ITM009,Cheese,Dairy,HH004,2026-06-04,0.09,kg,3,0,6,summer,0
ITM009,Cheese,Dairy,HH004,2026-06-06,0.13,kg,5,1,6,summer,1
ITM009,Cheese,Dairy,HH004,2026-06-11,0.09,kg,3,0,6,summer,0
ITM009,Cheese,Dairy,HH004,2026-06-12,0.07,kg,4,0,6,summer,0
ITM009,Cheese,Dairy,HH004,2026-06-24,0.09,kg,2,0,6,summer,0
ITM009,Cheese,Dairy,HH004,2026-06-28,0.14,kg,6,1,6,summer,0
ITM009,Cheese,Dairy,HH005,2026-01-03,0.15,kg,5,1,1,winter,0
ITM009,Cheese,Dairy,HH005,2026-01-13,0.12,kg,1,0,1,winter,0
ITM009,Cheese,Dairy,HH005,2026-01-15,0.1,kg,3,0,1,winter,0
ITM009,Cheese,Dairy,HH005,2026-01-17,0.23,kg,5,1,1,winter,0
ITM009,Cheese,Dairy,HH005,2026-01-20,0.12,kg,1,0,1,winter,0
ITM009,Cheese,Dairy,HH005,2026-01-22,0.15,kg,3,0,1,winter,0
ITM009,Cheese,Dairy,HH005,2026-01-31,0.14,kg,5,1,1,winter,0
ITM009,Cheese,Dairy,HH005,2026-02-02,0.11,kg,0,0,2,winter,0
ITM009,Cheese,Dairy,HH005,2026-02-07,0.2,kg,5,1,2,winter,0
ITM009,Cheese,Dairy,HH005,2026-02-08,0.14,kg,6,1,2,winter,0
ITM009,Cheese,Dairy,HH005,2026-02-09,0.1,kg,0,0,2,winter,0
ITM009,Cheese,Dairy,HH005,2026-02-10,0.14,kg,1,0,2,winter,0
ITM009,Cheese,Dairy,HH005,2026-02-11,0.11,kg,2,0,2,winter,0
ITM009,Cheese,Dairy,HH005,2026-02-12,0.11,kg,3,0,2,winter,0
ITM009,Cheese,Dairy,HH005,2026-02-19,0.11,kg,3,0,2,winter,0
ITM009,Cheese,Dairy,HH005,2026-02-21,0.18,kg,5,1,2,winter,0
ITM009,Cheese,Dairy,HH005,2026-02-23,0.12,kg,0,0,2,winter,0
ITM009,Cheese,Dairy,HH005,2026-02-24,0.1,kg,1,0,2,winter,0
ITM009,Cheese,Dairy,HH005,2026-03-02,0.03,kg,0,0,3,spring,0
ITM009,Cheese,Dairy,HH005,2026-03-04,0.05,kg,2,0,3,spring,0
ITM009,Cheese,Dairy,HH005,2026-03-08,0.14,kg,6,1,3,spring,1
ITM009,Cheese,Dairy,HH005,2026-03-10,0.04,kg,1,0,3,spring,0
ITM009,Cheese,Dairy,HH005,2026-03-11,0.05,kg,2,0,3,spring,0
ITM009,Cheese,Dairy,HH005,2026-03-23,0.05,kg,0,0,3,spring,0
ITM009,Cheese,Dairy,HH005,2026-03-26,0.05,kg,3,0,3,spring,0
ITM009,Cheese,Dairy,HH005,2026-03-27,0.06,kg,4,0,3,spring,0
ITM009,Cheese,Dairy,HH005,2026-04-01,0.07,kg,2,0,4,spring,0
ITM009,Cheese,Dairy,HH005,2026-04-06,0.06,kg,0,0,4,spring,0
ITM009,Cheese,Dairy,HH005,2026-04-12,0.09,kg,6,1,4,spring,0
ITM009,Cheese,Dairy,HH005,2026-04-21,0.07,kg,1,0,4,spring,0
ITM009,Cheese,Dairy,HH005,2026-04-25,0.05,kg,5,1,4,spring,0
ITM009,Cheese,Dairy,HH005,2026-04-26,0.09,kg,6,1,4,spring,0
ITM009,Cheese,Dairy,HH005,2026-04-29,0.06,kg,2,0,4,spring,0
ITM009,Cheese,Dairy,HH005,2026-04-30,0.06,kg,3,0,4,spring,0
ITM009,Cheese,Dairy,HH005,2026-05-01,0.04,kg,4,0,5,spring,1
ITM009,Cheese,Dairy,HH005,2026-05-03,0.08,kg,6,1,5,spring,0
ITM009,Cheese,Dairy,HH005,2026-05-07,0.06,kg,3,0,5,spring,0
ITM009,Cheese,Dairy,HH005,2026-05-10,0.06,kg,6,1,5,spring,0
ITM009,Cheese,Dairy,HH005,2026-05-12,0.05,kg,1,0,5,spring,0
ITM009,Cheese,Dairy,HH005,2026-05-13,0.05,kg,2,0,5,spring,0
ITM009,Cheese,Dairy,HH005,2026-05-15,0.06,kg,4,0,5,spring,0
ITM009,Cheese,Dairy,HH005,2026-05-16,0.05,kg,5,1,5,spring,0
ITM009,Cheese,Dairy,HH005,2026-05-19,0.05,kg,1,0,5,spring,0
ITM009,Cheese,Dairy,HH005,2026-05-20,0.05,kg,2,0,5,spring,0
ITM009,Cheese,Dairy,HH005,2026-05-31,0.07,kg,6,1,5,spring,0
ITM009,Cheese,Dairy,HH005,2026-06-02,0.05,kg,1,0,6,summer,0
ITM009,Cheese,Dairy,HH005,2026-06-03,0.05,kg,2,0,6,summer,0
ITM009,Cheese,Dairy,HH005,2026-06-06,0.11,kg,5,1,6,summer,1
ITM009,Cheese,Dairy,HH005,2026-06-09,0.04,kg,1,0,6,summer,0
ITM009,Cheese,Dairy,HH005,2026-06-10,0.05,kg,2,0,6,summer,0
ITM009,Cheese,Dairy,HH005,2026-06-13,0.07,kg,5,1,6,summer,0
ITM009,Cheese,Dairy,HH005,2026-06-14,0.07,kg,6,1,6,summer,0
ITM009,Cheese,Dairy,HH005,2026-06-21,0.08,kg,6,1,6,summer,0
ITM009,Cheese,Dairy,HH005,2026-06-24,0.05,kg,2,0,6,summer,0
ITM009,Cheese,Dairy,HH005,2026-06-25,0.05,kg,3,0,6,summer,0
ITM009,Cheese,Dairy,HH005,2026-06-27,0.08,kg,5,1,6,summer,0
ITM009,Cheese,Dairy,HH006,2026-01-06,0.2,kg,1,0,1,winter,0
ITM009,Cheese,Dairy,HH006,2026-01-07,0.14,kg,2,0,1,winter,0
ITM009,Cheese,Dairy,HH006,2026-01-14,0.14,kg,2,0,1,winter,0
ITM009,Cheese,Dairy,HH006,2026-01-18,0.18,kg,6,1,1,winter,0
ITM009,Cheese,Dairy,HH006,2026-01-22,0.16,kg,3,0,1,winter,0
ITM009,Cheese,Dairy,HH006,2026-01-24,0.19,kg,5,1,1,winter,0
ITM009,Cheese,Dairy,HH006,2026-01-30,0.14,kg,4,0,1,winter,0
ITM009,Cheese,Dairy,HH006,2026-02-04,0.14,kg,2,0,2,winter,0
ITM009,Cheese,Dairy,HH006,2026-02-07,0.23,kg,5,1,2,winter,0
ITM009,Cheese,Dairy,HH006,2026-02-12,0.14,kg,3,0,2,winter,0
ITM009,Cheese,Dairy,HH006,2026-02-15,0.16,kg,6,1,2,winter,0
ITM009,Cheese,Dairy,HH006,2026-02-22,0.18,kg,6,1,2,winter,0
ITM009,Cheese,Dairy,HH006,2026-02-25,0.15,kg,2,0,2,winter,0
ITM009,Cheese,Dairy,HH006,2026-02-28,0.18,kg,5,1,2,winter,0
ITM009,Cheese,Dairy,HH006,2026-03-01,0.09,kg,6,1,3,spring,0
ITM009,Cheese,Dairy,HH006,2026-03-02,0.06,kg,0,0,3,spring,0
ITM009,Cheese,Dairy,HH006,2026-03-04,0.05,kg,2,0,3,spring,0
ITM009,Cheese,Dairy,HH006,2026-03-05,0.06,kg,3,0,3,spring,0
ITM009,Cheese,Dairy,HH006,2026-03-08,0.13,kg,6,1,3,spring,1
ITM009,Cheese,Dairy,HH006,2026-03-13,0.06,kg,4,0,3,spring,0
ITM009,Cheese,Dairy,HH006,2026-03-14,0.07,kg,5,1,3,spring,0
ITM009,Cheese,Dairy,HH006,2026-03-21,0.08,kg,5,1,3,spring,0
ITM009,Cheese,Dairy,HH006,2026-03-22,0.11,kg,6,1,3,spring,0
ITM009,Cheese,Dairy,HH006,2026-03-29,0.09,kg,6,1,3,spring,0
ITM009,Cheese,Dairy,HH006,2026-04-03,0.09,kg,4,0,4,spring,0
ITM009,Cheese,Dairy,HH006,2026-04-08,0.07,kg,2,0,4,spring,0
ITM009,Cheese,Dairy,HH006,2026-04-10,0.06,kg,4,0,4,spring,0
ITM009,Cheese,Dairy,HH006,2026-04-13,0.06,kg,0,0,4,spring,0
ITM009,Cheese,Dairy,HH006,2026-04-25,0.09,kg,5,1,4,spring,0
ITM009,Cheese,Dairy,HH006,2026-04-26,0.08,kg,6,1,4,spring,0
ITM009,Cheese,Dairy,HH006,2026-04-29,0.04,kg,2,0,4,spring,0
ITM009,Cheese,Dairy,HH006,2026-05-05,0.07,kg,1,0,5,spring,0
ITM009,Cheese,Dairy,HH006,2026-05-09,0.06,kg,5,1,5,spring,0
ITM009,Cheese,Dairy,HH006,2026-05-15,0.05,kg,4,0,5,spring,0
ITM009,Cheese,Dairy,HH006,2026-06-01,0.07,kg,0,0,6,summer,0
ITM009,Cheese,Dairy,HH006,2026-06-03,0.05,kg,2,0,6,summer,0
ITM009,Cheese,Dairy,HH006,2026-06-04,0.06,kg,3,0,6,summer,0
ITM009,Cheese,Dairy,HH006,2026-06-08,0.06,kg,0,0,6,summer,0
ITM009,Cheese,Dairy,HH006,2026-06-10,0.06,kg,2,0,6,summer,0
ITM009,Cheese,Dairy,HH006,2026-06-16,0.07,kg,1,0,6,summer,0
ITM009,Cheese,Dairy,HH006,2026-06-20,0.08,kg,5,1,6,summer,0
ITM009,Cheese,Dairy,HH006,2026-06-22,0.05,kg,0,0,6,summer,0
ITM009,Cheese,Dairy,HH006,2026-06-23,0.06,kg,1,0,6,summer,0
ITM009,Cheese,Dairy,HH006,2026-06-26,0.06,kg,4,0,6,summer,0
ITM009,Cheese,Dairy,HH007,2026-01-01,0.25,kg,3,0,1,winter,1
ITM009,Cheese,Dairy,HH007,2026-01-03,0.16,kg,5,1,1,winter,0
ITM009,Cheese,Dairy,HH007,2026-01-06,0.21,kg,1,0,1,winter,0
ITM009,Cheese,Dairy,HH007,2026-01-09,0.14,kg,4,0,1,winter,0
ITM009,Cheese,Dairy,HH007,2026-01-10,0.28,kg,5,1,1,winter,0
ITM009,Cheese,Dairy,HH007,2026-01-12,0.17,kg,0,0,1,winter,0
ITM009,Cheese,Dairy,HH007,2026-01-19,0.19,kg,0,0,1,winter,0
ITM009,Cheese,Dairy,HH007,2026-01-21,0.18,kg,2,0,1,winter,0
ITM009,Cheese,Dairy,HH007,2026-01-23,0.19,kg,4,0,1,winter,0
ITM009,Cheese,Dairy,HH007,2026-01-25,0.3,kg,6,1,1,winter,0
ITM009,Cheese,Dairy,HH007,2026-01-29,0.17,kg,3,0,1,winter,0
ITM009,Cheese,Dairy,HH007,2026-01-30,0.15,kg,4,0,1,winter,0
ITM009,Cheese,Dairy,HH007,2026-02-01,0.25,kg,6,1,2,winter,0
ITM009,Cheese,Dairy,HH007,2026-02-09,0.19,kg,0,0,2,winter,0
ITM009,Cheese,Dairy,HH007,2026-02-10,0.19,kg,1,0,2,winter,0
ITM009,Cheese,Dairy,HH007,2026-02-12,0.18,kg,3,0,2,winter,0
ITM009,Cheese,Dairy,HH007,2026-02-14,0.24,kg,5,1,2,winter,0
ITM009,Cheese,Dairy,HH007,2026-02-20,0.15,kg,4,0,2,winter,0
ITM009,Cheese,Dairy,HH007,2026-02-26,0.19,kg,3,0,2,winter,0
ITM009,Cheese,Dairy,HH007,2026-03-03,0.08,kg,1,0,3,spring,0
ITM009,Cheese,Dairy,HH007,2026-03-05,0.09,kg,3,0,3,spring,0
ITM009,Cheese,Dairy,HH007,2026-03-07,0.09,kg,5,1,3,spring,0
ITM009,Cheese,Dairy,HH007,2026-03-09,0.05,kg,0,0,3,spring,0
ITM009,Cheese,Dairy,HH007,2026-03-14,0.11,kg,5,1,3,spring,0
ITM009,Cheese,Dairy,HH007,2026-03-30,0.05,kg,0,0,3,spring,0
ITM009,Cheese,Dairy,HH007,2026-04-07,0.05,kg,1,0,4,spring,0
ITM009,Cheese,Dairy,HH007,2026-04-08,0.11,kg,2,0,4,spring,0
ITM009,Cheese,Dairy,HH007,2026-04-17,0.1,kg,4,0,4,spring,0
ITM009,Cheese,Dairy,HH007,2026-04-18,0.09,kg,5,1,4,spring,0
ITM009,Cheese,Dairy,HH007,2026-04-19,0.1,kg,6,1,4,spring,0
ITM009,Cheese,Dairy,HH007,2026-04-21,0.06,kg,1,0,4,spring,0
ITM009,Cheese,Dairy,HH007,2026-04-23,0.05,kg,3,0,4,spring,0
ITM009,Cheese,Dairy,HH007,2026-05-03,0.17,kg,6,1,5,spring,0
ITM009,Cheese,Dairy,HH007,2026-05-04,0.08,kg,0,0,5,spring,0
ITM009,Cheese,Dairy,HH007,2026-05-11,0.08,kg,0,0,5,spring,0
ITM009,Cheese,Dairy,HH007,2026-05-16,0.1,kg,5,1,5,spring,0
ITM009,Cheese,Dairy,HH007,2026-05-19,0.09,kg,1,0,5,spring,0
ITM009,Cheese,Dairy,HH007,2026-05-21,0.09,kg,3,0,5,spring,0
ITM009,Cheese,Dairy,HH007,2026-05-22,0.06,kg,4,0,5,spring,0
ITM009,Cheese,Dairy,HH007,2026-05-24,0.13,kg,6,1,5,spring,0
ITM009,Cheese,Dairy,HH007,2026-05-26,0.06,kg,1,0,5,spring,0
ITM009,Cheese,Dairy,HH007,2026-05-27,0.08,kg,2,0,5,spring,0
ITM009,Cheese,Dairy,HH007,2026-05-29,0.11,kg,4,0,5,spring,0
ITM009,Cheese,Dairy,HH007,2026-06-03,0.07,kg,2,0,6,summer,0
ITM009,Cheese,Dairy,HH007,2026-06-04,0.07,kg,3,0,6,summer,0
ITM009,Cheese,Dairy,HH007,2026-06-06,0.21,kg,5,1,6,summer,1
ITM009,Cheese,Dairy,HH007,2026-06-16,0.07,kg,1,0,6,summer,0
ITM009,Cheese,Dairy,HH007,2026-06-17,0.08,kg,2,0,6,summer,0
ITM009,Cheese,Dairy,HH007,2026-06-23,0.08,kg,1,0,6,summer,0
ITM009,Cheese,Dairy,HH008,2026-01-01,0.3,kg,3,0,1,winter,1
ITM009,Cheese,Dairy,HH008,2026-01-15,0.19,kg,3,0,1,winter,0
ITM009,Cheese,Dairy,HH008,2026-01-19,0.18,kg,0,0,1,winter,0
ITM009,Cheese,Dairy,HH008,2026-01-21,0.22,kg,2,0,1,winter,0
ITM009,Cheese,Dairy,HH008,2026-01-25,0.27,kg,6,1,1,winter,0
ITM009,Cheese,Dairy,HH008,2026-01-31,0.23,kg,5,1,1,winter,0
ITM009,Cheese,Dairy,HH008,2026-02-03,0.26,kg,1,0,2,winter,0
ITM009,Cheese,Dairy,HH008,2026-02-08,0.26,kg,6,1,2,winter,0
ITM009,Cheese,Dairy,HH008,2026-02-09,0.2,kg,0,0,2,winter,0
ITM009,Cheese,Dairy,HH008,2026-02-18,0.21,kg,2,0,2,winter,0
ITM009,Cheese,Dairy,HH008,2026-02-20,0.19,kg,4,0,2,winter,0
ITM009,Cheese,Dairy,HH008,2026-02-22,0.28,kg,6,1,2,winter,0
ITM009,Cheese,Dairy,HH008,2026-02-25,0.2,kg,2,0,2,winter,0
ITM009,Cheese,Dairy,HH008,2026-02-26,0.15,kg,3,0,2,winter,0
ITM009,Cheese,Dairy,HH008,2026-02-28,0.35,kg,5,1,2,winter,0
ITM009,Cheese,Dairy,HH008,2026-03-02,0.08,kg,0,0,3,spring,0
ITM009,Cheese,Dairy,HH008,2026-03-06,0.07,kg,4,0,3,spring,0
ITM009,Cheese,Dairy,HH008,2026-03-07,0.12,kg,5,1,3,spring,0
ITM009,Cheese,Dairy,HH008,2026-03-08,0.16,kg,6,1,3,spring,1
ITM009,Cheese,Dairy,HH008,2026-03-09,0.08,kg,0,0,3,spring,0
ITM009,Cheese,Dairy,HH008,2026-03-23,0.09,kg,0,0,3,spring,0
ITM009,Cheese,Dairy,HH008,2026-03-28,0.13,kg,5,1,3,spring,0
ITM009,Cheese,Dairy,HH008,2026-04-02,0.09,kg,3,0,4,spring,0
ITM009,Cheese,Dairy,HH008,2026-04-05,0.13,kg,6,1,4,spring,0
ITM009,Cheese,Dairy,HH008,2026-04-06,0.07,kg,0,0,4,spring,0
ITM009,Cheese,Dairy,HH008,2026-04-12,0.14,kg,6,1,4,spring,0
ITM009,Cheese,Dairy,HH008,2026-04-13,0.09,kg,0,0,4,spring,0
ITM009,Cheese,Dairy,HH008,2026-04-19,0.09,kg,6,1,4,spring,0
ITM009,Cheese,Dairy,HH008,2026-04-21,0.13,kg,1,0,4,spring,0
ITM009,Cheese,Dairy,HH008,2026-04-29,0.07,kg,2,0,4,spring,0
ITM009,Cheese,Dairy,HH008,2026-05-02,0.1,kg,5,1,5,spring,0
ITM009,Cheese,Dairy,HH008,2026-05-06,0.05,kg,2,0,5,spring,0
ITM009,Cheese,Dairy,HH008,2026-05-11,0.09,kg,0,0,5,spring,0
ITM009,Cheese,Dairy,HH008,2026-05-12,0.09,kg,1,0,5,spring,0
ITM009,Cheese,Dairy,HH008,2026-05-13,0.1,kg,2,0,5,spring,0
ITM009,Cheese,Dairy,HH008,2026-05-15,0.09,kg,4,0,5,spring,0
ITM009,Cheese,Dairy,HH008,2026-05-18,0.08,kg,0,0,5,spring,0
ITM009,Cheese,Dairy,HH008,2026-05-19,0.09,kg,1,0,5,spring,0
ITM009,Cheese,Dairy,HH008,2026-05-30,0.15,kg,5,1,5,spring,0
ITM009,Cheese,Dairy,HH008,2026-06-01,0.08,kg,0,0,6,summer,0
ITM009,Cheese,Dairy,HH008,2026-06-02,0.1,kg,1,0,6,summer,0
ITM009,Cheese,Dairy,HH008,2026-06-08,0.06,kg,0,0,6,summer,0
ITM009,Cheese,Dairy,HH008,2026-06-09,0.08,kg,1,0,6,summer,0
ITM009,Cheese,Dairy,HH008,2026-06-10,0.1,kg,2,0,6,summer,0
ITM009,Cheese,Dairy,HH008,2026-06-11,0.09,kg,3,0,6,summer,0
ITM009,Cheese,Dairy,HH008,2026-06-13,0.12,kg,5,1,6,summer,0
ITM009,Cheese,Dairy,HH008,2026-06-21,0.18,kg,6,1,6,summer,0
ITM009,Cheese,Dairy,HH008,2026-06-23,0.08,kg,1,0,6,summer,0
ITM009,Cheese,Dairy,HH008,2026-06-25,0.09,kg,3,0,6,summer,0
ITM009,Cheese,Dairy,HH008,2026-06-26,0.09,kg,4,0,6,summer,0
ITM009,Cheese,Dairy,HH008,2026-06-27,0.11,kg,5,1,6,summer,0
ITM009,Cheese,Dairy,HH009,2026-01-04,0.36,kg,6,1,1,winter,0
ITM009,Cheese,Dairy,HH009,2026-01-10,0.29,kg,5,1,1,winter,0
ITM009,Cheese,Dairy,HH009,2026-01-15,0.23,kg,3,0,1,winter,0
ITM009,Cheese,Dairy,HH009,2026-01-16,0.25,kg,4,0,1,winter,0
ITM009,Cheese,Dairy,HH009,2026-01-18,0.39,kg,6,1,1,winter,0
ITM009,Cheese,Dairy,HH009,2026-01-19,0.18,kg,0,0,1,winter,0
ITM009,Cheese,Dairy,HH009,2026-01-20,0.26,kg,1,0,1,winter,0
ITM009,Cheese,Dairy,HH009,2026-01-27,0.21,kg,1,0,1,winter,0
ITM009,Cheese,Dairy,HH009,2026-01-30,0.25,kg,4,0,1,winter,0
ITM009,Cheese,Dairy,HH009,2026-02-05,0.23,kg,3,0,2,winter,0
ITM009,Cheese,Dairy,HH009,2026-02-06,0.2,kg,4,0,2,winter,0
ITM009,Cheese,Dairy,HH009,2026-02-11,0.25,kg,2,0,2,winter,0
ITM009,Cheese,Dairy,HH009,2026-02-13,0.3,kg,4,0,2,winter,0
ITM009,Cheese,Dairy,HH009,2026-02-15,0.3,kg,6,1,2,winter,0
ITM009,Cheese,Dairy,HH009,2026-02-16,0.26,kg,0,0,2,winter,0
ITM009,Cheese,Dairy,HH009,2026-02-18,0.2,kg,2,0,2,winter,0
ITM009,Cheese,Dairy,HH009,2026-02-25,0.2,kg,2,0,2,winter,0
ITM009,Cheese,Dairy,HH009,2026-02-27,0.22,kg,4,0,2,winter,0
ITM009,Cheese,Dairy,HH009,2026-03-01,0.13,kg,6,1,3,spring,0
ITM009,Cheese,Dairy,HH009,2026-03-04,0.08,kg,2,0,3,spring,0
ITM009,Cheese,Dairy,HH009,2026-03-05,0.12,kg,3,0,3,spring,0
ITM009,Cheese,Dairy,HH009,2026-03-11,0.1,kg,2,0,3,spring,0
ITM009,Cheese,Dairy,HH009,2026-03-13,0.11,kg,4,0,3,spring,0
ITM009,Cheese,Dairy,HH009,2026-03-23,0.07,kg,0,0,3,spring,0
ITM009,Cheese,Dairy,HH009,2026-03-25,0.11,kg,2,0,3,spring,0
ITM009,Cheese,Dairy,HH009,2026-03-27,0.11,kg,4,0,3,spring,0
ITM009,Cheese,Dairy,HH009,2026-04-14,0.12,kg,1,0,4,spring,1
ITM009,Cheese,Dairy,HH009,2026-04-19,0.16,kg,6,1,4,spring,0
ITM009,Cheese,Dairy,HH009,2026-04-24,0.09,kg,4,0,4,spring,0
ITM009,Cheese,Dairy,HH009,2026-04-26,0.17,kg,6,1,4,spring,0
ITM009,Cheese,Dairy,HH009,2026-04-29,0.11,kg,2,0,4,spring,0
ITM009,Cheese,Dairy,HH009,2026-05-01,0.17,kg,4,0,5,spring,1
ITM009,Cheese,Dairy,HH009,2026-05-10,0.14,kg,6,1,5,spring,0
ITM009,Cheese,Dairy,HH009,2026-05-17,0.15,kg,6,1,5,spring,0
ITM009,Cheese,Dairy,HH009,2026-05-18,0.08,kg,0,0,5,spring,0
ITM009,Cheese,Dairy,HH009,2026-05-21,0.1,kg,3,0,5,spring,0
ITM009,Cheese,Dairy,HH009,2026-05-22,0.1,kg,4,0,5,spring,0
ITM009,Cheese,Dairy,HH009,2026-05-23,0.17,kg,5,1,5,spring,0
ITM009,Cheese,Dairy,HH009,2026-05-25,0.12,kg,0,0,5,spring,0
ITM009,Cheese,Dairy,HH009,2026-05-30,0.15,kg,5,1,5,spring,0
ITM009,Cheese,Dairy,HH009,2026-06-03,0.1,kg,2,0,6,summer,0
ITM009,Cheese,Dairy,HH009,2026-06-13,0.1,kg,5,1,6,summer,0
ITM009,Cheese,Dairy,HH009,2026-06-14,0.11,kg,6,1,6,summer,0
ITM009,Cheese,Dairy,HH009,2026-06-16,0.13,kg,1,0,6,summer,0
ITM009,Cheese,Dairy,HH009,2026-06-17,0.11,kg,2,0,6,summer,0
ITM009,Cheese,Dairy,HH009,2026-06-22,0.1,kg,0,0,6,summer,0
ITM009,Cheese,Dairy,HH010,2026-01-01,0.2,kg,3,0,1,winter,1
ITM009,Cheese,Dairy,HH010,2026-01-03,0.14,kg,5,1,1,winter,0
ITM009,Cheese,Dairy,HH010,2026-01-11,0.17,kg,6,1,1,winter,0
ITM009,Cheese,Dairy,HH010,2026-01-16,0.13,kg,4,0,1,winter,0
ITM009,Cheese,Dairy,HH010,2026-01-17,0.16,kg,5,1,1,winter,0
ITM009,Cheese,Dairy,HH010,2026-01-18,0.13,kg,6,1,1,winter,0
ITM009,Cheese,Dairy,HH010,2026-01-22,0.12,kg,3,0,1,winter,0
ITM009,Cheese,Dairy,HH010,2026-01-26,0.22,kg,0,0,1,winter,1
ITM009,Cheese,Dairy,HH010,2026-01-30,0.14,kg,4,0,1,winter,0
ITM009,Cheese,Dairy,HH010,2026-02-02,0.13,kg,0,0,2,winter,0
ITM009,Cheese,Dairy,HH010,2026-02-09,0.11,kg,0,0,2,winter,0
ITM009,Cheese,Dairy,HH010,2026-02-20,0.09,kg,4,0,2,winter,0
ITM009,Cheese,Dairy,HH010,2026-02-24,0.13,kg,1,0,2,winter,0
ITM009,Cheese,Dairy,HH010,2026-02-28,0.12,kg,5,1,2,winter,0
ITM009,Cheese,Dairy,HH010,2026-03-06,0.04,kg,4,0,3,spring,0
ITM009,Cheese,Dairy,HH010,2026-03-10,0.05,kg,1,0,3,spring,0
ITM009,Cheese,Dairy,HH010,2026-03-12,0.04,kg,3,0,3,spring,0
ITM009,Cheese,Dairy,HH010,2026-03-13,0.05,kg,4,0,3,spring,0
ITM009,Cheese,Dairy,HH010,2026-03-14,0.07,kg,5,1,3,spring,0
ITM009,Cheese,Dairy,HH010,2026-03-16,0.04,kg,0,0,3,spring,0
ITM009,Cheese,Dairy,HH010,2026-03-17,0.04,kg,1,0,3,spring,0
ITM009,Cheese,Dairy,HH010,2026-03-20,0.06,kg,4,0,3,spring,0
ITM009,Cheese,Dairy,HH010,2026-03-21,0.07,kg,5,1,3,spring,0
ITM009,Cheese,Dairy,HH010,2026-03-23,0.04,kg,0,0,3,spring,0
ITM009,Cheese,Dairy,HH010,2026-03-25,0.06,kg,2,0,3,spring,0
ITM009,Cheese,Dairy,HH010,2026-03-29,0.09,kg,6,1,3,spring,0
ITM009,Cheese,Dairy,HH010,2026-03-31,0.08,kg,1,0,3,spring,0
ITM009,Cheese,Dairy,HH010,2026-04-02,0.05,kg,3,0,4,spring,0
ITM009,Cheese,Dairy,HH010,2026-04-04,0.1,kg,5,1,4,spring,0
ITM009,Cheese,Dairy,HH010,2026-04-05,0.08,kg,6,1,4,spring,0
ITM009,Cheese,Dairy,HH010,2026-04-07,0.06,kg,1,0,4,spring,0
ITM009,Cheese,Dairy,HH010,2026-04-08,0.05,kg,2,0,4,spring,0
ITM009,Cheese,Dairy,HH010,2026-04-12,0.06,kg,6,1,4,spring,0
ITM009,Cheese,Dairy,HH010,2026-04-15,0.06,kg,2,0,4,spring,0
ITM009,Cheese,Dairy,HH010,2026-04-20,0.04,kg,0,0,4,spring,0
ITM009,Cheese,Dairy,HH010,2026-04-21,0.05,kg,1,0,4,spring,0
ITM009,Cheese,Dairy,HH010,2026-04-23,0.06,kg,3,0,4,spring,0
ITM009,Cheese,Dairy,HH010,2026-04-24,0.05,kg,4,0,4,spring,0
ITM009,Cheese,Dairy,HH010,2026-05-08,0.05,kg,4,0,5,spring,0
ITM009,Cheese,Dairy,HH010,2026-05-11,0.06,kg,0,0,5,spring,0
ITM009,Cheese,Dairy,HH010,2026-05-22,0.05,kg,4,0,5,spring,0
ITM009,Cheese,Dairy,HH010,2026-05-23,0.08,kg,5,1,5,spring,0
ITM009,Cheese,Dairy,HH010,2026-05-25,0.04,kg,0,0,5,spring,0
ITM009,Cheese,Dairy,HH010,2026-05-29,0.06,kg,4,0,5,spring,0
ITM009,Cheese,Dairy,HH010,2026-06-02,0.06,kg,1,0,6,summer,0
ITM009,Cheese,Dairy,HH010,2026-06-04,0.05,kg,3,0,6,summer,0
ITM009,Cheese,Dairy,HH010,2026-06-05,0.04,kg,4,0,6,summer,0
ITM009,Cheese,Dairy,HH010,2026-06-11,0.05,kg,3,0,6,summer,0
ITM009,Cheese,Dairy,HH010,2026-06-12,0.06,kg,4,0,6,summer,0
ITM009,Cheese,Dairy,HH010,2026-06-15,0.05,kg,0,0,6,summer,0
ITM009,Cheese,Dairy,HH010,2026-06-17,0.05,kg,2,0,6,summer,0
ITM009,Cheese,Dairy,HH010,2026-06-18,0.05,kg,3,0,6,summer,0
ITM009,Cheese,Dairy,HH010,2026-06-19,0.06,kg,4,0,6,summer,0
ITM009,Cheese,Dairy,HH010,2026-06-20,0.09,kg,5,1,6,summer,0
ITM009,Cheese,Dairy,HH010,2026-06-22,0.04,kg,0,0,6,summer,0
ITM009,Cheese,Dairy,HH010,2026-06-26,0.06,kg,4,0,6,summer,0
ITM009,Cheese,Dairy,HH011,2026-01-07,0.11,kg,2,0,1,winter,0
ITM009,Cheese,Dairy,HH011,2026-01-12,0.14,kg,0,0,1,winter,0
ITM009,Cheese,Dairy,HH011,2026-01-17,0.14,kg,5,1,1,winter,0
ITM009,Cheese,Dairy,HH011,2026-01-18,0.21,kg,6,1,1,winter,0
ITM009,Cheese,Dairy,HH011,2026-01-22,0.14,kg,3,0,1,winter,0
ITM009,Cheese,Dairy,HH011,2026-01-23,0.11,kg,4,0,1,winter,0
ITM009,Cheese,Dairy,HH011,2026-01-25,0.2,kg,6,1,1,winter,0
ITM009,Cheese,Dairy,HH011,2026-01-31,0.26,kg,5,1,1,winter,0
ITM009,Cheese,Dairy,HH011,2026-02-03,0.16,kg,1,0,2,winter,0
ITM009,Cheese,Dairy,HH011,2026-02-07,0.23,kg,5,1,2,winter,0
ITM009,Cheese,Dairy,HH011,2026-02-08,0.17,kg,6,1,2,winter,0
ITM009,Cheese,Dairy,HH011,2026-02-11,0.15,kg,2,0,2,winter,0
ITM009,Cheese,Dairy,HH011,2026-02-13,0.14,kg,4,0,2,winter,0
ITM009,Cheese,Dairy,HH011,2026-02-14,0.24,kg,5,1,2,winter,0
ITM009,Cheese,Dairy,HH011,2026-02-15,0.17,kg,6,1,2,winter,0
ITM009,Cheese,Dairy,HH011,2026-02-20,0.11,kg,4,0,2,winter,0
ITM009,Cheese,Dairy,HH011,2026-02-21,0.15,kg,5,1,2,winter,0
ITM009,Cheese,Dairy,HH011,2026-02-23,0.13,kg,0,0,2,winter,0
ITM009,Cheese,Dairy,HH011,2026-03-04,0.06,kg,2,0,3,spring,0
ITM009,Cheese,Dairy,HH011,2026-03-05,0.05,kg,3,0,3,spring,0
ITM009,Cheese,Dairy,HH011,2026-03-07,0.13,kg,5,1,3,spring,0
ITM009,Cheese,Dairy,HH011,2026-03-08,0.1,kg,6,1,3,spring,1
ITM009,Cheese,Dairy,HH011,2026-03-13,0.06,kg,4,0,3,spring,0
ITM009,Cheese,Dairy,HH011,2026-03-15,0.11,kg,6,1,3,spring,0
ITM009,Cheese,Dairy,HH011,2026-03-19,0.07,kg,3,0,3,spring,0
ITM009,Cheese,Dairy,HH011,2026-03-21,0.06,kg,5,1,3,spring,0
ITM009,Cheese,Dairy,HH011,2026-03-30,0.05,kg,0,0,3,spring,0
ITM009,Cheese,Dairy,HH011,2026-04-07,0.08,kg,1,0,4,spring,0
ITM009,Cheese,Dairy,HH011,2026-04-08,0.06,kg,2,0,4,spring,0
ITM009,Cheese,Dairy,HH011,2026-04-10,0.05,kg,4,0,4,spring,0
ITM009,Cheese,Dairy,HH011,2026-04-13,0.08,kg,0,0,4,spring,0
ITM009,Cheese,Dairy,HH011,2026-04-18,0.09,kg,5,1,4,spring,0
ITM009,Cheese,Dairy,HH011,2026-04-29,0.07,kg,2,0,4,spring,0
ITM009,Cheese,Dairy,HH011,2026-05-01,0.08,kg,4,0,5,spring,1
ITM009,Cheese,Dairy,HH011,2026-05-03,0.1,kg,6,1,5,spring,0
ITM009,Cheese,Dairy,HH011,2026-05-04,0.07,kg,0,0,5,spring,0
ITM009,Cheese,Dairy,HH011,2026-05-07,0.05,kg,3,0,5,spring,0
ITM009,Cheese,Dairy,HH011,2026-05-15,0.07,kg,4,0,5,spring,0
ITM009,Cheese,Dairy,HH011,2026-05-24,0.07,kg,6,1,5,spring,0
ITM009,Cheese,Dairy,HH011,2026-05-25,0.08,kg,0,0,5,spring,0
ITM009,Cheese,Dairy,HH011,2026-05-26,0.07,kg,1,0,5,spring,0
ITM009,Cheese,Dairy,HH011,2026-06-01,0.08,kg,0,0,6,summer,0
ITM009,Cheese,Dairy,HH011,2026-06-03,0.08,kg,2,0,6,summer,0
ITM009,Cheese,Dairy,HH011,2026-06-06,0.1,kg,5,1,6,summer,1
ITM009,Cheese,Dairy,HH011,2026-06-13,0.12,kg,5,1,6,summer,0
ITM009,Cheese,Dairy,HH011,2026-06-14,0.07,kg,6,1,6,summer,0
ITM009,Cheese,Dairy,HH011,2026-06-16,0.05,kg,1,0,6,summer,0
ITM009,Cheese,Dairy,HH011,2026-06-17,0.06,kg,2,0,6,summer,0
ITM009,Cheese,Dairy,HH011,2026-06-24,0.06,kg,2,0,6,summer,0
ITM009,Cheese,Dairy,HH011,2026-06-25,0.07,kg,3,0,6,summer,0
ITM009,Cheese,Dairy,HH011,2026-06-28,0.08,kg,6,1,6,summer,0
ITM009,Cheese,Dairy,HH011,2026-06-29,0.07,kg,0,0,6,summer,0
ITM009,Cheese,Dairy,HH012,2026-01-02,0.18,kg,4,0,1,winter,0
ITM009,Cheese,Dairy,HH012,2026-01-03,0.23,kg,5,1,1,winter,0
ITM009,Cheese,Dairy,HH012,2026-01-07,0.16,kg,2,0,1,winter,0
ITM009,Cheese,Dairy,HH012,2026-01-08,0.16,kg,3,0,1,winter,0
ITM009,Cheese,Dairy,HH012,2026-01-09,0.16,kg,4,0,1,winter,0
ITM009,Cheese,Dairy,HH012,2026-01-17,0.24,kg,5,1,1,winter,0
ITM009,Cheese,Dairy,HH012,2026-01-22,0.21,kg,3,0,1,winter,0
ITM009,Cheese,Dairy,HH012,2026-01-24,0.27,kg,5,1,1,winter,0
ITM009,Cheese,Dairy,HH012,2026-01-25,0.25,kg,6,1,1,winter,0
ITM009,Cheese,Dairy,HH012,2026-02-02,0.15,kg,0,0,2,winter,0
ITM009,Cheese,Dairy,HH012,2026-02-04,0.18,kg,2,0,2,winter,0
ITM009,Cheese,Dairy,HH012,2026-02-06,0.14,kg,4,0,2,winter,0
ITM009,Cheese,Dairy,HH012,2026-02-07,0.25,kg,5,1,2,winter,0
ITM009,Cheese,Dairy,HH012,2026-02-08,0.21,kg,6,1,2,winter,0
ITM009,Cheese,Dairy,HH012,2026-02-09,0.19,kg,0,0,2,winter,0
ITM009,Cheese,Dairy,HH012,2026-02-14,0.19,kg,5,1,2,winter,0
ITM009,Cheese,Dairy,HH012,2026-02-18,0.18,kg,2,0,2,winter,0
ITM009,Cheese,Dairy,HH012,2026-03-02,0.09,kg,0,0,3,spring,0
ITM009,Cheese,Dairy,HH012,2026-03-08,0.2,kg,6,1,3,spring,1
ITM009,Cheese,Dairy,HH012,2026-03-11,0.07,kg,2,0,3,spring,0
ITM009,Cheese,Dairy,HH012,2026-03-20,0.07,kg,4,0,3,spring,0
ITM009,Cheese,Dairy,HH012,2026-03-21,0.13,kg,5,1,3,spring,0
ITM009,Cheese,Dairy,HH012,2026-03-22,0.11,kg,6,1,3,spring,0
ITM009,Cheese,Dairy,HH012,2026-03-23,0.08,kg,0,0,3,spring,0
ITM009,Cheese,Dairy,HH012,2026-03-25,0.08,kg,2,0,3,spring,0
ITM009,Cheese,Dairy,HH012,2026-03-27,0.08,kg,4,0,3,spring,0
ITM009,Cheese,Dairy,HH012,2026-03-30,0.06,kg,0,0,3,spring,0
ITM009,Cheese,Dairy,HH012,2026-04-08,0.09,kg,2,0,4,spring,0
ITM009,Cheese,Dairy,HH012,2026-04-09,0.05,kg,3,0,4,spring,0
ITM009,Cheese,Dairy,HH012,2026-04-13,0.08,kg,0,0,4,spring,0
ITM009,Cheese,Dairy,HH012,2026-04-21,0.08,kg,1,0,4,spring,0
ITM009,Cheese,Dairy,HH012,2026-04-25,0.08,kg,5,1,4,spring,0
ITM009,Cheese,Dairy,HH012,2026-04-26,0.13,kg,6,1,4,spring,0
ITM009,Cheese,Dairy,HH012,2026-04-30,0.07,kg,3,0,4,spring,0
ITM009,Cheese,Dairy,HH012,2026-05-01,0.12,kg,4,0,5,spring,1
ITM009,Cheese,Dairy,HH012,2026-05-03,0.1,kg,6,1,5,spring,0
ITM009,Cheese,Dairy,HH012,2026-05-06,0.09,kg,2,0,5,spring,0
ITM009,Cheese,Dairy,HH012,2026-05-18,0.07,kg,0,0,5,spring,0
ITM009,Cheese,Dairy,HH012,2026-05-19,0.06,kg,1,0,5,spring,0
ITM009,Cheese,Dairy,HH012,2026-05-21,0.09,kg,3,0,5,spring,0
ITM009,Cheese,Dairy,HH012,2026-05-25,0.11,kg,0,0,5,spring,0
ITM009,Cheese,Dairy,HH012,2026-06-02,0.1,kg,1,0,6,summer,0
ITM009,Cheese,Dairy,HH012,2026-06-06,0.17,kg,5,1,6,summer,1
ITM009,Cheese,Dairy,HH012,2026-06-08,0.09,kg,0,0,6,summer,0
ITM009,Cheese,Dairy,HH012,2026-06-19,0.06,kg,4,0,6,summer,0
ITM009,Cheese,Dairy,HH012,2026-06-20,0.1,kg,5,1,6,summer,0
ITM009,Cheese,Dairy,HH012,2026-06-22,0.08,kg,0,0,6,summer,0
ITM009,Cheese,Dairy,HH012,2026-06-23,0.09,kg,1,0,6,summer,0
ITM009,Cheese,Dairy,HH012,2026-06-27,0.1,kg,5,1,6,summer,0
ITM009,Cheese,Dairy,HH012,2026-06-28,0.12,kg,6,1,6,summer,0
ITM009,Cheese,Dairy,HH012,2026-06-29,0.05,kg,0,0,6,summer,0
ITM009,Cheese,Dairy,HH013,2026-01-08,0.17,kg,3,0,1,winter,0
ITM009,Cheese,Dairy,HH013,2026-01-09,0.22,kg,4,0,1,winter,0
ITM009,Cheese,Dairy,HH013,2026-01-11,0.23,kg,6,1,1,winter,0
ITM009,Cheese,Dairy,HH013,2026-01-16,0.16,kg,4,0,1,winter,0
ITM009,Cheese,Dairy,HH013,2026-01-18,0.26,kg,6,1,1,winter,0
ITM009,Cheese,Dairy,HH013,2026-01-19,0.23,kg,0,0,1,winter,0
ITM009,Cheese,Dairy,HH013,2026-01-20,0.19,kg,1,0,1,winter,0
ITM009,Cheese,Dairy,HH013,2026-01-26,0.28,kg,0,0,1,winter,1
ITM009,Cheese,Dairy,HH013,2026-02-05,0.19,kg,3,0,2,winter,0
ITM009,Cheese,Dairy,HH013,2026-02-08,0.18,kg,6,1,2,winter,0
ITM009,Cheese,Dairy,HH013,2026-02-18,0.23,kg,2,0,2,winter,0
ITM009,Cheese,Dairy,HH013,2026-02-20,0.21,kg,4,0,2,winter,0
ITM009,Cheese,Dairy,HH013,2026-02-22,0.3,kg,6,1,2,winter,0
ITM009,Cheese,Dairy,HH013,2026-02-27,0.18,kg,4,0,2,winter,0
ITM009,Cheese,Dairy,HH013,2026-03-06,0.08,kg,4,0,3,spring,0
ITM009,Cheese,Dairy,HH013,2026-03-11,0.08,kg,2,0,3,spring,0
ITM009,Cheese,Dairy,HH013,2026-03-14,0.11,kg,5,1,3,spring,0
ITM009,Cheese,Dairy,HH013,2026-03-21,0.09,kg,5,1,3,spring,0
ITM009,Cheese,Dairy,HH013,2026-03-22,0.12,kg,6,1,3,spring,0
ITM009,Cheese,Dairy,HH013,2026-03-26,0.05,kg,3,0,3,spring,0
ITM009,Cheese,Dairy,HH013,2026-03-29,0.11,kg,6,1,3,spring,0
ITM009,Cheese,Dairy,HH013,2026-04-01,0.09,kg,2,0,4,spring,0
ITM009,Cheese,Dairy,HH013,2026-04-03,0.09,kg,4,0,4,spring,0
ITM009,Cheese,Dairy,HH013,2026-04-05,0.14,kg,6,1,4,spring,0
ITM009,Cheese,Dairy,HH013,2026-04-08,0.09,kg,2,0,4,spring,0
ITM009,Cheese,Dairy,HH013,2026-04-09,0.1,kg,3,0,4,spring,0
ITM009,Cheese,Dairy,HH013,2026-04-12,0.09,kg,6,1,4,spring,0
ITM009,Cheese,Dairy,HH013,2026-04-14,0.15,kg,1,0,4,spring,1
ITM009,Cheese,Dairy,HH013,2026-04-15,0.07,kg,2,0,4,spring,0
ITM009,Cheese,Dairy,HH013,2026-04-16,0.08,kg,3,0,4,spring,0
ITM009,Cheese,Dairy,HH013,2026-04-19,0.1,kg,6,1,4,spring,0
ITM009,Cheese,Dairy,HH013,2026-04-21,0.1,kg,1,0,4,spring,0
ITM009,Cheese,Dairy,HH013,2026-04-27,0.1,kg,0,0,4,spring,0
ITM009,Cheese,Dairy,HH013,2026-05-02,0.13,kg,5,1,5,spring,0
ITM009,Cheese,Dairy,HH013,2026-05-09,0.07,kg,5,1,5,spring,0
ITM009,Cheese,Dairy,HH013,2026-05-12,0.05,kg,1,0,5,spring,0
ITM009,Cheese,Dairy,HH013,2026-05-13,0.07,kg,2,0,5,spring,0
ITM009,Cheese,Dairy,HH013,2026-05-14,0.06,kg,3,0,5,spring,0
ITM009,Cheese,Dairy,HH013,2026-05-15,0.12,kg,4,0,5,spring,0
ITM009,Cheese,Dairy,HH013,2026-05-18,0.08,kg,0,0,5,spring,0
ITM009,Cheese,Dairy,HH013,2026-05-22,0.08,kg,4,0,5,spring,0
ITM009,Cheese,Dairy,HH013,2026-05-24,0.1,kg,6,1,5,spring,0
ITM009,Cheese,Dairy,HH013,2026-05-27,0.07,kg,2,0,5,spring,0
ITM009,Cheese,Dairy,HH013,2026-05-28,0.08,kg,3,0,5,spring,0
ITM009,Cheese,Dairy,HH013,2026-06-07,0.13,kg,6,1,6,summer,0
ITM009,Cheese,Dairy,HH013,2026-06-09,0.07,kg,1,0,6,summer,0
ITM009,Cheese,Dairy,HH013,2026-06-14,0.1,kg,6,1,6,summer,0
ITM009,Cheese,Dairy,HH013,2026-06-19,0.09,kg,4,0,6,summer,0
ITM009,Cheese,Dairy,HH014,2026-01-02,0.23,kg,4,0,1,winter,0
ITM009,Cheese,Dairy,HH014,2026-01-03,0.32,kg,5,1,1,winter,0
ITM009,Cheese,Dairy,HH014,2026-01-12,0.2,kg,0,0,1,winter,0
ITM009,Cheese,Dairy,HH014,2026-01-16,0.2,kg,4,0,1,winter,0
ITM009,Cheese,Dairy,HH014,2026-01-22,0.24,kg,3,0,1,winter,0
ITM009,Cheese,Dairy,HH014,2026-01-31,0.29,kg,5,1,1,winter,0
ITM009,Cheese,Dairy,HH014,2026-02-05,0.22,kg,3,0,2,winter,0
ITM009,Cheese,Dairy,HH014,2026-02-10,0.22,kg,1,0,2,winter,0
ITM009,Cheese,Dairy,HH014,2026-02-13,0.27,kg,4,0,2,winter,0
ITM009,Cheese,Dairy,HH014,2026-02-15,0.45,kg,6,1,2,winter,0
ITM009,Cheese,Dairy,HH014,2026-02-16,0.31,kg,0,0,2,winter,0
ITM009,Cheese,Dairy,HH014,2026-02-17,0.2,kg,1,0,2,winter,0
ITM009,Cheese,Dairy,HH014,2026-02-18,0.19,kg,2,0,2,winter,0
ITM009,Cheese,Dairy,HH014,2026-02-24,0.22,kg,1,0,2,winter,0
ITM009,Cheese,Dairy,HH014,2026-03-04,0.11,kg,2,0,3,spring,0
ITM009,Cheese,Dairy,HH014,2026-03-08,0.23,kg,6,1,3,spring,1
ITM009,Cheese,Dairy,HH014,2026-03-10,0.08,kg,1,0,3,spring,0
ITM009,Cheese,Dairy,HH014,2026-03-13,0.07,kg,4,0,3,spring,0
ITM009,Cheese,Dairy,HH014,2026-03-16,0.07,kg,0,0,3,spring,0
ITM009,Cheese,Dairy,HH014,2026-03-22,0.14,kg,6,1,3,spring,0
ITM009,Cheese,Dairy,HH014,2026-03-24,0.12,kg,1,0,3,spring,0
ITM009,Cheese,Dairy,HH014,2026-03-28,0.16,kg,5,1,3,spring,0
ITM009,Cheese,Dairy,HH014,2026-04-01,0.09,kg,2,0,4,spring,0
ITM009,Cheese,Dairy,HH014,2026-04-02,0.11,kg,3,0,4,spring,0
ITM009,Cheese,Dairy,HH014,2026-04-05,0.11,kg,6,1,4,spring,0
ITM009,Cheese,Dairy,HH014,2026-04-07,0.09,kg,1,0,4,spring,0
ITM009,Cheese,Dairy,HH014,2026-04-11,0.12,kg,5,1,4,spring,0
ITM009,Cheese,Dairy,HH014,2026-04-14,0.17,kg,1,0,4,spring,1
ITM009,Cheese,Dairy,HH014,2026-04-15,0.12,kg,2,0,4,spring,0
ITM009,Cheese,Dairy,HH014,2026-04-23,0.12,kg,3,0,4,spring,0
ITM009,Cheese,Dairy,HH014,2026-04-28,0.09,kg,1,0,4,spring,0
ITM009,Cheese,Dairy,HH014,2026-05-04,0.13,kg,0,0,5,spring,0
ITM009,Cheese,Dairy,HH014,2026-05-06,0.09,kg,2,0,5,spring,0
ITM009,Cheese,Dairy,HH014,2026-05-07,0.08,kg,3,0,5,spring,0
ITM009,Cheese,Dairy,HH014,2026-05-19,0.09,kg,1,0,5,spring,0
ITM009,Cheese,Dairy,HH014,2026-05-20,0.07,kg,2,0,5,spring,0
ITM009,Cheese,Dairy,HH014,2026-05-23,0.17,kg,5,1,5,spring,0
ITM009,Cheese,Dairy,HH014,2026-05-24,0.13,kg,6,1,5,spring,0
ITM009,Cheese,Dairy,HH014,2026-05-27,0.08,kg,2,0,5,spring,0
ITM009,Cheese,Dairy,HH014,2026-05-30,0.1,kg,5,1,5,spring,0
ITM009,Cheese,Dairy,HH014,2026-06-09,0.1,kg,1,0,6,summer,0
ITM009,Cheese,Dairy,HH014,2026-06-10,0.08,kg,2,0,6,summer,0
ITM009,Cheese,Dairy,HH014,2026-06-12,0.13,kg,4,0,6,summer,0
ITM009,Cheese,Dairy,HH014,2026-06-17,0.08,kg,2,0,6,summer,0
ITM009,Cheese,Dairy,HH014,2026-06-23,0.09,kg,1,0,6,summer,0
ITM009,Cheese,Dairy,HH014,2026-06-27,0.1,kg,5,1,6,summer,0
ITM009,Cheese,Dairy,HH015,2026-01-02,0.15,kg,4,0,1,winter,0
ITM009,Cheese,Dairy,HH015,2026-01-03,0.15,kg,5,1,1,winter,0
ITM009,Cheese,Dairy,HH015,2026-01-06,0.13,kg,1,0,1,winter,0
ITM009,Cheese,Dairy,HH015,2026-01-10,0.11,kg,5,1,1,winter,0
ITM009,Cheese,Dairy,HH015,2026-01-11,0.1,kg,6,1,1,winter,0
ITM009,Cheese,Dairy,HH015,2026-01-17,0.12,kg,5,1,1,winter,0
ITM009,Cheese,Dairy,HH015,2026-01-18,0.24,kg,6,1,1,winter,0
ITM009,Cheese,Dairy,HH015,2026-01-27,0.1,kg,1,0,1,winter,0
ITM009,Cheese,Dairy,HH015,2026-01-30,0.16,kg,4,0,1,winter,0
ITM009,Cheese,Dairy,HH015,2026-02-01,0.16,kg,6,1,2,winter,0
ITM009,Cheese,Dairy,HH015,2026-02-04,0.07,kg,2,0,2,winter,0
ITM009,Cheese,Dairy,HH015,2026-02-06,0.13,kg,4,0,2,winter,0
ITM009,Cheese,Dairy,HH015,2026-02-12,0.12,kg,3,0,2,winter,0
ITM009,Cheese,Dairy,HH015,2026-02-13,0.08,kg,4,0,2,winter,0
ITM009,Cheese,Dairy,HH015,2026-02-16,0.11,kg,0,0,2,winter,0
ITM009,Cheese,Dairy,HH015,2026-02-17,0.11,kg,1,0,2,winter,0
ITM009,Cheese,Dairy,HH015,2026-02-22,0.13,kg,6,1,2,winter,0
ITM009,Cheese,Dairy,HH015,2026-02-25,0.1,kg,2,0,2,winter,0
ITM009,Cheese,Dairy,HH015,2026-02-28,0.18,kg,5,1,2,winter,0
ITM009,Cheese,Dairy,HH015,2026-03-01,0.1,kg,6,1,3,spring,0
ITM009,Cheese,Dairy,HH015,2026-03-10,0.04,kg,1,0,3,spring,0
ITM009,Cheese,Dairy,HH015,2026-03-15,0.08,kg,6,1,3,spring,0
ITM009,Cheese,Dairy,HH015,2026-03-16,0.05,kg,0,0,3,spring,0
ITM009,Cheese,Dairy,HH015,2026-03-17,0.06,kg,1,0,3,spring,0
ITM009,Cheese,Dairy,HH015,2026-03-19,0.04,kg,3,0,3,spring,0
ITM009,Cheese,Dairy,HH015,2026-03-24,0.06,kg,1,0,3,spring,0
ITM009,Cheese,Dairy,HH015,2026-03-28,0.07,kg,5,1,3,spring,0
ITM009,Cheese,Dairy,HH015,2026-04-01,0.04,kg,2,0,4,spring,0
ITM009,Cheese,Dairy,HH015,2026-04-05,0.06,kg,6,1,4,spring,0
ITM009,Cheese,Dairy,HH015,2026-04-07,0.06,kg,1,0,4,spring,0
ITM009,Cheese,Dairy,HH015,2026-04-08,0.05,kg,2,0,4,spring,0
ITM009,Cheese,Dairy,HH015,2026-04-11,0.08,kg,5,1,4,spring,0
ITM009,Cheese,Dairy,HH015,2026-04-14,0.07,kg,1,0,4,spring,1
ITM009,Cheese,Dairy,HH015,2026-04-15,0.05,kg,2,0,4,spring,0
ITM009,Cheese,Dairy,HH015,2026-04-18,0.06,kg,5,1,4,spring,0
ITM009,Cheese,Dairy,HH015,2026-04-20,0.05,kg,0,0,4,spring,0
ITM009,Cheese,Dairy,HH015,2026-04-21,0.05,kg,1,0,4,spring,0
ITM009,Cheese,Dairy,HH015,2026-04-23,0.04,kg,3,0,4,spring,0
ITM009,Cheese,Dairy,HH015,2026-04-24,0.07,kg,4,0,4,spring,0
ITM009,Cheese,Dairy,HH015,2026-04-27,0.07,kg,0,0,4,spring,0
ITM009,Cheese,Dairy,HH015,2026-04-30,0.06,kg,3,0,4,spring,0
ITM009,Cheese,Dairy,HH015,2026-05-02,0.08,kg,5,1,5,spring,0
ITM009,Cheese,Dairy,HH015,2026-05-04,0.06,kg,0,0,5,spring,0
ITM009,Cheese,Dairy,HH015,2026-05-06,0.04,kg,2,0,5,spring,0
ITM009,Cheese,Dairy,HH015,2026-05-18,0.04,kg,0,0,5,spring,0
ITM009,Cheese,Dairy,HH015,2026-05-19,0.05,kg,1,0,5,spring,0
ITM009,Cheese,Dairy,HH015,2026-05-23,0.09,kg,5,1,5,spring,0
ITM009,Cheese,Dairy,HH015,2026-05-25,0.04,kg,0,0,5,spring,0
ITM009,Cheese,Dairy,HH015,2026-05-28,0.05,kg,3,0,5,spring,0
ITM009,Cheese,Dairy,HH015,2026-06-02,0.05,kg,1,0,6,summer,0
ITM009,Cheese,Dairy,HH015,2026-06-05,0.04,kg,4,0,6,summer,0
ITM009,Cheese,Dairy,HH015,2026-06-13,0.08,kg,5,1,6,summer,0
ITM009,Cheese,Dairy,HH015,2026-06-17,0.05,kg,2,0,6,summer,0
ITM009,Cheese,Dairy,HH015,2026-06-21,0.08,kg,6,1,6,summer,0
ITM009,Cheese,Dairy,HH015,2026-06-25,0.05,kg,3,0,6,summer,0
ITM009,Cheese,Dairy,HH016,2026-01-01,0.18,kg,3,0,1,winter,1
ITM009,Cheese,Dairy,HH016,2026-01-03,0.23,kg,5,1,1,winter,0
ITM009,Cheese,Dairy,HH016,2026-01-04,0.18,kg,6,1,1,winter,0
ITM009,Cheese,Dairy,HH016,2026-01-13,0.19,kg,1,0,1,winter,0
ITM009,Cheese,Dairy,HH016,2026-01-14,0.12,kg,2,0,1,winter,0
ITM009,Cheese,Dairy,HH016,2026-01-17,0.34,kg,5,1,1,winter,0
ITM009,Cheese,Dairy,HH016,2026-01-20,0.14,kg,1,0,1,winter,0
ITM009,Cheese,Dairy,HH016,2026-01-25,0.26,kg,6,1,1,winter,0
ITM009,Cheese,Dairy,HH016,2026-02-01,0.27,kg,6,1,2,winter,0
ITM009,Cheese,Dairy,HH016,2026-02-05,0.16,kg,3,0,2,winter,0
ITM009,Cheese,Dairy,HH016,2026-02-07,0.27,kg,5,1,2,winter,0
ITM009,Cheese,Dairy,HH016,2026-02-08,0.17,kg,6,1,2,winter,0
ITM009,Cheese,Dairy,HH016,2026-02-09,0.19,kg,0,0,2,winter,0
ITM009,Cheese,Dairy,HH016,2026-02-10,0.1,kg,1,0,2,winter,0
ITM009,Cheese,Dairy,HH016,2026-02-13,0.21,kg,4,0,2,winter,0
ITM009,Cheese,Dairy,HH016,2026-02-18,0.13,kg,2,0,2,winter,0
ITM009,Cheese,Dairy,HH016,2026-02-20,0.11,kg,4,0,2,winter,0
ITM009,Cheese,Dairy,HH016,2026-02-22,0.18,kg,6,1,2,winter,0
ITM009,Cheese,Dairy,HH016,2026-03-01,0.1,kg,6,1,3,spring,0
ITM009,Cheese,Dairy,HH016,2026-03-02,0.05,kg,0,0,3,spring,0
ITM009,Cheese,Dairy,HH016,2026-03-06,0.06,kg,4,0,3,spring,0
ITM009,Cheese,Dairy,HH016,2026-03-14,0.09,kg,5,1,3,spring,0
ITM009,Cheese,Dairy,HH016,2026-03-15,0.08,kg,6,1,3,spring,0
ITM009,Cheese,Dairy,HH016,2026-03-21,0.07,kg,5,1,3,spring,0
ITM009,Cheese,Dairy,HH016,2026-03-25,0.05,kg,2,0,3,spring,0
ITM009,Cheese,Dairy,HH016,2026-03-27,0.06,kg,4,0,3,spring,0
ITM009,Cheese,Dairy,HH016,2026-04-02,0.05,kg,3,0,4,spring,0
ITM009,Cheese,Dairy,HH016,2026-04-06,0.06,kg,0,0,4,spring,0
ITM009,Cheese,Dairy,HH016,2026-04-22,0.07,kg,2,0,4,spring,0
ITM009,Cheese,Dairy,HH016,2026-04-27,0.07,kg,0,0,4,spring,0
ITM009,Cheese,Dairy,HH016,2026-04-30,0.04,kg,3,0,4,spring,0
ITM009,Cheese,Dairy,HH016,2026-05-05,0.07,kg,1,0,5,spring,0
ITM009,Cheese,Dairy,HH016,2026-05-08,0.07,kg,4,0,5,spring,0
ITM009,Cheese,Dairy,HH016,2026-05-21,0.07,kg,3,0,5,spring,0
ITM009,Cheese,Dairy,HH016,2026-05-24,0.08,kg,6,1,5,spring,0
ITM009,Cheese,Dairy,HH016,2026-05-26,0.07,kg,1,0,5,spring,0
ITM009,Cheese,Dairy,HH016,2026-05-29,0.07,kg,4,0,5,spring,0
ITM009,Cheese,Dairy,HH016,2026-05-30,0.11,kg,5,1,5,spring,0
ITM009,Cheese,Dairy,HH016,2026-06-05,0.06,kg,4,0,6,summer,0
ITM009,Cheese,Dairy,HH016,2026-06-13,0.13,kg,5,1,6,summer,0
ITM009,Cheese,Dairy,HH016,2026-06-16,0.07,kg,1,0,6,summer,0
ITM009,Cheese,Dairy,HH016,2026-06-20,0.11,kg,5,1,6,summer,0
ITM009,Cheese,Dairy,HH016,2026-06-22,0.07,kg,0,0,6,summer,0
ITM009,Cheese,Dairy,HH016,2026-06-24,0.07,kg,2,0,6,summer,0
ITM009,Cheese,Dairy,HH016,2026-06-27,0.08,kg,5,1,6,summer,0
ITM009,Cheese,Dairy,HH017,2026-01-02,0.18,kg,4,0,1,winter,0
ITM009,Cheese,Dairy,HH017,2026-01-05,0.15,kg,0,0,1,winter,0
ITM009,Cheese,Dairy,HH017,2026-01-07,0.15,kg,2,0,1,winter,0
ITM009,Cheese,Dairy,HH017,2026-01-09,0.14,kg,4,0,1,winter,0
ITM009,Cheese,Dairy,HH017,2026-01-10,0.15,kg,5,1,1,winter,0
ITM009,Cheese,Dairy,HH017,2026-01-12,0.11,kg,0,0,1,winter,0
ITM009,Cheese,Dairy,HH017,2026-01-13,0.19,kg,1,0,1,winter,0
ITM009,Cheese,Dairy,HH017,2026-01-20,0.17,kg,1,0,1,winter,0
ITM009,Cheese,Dairy,HH017,2026-01-21,0.15,kg,2,0,1,winter,0
ITM009,Cheese,Dairy,HH017,2026-01-22,0.19,kg,3,0,1,winter,0
ITM009,Cheese,Dairy,HH017,2026-01-27,0.18,kg,1,0,1,winter,0
ITM009,Cheese,Dairy,HH017,2026-01-29,0.15,kg,3,0,1,winter,0
ITM009,Cheese,Dairy,HH017,2026-02-01,0.24,kg,6,1,2,winter,0
ITM009,Cheese,Dairy,HH017,2026-02-05,0.15,kg,3,0,2,winter,0
ITM009,Cheese,Dairy,HH017,2026-02-06,0.23,kg,4,0,2,winter,0
ITM009,Cheese,Dairy,HH017,2026-02-16,0.14,kg,0,0,2,winter,0
ITM009,Cheese,Dairy,HH017,2026-02-18,0.14,kg,2,0,2,winter,0
ITM009,Cheese,Dairy,HH017,2026-02-24,0.14,kg,1,0,2,winter,0
ITM009,Cheese,Dairy,HH017,2026-02-28,0.16,kg,5,1,2,winter,0
ITM009,Cheese,Dairy,HH017,2026-03-01,0.12,kg,6,1,3,spring,0
ITM009,Cheese,Dairy,HH017,2026-03-03,0.07,kg,1,0,3,spring,0
ITM009,Cheese,Dairy,HH017,2026-03-04,0.09,kg,2,0,3,spring,0
ITM009,Cheese,Dairy,HH017,2026-03-13,0.09,kg,4,0,3,spring,0
ITM009,Cheese,Dairy,HH017,2026-03-16,0.08,kg,0,0,3,spring,0
ITM009,Cheese,Dairy,HH017,2026-03-18,0.1,kg,2,0,3,spring,0
ITM009,Cheese,Dairy,HH017,2026-03-27,0.09,kg,4,0,3,spring,0
ITM009,Cheese,Dairy,HH017,2026-03-28,0.07,kg,5,1,3,spring,0
ITM009,Cheese,Dairy,HH017,2026-04-03,0.06,kg,4,0,4,spring,0
ITM009,Cheese,Dairy,HH017,2026-04-07,0.08,kg,1,0,4,spring,0
ITM009,Cheese,Dairy,HH017,2026-04-12,0.09,kg,6,1,4,spring,0
ITM009,Cheese,Dairy,HH017,2026-04-14,0.14,kg,1,0,4,spring,1
ITM009,Cheese,Dairy,HH017,2026-04-20,0.06,kg,0,0,4,spring,0
ITM009,Cheese,Dairy,HH017,2026-04-25,0.07,kg,5,1,4,spring,0
ITM009,Cheese,Dairy,HH017,2026-04-26,0.14,kg,6,1,4,spring,0
ITM009,Cheese,Dairy,HH017,2026-05-07,0.08,kg,3,0,5,spring,0
ITM009,Cheese,Dairy,HH017,2026-05-12,0.09,kg,1,0,5,spring,0
ITM009,Cheese,Dairy,HH017,2026-05-13,0.09,kg,2,0,5,spring,0
ITM009,Cheese,Dairy,HH017,2026-05-16,0.1,kg,5,1,5,spring,0
ITM009,Cheese,Dairy,HH017,2026-05-19,0.09,kg,1,0,5,spring,0
ITM009,Cheese,Dairy,HH017,2026-05-26,0.07,kg,1,0,5,spring,0
ITM009,Cheese,Dairy,HH017,2026-05-29,0.07,kg,4,0,5,spring,0
ITM009,Cheese,Dairy,HH017,2026-05-31,0.12,kg,6,1,5,spring,0
ITM009,Cheese,Dairy,HH017,2026-06-01,0.05,kg,0,0,6,summer,0
ITM009,Cheese,Dairy,HH017,2026-06-07,0.09,kg,6,1,6,summer,0
ITM009,Cheese,Dairy,HH017,2026-06-15,0.08,kg,0,0,6,summer,0
ITM009,Cheese,Dairy,HH017,2026-06-21,0.13,kg,6,1,6,summer,0
ITM009,Cheese,Dairy,HH017,2026-06-23,0.08,kg,1,0,6,summer,0
ITM009,Cheese,Dairy,HH017,2026-06-25,0.1,kg,3,0,6,summer,0
ITM009,Cheese,Dairy,HH017,2026-06-28,0.07,kg,6,1,6,summer,0
ITM009,Cheese,Dairy,HH018,2026-01-01,0.29,kg,3,0,1,winter,1
ITM009,Cheese,Dairy,HH018,2026-01-02,0.22,kg,4,0,1,winter,0
ITM009,Cheese,Dairy,HH018,2026-01-06,0.2,kg,1,0,1,winter,0
ITM009,Cheese,Dairy,HH018,2026-01-08,0.27,kg,3,0,1,winter,0
ITM009,Cheese,Dairy,HH018,2026-01-12,0.14,kg,0,0,1,winter,0
ITM009,Cheese,Dairy,HH018,2026-01-19,0.23,kg,0,0,1,winter,0
ITM009,Cheese,Dairy,HH018,2026-01-29,0.21,kg,3,0,1,winter,0
ITM009,Cheese,Dairy,HH018,2026-02-01,0.33,kg,6,1,2,winter,0
ITM009,Cheese,Dairy,HH018,2026-02-09,0.2,kg,0,0,2,winter,0
ITM009,Cheese,Dairy,HH018,2026-02-17,0.22,kg,1,0,2,winter,0
ITM009,Cheese,Dairy,HH018,2026-02-19,0.17,kg,3,0,2,winter,0
ITM009,Cheese,Dairy,HH018,2026-02-20,0.22,kg,4,0,2,winter,0
ITM009,Cheese,Dairy,HH018,2026-02-21,0.29,kg,5,1,2,winter,0
ITM009,Cheese,Dairy,HH018,2026-02-25,0.19,kg,2,0,2,winter,0
ITM009,Cheese,Dairy,HH018,2026-02-26,0.23,kg,3,0,2,winter,0
ITM009,Cheese,Dairy,HH018,2026-03-04,0.06,kg,2,0,3,spring,0
ITM009,Cheese,Dairy,HH018,2026-03-05,0.09,kg,3,0,3,spring,0
ITM009,Cheese,Dairy,HH018,2026-03-12,0.11,kg,3,0,3,spring,0
ITM009,Cheese,Dairy,HH018,2026-03-18,0.06,kg,2,0,3,spring,0
ITM009,Cheese,Dairy,HH018,2026-03-25,0.07,kg,2,0,3,spring,0
ITM009,Cheese,Dairy,HH018,2026-03-28,0.13,kg,5,1,3,spring,0
ITM009,Cheese,Dairy,HH018,2026-03-31,0.11,kg,1,0,3,spring,0
ITM009,Cheese,Dairy,HH018,2026-04-04,0.11,kg,5,1,4,spring,0
ITM009,Cheese,Dairy,HH018,2026-04-06,0.06,kg,0,0,4,spring,0
ITM009,Cheese,Dairy,HH018,2026-04-07,0.08,kg,1,0,4,spring,0
ITM009,Cheese,Dairy,HH018,2026-04-08,0.11,kg,2,0,4,spring,0
ITM009,Cheese,Dairy,HH018,2026-04-14,0.16,kg,1,0,4,spring,1
ITM009,Cheese,Dairy,HH018,2026-04-17,0.07,kg,4,0,4,spring,0
ITM009,Cheese,Dairy,HH018,2026-04-18,0.16,kg,5,1,4,spring,0
ITM009,Cheese,Dairy,HH018,2026-04-20,0.1,kg,0,0,4,spring,0
ITM009,Cheese,Dairy,HH018,2026-04-22,0.08,kg,2,0,4,spring,0
ITM009,Cheese,Dairy,HH018,2026-04-26,0.15,kg,6,1,4,spring,0
ITM009,Cheese,Dairy,HH018,2026-04-29,0.08,kg,2,0,4,spring,0
ITM009,Cheese,Dairy,HH018,2026-05-04,0.13,kg,0,0,5,spring,0
ITM009,Cheese,Dairy,HH018,2026-05-05,0.11,kg,1,0,5,spring,0
ITM009,Cheese,Dairy,HH018,2026-05-08,0.09,kg,4,0,5,spring,0
ITM009,Cheese,Dairy,HH018,2026-05-10,0.13,kg,6,1,5,spring,0
ITM009,Cheese,Dairy,HH018,2026-05-12,0.1,kg,1,0,5,spring,0
ITM009,Cheese,Dairy,HH018,2026-05-16,0.09,kg,5,1,5,spring,0
ITM009,Cheese,Dairy,HH018,2026-05-22,0.1,kg,4,0,5,spring,0
ITM009,Cheese,Dairy,HH018,2026-05-23,0.15,kg,5,1,5,spring,0
ITM009,Cheese,Dairy,HH018,2026-05-29,0.08,kg,4,0,5,spring,0
ITM009,Cheese,Dairy,HH018,2026-06-01,0.11,kg,0,0,6,summer,0
ITM009,Cheese,Dairy,HH018,2026-06-09,0.09,kg,1,0,6,summer,0
ITM009,Cheese,Dairy,HH018,2026-06-11,0.08,kg,3,0,6,summer,0
ITM009,Cheese,Dairy,HH018,2026-06-15,0.11,kg,0,0,6,summer,0
ITM009,Cheese,Dairy,HH018,2026-06-24,0.08,kg,2,0,6,summer,0
ITM009,Cheese,Dairy,HH019,2026-01-12,0.19,kg,0,0,1,winter,0
ITM009,Cheese,Dairy,HH019,2026-01-16,0.2,kg,4,0,1,winter,0
ITM009,Cheese,Dairy,HH019,2026-01-21,0.26,kg,2,0,1,winter,0
ITM009,Cheese,Dairy,HH019,2026-01-23,0.15,kg,4,0,1,winter,0
ITM009,Cheese,Dairy,HH019,2026-01-25,0.28,kg,6,1,1,winter,0
ITM009,Cheese,Dairy,HH019,2026-01-26,0.27,kg,0,0,1,winter,1
ITM009,Cheese,Dairy,HH019,2026-01-27,0.3,kg,1,0,1,winter,0
ITM009,Cheese,Dairy,HH019,2026-01-31,0.34,kg,5,1,1,winter,0
ITM009,Cheese,Dairy,HH019,2026-02-02,0.25,kg,0,0,2,winter,0
ITM009,Cheese,Dairy,HH019,2026-02-14,0.24,kg,5,1,2,winter,0
ITM009,Cheese,Dairy,HH019,2026-02-17,0.33,kg,1,0,2,winter,0
ITM009,Cheese,Dairy,HH019,2026-02-21,0.29,kg,5,1,2,winter,0
ITM009,Cheese,Dairy,HH019,2026-02-22,0.23,kg,6,1,2,winter,0
ITM009,Cheese,Dairy,HH019,2026-02-24,0.15,kg,1,0,2,winter,0
ITM009,Cheese,Dairy,HH019,2026-02-27,0.29,kg,4,0,2,winter,0
ITM009,Cheese,Dairy,HH019,2026-02-28,0.38,kg,5,1,2,winter,0
ITM009,Cheese,Dairy,HH019,2026-03-01,0.18,kg,6,1,3,spring,0
ITM009,Cheese,Dairy,HH019,2026-03-03,0.12,kg,1,0,3,spring,0
ITM009,Cheese,Dairy,HH019,2026-03-06,0.1,kg,4,0,3,spring,0
ITM009,Cheese,Dairy,HH019,2026-03-07,0.15,kg,5,1,3,spring,0
ITM009,Cheese,Dairy,HH019,2026-03-08,0.17,kg,6,1,3,spring,1
ITM009,Cheese,Dairy,HH019,2026-03-09,0.1,kg,0,0,3,spring,0
ITM009,Cheese,Dairy,HH019,2026-03-12,0.12,kg,3,0,3,spring,0
ITM009,Cheese,Dairy,HH019,2026-03-13,0.12,kg,4,0,3,spring,0
ITM009,Cheese,Dairy,HH019,2026-03-23,0.08,kg,0,0,3,spring,0
ITM009,Cheese,Dairy,HH019,2026-03-26,0.11,kg,3,0,3,spring,0
ITM009,Cheese,Dairy,HH019,2026-04-02,0.11,kg,3,0,4,spring,0
ITM009,Cheese,Dairy,HH019,2026-04-03,0.11,kg,4,0,4,spring,0
ITM009,Cheese,Dairy,HH019,2026-04-04,0.11,kg,5,1,4,spring,0
ITM009,Cheese,Dairy,HH019,2026-04-05,0.13,kg,6,1,4,spring,0
ITM009,Cheese,Dairy,HH019,2026-04-06,0.1,kg,0,0,4,spring,0
ITM009,Cheese,Dairy,HH019,2026-04-10,0.15,kg,4,0,4,spring,0
ITM009,Cheese,Dairy,HH019,2026-04-20,0.08,kg,0,0,4,spring,0
ITM009,Cheese,Dairy,HH019,2026-04-22,0.11,kg,2,0,4,spring,0
ITM009,Cheese,Dairy,HH019,2026-04-27,0.06,kg,0,0,4,spring,0
ITM009,Cheese,Dairy,HH019,2026-04-30,0.11,kg,3,0,4,spring,0
ITM009,Cheese,Dairy,HH019,2026-05-04,0.11,kg,0,0,5,spring,0
ITM009,Cheese,Dairy,HH019,2026-05-11,0.08,kg,0,0,5,spring,0
ITM009,Cheese,Dairy,HH019,2026-05-20,0.08,kg,2,0,5,spring,0
ITM009,Cheese,Dairy,HH019,2026-05-24,0.13,kg,6,1,5,spring,0
ITM009,Cheese,Dairy,HH019,2026-05-26,0.12,kg,1,0,5,spring,0
ITM009,Cheese,Dairy,HH019,2026-05-27,0.1,kg,2,0,5,spring,0
ITM009,Cheese,Dairy,HH019,2026-06-01,0.09,kg,0,0,6,summer,0
ITM009,Cheese,Dairy,HH019,2026-06-02,0.08,kg,1,0,6,summer,0
ITM009,Cheese,Dairy,HH019,2026-06-04,0.11,kg,3,0,6,summer,0
ITM009,Cheese,Dairy,HH019,2026-06-06,0.15,kg,5,1,6,summer,1
ITM009,Cheese,Dairy,HH019,2026-06-07,0.14,kg,6,1,6,summer,0
ITM009,Cheese,Dairy,HH019,2026-06-11,0.09,kg,3,0,6,summer,0
ITM009,Cheese,Dairy,HH019,2026-06-15,0.08,kg,0,0,6,summer,0
ITM009,Cheese,Dairy,HH019,2026-06-16,0.08,kg,1,0,6,summer,0
ITM009,Cheese,Dairy,HH019,2026-06-17,0.07,kg,2,0,6,summer,0
ITM009,Cheese,Dairy,HH019,2026-06-22,0.1,kg,0,0,6,summer,0
ITM009,Cheese,Dairy,HH019,2026-06-26,0.1,kg,4,0,6,summer,0
ITM009,Cheese,Dairy,HH019,2026-06-27,0.15,kg,5,1,6,summer,0
ITM009,Cheese,Dairy,HH019,2026-06-29,0.1,kg,0,0,6,summer,0
ITM009,Cheese,Dairy,HH020,2026-01-02,0.11,kg,4,0,1,winter,0
ITM009,Cheese,Dairy,HH020,2026-01-03,0.16,kg,5,1,1,winter,0
ITM009,Cheese,Dairy,HH020,2026-01-04,0.13,kg,6,1,1,winter,0
ITM009,Cheese,Dairy,HH020,2026-01-05,0.1,kg,0,0,1,winter,0
ITM009,Cheese,Dairy,HH020,2026-01-06,0.14,kg,1,0,1,winter,0
ITM009,Cheese,Dairy,HH020,2026-01-07,0.09,kg,2,0,1,winter,0
ITM009,Cheese,Dairy,HH020,2026-01-08,0.11,kg,3,0,1,winter,0
ITM009,Cheese,Dairy,HH020,2026-01-13,0.13,kg,1,0,1,winter,0
ITM009,Cheese,Dairy,HH020,2026-01-16,0.14,kg,4,0,1,winter,0
ITM009,Cheese,Dairy,HH020,2026-01-19,0.17,kg,0,0,1,winter,0
ITM009,Cheese,Dairy,HH020,2026-01-21,0.12,kg,2,0,1,winter,0
ITM009,Cheese,Dairy,HH020,2026-01-26,0.21,kg,0,0,1,winter,1
ITM009,Cheese,Dairy,HH020,2026-01-27,0.14,kg,1,0,1,winter,0
ITM009,Cheese,Dairy,HH020,2026-01-28,0.1,kg,2,0,1,winter,0
ITM009,Cheese,Dairy,HH020,2026-01-31,0.23,kg,5,1,1,winter,0
ITM009,Cheese,Dairy,HH020,2026-02-03,0.13,kg,1,0,2,winter,0
ITM009,Cheese,Dairy,HH020,2026-02-05,0.1,kg,3,0,2,winter,0
ITM009,Cheese,Dairy,HH020,2026-02-08,0.15,kg,6,1,2,winter,0
ITM009,Cheese,Dairy,HH020,2026-02-12,0.07,kg,3,0,2,winter,0
ITM009,Cheese,Dairy,HH020,2026-02-16,0.12,kg,0,0,2,winter,0
ITM009,Cheese,Dairy,HH020,2026-02-22,0.11,kg,6,1,2,winter,0
ITM009,Cheese,Dairy,HH020,2026-02-23,0.14,kg,0,0,2,winter,0
ITM009,Cheese,Dairy,HH020,2026-02-25,0.11,kg,2,0,2,winter,0
ITM009,Cheese,Dairy,HH020,2026-03-19,0.05,kg,3,0,3,spring,0
ITM009,Cheese,Dairy,HH020,2026-03-25,0.06,kg,2,0,3,spring,0
ITM009,Cheese,Dairy,HH020,2026-03-28,0.08,kg,5,1,3,spring,0
ITM009,Cheese,Dairy,HH020,2026-04-02,0.04,kg,3,0,4,spring,0
ITM009,Cheese,Dairy,HH020,2026-04-04,0.09,kg,5,1,4,spring,0
ITM009,Cheese,Dairy,HH020,2026-04-11,0.09,kg,5,1,4,spring,0
ITM009,Cheese,Dairy,HH020,2026-04-15,0.06,kg,2,0,4,spring,0
ITM009,Cheese,Dairy,HH020,2026-04-16,0.05,kg,3,0,4,spring,0
ITM009,Cheese,Dairy,HH020,2026-04-30,0.05,kg,3,0,4,spring,0
ITM009,Cheese,Dairy,HH020,2026-05-01,0.08,kg,4,0,5,spring,1
ITM009,Cheese,Dairy,HH020,2026-05-03,0.05,kg,6,1,5,spring,0
ITM009,Cheese,Dairy,HH020,2026-05-05,0.07,kg,1,0,5,spring,0
ITM009,Cheese,Dairy,HH020,2026-05-06,0.07,kg,2,0,5,spring,0
ITM009,Cheese,Dairy,HH020,2026-05-07,0.06,kg,3,0,5,spring,0
ITM009,Cheese,Dairy,HH020,2026-05-14,0.06,kg,3,0,5,spring,0
ITM009,Cheese,Dairy,HH020,2026-05-18,0.06,kg,0,0,5,spring,0
ITM009,Cheese,Dairy,HH020,2026-05-20,0.06,kg,2,0,5,spring,0
ITM009,Cheese,Dairy,HH020,2026-05-29,0.05,kg,4,0,5,spring,0
ITM009,Cheese,Dairy,HH020,2026-05-31,0.08,kg,6,1,5,spring,0
ITM009,Cheese,Dairy,HH020,2026-06-03,0.07,kg,2,0,6,summer,0
ITM009,Cheese,Dairy,HH020,2026-06-04,0.06,kg,3,0,6,summer,0
ITM009,Cheese,Dairy,HH020,2026-06-05,0.04,kg,4,0,6,summer,0
ITM009,Cheese,Dairy,HH020,2026-06-07,0.05,kg,6,1,6,summer,0
ITM009,Cheese,Dairy,HH020,2026-06-16,0.05,kg,1,0,6,summer,0
ITM009,Cheese,Dairy,HH020,2026-06-18,0.07,kg,3,0,6,summer,0
ITM009,Cheese,Dairy,HH020,2026-06-26,0.04,kg,4,0,6,summer,0
ITM009,Cheese,Dairy,HH020,2026-06-29,0.07,kg,0,0,6,summer,0
ITM010,Bananas,Produce,HH001,2026-01-01,0.45,kg,3,0,1,winter,1
ITM010,Bananas,Produce,HH001,2026-01-05,0.24,kg,0,0,1,winter,0
ITM010,Bananas,Produce,HH001,2026-01-08,0.28,kg,3,0,1,winter,0
ITM010,Bananas,Produce,HH001,2026-01-12,0.33,kg,0,0,1,winter,0
ITM010,Bananas,Produce,HH001,2026-01-13,0.34,kg,1,0,1,winter,0
ITM010,Bananas,Produce,HH001,2026-01-14,0.41,kg,2,0,1,winter,0
ITM010,Bananas,Produce,HH001,2026-01-20,0.35,kg,1,0,1,winter,0
ITM010,Bananas,Produce,HH001,2026-01-22,0.3,kg,3,0,1,winter,0
ITM010,Bananas,Produce,HH001,2026-01-25,0.46,kg,6,1,1,winter,0
ITM010,Bananas,Produce,HH001,2026-01-31,0.48,kg,5,1,1,winter,0
ITM010,Bananas,Produce,HH001,2026-02-01,0.65,kg,6,1,2,winter,0
ITM010,Bananas,Produce,HH001,2026-02-02,0.33,kg,0,0,2,winter,0
ITM010,Bananas,Produce,HH001,2026-02-07,0.52,kg,5,1,2,winter,0
ITM010,Bananas,Produce,HH001,2026-02-08,0.42,kg,6,1,2,winter,0
ITM010,Bananas,Produce,HH001,2026-02-11,0.31,kg,2,0,2,winter,0
ITM010,Bananas,Produce,HH001,2026-02-16,0.33,kg,0,0,2,winter,0
ITM010,Bananas,Produce,HH001,2026-02-23,0.38,kg,0,0,2,winter,0
ITM010,Bananas,Produce,HH001,2026-02-24,0.32,kg,1,0,2,winter,0
ITM010,Bananas,Produce,HH001,2026-03-01,0.58,kg,6,1,3,spring,0
ITM010,Bananas,Produce,HH001,2026-03-13,0.33,kg,4,0,3,spring,0
ITM010,Bananas,Produce,HH001,2026-03-17,0.37,kg,1,0,3,spring,0
ITM010,Bananas,Produce,HH001,2026-03-20,0.35,kg,4,0,3,spring,0
ITM010,Bananas,Produce,HH001,2026-03-21,0.61,kg,5,1,3,spring,0
ITM010,Bananas,Produce,HH001,2026-03-26,0.38,kg,3,0,3,spring,0
ITM010,Bananas,Produce,HH001,2026-03-27,0.35,kg,4,0,3,spring,0
ITM010,Bananas,Produce,HH001,2026-03-28,0.49,kg,5,1,3,spring,0
ITM010,Bananas,Produce,HH001,2026-03-31,0.34,kg,1,0,3,spring,0
ITM010,Bananas,Produce,HH001,2026-04-08,0.31,kg,2,0,4,spring,0
ITM010,Bananas,Produce,HH001,2026-04-10,0.39,kg,4,0,4,spring,0
ITM010,Bananas,Produce,HH001,2026-04-14,0.47,kg,1,0,4,spring,1
ITM010,Bananas,Produce,HH001,2026-04-15,0.29,kg,2,0,4,spring,0
ITM010,Bananas,Produce,HH001,2026-04-18,0.42,kg,5,1,4,spring,0
ITM010,Bananas,Produce,HH001,2026-04-22,0.26,kg,2,0,4,spring,0
ITM010,Bananas,Produce,HH001,2026-05-01,0.54,kg,4,0,5,spring,1
ITM010,Bananas,Produce,HH001,2026-05-02,0.53,kg,5,1,5,spring,0
ITM010,Bananas,Produce,HH001,2026-05-04,0.3,kg,0,0,5,spring,0
ITM010,Bananas,Produce,HH001,2026-05-07,0.36,kg,3,0,5,spring,0
ITM010,Bananas,Produce,HH001,2026-05-08,0.27,kg,4,0,5,spring,0
ITM010,Bananas,Produce,HH001,2026-05-21,0.36,kg,3,0,5,spring,0
ITM010,Bananas,Produce,HH001,2026-05-27,0.36,kg,2,0,5,spring,0
ITM010,Bananas,Produce,HH001,2026-06-03,0.38,kg,2,0,6,summer,0
ITM010,Bananas,Produce,HH001,2026-06-05,0.28,kg,4,0,6,summer,0
ITM010,Bananas,Produce,HH001,2026-06-08,0.38,kg,0,0,6,summer,0
ITM010,Bananas,Produce,HH001,2026-06-09,0.29,kg,1,0,6,summer,0
ITM010,Bananas,Produce,HH001,2026-06-10,0.36,kg,2,0,6,summer,0
ITM010,Bananas,Produce,HH001,2026-06-15,0.35,kg,0,0,6,summer,0
ITM010,Bananas,Produce,HH001,2026-06-22,0.35,kg,0,0,6,summer,0
ITM010,Bananas,Produce,HH001,2026-06-23,0.39,kg,1,0,6,summer,0
ITM010,Bananas,Produce,HH001,2026-06-24,0.36,kg,2,0,6,summer,0
ITM010,Bananas,Produce,HH001,2026-06-27,0.37,kg,5,1,6,summer,0
ITM010,Bananas,Produce,HH001,2026-06-28,0.43,kg,6,1,6,summer,0
ITM010,Bananas,Produce,HH002,2026-01-01,0.6,kg,3,0,1,winter,1
ITM010,Bananas,Produce,HH002,2026-01-02,0.37,kg,4,0,1,winter,0
ITM010,Bananas,Produce,HH002,2026-01-03,0.35,kg,5,1,1,winter,0
ITM010,Bananas,Produce,HH002,2026-01-07,0.3,kg,2,0,1,winter,0
ITM010,Bananas,Produce,HH002,2026-01-15,0.28,kg,3,0,1,winter,0
ITM010,Bananas,Produce,HH002,2026-01-17,0.47,kg,5,1,1,winter,0
ITM010,Bananas,Produce,HH002,2026-01-20,0.37,kg,1,0,1,winter,0
ITM010,Bananas,Produce,HH002,2026-01-21,0.34,kg,2,0,1,winter,0
ITM010,Bananas,Produce,HH002,2026-01-23,0.4,kg,4,0,1,winter,0
ITM010,Bananas,Produce,HH002,2026-01-27,0.5,kg,1,0,1,winter,0
ITM010,Bananas,Produce,HH002,2026-02-04,0.34,kg,2,0,2,winter,0
ITM010,Bananas,Produce,HH002,2026-02-10,0.45,kg,1,0,2,winter,0
ITM010,Bananas,Produce,HH002,2026-02-11,0.37,kg,2,0,2,winter,0
ITM010,Bananas,Produce,HH002,2026-02-13,0.54,kg,4,0,2,winter,0
ITM010,Bananas,Produce,HH002,2026-02-17,0.48,kg,1,0,2,winter,0
ITM010,Bananas,Produce,HH002,2026-02-20,0.53,kg,4,0,2,winter,0
ITM010,Bananas,Produce,HH002,2026-02-23,0.29,kg,0,0,2,winter,0
ITM010,Bananas,Produce,HH002,2026-03-03,0.36,kg,1,0,3,spring,0
ITM010,Bananas,Produce,HH002,2026-03-06,0.44,kg,4,0,3,spring,0
ITM010,Bananas,Produce,HH002,2026-03-09,0.5,kg,0,0,3,spring,0
ITM010,Bananas,Produce,HH002,2026-03-12,0.3,kg,3,0,3,spring,0
ITM010,Bananas,Produce,HH002,2026-03-14,0.31,kg,5,1,3,spring,0
ITM010,Bananas,Produce,HH002,2026-03-16,0.39,kg,0,0,3,spring,0
ITM010,Bananas,Produce,HH002,2026-03-26,0.33,kg,3,0,3,spring,0
ITM010,Bananas,Produce,HH002,2026-03-29,0.58,kg,6,1,3,spring,0
ITM010,Bananas,Produce,HH002,2026-04-10,0.45,kg,4,0,4,spring,0
ITM010,Bananas,Produce,HH002,2026-04-12,0.64,kg,6,1,4,spring,0
ITM010,Bananas,Produce,HH002,2026-04-17,0.42,kg,4,0,4,spring,0
ITM010,Bananas,Produce,HH002,2026-04-20,0.57,kg,0,0,4,spring,0
ITM010,Bananas,Produce,HH002,2026-04-21,0.42,kg,1,0,4,spring,0
ITM010,Bananas,Produce,HH002,2026-04-29,0.48,kg,2,0,4,spring,0
ITM010,Bananas,Produce,HH002,2026-05-10,0.66,kg,6,1,5,spring,0
ITM010,Bananas,Produce,HH002,2026-05-12,0.36,kg,1,0,5,spring,0
ITM010,Bananas,Produce,HH002,2026-05-13,0.4,kg,2,0,5,spring,0
ITM010,Bananas,Produce,HH002,2026-05-20,0.46,kg,2,0,5,spring,0
ITM010,Bananas,Produce,HH002,2026-05-27,0.36,kg,2,0,5,spring,0
ITM010,Bananas,Produce,HH002,2026-06-03,0.34,kg,2,0,6,summer,0
ITM010,Bananas,Produce,HH002,2026-06-04,0.24,kg,3,0,6,summer,0
ITM010,Bananas,Produce,HH002,2026-06-05,0.25,kg,4,0,6,summer,0
ITM010,Bananas,Produce,HH002,2026-06-07,0.65,kg,6,1,6,summer,0
ITM010,Bananas,Produce,HH002,2026-06-08,0.52,kg,0,0,6,summer,0
ITM010,Bananas,Produce,HH002,2026-06-19,0.37,kg,4,0,6,summer,0
ITM010,Bananas,Produce,HH002,2026-06-23,0.28,kg,1,0,6,summer,0
ITM010,Bananas,Produce,HH002,2026-06-26,0.35,kg,4,0,6,summer,0
ITM010,Bananas,Produce,HH002,2026-06-29,0.28,kg,0,0,6,summer,0
ITM010,Bananas,Produce,HH003,2026-01-01,0.7,kg,3,0,1,winter,1
ITM010,Bananas,Produce,HH003,2026-01-04,0.73,kg,6,1,1,winter,0
ITM010,Bananas,Produce,HH003,2026-01-09,0.48,kg,4,0,1,winter,0
ITM010,Bananas,Produce,HH003,2026-01-10,0.5,kg,5,1,1,winter,0
ITM010,Bananas,Produce,HH003,2026-01-11,0.46,kg,6,1,1,winter,0
ITM010,Bananas,Produce,HH003,2026-01-12,0.47,kg,0,0,1,winter,0
ITM010,Bananas,Produce,HH003,2026-01-13,0.52,kg,1,0,1,winter,0
ITM010,Bananas,Produce,HH003,2026-01-14,0.6,kg,2,0,1,winter,0
ITM010,Bananas,Produce,HH003,2026-01-15,0.53,kg,3,0,1,winter,0
ITM010,Bananas,Produce,HH003,2026-01-16,0.35,kg,4,0,1,winter,0
ITM010,Bananas,Produce,HH003,2026-01-20,0.39,kg,1,0,1,winter,0
ITM010,Bananas,Produce,HH003,2026-01-23,0.52,kg,4,0,1,winter,0
ITM010,Bananas,Produce,HH003,2026-01-25,0.74,kg,6,1,1,winter,0
ITM010,Bananas,Produce,HH003,2026-02-08,0.93,kg,6,1,2,winter,0
ITM010,Bananas,Produce,HH003,2026-02-10,0.44,kg,1,0,2,winter,0
ITM010,Bananas,Produce,HH003,2026-03-10,0.4,kg,1,0,3,spring,0
ITM010,Bananas,Produce,HH003,2026-03-12,0.49,kg,3,0,3,spring,0
ITM010,Bananas,Produce,HH003,2026-03-15,0.74,kg,6,1,3,spring,0
ITM010,Bananas,Produce,HH003,2026-03-17,0.57,kg,1,0,3,spring,0
ITM010,Bananas,Produce,HH003,2026-03-19,0.47,kg,3,0,3,spring,0
ITM010,Bananas,Produce,HH003,2026-03-21,0.72,kg,5,1,3,spring,0
ITM010,Bananas,Produce,HH003,2026-03-27,0.41,kg,4,0,3,spring,0
ITM010,Bananas,Produce,HH003,2026-03-28,0.71,kg,5,1,3,spring,0
ITM010,Bananas,Produce,HH003,2026-03-31,0.39,kg,1,0,3,spring,0
ITM010,Bananas,Produce,HH003,2026-04-02,0.6,kg,3,0,4,spring,0
ITM010,Bananas,Produce,HH003,2026-04-04,0.71,kg,5,1,4,spring,0
ITM010,Bananas,Produce,HH003,2026-04-05,0.72,kg,6,1,4,spring,0
ITM010,Bananas,Produce,HH003,2026-04-07,0.46,kg,1,0,4,spring,0
ITM010,Bananas,Produce,HH003,2026-04-10,0.43,kg,4,0,4,spring,0
ITM010,Bananas,Produce,HH003,2026-04-13,0.48,kg,0,0,4,spring,0
ITM010,Bananas,Produce,HH003,2026-04-16,0.49,kg,3,0,4,spring,0
ITM010,Bananas,Produce,HH003,2026-04-17,0.47,kg,4,0,4,spring,0
ITM010,Bananas,Produce,HH003,2026-04-18,0.8,kg,5,1,4,spring,0
ITM010,Bananas,Produce,HH003,2026-04-19,0.82,kg,6,1,4,spring,0
ITM010,Bananas,Produce,HH003,2026-04-21,0.47,kg,1,0,4,spring,0
ITM010,Bananas,Produce,HH003,2026-04-22,0.35,kg,2,0,4,spring,0
ITM010,Bananas,Produce,HH003,2026-04-25,0.45,kg,5,1,4,spring,0
ITM010,Bananas,Produce,HH003,2026-04-30,0.51,kg,3,0,4,spring,0
ITM010,Bananas,Produce,HH003,2026-05-01,0.71,kg,4,0,5,spring,1
ITM010,Bananas,Produce,HH003,2026-05-11,0.52,kg,0,0,5,spring,0
ITM010,Bananas,Produce,HH003,2026-05-12,0.49,kg,1,0,5,spring,0
ITM010,Bananas,Produce,HH003,2026-05-15,0.38,kg,4,0,5,spring,0
ITM010,Bananas,Produce,HH003,2026-05-16,0.72,kg,5,1,5,spring,0
ITM010,Bananas,Produce,HH003,2026-05-21,0.67,kg,3,0,5,spring,0
ITM010,Bananas,Produce,HH003,2026-05-23,0.61,kg,5,1,5,spring,0
ITM010,Bananas,Produce,HH003,2026-05-27,0.53,kg,2,0,5,spring,0
ITM010,Bananas,Produce,HH003,2026-06-02,0.47,kg,1,0,6,summer,0
ITM010,Bananas,Produce,HH003,2026-06-09,0.45,kg,1,0,6,summer,0
ITM010,Bananas,Produce,HH003,2026-06-13,0.87,kg,5,1,6,summer,0
ITM010,Bananas,Produce,HH003,2026-06-14,0.65,kg,6,1,6,summer,0
ITM010,Bananas,Produce,HH003,2026-06-16,0.46,kg,1,0,6,summer,0
ITM010,Bananas,Produce,HH003,2026-06-18,0.53,kg,3,0,6,summer,0
ITM010,Bananas,Produce,HH003,2026-06-23,0.58,kg,1,0,6,summer,0
ITM010,Bananas,Produce,HH003,2026-06-28,0.51,kg,6,1,6,summer,0
ITM010,Bananas,Produce,HH004,2026-01-03,0.79,kg,5,1,1,winter,0
ITM010,Bananas,Produce,HH004,2026-01-04,0.7,kg,6,1,1,winter,0
ITM010,Bananas,Produce,HH004,2026-01-05,0.44,kg,0,0,1,winter,0
ITM010,Bananas,Produce,HH004,2026-01-15,0.49,kg,3,0,1,winter,0
ITM010,Bananas,Produce,HH004,2026-01-18,0.82,kg,6,1,1,winter,0
ITM010,Bananas,Produce,HH004,2026-01-24,0.83,kg,5,1,1,winter,0
ITM010,Bananas,Produce,HH004,2026-01-28,0.44,kg,2,0,1,winter,0
ITM010,Bananas,Produce,HH004,2026-01-30,0.48,kg,4,0,1,winter,0
ITM010,Bananas,Produce,HH004,2026-01-31,0.81,kg,5,1,1,winter,0
ITM010,Bananas,Produce,HH004,2026-02-01,0.71,kg,6,1,2,winter,0
ITM010,Bananas,Produce,HH004,2026-02-04,0.53,kg,2,0,2,winter,0
ITM010,Bananas,Produce,HH004,2026-02-06,0.51,kg,4,0,2,winter,0
ITM010,Bananas,Produce,HH004,2026-02-07,0.92,kg,5,1,2,winter,0
ITM010,Bananas,Produce,HH004,2026-02-15,0.55,kg,6,1,2,winter,0
ITM010,Bananas,Produce,HH004,2026-02-25,0.5,kg,2,0,2,winter,0
ITM010,Bananas,Produce,HH004,2026-02-26,0.51,kg,3,0,2,winter,0
ITM010,Bananas,Produce,HH004,2026-03-02,0.39,kg,0,0,3,spring,0
ITM010,Bananas,Produce,HH004,2026-03-08,1.15,kg,6,1,3,spring,1
ITM010,Bananas,Produce,HH004,2026-03-10,0.59,kg,1,0,3,spring,0
ITM010,Bananas,Produce,HH004,2026-03-11,0.48,kg,2,0,3,spring,0
ITM010,Bananas,Produce,HH004,2026-03-13,0.59,kg,4,0,3,spring,0
ITM010,Bananas,Produce,HH004,2026-03-20,0.47,kg,4,0,3,spring,0
ITM010,Bananas,Produce,HH004,2026-03-25,0.5,kg,2,0,3,spring,0
ITM010,Bananas,Produce,HH004,2026-04-06,0.49,kg,0,0,4,spring,0
ITM010,Bananas,Produce,HH004,2026-04-13,0.56,kg,0,0,4,spring,0
ITM010,Bananas,Produce,HH004,2026-04-16,0.59,kg,3,0,4,spring,0
ITM010,Bananas,Produce,HH004,2026-04-17,0.48,kg,4,0,4,spring,0
ITM010,Bananas,Produce,HH004,2026-04-23,0.57,kg,3,0,4,spring,0
ITM010,Bananas,Produce,HH004,2026-04-27,0.53,kg,0,0,4,spring,0
ITM010,Bananas,Produce,HH004,2026-05-12,0.43,kg,1,0,5,spring,0
ITM010,Bananas,Produce,HH004,2026-05-15,0.64,kg,4,0,5,spring,0
ITM010,Bananas,Produce,HH004,2026-05-18,0.51,kg,0,0,5,spring,0
ITM010,Bananas,Produce,HH004,2026-05-22,0.52,kg,4,0,5,spring,0
ITM010,Bananas,Produce,HH004,2026-05-26,0.45,kg,1,0,5,spring,0
ITM010,Bananas,Produce,HH004,2026-06-01,0.59,kg,0,0,6,summer,0
ITM010,Bananas,Produce,HH004,2026-06-08,0.41,kg,0,0,6,summer,0
ITM010,Bananas,Produce,HH004,2026-06-09,0.53,kg,1,0,6,summer,0
ITM010,Bananas,Produce,HH004,2026-06-14,0.72,kg,6,1,6,summer,0
ITM010,Bananas,Produce,HH004,2026-06-18,0.61,kg,3,0,6,summer,0
ITM010,Bananas,Produce,HH004,2026-06-21,0.85,kg,6,1,6,summer,0
ITM010,Bananas,Produce,HH005,2026-01-07,0.28,kg,2,0,1,winter,0
ITM010,Bananas,Produce,HH005,2026-01-12,0.29,kg,0,0,1,winter,0
ITM010,Bananas,Produce,HH005,2026-01-13,0.24,kg,1,0,1,winter,0
ITM010,Bananas,Produce,HH005,2026-01-16,0.33,kg,4,0,1,winter,0
ITM010,Bananas,Produce,HH005,2026-01-21,0.16,kg,2,0,1,winter,0
ITM010,Bananas,Produce,HH005,2026-01-24,0.34,kg,5,1,1,winter,0
ITM010,Bananas,Produce,HH005,2026-01-27,0.29,kg,1,0,1,winter,0
ITM010,Bananas,Produce,HH005,2026-01-29,0.33,kg,3,0,1,winter,0
ITM010,Bananas,Produce,HH005,2026-01-31,0.35,kg,5,1,1,winter,0
ITM010,Bananas,Produce,HH005,2026-02-10,0.32,kg,1,0,2,winter,0
ITM010,Bananas,Produce,HH005,2026-02-13,0.3,kg,4,0,2,winter,0
ITM010,Bananas,Produce,HH005,2026-02-20,0.27,kg,4,0,2,winter,0
ITM010,Bananas,Produce,HH005,2026-02-24,0.3,kg,1,0,2,winter,0
ITM010,Bananas,Produce,HH005,2026-02-27,0.2,kg,4,0,2,winter,0
ITM010,Bananas,Produce,HH005,2026-03-08,0.74,kg,6,1,3,spring,1
ITM010,Bananas,Produce,HH005,2026-03-13,0.25,kg,4,0,3,spring,0
ITM010,Bananas,Produce,HH005,2026-03-15,0.4,kg,6,1,3,spring,0
ITM010,Bananas,Produce,HH005,2026-03-24,0.29,kg,1,0,3,spring,0
ITM010,Bananas,Produce,HH005,2026-03-25,0.19,kg,2,0,3,spring,0
ITM010,Bananas,Produce,HH005,2026-03-27,0.28,kg,4,0,3,spring,0
ITM010,Bananas,Produce,HH005,2026-04-01,0.34,kg,2,0,4,spring,0
ITM010,Bananas,Produce,HH005,2026-04-02,0.34,kg,3,0,4,spring,0
ITM010,Bananas,Produce,HH005,2026-04-10,0.24,kg,4,0,4,spring,0
ITM010,Bananas,Produce,HH005,2026-04-11,0.37,kg,5,1,4,spring,0
ITM010,Bananas,Produce,HH005,2026-04-14,0.4,kg,1,0,4,spring,1
ITM010,Bananas,Produce,HH005,2026-04-17,0.34,kg,4,0,4,spring,0
ITM010,Bananas,Produce,HH005,2026-04-23,0.27,kg,3,0,4,spring,0
ITM010,Bananas,Produce,HH005,2026-04-27,0.17,kg,0,0,4,spring,0
ITM010,Bananas,Produce,HH005,2026-04-29,0.28,kg,2,0,4,spring,0
ITM010,Bananas,Produce,HH005,2026-05-07,0.42,kg,3,0,5,spring,0
ITM010,Bananas,Produce,HH005,2026-05-10,0.52,kg,6,1,5,spring,0
ITM010,Bananas,Produce,HH005,2026-05-14,0.26,kg,3,0,5,spring,0
ITM010,Bananas,Produce,HH005,2026-05-19,0.26,kg,1,0,5,spring,0
ITM010,Bananas,Produce,HH005,2026-05-21,0.28,kg,3,0,5,spring,0
ITM010,Bananas,Produce,HH005,2026-05-25,0.29,kg,0,0,5,spring,0
ITM010,Bananas,Produce,HH005,2026-05-28,0.27,kg,3,0,5,spring,0
ITM010,Bananas,Produce,HH005,2026-05-31,0.42,kg,6,1,5,spring,0
ITM010,Bananas,Produce,HH005,2026-06-02,0.3,kg,1,0,6,summer,0
ITM010,Bananas,Produce,HH005,2026-06-10,0.18,kg,2,0,6,summer,0
ITM010,Bananas,Produce,HH005,2026-06-12,0.22,kg,4,0,6,summer,0
ITM010,Bananas,Produce,HH005,2026-06-13,0.34,kg,5,1,6,summer,0
ITM010,Bananas,Produce,HH005,2026-06-14,0.38,kg,6,1,6,summer,0
ITM010,Bananas,Produce,HH005,2026-06-19,0.29,kg,4,0,6,summer,0
ITM010,Bananas,Produce,HH005,2026-06-23,0.3,kg,1,0,6,summer,0
ITM010,Bananas,Produce,HH005,2026-06-24,0.27,kg,2,0,6,summer,0
ITM010,Bananas,Produce,HH005,2026-06-28,0.41,kg,6,1,6,summer,0
ITM010,Bananas,Produce,HH005,2026-06-29,0.24,kg,0,0,6,summer,0
ITM010,Bananas,Produce,HH006,2026-01-01,0.46,kg,3,0,1,winter,1
ITM010,Bananas,Produce,HH006,2026-01-04,0.5,kg,6,1,1,winter,0
ITM010,Bananas,Produce,HH006,2026-01-06,0.31,kg,1,0,1,winter,0
ITM010,Bananas,Produce,HH006,2026-01-09,0.34,kg,4,0,1,winter,0
ITM010,Bananas,Produce,HH006,2026-01-13,0.39,kg,1,0,1,winter,0
ITM010,Bananas,Produce,HH006,2026-01-14,0.3,kg,2,0,1,winter,0
ITM010,Bananas,Produce,HH006,2026-01-18,0.5,kg,6,1,1,winter,0
ITM010,Bananas,Produce,HH006,2026-01-20,0.32,kg,1,0,1,winter,0
ITM010,Bananas,Produce,HH006,2026-01-24,0.38,kg,5,1,1,winter,0
ITM010,Bananas,Produce,HH006,2026-02-01,0.38,kg,6,1,2,winter,0
ITM010,Bananas,Produce,HH006,2026-02-02,0.27,kg,0,0,2,winter,0
ITM010,Bananas,Produce,HH006,2026-02-03,0.32,kg,1,0,2,winter,0
ITM010,Bananas,Produce,HH006,2026-02-04,0.31,kg,2,0,2,winter,0
ITM010,Bananas,Produce,HH006,2026-02-05,0.33,kg,3,0,2,winter,0
ITM010,Bananas,Produce,HH006,2026-02-06,0.26,kg,4,0,2,winter,0
ITM010,Bananas,Produce,HH006,2026-02-13,0.39,kg,4,0,2,winter,0
ITM010,Bananas,Produce,HH006,2026-02-15,0.52,kg,6,1,2,winter,0
ITM010,Bananas,Produce,HH006,2026-02-21,0.46,kg,5,1,2,winter,0
ITM010,Bananas,Produce,HH006,2026-02-25,0.29,kg,2,0,2,winter,0
ITM010,Bananas,Produce,HH006,2026-02-26,0.3,kg,3,0,2,winter,0
ITM010,Bananas,Produce,HH006,2026-03-01,0.49,kg,6,1,3,spring,0
ITM010,Bananas,Produce,HH006,2026-03-02,0.27,kg,0,0,3,spring,0
ITM010,Bananas,Produce,HH006,2026-03-03,0.37,kg,1,0,3,spring,0
ITM010,Bananas,Produce,HH006,2026-03-08,0.47,kg,6,1,3,spring,1
ITM010,Bananas,Produce,HH006,2026-03-09,0.36,kg,0,0,3,spring,0
ITM010,Bananas,Produce,HH006,2026-03-13,0.37,kg,4,0,3,spring,0
ITM010,Bananas,Produce,HH006,2026-03-21,0.4,kg,5,1,3,spring,0
ITM010,Bananas,Produce,HH006,2026-03-23,0.28,kg,0,0,3,spring,0
ITM010,Bananas,Produce,HH006,2026-03-29,0.42,kg,6,1,3,spring,0
ITM010,Bananas,Produce,HH006,2026-03-30,0.32,kg,0,0,3,spring,0
ITM010,Bananas,Produce,HH006,2026-04-01,0.33,kg,2,0,4,spring,0
ITM010,Bananas,Produce,HH006,2026-04-09,0.3,kg,3,0,4,spring,0
ITM010,Bananas,Produce,HH006,2026-04-19,0.44,kg,6,1,4,spring,0
ITM010,Bananas,Produce,HH006,2026-04-25,0.53,kg,5,1,4,spring,0
ITM010,Bananas,Produce,HH006,2026-05-11,0.23,kg,0,0,5,spring,0
ITM010,Bananas,Produce,HH006,2026-05-14,0.4,kg,3,0,5,spring,0
ITM010,Bananas,Produce,HH006,2026-05-26,0.39,kg,1,0,5,spring,0
ITM010,Bananas,Produce,HH006,2026-05-27,0.34,kg,2,0,5,spring,0
ITM010,Bananas,Produce,HH006,2026-06-01,0.32,kg,0,0,6,summer,0
ITM010,Bananas,Produce,HH006,2026-06-03,0.41,kg,2,0,6,summer,0
ITM010,Bananas,Produce,HH006,2026-06-04,0.29,kg,3,0,6,summer,0
ITM010,Bananas,Produce,HH006,2026-06-21,0.37,kg,6,1,6,summer,0
ITM010,Bananas,Produce,HH006,2026-06-25,0.37,kg,3,0,6,summer,0
ITM010,Bananas,Produce,HH006,2026-06-26,0.32,kg,4,0,6,summer,0
ITM010,Bananas,Produce,HH006,2026-06-27,0.43,kg,5,1,6,summer,0
ITM010,Bananas,Produce,HH007,2026-01-06,0.37,kg,1,0,1,winter,0
ITM010,Bananas,Produce,HH007,2026-01-11,0.54,kg,6,1,1,winter,0
ITM010,Bananas,Produce,HH007,2026-01-16,0.49,kg,4,0,1,winter,0
ITM010,Bananas,Produce,HH007,2026-01-18,0.55,kg,6,1,1,winter,0
ITM010,Bananas,Produce,HH007,2026-01-22,0.3,kg,3,0,1,winter,0
ITM010,Bananas,Produce,HH007,2026-01-31,0.54,kg,5,1,1,winter,0
ITM010,Bananas,Produce,HH007,2026-02-01,0.55,kg,6,1,2,winter,0
ITM010,Bananas,Produce,HH007,2026-02-08,0.46,kg,6,1,2,winter,0
ITM010,Bananas,Produce,HH007,2026-02-14,0.55,kg,5,1,2,winter,0
ITM010,Bananas,Produce,HH007,2026-02-17,0.45,kg,1,0,2,winter,0
ITM010,Bananas,Produce,HH007,2026-02-21,0.75,kg,5,1,2,winter,0
ITM010,Bananas,Produce,HH007,2026-02-23,0.34,kg,0,0,2,winter,0
ITM010,Bananas,Produce,HH007,2026-02-24,0.33,kg,1,0,2,winter,0
ITM010,Bananas,Produce,HH007,2026-02-26,0.42,kg,3,0,2,winter,0
ITM010,Bananas,Produce,HH007,2026-02-27,0.38,kg,4,0,2,winter,0
ITM010,Bananas,Produce,HH007,2026-03-03,0.42,kg,1,0,3,spring,0
ITM010,Bananas,Produce,HH007,2026-03-05,0.48,kg,3,0,3,spring,0
ITM010,Bananas,Produce,HH007,2026-03-16,0.35,kg,0,0,3,spring,0
ITM010,Bananas,Produce,HH007,2026-03-27,0.3,kg,4,0,3,spring,0
ITM010,Bananas,Produce,HH007,2026-03-30,0.41,kg,0,0,3,spring,0
ITM010,Bananas,Produce,HH007,2026-04-05,0.66,kg,6,1,4,spring,0
ITM010,Bananas,Produce,HH007,2026-04-06,0.35,kg,0,0,4,spring,0
ITM010,Bananas,Produce,HH007,2026-04-07,0.38,kg,1,0,4,spring,0
ITM010,Bananas,Produce,HH007,2026-04-11,0.69,kg,5,1,4,spring,0
ITM010,Bananas,Produce,HH007,2026-04-12,0.6,kg,6,1,4,spring,0
ITM010,Bananas,Produce,HH007,2026-04-21,0.41,kg,1,0,4,spring,0
ITM010,Bananas,Produce,HH007,2026-05-07,0.46,kg,3,0,5,spring,0
ITM010,Bananas,Produce,HH007,2026-05-10,0.53,kg,6,1,5,spring,0
ITM010,Bananas,Produce,HH007,2026-05-14,0.42,kg,3,0,5,spring,0
ITM010,Bananas,Produce,HH007,2026-05-17,0.51,kg,6,1,5,spring,0
ITM010,Bananas,Produce,HH007,2026-05-19,0.36,kg,1,0,5,spring,0
ITM010,Bananas,Produce,HH007,2026-05-25,0.35,kg,0,0,5,spring,0
ITM010,Bananas,Produce,HH007,2026-05-28,0.4,kg,3,0,5,spring,0
ITM010,Bananas,Produce,HH007,2026-06-04,0.4,kg,3,0,6,summer,0
ITM010,Bananas,Produce,HH007,2026-06-08,0.49,kg,0,0,6,summer,0
ITM010,Bananas,Produce,HH007,2026-06-21,0.56,kg,6,1,6,summer,0
ITM010,Bananas,Produce,HH007,2026-06-25,0.37,kg,3,0,6,summer,0
ITM010,Bananas,Produce,HH008,2026-01-03,0.6,kg,5,1,1,winter,0
ITM010,Bananas,Produce,HH008,2026-01-04,0.6,kg,6,1,1,winter,0
ITM010,Bananas,Produce,HH008,2026-01-05,0.45,kg,0,0,1,winter,0
ITM010,Bananas,Produce,HH008,2026-01-06,0.49,kg,1,0,1,winter,0
ITM010,Bananas,Produce,HH008,2026-01-07,0.48,kg,2,0,1,winter,0
ITM010,Bananas,Produce,HH008,2026-01-11,0.61,kg,6,1,1,winter,0
ITM010,Bananas,Produce,HH008,2026-01-14,0.41,kg,2,0,1,winter,0
ITM010,Bananas,Produce,HH008,2026-01-16,0.55,kg,4,0,1,winter,0
ITM010,Bananas,Produce,HH008,2026-01-18,0.69,kg,6,1,1,winter,0
ITM010,Bananas,Produce,HH008,2026-01-19,0.57,kg,0,0,1,winter,0
ITM010,Bananas,Produce,HH008,2026-01-22,0.38,kg,3,0,1,winter,0
ITM010,Bananas,Produce,HH008,2026-01-25,0.55,kg,6,1,1,winter,0
ITM010,Bananas,Produce,HH008,2026-01-27,0.42,kg,1,0,1,winter,0
ITM010,Bananas,Produce,HH008,2026-01-29,0.48,kg,3,0,1,winter,0
ITM010,Bananas,Produce,HH008,2026-02-14,0.63,kg,5,1,2,winter,0
ITM010,Bananas,Produce,HH008,2026-02-15,0.68,kg,6,1,2,winter,0
ITM010,Bananas,Produce,HH008,2026-02-16,0.48,kg,0,0,2,winter,0
ITM010,Bananas,Produce,HH008,2026-02-18,0.4,kg,2,0,2,winter,0
ITM010,Bananas,Produce,HH008,2026-02-21,0.68,kg,5,1,2,winter,0
ITM010,Bananas,Produce,HH008,2026-02-22,0.65,kg,6,1,2,winter,0
ITM010,Bananas,Produce,HH008,2026-02-26,0.65,kg,3,0,2,winter,0
ITM010,Bananas,Produce,HH008,2026-02-28,0.63,kg,5,1,2,winter,0
ITM010,Bananas,Produce,HH008,2026-03-06,0.42,kg,4,0,3,spring,0
ITM010,Bananas,Produce,HH008,2026-03-08,1.08,kg,6,1,3,spring,1
ITM010,Bananas,Produce,HH008,2026-03-09,0.43,kg,0,0,3,spring,0
ITM010,Bananas,Produce,HH008,2026-03-10,0.35,kg,1,0,3,spring,0
ITM010,Bananas,Produce,HH008,2026-03-13,0.48,kg,4,0,3,spring,0
ITM010,Bananas,Produce,HH008,2026-03-14,0.67,kg,5,1,3,spring,0
ITM010,Bananas,Produce,HH008,2026-03-18,0.46,kg,2,0,3,spring,0
ITM010,Bananas,Produce,HH008,2026-03-31,0.41,kg,1,0,3,spring,0
ITM010,Bananas,Produce,HH008,2026-04-01,0.55,kg,2,0,4,spring,0
ITM010,Bananas,Produce,HH008,2026-04-15,0.47,kg,2,0,4,spring,0
ITM010,Bananas,Produce,HH008,2026-04-19,0.71,kg,6,1,4,spring,0
ITM010,Bananas,Produce,HH008,2026-04-20,0.38,kg,0,0,4,spring,0
ITM010,Bananas,Produce,HH008,2026-04-28,0.53,kg,1,0,4,spring,0
ITM010,Bananas,Produce,HH008,2026-05-02,0.78,kg,5,1,5,spring,0
ITM010,Bananas,Produce,HH008,2026-05-05,0.46,kg,1,0,5,spring,0
ITM010,Bananas,Produce,HH008,2026-05-16,0.69,kg,5,1,5,spring,0
ITM010,Bananas,Produce,HH008,2026-05-20,0.36,kg,2,0,5,spring,0
ITM010,Bananas,Produce,HH008,2026-05-22,0.4,kg,4,0,5,spring,0
ITM010,Bananas,Produce,HH008,2026-05-26,0.4,kg,1,0,5,spring,0
ITM010,Bananas,Produce,HH008,2026-05-31,0.73,kg,6,1,5,spring,0
ITM010,Bananas,Produce,HH008,2026-06-01,0.43,kg,0,0,6,summer,0
ITM010,Bananas,Produce,HH008,2026-06-02,0.37,kg,1,0,6,summer,0
ITM010,Bananas,Produce,HH008,2026-06-07,0.55,kg,6,1,6,summer,0
ITM010,Bananas,Produce,HH008,2026-06-10,0.51,kg,2,0,6,summer,0
ITM010,Bananas,Produce,HH008,2026-06-12,0.55,kg,4,0,6,summer,0
ITM010,Bananas,Produce,HH008,2026-06-14,0.83,kg,6,1,6,summer,0
ITM010,Bananas,Produce,HH008,2026-06-18,0.37,kg,3,0,6,summer,0
ITM010,Bananas,Produce,HH008,2026-06-22,0.43,kg,0,0,6,summer,0
ITM010,Bananas,Produce,HH008,2026-06-25,0.56,kg,3,0,6,summer,0
ITM010,Bananas,Produce,HH008,2026-06-28,0.66,kg,6,1,6,summer,0
ITM010,Bananas,Produce,HH008,2026-06-29,0.47,kg,0,0,6,summer,0
ITM010,Bananas,Produce,HH009,2026-01-08,0.54,kg,3,0,1,winter,0
ITM010,Bananas,Produce,HH009,2026-01-09,0.56,kg,4,0,1,winter,0
ITM010,Bananas,Produce,HH009,2026-01-10,0.99,kg,5,1,1,winter,0
ITM010,Bananas,Produce,HH009,2026-01-16,0.59,kg,4,0,1,winter,0
ITM010,Bananas,Produce,HH009,2026-01-22,0.61,kg,3,0,1,winter,0
ITM010,Bananas,Produce,HH009,2026-01-25,0.79,kg,6,1,1,winter,0
ITM010,Bananas,Produce,HH009,2026-01-26,1.06,kg,0,0,1,winter,1
ITM010,Bananas,Produce,HH009,2026-01-28,0.48,kg,2,0,1,winter,0
ITM010,Bananas,Produce,HH009,2026-01-29,0.54,kg,3,0,1,winter,0
ITM010,Bananas,Produce,HH009,2026-01-31,0.81,kg,5,1,1,winter,0
ITM010,Bananas,Produce,HH009,2026-02-06,0.55,kg,4,0,2,winter,0
ITM010,Bananas,Produce,HH009,2026-02-19,0.48,kg,3,0,2,winter,0
ITM010,Bananas,Produce,HH009,2026-03-07,0.81,kg,5,1,3,spring,0
ITM010,Bananas,Produce,HH009,2026-03-08,1.12,kg,6,1,3,spring,1
ITM010,Bananas,Produce,HH009,2026-03-10,0.58,kg,1,0,3,spring,0
ITM010,Bananas,Produce,HH009,2026-03-14,0.64,kg,5,1,3,spring,0
ITM010,Bananas,Produce,HH009,2026-03-23,0.49,kg,0,0,3,spring,0
ITM010,Bananas,Produce,HH009,2026-03-25,0.48,kg,2,0,3,spring,0
ITM010,Bananas,Produce,HH009,2026-03-27,0.54,kg,4,0,3,spring,0
ITM010,Bananas,Produce,HH009,2026-03-31,0.59,kg,1,0,3,spring,0
ITM010,Bananas,Produce,HH009,2026-04-01,0.56,kg,2,0,4,spring,0
ITM010,Bananas,Produce,HH009,2026-04-07,0.54,kg,1,0,4,spring,0
ITM010,Bananas,Produce,HH009,2026-04-10,0.56,kg,4,0,4,spring,0
ITM010,Bananas,Produce,HH009,2026-04-12,0.77,kg,6,1,4,spring,0
ITM010,Bananas,Produce,HH009,2026-04-13,0.53,kg,0,0,4,spring,0
ITM010,Bananas,Produce,HH009,2026-04-17,0.66,kg,4,0,4,spring,0
ITM010,Bananas,Produce,HH009,2026-04-20,0.55,kg,0,0,4,spring,0
ITM010,Bananas,Produce,HH009,2026-04-24,0.5,kg,4,0,4,spring,0
ITM010,Bananas,Produce,HH009,2026-04-29,0.51,kg,2,0,4,spring,0
ITM010,Bananas,Produce,HH009,2026-04-30,0.59,kg,3,0,4,spring,0
ITM010,Bananas,Produce,HH009,2026-05-03,0.71,kg,6,1,5,spring,0
ITM010,Bananas,Produce,HH009,2026-05-04,0.52,kg,0,0,5,spring,0
ITM010,Bananas,Produce,HH009,2026-05-06,0.48,kg,2,0,5,spring,0
ITM010,Bananas,Produce,HH009,2026-05-10,0.67,kg,6,1,5,spring,0
ITM010,Bananas,Produce,HH009,2026-05-12,0.33,kg,1,0,5,spring,0
ITM010,Bananas,Produce,HH009,2026-05-17,0.99,kg,6,1,5,spring,0
ITM010,Bananas,Produce,HH009,2026-05-23,0.81,kg,5,1,5,spring,0
ITM010,Bananas,Produce,HH009,2026-05-30,0.65,kg,5,1,5,spring,0
ITM010,Bananas,Produce,HH009,2026-06-06,0.81,kg,5,1,6,summer,1
ITM010,Bananas,Produce,HH009,2026-06-07,0.61,kg,6,1,6,summer,0
ITM010,Bananas,Produce,HH009,2026-06-09,0.46,kg,1,0,6,summer,0
ITM010,Bananas,Produce,HH009,2026-06-17,0.51,kg,2,0,6,summer,0
ITM010,Bananas,Produce,HH009,2026-06-19,0.52,kg,4,0,6,summer,0
ITM010,Bananas,Produce,HH009,2026-06-20,0.81,kg,5,1,6,summer,0
ITM010,Bananas,Produce,HH009,2026-06-25,0.54,kg,3,0,6,summer,0
ITM010,Bananas,Produce,HH010,2026-01-02,0.25,kg,4,0,1,winter,0
ITM010,Bananas,Produce,HH010,2026-01-05,0.21,kg,0,0,1,winter,0
ITM010,Bananas,Produce,HH010,2026-01-08,0.29,kg,3,0,1,winter,0
ITM010,Bananas,Produce,HH010,2026-01-19,0.25,kg,0,0,1,winter,0
ITM010,Bananas,Produce,HH010,2026-01-24,0.3,kg,5,1,1,winter,0
ITM010,Bananas,Produce,HH010,2026-01-28,0.23,kg,2,0,1,winter,0
ITM010,Bananas,Produce,HH010,2026-02-04,0.2,kg,2,0,2,winter,0
ITM010,Bananas,Produce,HH010,2026-02-06,0.35,kg,4,0,2,winter,0
ITM010,Bananas,Produce,HH010,2026-02-07,0.32,kg,5,1,2,winter,0
ITM010,Bananas,Produce,HH010,2026-02-08,0.27,kg,6,1,2,winter,0
ITM010,Bananas,Produce,HH010,2026-02-13,0.27,kg,4,0,2,winter,0
ITM010,Bananas,Produce,HH010,2026-02-19,0.34,kg,3,0,2,winter,0
ITM010,Bananas,Produce,HH010,2026-02-21,0.35,kg,5,1,2,winter,0
ITM010,Bananas,Produce,HH010,2026-02-22,0.4,kg,6,1,2,winter,0
ITM010,Bananas,Produce,HH010,2026-02-28,0.44,kg,5,1,2,winter,0
ITM010,Bananas,Produce,HH010,2026-03-04,0.31,kg,2,0,3,spring,0
ITM010,Bananas,Produce,HH010,2026-03-06,0.34,kg,4,0,3,spring,0
ITM010,Bananas,Produce,HH010,2026-03-19,0.23,kg,3,0,3,spring,0
ITM010,Bananas,Produce,HH010,2026-03-21,0.41,kg,5,1,3,spring,0
ITM010,Bananas,Produce,HH010,2026-03-22,0.38,kg,6,1,3,spring,0
ITM010,Bananas,Produce,HH010,2026-03-23,0.2,kg,0,0,3,spring,0
ITM010,Bananas,Produce,HH010,2026-03-26,0.28,kg,3,0,3,spring,0
ITM010,Bananas,Produce,HH010,2026-03-31,0.25,kg,1,0,3,spring,0
ITM010,Bananas,Produce,HH010,2026-04-03,0.26,kg,4,0,4,spring,0
ITM010,Bananas,Produce,HH010,2026-04-18,0.47,kg,5,1,4,spring,0
ITM010,Bananas,Produce,HH010,2026-04-21,0.29,kg,1,0,4,spring,0
ITM010,Bananas,Produce,HH010,2026-04-23,0.3,kg,3,0,4,spring,0
ITM010,Bananas,Produce,HH010,2026-04-28,0.23,kg,1,0,4,spring,0
ITM010,Bananas,Produce,HH010,2026-04-29,0.23,kg,2,0,4,spring,0
ITM010,Bananas,Produce,HH010,2026-05-01,0.42,kg,4,0,5,spring,1
ITM010,Bananas,Produce,HH010,2026-05-02,0.35,kg,5,1,5,spring,0
ITM010,Bananas,Produce,HH010,2026-05-05,0.21,kg,1,0,5,spring,0
ITM010,Bananas,Produce,HH010,2026-05-09,0.49,kg,5,1,5,spring,0
ITM010,Bananas,Produce,HH010,2026-05-10,0.39,kg,6,1,5,spring,0
ITM010,Bananas,Produce,HH010,2026-05-12,0.25,kg,1,0,5,spring,0
ITM010,Bananas,Produce,HH010,2026-05-14,0.3,kg,3,0,5,spring,0
ITM010,Bananas,Produce,HH010,2026-05-16,0.42,kg,5,1,5,spring,0
ITM010,Bananas,Produce,HH010,2026-05-19,0.21,kg,1,0,5,spring,0
ITM010,Bananas,Produce,HH010,2026-05-24,0.51,kg,6,1,5,spring,0
ITM010,Bananas,Produce,HH010,2026-05-25,0.31,kg,0,0,5,spring,0
ITM010,Bananas,Produce,HH010,2026-05-26,0.36,kg,1,0,5,spring,0
ITM010,Bananas,Produce,HH010,2026-05-29,0.31,kg,4,0,5,spring,0
ITM010,Bananas,Produce,HH010,2026-05-30,0.48,kg,5,1,5,spring,0
ITM010,Bananas,Produce,HH010,2026-06-01,0.27,kg,0,0,6,summer,0
ITM010,Bananas,Produce,HH010,2026-06-04,0.28,kg,3,0,6,summer,0
ITM010,Bananas,Produce,HH010,2026-06-05,0.29,kg,4,0,6,summer,0
ITM010,Bananas,Produce,HH010,2026-06-08,0.28,kg,0,0,6,summer,0
ITM010,Bananas,Produce,HH010,2026-06-11,0.3,kg,3,0,6,summer,0
ITM010,Bananas,Produce,HH010,2026-06-12,0.32,kg,4,0,6,summer,0
ITM010,Bananas,Produce,HH010,2026-06-25,0.24,kg,3,0,6,summer,0
ITM010,Bananas,Produce,HH011,2026-01-01,0.43,kg,3,0,1,winter,1
ITM010,Bananas,Produce,HH011,2026-01-02,0.25,kg,4,0,1,winter,0
ITM010,Bananas,Produce,HH011,2026-01-04,0.44,kg,6,1,1,winter,0
ITM010,Bananas,Produce,HH011,2026-01-05,0.35,kg,0,0,1,winter,0
ITM010,Bananas,Produce,HH011,2026-01-07,0.38,kg,2,0,1,winter,0
ITM010,Bananas,Produce,HH011,2026-01-11,0.55,kg,6,1,1,winter,0
ITM010,Bananas,Produce,HH011,2026-01-14,0.39,kg,2,0,1,winter,0
ITM010,Bananas,Produce,HH011,2026-01-15,0.32,kg,3,0,1,winter,0
ITM010,Bananas,Produce,HH011,2026-01-18,0.39,kg,6,1,1,winter,0
ITM010,Bananas,Produce,HH011,2026-01-22,0.29,kg,3,0,1,winter,0
ITM010,Bananas,Produce,HH011,2026-01-25,0.62,kg,6,1,1,winter,0
ITM010,Bananas,Produce,HH011,2026-01-29,0.35,kg,3,0,1,winter,0
ITM010,Bananas,Produce,HH011,2026-01-30,0.27,kg,4,0,1,winter,0
ITM010,Bananas,Produce,HH011,2026-02-02,0.24,kg,0,0,2,winter,0
ITM010,Bananas,Produce,HH011,2026-02-03,0.27,kg,1,0,2,winter,0
ITM010,Bananas,Produce,HH011,2026-02-05,0.29,kg,3,0,2,winter,0
ITM010,Bananas,Produce,HH011,2026-02-08,0.62,kg,6,1,2,winter,0
ITM010,Bananas,Produce,HH011,2026-02-09,0.33,kg,0,0,2,winter,0
ITM010,Bananas,Produce,HH011,2026-02-11,0.37,kg,2,0,2,winter,0
ITM010,Bananas,Produce,HH011,2026-02-13,0.24,kg,4,0,2,winter,0
ITM010,Bananas,Produce,HH011,2026-02-16,0.33,kg,0,0,2,winter,0
ITM010,Bananas,Produce,HH011,2026-02-18,0.29,kg,2,0,2,winter,0
ITM010,Bananas,Produce,HH011,2026-02-19,0.31,kg,3,0,2,winter,0
ITM010,Bananas,Produce,HH011,2026-02-24,0.41,kg,1,0,2,winter,0
ITM010,Bananas,Produce,HH011,2026-03-03,0.35,kg,1,0,3,spring,0
ITM010,Bananas,Produce,HH011,2026-03-05,0.36,kg,3,0,3,spring,0
ITM010,Bananas,Produce,HH011,2026-03-06,0.4,kg,4,0,3,spring,0
ITM010,Bananas,Produce,HH011,2026-03-08,1.1,kg,6,1,3,spring,1
ITM010,Bananas,Produce,HH011,2026-03-09,0.33,kg,0,0,3,spring,0
ITM010,Bananas,Produce,HH011,2026-03-10,0.34,kg,1,0,3,spring,0
ITM010,Bananas,Produce,HH011,2026-03-11,0.32,kg,2,0,3,spring,0
ITM010,Bananas,Produce,HH011,2026-03-16,0.4,kg,0,0,3,spring,0
ITM010,Bananas,Produce,HH011,2026-03-21,0.62,kg,5,1,3,spring,0
ITM010,Bananas,Produce,HH011,2026-03-24,0.25,kg,1,0,3,spring,0
ITM010,Bananas,Produce,HH011,2026-03-25,0.35,kg,2,0,3,spring,0
ITM010,Bananas,Produce,HH011,2026-04-02,0.25,kg,3,0,4,spring,0
ITM010,Bananas,Produce,HH011,2026-04-04,0.54,kg,5,1,4,spring,0
ITM010,Bananas,Produce,HH011,2026-04-06,0.38,kg,0,0,4,spring,0
ITM010,Bananas,Produce,HH011,2026-04-07,0.34,kg,1,0,4,spring,0
ITM010,Bananas,Produce,HH011,2026-04-08,0.3,kg,2,0,4,spring,0
ITM010,Bananas,Produce,HH011,2026-04-18,0.54,kg,5,1,4,spring,0
ITM010,Bananas,Produce,HH011,2026-04-26,0.49,kg,6,1,4,spring,0
ITM010,Bananas,Produce,HH011,2026-05-01,0.51,kg,4,0,5,spring,1
ITM010,Bananas,Produce,HH011,2026-05-08,0.29,kg,4,0,5,spring,0
ITM010,Bananas,Produce,HH011,2026-05-10,0.41,kg,6,1,5,spring,0
ITM010,Bananas,Produce,HH011,2026-05-19,0.21,kg,1,0,5,spring,0
ITM010,Bananas,Produce,HH011,2026-05-22,0.25,kg,4,0,5,spring,0
ITM010,Bananas,Produce,HH011,2026-05-23,0.51,kg,5,1,5,spring,0
ITM010,Bananas,Produce,HH011,2026-05-24,0.57,kg,6,1,5,spring,0
ITM010,Bananas,Produce,HH011,2026-06-07,0.49,kg,6,1,6,summer,0
ITM010,Bananas,Produce,HH011,2026-06-08,0.41,kg,0,0,6,summer,0
ITM010,Bananas,Produce,HH011,2026-06-11,0.3,kg,3,0,6,summer,0
ITM010,Bananas,Produce,HH011,2026-06-16,0.31,kg,1,0,6,summer,0
ITM010,Bananas,Produce,HH011,2026-06-18,0.35,kg,3,0,6,summer,0
ITM010,Bananas,Produce,HH011,2026-06-19,0.31,kg,4,0,6,summer,0
ITM010,Bananas,Produce,HH011,2026-06-22,0.41,kg,0,0,6,summer,0
ITM010,Bananas,Produce,HH011,2026-06-24,0.33,kg,2,0,6,summer,0
ITM010,Bananas,Produce,HH011,2026-06-29,0.33,kg,0,0,6,summer,0
ITM010,Bananas,Produce,HH012,2026-01-02,0.46,kg,4,0,1,winter,0
ITM010,Bananas,Produce,HH012,2026-01-05,0.35,kg,0,0,1,winter,0
ITM010,Bananas,Produce,HH012,2026-01-09,0.45,kg,4,0,1,winter,0
ITM010,Bananas,Produce,HH012,2026-01-20,0.32,kg,1,0,1,winter,0
ITM010,Bananas,Produce,HH012,2026-01-21,0.5,kg,2,0,1,winter,0
ITM010,Bananas,Produce,HH012,2026-01-23,0.48,kg,4,0,1,winter,0
ITM010,Bananas,Produce,HH012,2026-01-26,0.66,kg,0,0,1,winter,1
ITM010,Bananas,Produce,HH012,2026-01-27,0.38,kg,1,0,1,winter,0
ITM010,Bananas,Produce,HH012,2026-01-29,0.38,kg,3,0,1,winter,0
ITM010,Bananas,Produce,HH012,2026-02-04,0.41,kg,2,0,2,winter,0
ITM010,Bananas,Produce,HH012,2026-02-08,0.62,kg,6,1,2,winter,0
ITM010,Bananas,Produce,HH012,2026-02-11,0.34,kg,2,0,2,winter,0
ITM010,Bananas,Produce,HH012,2026-02-13,0.42,kg,4,0,2,winter,0
ITM010,Bananas,Produce,HH012,2026-02-15,0.59,kg,6,1,2,winter,0
ITM010,Bananas,Produce,HH012,2026-02-22,0.48,kg,6,1,2,winter,0
ITM010,Bananas,Produce,HH012,2026-02-23,0.41,kg,0,0,2,winter,0
ITM010,Bananas,Produce,HH012,2026-02-26,0.43,kg,3,0,2,winter,0
ITM010,Bananas,Produce,HH012,2026-03-02,0.34,kg,0,0,3,spring,0
ITM010,Bananas,Produce,HH012,2026-03-09,0.47,kg,0,0,3,spring,0
ITM010,Bananas,Produce,HH012,2026-03-14,0.38,kg,5,1,3,spring,0
ITM010,Bananas,Produce,HH012,2026-03-15,0.59,kg,6,1,3,spring,0
ITM010,Bananas,Produce,HH012,2026-03-17,0.48,kg,1,0,3,spring,0
ITM010,Bananas,Produce,HH012,2026-03-22,0.66,kg,6,1,3,spring,0
ITM010,Bananas,Produce,HH012,2026-03-23,0.49,kg,0,0,3,spring,0
ITM010,Bananas,Produce,HH012,2026-03-25,0.44,kg,2,0,3,spring,0
ITM010,Bananas,Produce,HH012,2026-03-31,0.45,kg,1,0,3,spring,0
ITM010,Bananas,Produce,HH012,2026-04-05,0.58,kg,6,1,4,spring,0
ITM010,Bananas,Produce,HH012,2026-04-07,0.41,kg,1,0,4,spring,0
ITM010,Bananas,Produce,HH012,2026-04-14,0.56,kg,1,0,4,spring,1
ITM010,Bananas,Produce,HH012,2026-04-16,0.4,kg,3,0,4,spring,0
ITM010,Bananas,Produce,HH012,2026-04-19,0.7,kg,6,1,4,spring,0
ITM010,Bananas,Produce,HH012,2026-04-20,0.32,kg,0,0,4,spring,0
ITM010,Bananas,Produce,HH012,2026-04-28,0.35,kg,1,0,4,spring,0
ITM010,Bananas,Produce,HH012,2026-05-01,0.84,kg,4,0,5,spring,1
ITM010,Bananas,Produce,HH012,2026-05-02,0.6,kg,5,1,5,spring,0
ITM010,Bananas,Produce,HH012,2026-05-05,0.3,kg,1,0,5,spring,0
ITM010,Bananas,Produce,HH012,2026-05-10,0.48,kg,6,1,5,spring,0
ITM010,Bananas,Produce,HH012,2026-05-15,0.4,kg,4,0,5,spring,0
ITM010,Bananas,Produce,HH012,2026-05-17,0.44,kg,6,1,5,spring,0
ITM010,Bananas,Produce,HH012,2026-05-23,0.64,kg,5,1,5,spring,0
ITM010,Bananas,Produce,HH012,2026-05-24,0.59,kg,6,1,5,spring,0
ITM010,Bananas,Produce,HH012,2026-05-31,0.54,kg,6,1,5,spring,0
ITM010,Bananas,Produce,HH012,2026-06-01,0.51,kg,0,0,6,summer,0
ITM010,Bananas,Produce,HH012,2026-06-02,0.38,kg,1,0,6,summer,0
ITM010,Bananas,Produce,HH012,2026-06-06,0.64,kg,5,1,6,summer,1
ITM010,Bananas,Produce,HH012,2026-06-11,0.36,kg,3,0,6,summer,0
ITM010,Bananas,Produce,HH012,2026-06-13,0.65,kg,5,1,6,summer,0
ITM010,Bananas,Produce,HH012,2026-06-17,0.33,kg,2,0,6,summer,0
ITM010,Bananas,Produce,HH012,2026-06-20,0.34,kg,5,1,6,summer,0
ITM010,Bananas,Produce,HH012,2026-06-23,0.49,kg,1,0,6,summer,0
ITM010,Bananas,Produce,HH012,2026-06-27,0.37,kg,5,1,6,summer,0
ITM010,Bananas,Produce,HH012,2026-06-28,0.62,kg,6,1,6,summer,0
ITM010,Bananas,Produce,HH013,2026-01-01,0.73,kg,3,0,1,winter,1
ITM010,Bananas,Produce,HH013,2026-01-13,0.42,kg,1,0,1,winter,0
ITM010,Bananas,Produce,HH013,2026-01-17,0.72,kg,5,1,1,winter,0
ITM010,Bananas,Produce,HH013,2026-01-22,0.41,kg,3,0,1,winter,0
ITM010,Bananas,Produce,HH013,2026-01-24,0.65,kg,5,1,1,winter,0
ITM010,Bananas,Produce,HH013,2026-01-31,0.59,kg,5,1,1,winter,0
ITM010,Bananas,Produce,HH013,2026-02-09,0.55,kg,0,0,2,winter,0
ITM010,Bananas,Produce,HH013,2026-02-10,0.4,kg,1,0,2,winter,0
ITM010,Bananas,Produce,HH013,2026-02-21,0.72,kg,5,1,2,winter,0
ITM010,Bananas,Produce,HH013,2026-02-23,0.52,kg,0,0,2,winter,0
ITM010,Bananas,Produce,HH013,2026-03-04,0.45,kg,2,0,3,spring,0
ITM010,Bananas,Produce,HH013,2026-03-05,0.5,kg,3,0,3,spring,0
ITM010,Bananas,Produce,HH013,2026-03-11,0.38,kg,2,0,3,spring,0
ITM010,Bananas,Produce,HH013,2026-03-13,0.38,kg,4,0,3,spring,0
ITM010,Bananas,Produce,HH013,2026-03-17,0.42,kg,1,0,3,spring,0
ITM010,Bananas,Produce,HH013,2026-03-22,0.64,kg,6,1,3,spring,0
ITM010,Bananas,Produce,HH013,2026-04-02,0.5,kg,3,0,4,spring,0
ITM010,Bananas,Produce,HH013,2026-04-06,0.39,kg,0,0,4,spring,0
ITM010,Bananas,Produce,HH013,2026-04-08,0.49,kg,2,0,4,spring,0
ITM010,Bananas,Produce,HH013,2026-04-10,0.54,kg,4,0,4,spring,0
ITM010,Bananas,Produce,HH013,2026-04-23,0.5,kg,3,0,4,spring,0
ITM010,Bananas,Produce,HH013,2026-04-24,0.47,kg,4,0,4,spring,0
ITM010,Bananas,Produce,HH013,2026-04-25,0.68,kg,5,1,4,spring,0
ITM010,Bananas,Produce,HH013,2026-04-27,0.52,kg,0,0,4,spring,0
ITM010,Bananas,Produce,HH013,2026-05-01,0.74,kg,4,0,5,spring,1
ITM010,Bananas,Produce,HH013,2026-05-05,0.53,kg,1,0,5,spring,0
ITM010,Bananas,Produce,HH013,2026-05-06,0.47,kg,2,0,5,spring,0
ITM010,Bananas,Produce,HH013,2026-05-07,0.46,kg,3,0,5,spring,0
ITM010,Bananas,Produce,HH013,2026-05-08,0.51,kg,4,0,5,spring,0
ITM010,Bananas,Produce,HH013,2026-05-13,0.5,kg,2,0,5,spring,0
ITM010,Bananas,Produce,HH013,2026-05-15,0.51,kg,4,0,5,spring,0
ITM010,Bananas,Produce,HH013,2026-05-16,0.63,kg,5,1,5,spring,0
ITM010,Bananas,Produce,HH013,2026-05-22,0.37,kg,4,0,5,spring,0
ITM010,Bananas,Produce,HH013,2026-05-30,0.4,kg,5,1,5,spring,0
ITM010,Bananas,Produce,HH013,2026-06-02,0.5,kg,1,0,6,summer,0
ITM010,Bananas,Produce,HH013,2026-06-06,1.04,kg,5,1,6,summer,1
ITM010,Bananas,Produce,HH013,2026-06-07,0.58,kg,6,1,6,summer,0
ITM010,Bananas,Produce,HH013,2026-06-08,0.44,kg,0,0,6,summer,0
ITM010,Bananas,Produce,HH013,2026-06-10,0.46,kg,2,0,6,summer,0
ITM010,Bananas,Produce,HH013,2026-06-16,0.44,kg,1,0,6,summer,0
ITM010,Bananas,Produce,HH013,2026-06-18,0.49,kg,3,0,6,summer,0
ITM010,Bananas,Produce,HH013,2026-06-20,0.73,kg,5,1,6,summer,0
ITM010,Bananas,Produce,HH013,2026-06-27,0.65,kg,5,1,6,summer,0
ITM010,Bananas,Produce,HH014,2026-01-05,0.51,kg,0,0,1,winter,0
ITM010,Bananas,Produce,HH014,2026-01-08,0.63,kg,3,0,1,winter,0
ITM010,Bananas,Produce,HH014,2026-01-14,0.66,kg,2,0,1,winter,0
ITM010,Bananas,Produce,HH014,2026-01-15,0.51,kg,3,0,1,winter,0
ITM010,Bananas,Produce,HH014,2026-01-24,0.78,kg,5,1,1,winter,0
ITM010,Bananas,Produce,HH014,2026-01-25,0.69,kg,6,1,1,winter,0
ITM010,Bananas,Produce,HH014,2026-01-29,0.5,kg,3,0,1,winter,0
ITM010,Bananas,Produce,HH014,2026-02-01,0.78,kg,6,1,2,winter,0
ITM010,Bananas,Produce,HH014,2026-02-06,0.44,kg,4,0,2,winter,0
ITM010,Bananas,Produce,HH014,2026-02-09,0.45,kg,0,0,2,winter,0
ITM010,Bananas,Produce,HH014,2026-02-11,0.58,kg,2,0,2,winter,0
ITM010,Bananas,Produce,HH014,2026-02-12,0.42,kg,3,0,2,winter,0
ITM010,Bananas,Produce,HH014,2026-02-19,0.59,kg,3,0,2,winter,0
ITM010,Bananas,Produce,HH014,2026-02-21,0.48,kg,5,1,2,winter,0
ITM010,Bananas,Produce,HH014,2026-02-25,0.47,kg,2,0,2,winter,0
ITM010,Bananas,Produce,HH014,2026-02-26,0.49,kg,3,0,2,winter,0
ITM010,Bananas,Produce,HH014,2026-03-03,0.52,kg,1,0,3,spring,0
ITM010,Bananas,Produce,HH014,2026-03-10,0.64,kg,1,0,3,spring,0
ITM010,Bananas,Produce,HH014,2026-03-11,0.49,kg,2,0,3,spring,0
ITM010,Bananas,Produce,HH014,2026-03-15,0.49,kg,6,1,3,spring,0
ITM010,Bananas,Produce,HH014,2026-03-17,0.46,kg,1,0,3,spring,0
ITM010,Bananas,Produce,HH014,2026-03-18,0.43,kg,2,0,3,spring,0
ITM010,Bananas,Produce,HH014,2026-03-19,0.66,kg,3,0,3,spring,0
ITM010,Bananas,Produce,HH014,2026-03-22,0.75,kg,6,1,3,spring,0
ITM010,Bananas,Produce,HH014,2026-03-25,0.46,kg,2,0,3,spring,0
ITM010,Bananas,Produce,HH014,2026-03-27,0.46,kg,4,0,3,spring,0
ITM010,Bananas,Produce,HH014,2026-03-30,0.4,kg,0,0,3,spring,0
ITM010,Bananas,Produce,HH014,2026-04-02,0.48,kg,3,0,4,spring,0
ITM010,Bananas,Produce,HH014,2026-04-03,0.42,kg,4,0,4,spring,0
ITM010,Bananas,Produce,HH014,2026-04-08,0.48,kg,2,0,4,spring,0
ITM010,Bananas,Produce,HH014,2026-04-13,0.59,kg,0,0,4,spring,0
ITM010,Bananas,Produce,HH014,2026-04-17,0.54,kg,4,0,4,spring,0
ITM010,Bananas,Produce,HH014,2026-04-19,0.82,kg,6,1,4,spring,0
ITM010,Bananas,Produce,HH014,2026-04-20,0.51,kg,0,0,4,spring,0
ITM010,Bananas,Produce,HH014,2026-04-21,0.64,kg,1,0,4,spring,0
ITM010,Bananas,Produce,HH014,2026-04-22,0.44,kg,2,0,4,spring,0
ITM010,Bananas,Produce,HH014,2026-04-27,0.47,kg,0,0,4,spring,0
ITM010,Bananas,Produce,HH014,2026-04-29,0.47,kg,2,0,4,spring,0
ITM010,Bananas,Produce,HH014,2026-05-06,0.55,kg,2,0,5,spring,0
ITM010,Bananas,Produce,HH014,2026-05-09,0.97,kg,5,1,5,spring,0
ITM010,Bananas,Produce,HH014,2026-05-11,0.47,kg,0,0,5,spring,0
ITM010,Bananas,Produce,HH014,2026-05-26,0.64,kg,1,0,5,spring,0
ITM010,Bananas,Produce,HH014,2026-06-07,0.66,kg,6,1,6,summer,0
ITM010,Bananas,Produce,HH014,2026-06-09,0.58,kg,1,0,6,summer,0
ITM010,Bananas,Produce,HH014,2026-06-10,0.4,kg,2,0,6,summer,0
ITM010,Bananas,Produce,HH014,2026-06-15,0.51,kg,0,0,6,summer,0
ITM010,Bananas,Produce,HH014,2026-06-16,0.53,kg,1,0,6,summer,0
ITM010,Bananas,Produce,HH014,2026-06-20,0.61,kg,5,1,6,summer,0
ITM010,Bananas,Produce,HH014,2026-06-24,0.59,kg,2,0,6,summer,0
ITM010,Bananas,Produce,HH014,2026-06-26,0.63,kg,4,0,6,summer,0
ITM010,Bananas,Produce,HH014,2026-06-28,0.58,kg,6,1,6,summer,0
ITM010,Bananas,Produce,HH015,2026-01-02,0.24,kg,4,0,1,winter,0
ITM010,Bananas,Produce,HH015,2026-01-04,0.57,kg,6,1,1,winter,0
ITM010,Bananas,Produce,HH015,2026-01-06,0.2,kg,1,0,1,winter,0
ITM010,Bananas,Produce,HH015,2026-01-07,0.28,kg,2,0,1,winter,0
ITM010,Bananas,Produce,HH015,2026-01-09,0.26,kg,4,0,1,winter,0
ITM010,Bananas,Produce,HH015,2026-01-16,0.27,kg,4,0,1,winter,0
ITM010,Bananas,Produce,HH015,2026-01-20,0.25,kg,1,0,1,winter,0
ITM010,Bananas,Produce,HH015,2026-01-22,0.2,kg,3,0,1,winter,0
ITM010,Bananas,Produce,HH015,2026-01-25,0.32,kg,6,1,1,winter,0
ITM010,Bananas,Produce,HH015,2026-02-01,0.36,kg,6,1,2,winter,0
ITM010,Bananas,Produce,HH015,2026-02-02,0.28,kg,0,0,2,winter,0
ITM010,Bananas,Produce,HH015,2026-02-10,0.15,kg,1,0,2,winter,0
ITM010,Bananas,Produce,HH015,2026-02-14,0.42,kg,5,1,2,winter,0
ITM010,Bananas,Produce,HH015,2026-02-15,0.38,kg,6,1,2,winter,0
ITM010,Bananas,Produce,HH015,2026-02-17,0.35,kg,1,0,2,winter,0
ITM010,Bananas,Produce,HH015,2026-02-26,0.25,kg,3,0,2,winter,0
ITM010,Bananas,Produce,HH015,2026-03-04,0.29,kg,2,0,3,spring,0
ITM010,Bananas,Produce,HH015,2026-03-06,0.27,kg,4,0,3,spring,0
ITM010,Bananas,Produce,HH015,2026-03-08,0.59,kg,6,1,3,spring,1
ITM010,Bananas,Produce,HH015,2026-03-12,0.28,kg,3,0,3,spring,0
ITM010,Bananas,Produce,HH015,2026-03-16,0.27,kg,0,0,3,spring,0
ITM010,Bananas,Produce,HH015,2026-03-18,0.29,kg,2,0,3,spring,0
ITM010,Bananas,Produce,HH015,2026-03-19,0.36,kg,3,0,3,spring,0
ITM010,Bananas,Produce,HH015,2026-03-26,0.37,kg,3,0,3,spring,0
ITM010,Bananas,Produce,HH015,2026-03-27,0.25,kg,4,0,3,spring,0
ITM010,Bananas,Produce,HH015,2026-03-29,0.42,kg,6,1,3,spring,0
ITM010,Bananas,Produce,HH015,2026-03-30,0.31,kg,0,0,3,spring,0
ITM010,Bananas,Produce,HH015,2026-04-03,0.36,kg,4,0,4,spring,0
ITM010,Bananas,Produce,HH015,2026-04-07,0.25,kg,1,0,4,spring,0
ITM010,Bananas,Produce,HH015,2026-04-08,0.22,kg,2,0,4,spring,0
ITM010,Bananas,Produce,HH015,2026-04-14,0.35,kg,1,0,4,spring,1
ITM010,Bananas,Produce,HH015,2026-04-16,0.34,kg,3,0,4,spring,0
ITM010,Bananas,Produce,HH015,2026-04-17,0.23,kg,4,0,4,spring,0
ITM010,Bananas,Produce,HH015,2026-04-20,0.32,kg,0,0,4,spring,0
ITM010,Bananas,Produce,HH015,2026-04-21,0.23,kg,1,0,4,spring,0
ITM010,Bananas,Produce,HH015,2026-04-23,0.3,kg,3,0,4,spring,0
ITM010,Bananas,Produce,HH015,2026-04-26,0.47,kg,6,1,4,spring,0
ITM010,Bananas,Produce,HH015,2026-04-28,0.27,kg,1,0,4,spring,0
ITM010,Bananas,Produce,HH015,2026-04-29,0.31,kg,2,0,4,spring,0
ITM010,Bananas,Produce,HH015,2026-05-01,0.58,kg,4,0,5,spring,1
ITM010,Bananas,Produce,HH015,2026-05-15,0.34,kg,4,0,5,spring,0
ITM010,Bananas,Produce,HH015,2026-05-18,0.25,kg,0,0,5,spring,0
ITM010,Bananas,Produce,HH015,2026-05-19,0.27,kg,1,0,5,spring,0
ITM010,Bananas,Produce,HH015,2026-05-20,0.23,kg,2,0,5,spring,0
ITM010,Bananas,Produce,HH015,2026-05-29,0.22,kg,4,0,5,spring,0
ITM010,Bananas,Produce,HH015,2026-06-03,0.29,kg,2,0,6,summer,0
ITM010,Bananas,Produce,HH015,2026-06-06,0.53,kg,5,1,6,summer,1
ITM010,Bananas,Produce,HH015,2026-06-14,0.41,kg,6,1,6,summer,0
ITM010,Bananas,Produce,HH015,2026-06-16,0.29,kg,1,0,6,summer,0
ITM010,Bananas,Produce,HH015,2026-06-18,0.26,kg,3,0,6,summer,0
ITM010,Bananas,Produce,HH015,2026-06-24,0.25,kg,2,0,6,summer,0
ITM010,Bananas,Produce,HH015,2026-06-26,0.33,kg,4,0,6,summer,0
ITM010,Bananas,Produce,HH015,2026-06-28,0.37,kg,6,1,6,summer,0
ITM010,Bananas,Produce,HH016,2026-01-04,0.32,kg,6,1,1,winter,0
ITM010,Bananas,Produce,HH016,2026-01-11,0.52,kg,6,1,1,winter,0
ITM010,Bananas,Produce,HH016,2026-01-12,0.34,kg,0,0,1,winter,0
ITM010,Bananas,Produce,HH016,2026-01-19,0.28,kg,0,0,1,winter,0
ITM010,Bananas,Produce,HH016,2026-01-20,0.34,kg,1,0,1,winter,0
ITM010,Bananas,Produce,HH016,2026-01-21,0.31,kg,2,0,1,winter,0
ITM010,Bananas,Produce,HH016,2026-01-25,0.54,kg,6,1,1,winter,0
ITM010,Bananas,Produce,HH016,2026-01-27,0.3,kg,1,0,1,winter,0
ITM010,Bananas,Produce,HH016,2026-01-28,0.36,kg,2,0,1,winter,0
ITM010,Bananas,Produce,HH016,2026-02-02,0.3,kg,0,0,2,winter,0
ITM010,Bananas,Produce,HH016,2026-02-11,0.3,kg,2,0,2,winter,0
ITM010,Bananas,Produce,HH016,2026-02-15,0.51,kg,6,1,2,winter,0
ITM010,Bananas,Produce,HH016,2026-02-18,0.39,kg,2,0,2,winter,0
ITM010,Bananas,Produce,HH016,2026-02-21,0.58,kg,5,1,2,winter,0
ITM010,Bananas,Produce,HH016,2026-02-22,0.42,kg,6,1,2,winter,0
ITM010,Bananas,Produce,HH016,2026-02-25,0.43,kg,2,0,2,winter,0
ITM010,Bananas,Produce,HH016,2026-03-03,0.32,kg,1,0,3,spring,0
ITM010,Bananas,Produce,HH016,2026-03-05,0.34,kg,3,0,3,spring,0
ITM010,Bananas,Produce,HH016,2026-03-07,0.55,kg,5,1,3,spring,0
ITM010,Bananas,Produce,HH016,2026-03-08,0.75,kg,6,1,3,spring,1
ITM010,Bananas,Produce,HH016,2026-03-09,0.41,kg,0,0,3,spring,0
ITM010,Bananas,Produce,HH016,2026-03-11,0.4,kg,2,0,3,spring,0
ITM010,Bananas,Produce,HH016,2026-03-14,0.56,kg,5,1,3,spring,0
ITM010,Bananas,Produce,HH016,2026-03-23,0.42,kg,0,0,3,spring,0
ITM010,Bananas,Produce,HH016,2026-04-04,0.47,kg,5,1,4,spring,0
ITM010,Bananas,Produce,HH016,2026-04-08,0.34,kg,2,0,4,spring,0
ITM010,Bananas,Produce,HH016,2026-04-09,0.31,kg,3,0,4,spring,0
ITM010,Bananas,Produce,HH016,2026-04-10,0.31,kg,4,0,4,spring,0
ITM010,Bananas,Produce,HH016,2026-04-13,0.33,kg,0,0,4,spring,0
ITM010,Bananas,Produce,HH016,2026-04-14,0.56,kg,1,0,4,spring,1
ITM010,Bananas,Produce,HH016,2026-04-19,0.59,kg,6,1,4,spring,0
ITM010,Bananas,Produce,HH016,2026-04-23,0.29,kg,3,0,4,spring,0
ITM010,Bananas,Produce,HH016,2026-04-26,0.67,kg,6,1,4,spring,0
ITM010,Bananas,Produce,HH016,2026-04-30,0.36,kg,3,0,4,spring,0
ITM010,Bananas,Produce,HH016,2026-05-02,0.53,kg,5,1,5,spring,0
ITM010,Bananas,Produce,HH016,2026-05-03,0.51,kg,6,1,5,spring,0
ITM010,Bananas,Produce,HH016,2026-05-13,0.4,kg,2,0,5,spring,0
ITM010,Bananas,Produce,HH016,2026-05-14,0.41,kg,3,0,5,spring,0
ITM010,Bananas,Produce,HH016,2026-05-15,0.34,kg,4,0,5,spring,0
ITM010,Bananas,Produce,HH016,2026-05-19,0.38,kg,1,0,5,spring,0
ITM010,Bananas,Produce,HH016,2026-05-20,0.31,kg,2,0,5,spring,0
ITM010,Bananas,Produce,HH016,2026-05-21,0.32,kg,3,0,5,spring,0
ITM010,Bananas,Produce,HH016,2026-05-22,0.37,kg,4,0,5,spring,0
ITM010,Bananas,Produce,HH016,2026-05-23,0.37,kg,5,1,5,spring,0
ITM010,Bananas,Produce,HH016,2026-05-24,0.42,kg,6,1,5,spring,0
ITM010,Bananas,Produce,HH016,2026-05-25,0.39,kg,0,0,5,spring,0
ITM010,Bananas,Produce,HH016,2026-06-01,0.37,kg,0,0,6,summer,0
ITM010,Bananas,Produce,HH016,2026-06-03,0.32,kg,2,0,6,summer,0
ITM010,Bananas,Produce,HH016,2026-06-04,0.31,kg,3,0,6,summer,0
ITM010,Bananas,Produce,HH016,2026-06-05,0.24,kg,4,0,6,summer,0
ITM010,Bananas,Produce,HH016,2026-06-10,0.34,kg,2,0,6,summer,0
ITM010,Bananas,Produce,HH016,2026-06-11,0.34,kg,3,0,6,summer,0
ITM010,Bananas,Produce,HH016,2026-06-13,0.57,kg,5,1,6,summer,0
ITM010,Bananas,Produce,HH016,2026-06-14,0.48,kg,6,1,6,summer,0
ITM010,Bananas,Produce,HH016,2026-06-15,0.37,kg,0,0,6,summer,0
ITM010,Bananas,Produce,HH016,2026-06-16,0.34,kg,1,0,6,summer,0
ITM010,Bananas,Produce,HH016,2026-06-18,0.29,kg,3,0,6,summer,0
ITM010,Bananas,Produce,HH016,2026-06-21,0.42,kg,6,1,6,summer,0
ITM010,Bananas,Produce,HH016,2026-06-24,0.32,kg,2,0,6,summer,0
ITM010,Bananas,Produce,HH016,2026-06-27,0.32,kg,5,1,6,summer,0
ITM010,Bananas,Produce,HH017,2026-01-01,0.54,kg,3,0,1,winter,1
ITM010,Bananas,Produce,HH017,2026-01-03,0.43,kg,5,1,1,winter,0
ITM010,Bananas,Produce,HH017,2026-01-06,0.35,kg,1,0,1,winter,0
ITM010,Bananas,Produce,HH017,2026-01-07,0.39,kg,2,0,1,winter,0
ITM010,Bananas,Produce,HH017,2026-01-16,0.29,kg,4,0,1,winter,0
ITM010,Bananas,Produce,HH017,2026-01-18,0.62,kg,6,1,1,winter,0
ITM010,Bananas,Produce,HH017,2026-01-19,0.6,kg,0,0,1,winter,0
ITM010,Bananas,Produce,HH017,2026-01-22,0.28,kg,3,0,1,winter,0
ITM010,Bananas,Produce,HH017,2026-01-24,0.62,kg,5,1,1,winter,0
ITM010,Bananas,Produce,HH017,2026-01-26,0.76,kg,0,0,1,winter,1
ITM010,Bananas,Produce,HH017,2026-01-29,0.49,kg,3,0,1,winter,0
ITM010,Bananas,Produce,HH017,2026-02-03,0.37,kg,1,0,2,winter,0
ITM010,Bananas,Produce,HH017,2026-02-06,0.43,kg,4,0,2,winter,0
ITM010,Bananas,Produce,HH017,2026-02-11,0.41,kg,2,0,2,winter,0
ITM010,Bananas,Produce,HH017,2026-02-12,0.28,kg,3,0,2,winter,0
ITM010,Bananas,Produce,HH017,2026-02-13,0.47,kg,4,0,2,winter,0
ITM010,Bananas,Produce,HH017,2026-03-09,0.42,kg,0,0,3,spring,0
ITM010,Bananas,Produce,HH017,2026-03-15,0.47,kg,6,1,3,spring,0
ITM010,Bananas,Produce,HH017,2026-03-16,0.37,kg,0,0,3,spring,0
ITM010,Bananas,Produce,HH017,2026-03-22,0.39,kg,6,1,3,spring,0
ITM010,Bananas,Produce,HH017,2026-03-28,0.81,kg,5,1,3,spring,0
ITM010,Bananas,Produce,HH017,2026-03-30,0.42,kg,0,0,3,spring,0
ITM010,Bananas,Produce,HH017,2026-03-31,0.41,kg,1,0,3,spring,0
ITM010,Bananas,Produce,HH017,2026-04-03,0.48,kg,4,0,4,spring,0
ITM010,Bananas,Produce,HH017,2026-04-04,0.55,kg,5,1,4,spring,0
ITM010,Bananas,Produce,HH017,2026-04-11,0.52,kg,5,1,4,spring,0
ITM010,Bananas,Produce,HH017,2026-04-15,0.39,kg,2,0,4,spring,0
ITM010,Bananas,Produce,HH017,2026-04-20,0.29,kg,0,0,4,spring,0
ITM010,Bananas,Produce,HH017,2026-04-21,0.39,kg,1,0,4,spring,0
ITM010,Bananas,Produce,HH017,2026-04-23,0.39,kg,3,0,4,spring,0
ITM010,Bananas,Produce,HH017,2026-04-24,0.44,kg,4,0,4,spring,0
ITM010,Bananas,Produce,HH017,2026-04-28,0.42,kg,1,0,4,spring,0
ITM010,Bananas,Produce,HH017,2026-05-02,0.72,kg,5,1,5,spring,0
ITM010,Bananas,Produce,HH017,2026-05-03,0.62,kg,6,1,5,spring,0
ITM010,Bananas,Produce,HH017,2026-05-17,0.4,kg,6,1,5,spring,0
ITM010,Bananas,Produce,HH017,2026-05-21,0.38,kg,3,0,5,spring,0
ITM010,Bananas,Produce,HH017,2026-06-08,0.37,kg,0,0,6,summer,0
ITM010,Bananas,Produce,HH017,2026-06-17,0.43,kg,2,0,6,summer,0
ITM010,Bananas,Produce,HH017,2026-06-21,0.59,kg,6,1,6,summer,0
ITM010,Bananas,Produce,HH017,2026-06-26,0.48,kg,4,0,6,summer,0
ITM010,Bananas,Produce,HH018,2026-01-05,0.38,kg,0,0,1,winter,0
ITM010,Bananas,Produce,HH018,2026-01-06,0.56,kg,1,0,1,winter,0
ITM010,Bananas,Produce,HH018,2026-01-10,0.71,kg,5,1,1,winter,0
ITM010,Bananas,Produce,HH018,2026-01-13,0.36,kg,1,0,1,winter,0
ITM010,Bananas,Produce,HH018,2026-01-14,0.38,kg,2,0,1,winter,0
ITM010,Bananas,Produce,HH018,2026-01-17,0.65,kg,5,1,1,winter,0
ITM010,Bananas,Produce,HH018,2026-01-26,0.46,kg,0,0,1,winter,1
ITM010,Bananas,Produce,HH018,2026-01-28,0.46,kg,2,0,1,winter,0
ITM010,Bananas,Produce,HH018,2026-01-31,0.51,kg,5,1,1,winter,0
ITM010,Bananas,Produce,HH018,2026-02-06,0.48,kg,4,0,2,winter,0
ITM010,Bananas,Produce,HH018,2026-02-11,0.44,kg,2,0,2,winter,0
ITM010,Bananas,Produce,HH018,2026-02-16,0.42,kg,0,0,2,winter,0
ITM010,Bananas,Produce,HH018,2026-02-22,0.59,kg,6,1,2,winter,0
ITM010,Bananas,Produce,HH018,2026-02-23,0.43,kg,0,0,2,winter,0
ITM010,Bananas,Produce,HH018,2026-02-28,0.6,kg,5,1,2,winter,0
ITM010,Bananas,Produce,HH018,2026-03-05,0.48,kg,3,0,3,spring,0
ITM010,Bananas,Produce,HH018,2026-03-11,0.44,kg,2,0,3,spring,0
ITM010,Bananas,Produce,HH018,2026-03-18,0.52,kg,2,0,3,spring,0
ITM010,Bananas,Produce,HH018,2026-03-19,0.41,kg,3,0,3,spring,0
ITM010,Bananas,Produce,HH018,2026-03-21,0.61,kg,5,1,3,spring,0
ITM010,Bananas,Produce,HH018,2026-03-22,0.57,kg,6,1,3,spring,0
ITM010,Bananas,Produce,HH018,2026-03-24,0.5,kg,1,0,3,spring,0
ITM010,Bananas,Produce,HH018,2026-03-28,0.72,kg,5,1,3,spring,0
ITM010,Bananas,Produce,HH018,2026-03-30,0.56,kg,0,0,3,spring,0
ITM010,Bananas,Produce,HH018,2026-04-04,0.62,kg,5,1,4,spring,0
ITM010,Bananas,Produce,HH018,2026-04-09,0.49,kg,3,0,4,spring,0
ITM010,Bananas,Produce,HH018,2026-04-11,0.4,kg,5,1,4,spring,0
ITM010,Bananas,Produce,HH018,2026-04-18,0.6,kg,5,1,4,spring,0
ITM010,Bananas,Produce,HH018,2026-05-04,0.48,kg,0,0,5,spring,0
ITM010,Bananas,Produce,HH018,2026-05-06,0.52,kg,2,0,5,spring,0
ITM010,Bananas,Produce,HH018,2026-05-08,0.35,kg,4,0,5,spring,0
ITM010,Bananas,Produce,HH018,2026-05-21,0.51,kg,3,0,5,spring,0
ITM010,Bananas,Produce,HH018,2026-05-25,0.49,kg,0,0,5,spring,0
ITM010,Bananas,Produce,HH018,2026-05-26,0.4,kg,1,0,5,spring,0
ITM010,Bananas,Produce,HH018,2026-05-27,0.4,kg,2,0,5,spring,0
ITM010,Bananas,Produce,HH018,2026-06-03,0.39,kg,2,0,6,summer,0
ITM010,Bananas,Produce,HH018,2026-06-04,0.47,kg,3,0,6,summer,0
ITM010,Bananas,Produce,HH018,2026-06-05,0.5,kg,4,0,6,summer,0
ITM010,Bananas,Produce,HH018,2026-06-10,0.59,kg,2,0,6,summer,0
ITM010,Bananas,Produce,HH018,2026-06-12,0.3,kg,4,0,6,summer,0
ITM010,Bananas,Produce,HH018,2026-06-14,0.77,kg,6,1,6,summer,0
ITM010,Bananas,Produce,HH018,2026-06-19,0.51,kg,4,0,6,summer,0
ITM010,Bananas,Produce,HH018,2026-06-23,0.5,kg,1,0,6,summer,0
ITM010,Bananas,Produce,HH018,2026-06-27,0.87,kg,5,1,6,summer,0
ITM010,Bananas,Produce,HH019,2026-01-01,0.69,kg,3,0,1,winter,1
ITM010,Bananas,Produce,HH019,2026-01-04,0.61,kg,6,1,1,winter,0
ITM010,Bananas,Produce,HH019,2026-01-08,0.41,kg,3,0,1,winter,0
ITM010,Bananas,Produce,HH019,2026-01-10,0.65,kg,5,1,1,winter,0
ITM010,Bananas,Produce,HH019,2026-01-14,0.47,kg,2,0,1,winter,0
ITM010,Bananas,Produce,HH019,2026-01-18,0.65,kg,6,1,1,winter,0
ITM010,Bananas,Produce,HH019,2026-01-26,1.01,kg,0,0,1,winter,1
ITM010,Bananas,Produce,HH019,2026-01-27,0.54,kg,1,0,1,winter,0
ITM010,Bananas,Produce,HH019,2026-01-29,0.45,kg,3,0,1,winter,0
ITM010,Bananas,Produce,HH019,2026-01-30,0.53,kg,4,0,1,winter,0
ITM010,Bananas,Produce,HH019,2026-01-31,0.68,kg,5,1,1,winter,0
ITM010,Bananas,Produce,HH019,2026-02-04,0.56,kg,2,0,2,winter,0
ITM010,Bananas,Produce,HH019,2026-02-05,0.63,kg,3,0,2,winter,0
ITM010,Bananas,Produce,HH019,2026-02-08,0.8,kg,6,1,2,winter,0
ITM010,Bananas,Produce,HH019,2026-02-09,0.59,kg,0,0,2,winter,0
ITM010,Bananas,Produce,HH019,2026-02-10,0.56,kg,1,0,2,winter,0
ITM010,Bananas,Produce,HH019,2026-02-13,0.57,kg,4,0,2,winter,0
ITM010,Bananas,Produce,HH019,2026-02-15,0.61,kg,6,1,2,winter,0
ITM010,Bananas,Produce,HH019,2026-02-16,0.59,kg,0,0,2,winter,0
ITM010,Bananas,Produce,HH019,2026-02-18,0.44,kg,2,0,2,winter,0
ITM010,Bananas,Produce,HH019,2026-02-25,0.62,kg,2,0,2,winter,0
ITM010,Bananas,Produce,HH019,2026-03-01,0.7,kg,6,1,3,spring,0
ITM010,Bananas,Produce,HH019,2026-03-05,0.63,kg,3,0,3,spring,0
ITM010,Bananas,Produce,HH019,2026-03-07,0.72,kg,5,1,3,spring,0
ITM010,Bananas,Produce,HH019,2026-03-09,0.42,kg,0,0,3,spring,0
ITM010,Bananas,Produce,HH019,2026-03-22,0.68,kg,6,1,3,spring,0
ITM010,Bananas,Produce,HH019,2026-03-27,0.53,kg,4,0,3,spring,0
ITM010,Bananas,Produce,HH019,2026-03-31,0.58,kg,1,0,3,spring,0
ITM010,Bananas,Produce,HH019,2026-04-02,0.5,kg,3,0,4,spring,0
ITM010,Bananas,Produce,HH019,2026-04-03,0.51,kg,4,0,4,spring,0
ITM010,Bananas,Produce,HH019,2026-04-04,0.81,kg,5,1,4,spring,0
ITM010,Bananas,Produce,HH019,2026-04-05,0.9,kg,6,1,4,spring,0
ITM010,Bananas,Produce,HH019,2026-04-10,0.39,kg,4,0,4,spring,0
ITM010,Bananas,Produce,HH019,2026-04-17,0.37,kg,4,0,4,spring,0
ITM010,Bananas,Produce,HH019,2026-04-22,0.56,kg,2,0,4,spring,0
ITM010,Bananas,Produce,HH019,2026-04-23,0.61,kg,3,0,4,spring,0
ITM010,Bananas,Produce,HH019,2026-05-03,0.53,kg,6,1,5,spring,0
ITM010,Bananas,Produce,HH019,2026-05-04,0.45,kg,0,0,5,spring,0
ITM010,Bananas,Produce,HH019,2026-05-13,0.45,kg,2,0,5,spring,0
ITM010,Bananas,Produce,HH019,2026-05-19,0.52,kg,1,0,5,spring,0
ITM010,Bananas,Produce,HH019,2026-05-21,0.6,kg,3,0,5,spring,0
ITM010,Bananas,Produce,HH019,2026-05-22,0.5,kg,4,0,5,spring,0
ITM010,Bananas,Produce,HH019,2026-05-25,0.59,kg,0,0,5,spring,0
ITM010,Bananas,Produce,HH019,2026-05-26,0.49,kg,1,0,5,spring,0
ITM010,Bananas,Produce,HH019,2026-05-28,0.61,kg,3,0,5,spring,0
ITM010,Bananas,Produce,HH019,2026-06-02,0.39,kg,1,0,6,summer,0
ITM010,Bananas,Produce,HH019,2026-06-03,0.46,kg,2,0,6,summer,0
ITM010,Bananas,Produce,HH019,2026-06-10,0.56,kg,2,0,6,summer,0
ITM010,Bananas,Produce,HH019,2026-06-20,0.94,kg,5,1,6,summer,0
ITM010,Bananas,Produce,HH019,2026-06-26,0.61,kg,4,0,6,summer,0
ITM010,Bananas,Produce,HH019,2026-06-27,0.8,kg,5,1,6,summer,0
ITM010,Bananas,Produce,HH020,2026-01-02,0.25,kg,4,0,1,winter,0
ITM010,Bananas,Produce,HH020,2026-01-06,0.29,kg,1,0,1,winter,0
ITM010,Bananas,Produce,HH020,2026-01-07,0.22,kg,2,0,1,winter,0
ITM010,Bananas,Produce,HH020,2026-01-19,0.3,kg,0,0,1,winter,0
ITM010,Bananas,Produce,HH020,2026-01-20,0.28,kg,1,0,1,winter,0
ITM010,Bananas,Produce,HH020,2026-02-02,0.24,kg,0,0,2,winter,0
ITM010,Bananas,Produce,HH020,2026-02-04,0.26,kg,2,0,2,winter,0
ITM010,Bananas,Produce,HH020,2026-02-05,0.31,kg,3,0,2,winter,0
ITM010,Bananas,Produce,HH020,2026-02-06,0.23,kg,4,0,2,winter,0
ITM010,Bananas,Produce,HH020,2026-02-08,0.31,kg,6,1,2,winter,0
ITM010,Bananas,Produce,HH020,2026-02-10,0.22,kg,1,0,2,winter,0
ITM010,Bananas,Produce,HH020,2026-02-12,0.25,kg,3,0,2,winter,0
ITM010,Bananas,Produce,HH020,2026-02-15,0.29,kg,6,1,2,winter,0
ITM010,Bananas,Produce,HH020,2026-02-20,0.31,kg,4,0,2,winter,0
ITM010,Bananas,Produce,HH020,2026-02-21,0.28,kg,5,1,2,winter,0
ITM010,Bananas,Produce,HH020,2026-02-23,0.35,kg,0,0,2,winter,0
ITM010,Bananas,Produce,HH020,2026-02-27,0.27,kg,4,0,2,winter,0
ITM010,Bananas,Produce,HH020,2026-03-01,0.31,kg,6,1,3,spring,0
ITM010,Bananas,Produce,HH020,2026-03-05,0.24,kg,3,0,3,spring,0
ITM010,Bananas,Produce,HH020,2026-03-15,0.35,kg,6,1,3,spring,0
ITM010,Bananas,Produce,HH020,2026-03-16,0.26,kg,0,0,3,spring,0
ITM010,Bananas,Produce,HH020,2026-03-20,0.17,kg,4,0,3,spring,0
ITM010,Bananas,Produce,HH020,2026-03-28,0.4,kg,5,1,3,spring,0
ITM010,Bananas,Produce,HH020,2026-04-03,0.29,kg,4,0,4,spring,0
ITM010,Bananas,Produce,HH020,2026-04-04,0.43,kg,5,1,4,spring,0
ITM010,Bananas,Produce,HH020,2026-04-11,0.27,kg,5,1,4,spring,0
ITM010,Bananas,Produce,HH020,2026-04-12,0.22,kg,6,1,4,spring,0
ITM010,Bananas,Produce,HH020,2026-04-13,0.31,kg,0,0,4,spring,0
ITM010,Bananas,Produce,HH020,2026-04-14,0.43,kg,1,0,4,spring,1
ITM010,Bananas,Produce,HH020,2026-04-20,0.34,kg,0,0,4,spring,0
ITM010,Bananas,Produce,HH020,2026-04-21,0.17,kg,1,0,4,spring,0
ITM010,Bananas,Produce,HH020,2026-04-22,0.29,kg,2,0,4,spring,0
ITM010,Bananas,Produce,HH020,2026-04-25,0.36,kg,5,1,4,spring,0
ITM010,Bananas,Produce,HH020,2026-04-26,0.42,kg,6,1,4,spring,0
ITM010,Bananas,Produce,HH020,2026-04-27,0.27,kg,0,0,4,spring,0
ITM010,Bananas,Produce,HH020,2026-05-08,0.26,kg,4,0,5,spring,0
ITM010,Bananas,Produce,HH020,2026-05-09,0.4,kg,5,1,5,spring,0
ITM010,Bananas,Produce,HH020,2026-05-13,0.26,kg,2,0,5,spring,0
ITM010,Bananas,Produce,HH020,2026-05-15,0.3,kg,4,0,5,spring,0
ITM010,Bananas,Produce,HH020,2026-05-18,0.27,kg,0,0,5,spring,0
ITM010,Bananas,Produce,HH020,2026-05-25,0.3,kg,0,0,5,spring,0
ITM010,Bananas,Produce,HH020,2026-05-29,0.28,kg,4,0,5,spring,0
ITM010,Bananas,Produce,HH020,2026-06-01,0.33,kg,0,0,6,summer,0
ITM010,Bananas,Produce,HH020,2026-06-03,0.27,kg,2,0,6,summer,0
ITM010,Bananas,Produce,HH020,2026-06-04,0.22,kg,3,0,6,summer,0
ITM010,Bananas,Produce,HH020,2026-06-12,0.21,kg,4,0,6,summer,0
ITM010,Bananas,Produce,HH020,2026-06-14,0.46,kg,6,1,6,summer,0
ITM010,Bananas,Produce,HH020,2026-06-16,0.33,kg,1,0,6,summer,0
ITM010,Bananas,Produce,HH020,2026-06-17,0.31,kg,2,0,6,summer,0
ITM010,Bananas,Produce,HH020,2026-06-18,0.28,kg,3,0,6,summer,0
ITM010,Bananas,Produce,HH020,2026-06-19,0.27,kg,4,0,6,summer,0
ITM010,Bananas,Produce,HH020,2026-06-20,0.58,kg,5,1,6,summer,0
ITM010,Bananas,Produce,HH020,2026-06-22,0.27,kg,0,0,6,summer,0
ITM010,Bananas,Produce,HH020,2026-06-23,0.33,kg,1,0,6,summer,0
ITM010,Bananas,Produce,HH020,2026-06-29,0.28,kg,0,0,6,summer,0
ITM011,Cereal,Pantry,HH001,2026-01-07,0.06,boxes,2,0,1,winter,0
ITM011,Cereal,Pantry,HH001,2026-01-09,0.09,boxes,4,0,1,winter,0
ITM011,Cereal,Pantry,HH001,2026-01-11,0.11,boxes,6,1,1,winter,0
ITM011,Cereal,Pantry,HH001,2026-01-14,0.09,boxes,2,0,1,winter,0
ITM011,Cereal,Pantry,HH001,2026-01-15,0.1,boxes,3,0,1,winter,0
ITM011,Cereal,Pantry,HH001,2026-01-17,0.13,boxes,5,1,1,winter,0
ITM011,Cereal,Pantry,HH001,2026-01-19,0.1,boxes,0,0,1,winter,0
ITM011,Cereal,Pantry,HH001,2026-01-21,0.11,boxes,2,0,1,winter,0
ITM011,Cereal,Pantry,HH001,2026-01-28,0.1,boxes,2,0,1,winter,0
ITM011,Cereal,Pantry,HH001,2026-02-02,0.09,boxes,0,0,2,winter,0
ITM011,Cereal,Pantry,HH001,2026-02-03,0.08,boxes,1,0,2,winter,0
ITM011,Cereal,Pantry,HH001,2026-02-10,0.09,boxes,1,0,2,winter,0
ITM011,Cereal,Pantry,HH001,2026-02-18,0.07,boxes,2,0,2,winter,0
ITM011,Cereal,Pantry,HH001,2026-02-21,0.11,boxes,5,1,2,winter,0
ITM011,Cereal,Pantry,HH001,2026-02-22,0.12,boxes,6,1,2,winter,0
ITM011,Cereal,Pantry,HH001,2026-02-23,0.09,boxes,0,0,2,winter,0
ITM011,Cereal,Pantry,HH001,2026-03-02,0.09,boxes,0,0,3,spring,0
ITM011,Cereal,Pantry,HH001,2026-03-06,0.08,boxes,4,0,3,spring,0
ITM011,Cereal,Pantry,HH001,2026-03-15,0.12,boxes,6,1,3,spring,0
ITM011,Cereal,Pantry,HH001,2026-03-18,0.09,boxes,2,0,3,spring,0
ITM011,Cereal,Pantry,HH001,2026-03-27,0.08,boxes,4,0,3,spring,0
ITM011,Cereal,Pantry,HH001,2026-04-03,0.08,boxes,4,0,4,spring,0
ITM011,Cereal,Pantry,HH001,2026-04-06,0.08,boxes,0,0,4,spring,0
ITM011,Cereal,Pantry,HH001,2026-04-09,0.09,boxes,3,0,4,spring,0
ITM011,Cereal,Pantry,HH001,2026-04-14,0.14,boxes,1,0,4,spring,1
ITM011,Cereal,Pantry,HH001,2026-04-16,0.08,boxes,3,0,4,spring,0
ITM011,Cereal,Pantry,HH001,2026-04-17,0.08,boxes,4,0,4,spring,0
ITM011,Cereal,Pantry,HH001,2026-04-27,0.08,boxes,0,0,4,spring,0
ITM011,Cereal,Pantry,HH001,2026-05-01,0.14,boxes,4,0,5,spring,1
ITM011,Cereal,Pantry,HH001,2026-05-02,0.12,boxes,5,1,5,spring,0
ITM011,Cereal,Pantry,HH001,2026-05-04,0.09,boxes,0,0,5,spring,0
ITM011,Cereal,Pantry,HH001,2026-05-09,0.1,boxes,5,1,5,spring,0
ITM011,Cereal,Pantry,HH001,2026-05-13,0.07,boxes,2,0,5,spring,0
ITM011,Cereal,Pantry,HH001,2026-05-16,0.1,boxes,5,1,5,spring,0
ITM011,Cereal,Pantry,HH001,2026-05-17,0.11,boxes,6,1,5,spring,0
ITM011,Cereal,Pantry,HH001,2026-05-21,0.12,boxes,3,0,5,spring,0
ITM011,Cereal,Pantry,HH001,2026-05-22,0.08,boxes,4,0,5,spring,0
ITM011,Cereal,Pantry,HH001,2026-05-24,0.13,boxes,6,1,5,spring,0
ITM011,Cereal,Pantry,HH001,2026-05-28,0.09,boxes,3,0,5,spring,0
ITM011,Cereal,Pantry,HH001,2026-05-29,0.08,boxes,4,0,5,spring,0
ITM011,Cereal,Pantry,HH001,2026-06-03,0.08,boxes,2,0,6,summer,0
ITM011,Cereal,Pantry,HH001,2026-06-06,0.24,boxes,5,1,6,summer,1
ITM011,Cereal,Pantry,HH001,2026-06-09,0.08,boxes,1,0,6,summer,0
ITM011,Cereal,Pantry,HH001,2026-06-11,0.1,boxes,3,0,6,summer,0
ITM011,Cereal,Pantry,HH001,2026-06-16,0.09,boxes,1,0,6,summer,0
ITM011,Cereal,Pantry,HH001,2026-06-18,0.08,boxes,3,0,6,summer,0
ITM011,Cereal,Pantry,HH001,2026-06-20,0.12,boxes,5,1,6,summer,0
ITM011,Cereal,Pantry,HH001,2026-06-22,0.07,boxes,0,0,6,summer,0
ITM011,Cereal,Pantry,HH001,2026-06-26,0.07,boxes,4,0,6,summer,0
ITM011,Cereal,Pantry,HH002,2026-01-01,0.23,boxes,3,0,1,winter,1
ITM011,Cereal,Pantry,HH002,2026-01-05,0.11,boxes,0,0,1,winter,0
ITM011,Cereal,Pantry,HH002,2026-01-08,0.11,boxes,3,0,1,winter,0
ITM011,Cereal,Pantry,HH002,2026-01-10,0.13,boxes,5,1,1,winter,0
ITM011,Cereal,Pantry,HH002,2026-01-12,0.09,boxes,0,0,1,winter,0
ITM011,Cereal,Pantry,HH002,2026-01-20,0.11,boxes,1,0,1,winter,0
ITM011,Cereal,Pantry,HH002,2026-01-22,0.11,boxes,3,0,1,winter,0
ITM011,Cereal,Pantry,HH002,2026-01-25,0.13,boxes,6,1,1,winter,0
ITM011,Cereal,Pantry,HH002,2026-01-26,0.13,boxes,0,0,1,winter,1
ITM011,Cereal,Pantry,HH002,2026-01-27,0.09,boxes,1,0,1,winter,0
ITM011,Cereal,Pantry,HH002,2026-01-28,0.1,boxes,2,0,1,winter,0
ITM011,Cereal,Pantry,HH002,2026-01-29,0.1,boxes,3,0,1,winter,0
ITM011,Cereal,Pantry,HH002,2026-02-06,0.1,boxes,4,0,2,winter,0
ITM011,Cereal,Pantry,HH002,2026-02-15,0.17,boxes,6,1,2,winter,0
ITM011,Cereal,Pantry,HH002,2026-02-18,0.09,boxes,2,0,2,winter,0
ITM011,Cereal,Pantry,HH002,2026-02-21,0.13,boxes,5,1,2,winter,0
ITM011,Cereal,Pantry,HH002,2026-02-25,0.1,boxes,2,0,2,winter,0
ITM011,Cereal,Pantry,HH002,2026-03-02,0.11,boxes,0,0,3,spring,0
ITM011,Cereal,Pantry,HH002,2026-03-03,0.1,boxes,1,0,3,spring,0
ITM011,Cereal,Pantry,HH002,2026-03-05,0.1,boxes,3,0,3,spring,0
ITM011,Cereal,Pantry,HH002,2026-03-09,0.09,boxes,0,0,3,spring,0
ITM011,Cereal,Pantry,HH002,2026-03-10,0.11,boxes,1,0,3,spring,0
ITM011,Cereal,Pantry,HH002,2026-03-12,0.08,boxes,3,0,3,spring,0
ITM011,Cereal,Pantry,HH002,2026-03-14,0.17,boxes,5,1,3,spring,0
ITM011,Cereal,Pantry,HH002,2026-03-16,0.1,boxes,0,0,3,spring,0
ITM011,Cereal,Pantry,HH002,2026-03-18,0.09,boxes,2,0,3,spring,0
ITM011,Cereal,Pantry,HH002,2026-03-20,0.09,boxes,4,0,3,spring,0
ITM011,Cereal,Pantry,HH002,2026-03-21,0.16,boxes,5,1,3,spring,0
ITM011,Cereal,Pantry,HH002,2026-03-25,0.11,boxes,2,0,3,spring,0
ITM011,Cereal,Pantry,HH002,2026-04-02,0.09,boxes,3,0,4,spring,0
ITM011,Cereal,Pantry,HH002,2026-04-04,0.17,boxes,5,1,4,spring,0
ITM011,Cereal,Pantry,HH002,2026-04-17,0.11,boxes,4,0,4,spring,0
ITM011,Cereal,Pantry,HH002,2026-04-19,0.15,boxes,6,1,4,spring,0
ITM011,Cereal,Pantry,HH002,2026-04-22,0.1,boxes,2,0,4,spring,0
ITM011,Cereal,Pantry,HH002,2026-04-23,0.12,boxes,3,0,4,spring,0
ITM011,Cereal,Pantry,HH002,2026-04-29,0.1,boxes,2,0,4,spring,0
ITM011,Cereal,Pantry,HH002,2026-04-30,0.11,boxes,3,0,4,spring,0
ITM011,Cereal,Pantry,HH002,2026-05-14,0.12,boxes,3,0,5,spring,0
ITM011,Cereal,Pantry,HH002,2026-05-15,0.09,boxes,4,0,5,spring,0
ITM011,Cereal,Pantry,HH002,2026-05-24,0.17,boxes,6,1,5,spring,0
ITM011,Cereal,Pantry,HH002,2026-05-26,0.11,boxes,1,0,5,spring,0
ITM011,Cereal,Pantry,HH002,2026-05-31,0.12,boxes,6,1,5,spring,0
ITM011,Cereal,Pantry,HH002,2026-06-04,0.08,boxes,3,0,6,summer,0
ITM011,Cereal,Pantry,HH002,2026-06-07,0.16,boxes,6,1,6,summer,0
ITM011,Cereal,Pantry,HH002,2026-06-08,0.11,boxes,0,0,6,summer,0
ITM011,Cereal,Pantry,HH002,2026-06-09,0.11,boxes,1,0,6,summer,0
ITM011,Cereal,Pantry,HH002,2026-06-10,0.09,boxes,2,0,6,summer,0
ITM011,Cereal,Pantry,HH002,2026-06-11,0.11,boxes,3,0,6,summer,0
ITM011,Cereal,Pantry,HH002,2026-06-14,0.14,boxes,6,1,6,summer,0
ITM011,Cereal,Pantry,HH002,2026-06-24,0.08,boxes,2,0,6,summer,0
ITM011,Cereal,Pantry,HH002,2026-06-26,0.11,boxes,4,0,6,summer,0
ITM011,Cereal,Pantry,HH003,2026-01-04,0.17,boxes,6,1,1,winter,0
ITM011,Cereal,Pantry,HH003,2026-01-05,0.11,boxes,0,0,1,winter,0
ITM011,Cereal,Pantry,HH003,2026-01-07,0.09,boxes,2,0,1,winter,0
ITM011,Cereal,Pantry,HH003,2026-01-11,0.18,boxes,6,1,1,winter,0
ITM011,Cereal,Pantry,HH003,2026-01-13,0.11,boxes,1,0,1,winter,0
ITM011,Cereal,Pantry,HH003,2026-01-14,0.12,boxes,2,0,1,winter,0
ITM011,Cereal,Pantry,HH003,2026-01-18,0.21,boxes,6,1,1,winter,0
ITM011,Cereal,Pantry,HH003,2026-01-20,0.11,boxes,1,0,1,winter,0
ITM011,Cereal,Pantry,HH003,2026-01-22,0.11,boxes,3,0,1,winter,0
ITM011,Cereal,Pantry,HH003,2026-01-24,0.12,boxes,5,1,1,winter,0
ITM011,Cereal,Pantry,HH003,2026-01-29,0.14,boxes,3,0,1,winter,0
ITM011,Cereal,Pantry,HH003,2026-02-02,0.12,boxes,0,0,2,winter,0
ITM011,Cereal,Pantry,HH003,2026-02-03,0.14,boxes,1,0,2,winter,0
ITM011,Cereal,Pantry,HH003,2026-02-04,0.11,boxes,2,0,2,winter,0
ITM011,Cereal,Pantry,HH003,2026-02-06,0.13,boxes,4,0,2,winter,0
ITM011,Cereal,Pantry,HH003,2026-02-10,0.11,boxes,1,0,2,winter,0
ITM011,Cereal,Pantry,HH003,2026-02-14,0.13,boxes,5,1,2,winter,0
ITM011,Cereal,Pantry,HH003,2026-02-20,0.11,boxes,4,0,2,winter,0
ITM011,Cereal,Pantry,HH003,2026-03-02,0.08,boxes,0,0,3,spring,0
ITM011,Cereal,Pantry,HH003,2026-03-03,0.11,boxes,1,0,3,spring,0
ITM011,Cereal,Pantry,HH003,2026-03-07,0.19,boxes,5,1,3,spring,0
ITM011,Cereal,Pantry,HH003,2026-03-10,0.09,boxes,1,0,3,spring,0
ITM011,Cereal,Pantry,HH003,2026-03-12,0.11,boxes,3,0,3,spring,0
ITM011,Cereal,Pantry,HH003,2026-03-15,0.16,boxes,6,1,3,spring,0
ITM011,Cereal,Pantry,HH003,2026-03-16,0.11,boxes,0,0,3,spring,0
ITM011,Cereal,Pantry,HH003,2026-03-20,0.13,boxes,4,0,3,spring,0
ITM011,Cereal,Pantry,HH003,2026-03-22,0.16,boxes,6,1,3,spring,0
ITM011,Cereal,Pantry,HH003,2026-03-26,0.12,boxes,3,0,3,spring,0
ITM011,Cereal,Pantry,HH003,2026-03-31,0.1,boxes,1,0,3,spring,0
ITM011,Cereal,Pantry,HH003,2026-04-11,0.18,boxes,5,1,4,spring,0
ITM011,Cereal,Pantry,HH003,2026-04-18,0.18,boxes,5,1,4,spring,0
ITM011,Cereal,Pantry,HH003,2026-04-24,0.1,boxes,4,0,4,spring,0
ITM011,Cereal,Pantry,HH003,2026-04-27,0.13,boxes,0,0,4,spring,0
ITM011,Cereal,Pantry,HH003,2026-04-30,0.13,boxes,3,0,4,spring,0
ITM011,Cereal,Pantry,HH003,2026-05-05,0.09,boxes,1,0,5,spring,0
ITM011,Cereal,Pantry,HH003,2026-05-14,0.14,boxes,3,0,5,spring,0
ITM011,Cereal,Pantry,HH003,2026-05-23,0.14,boxes,5,1,5,spring,0
ITM011,Cereal,Pantry,HH003,2026-05-26,0.11,boxes,1,0,5,spring,0
ITM011,Cereal,Pantry,HH003,2026-05-31,0.18,boxes,6,1,5,spring,0
ITM011,Cereal,Pantry,HH003,2026-06-02,0.09,boxes,1,0,6,summer,0
ITM011,Cereal,Pantry,HH003,2026-06-04,0.11,boxes,3,0,6,summer,0
ITM011,Cereal,Pantry,HH003,2026-06-12,0.14,boxes,4,0,6,summer,0
ITM011,Cereal,Pantry,HH003,2026-06-16,0.08,boxes,1,0,6,summer,0
ITM011,Cereal,Pantry,HH003,2026-06-21,0.17,boxes,6,1,6,summer,0
ITM011,Cereal,Pantry,HH003,2026-06-24,0.13,boxes,2,0,6,summer,0
ITM011,Cereal,Pantry,HH003,2026-06-27,0.17,boxes,5,1,6,summer,0
ITM011,Cereal,Pantry,HH004,2026-01-01,0.22,boxes,3,0,1,winter,1
ITM011,Cereal,Pantry,HH004,2026-01-03,0.17,boxes,5,1,1,winter,0
ITM011,Cereal,Pantry,HH004,2026-01-04,0.17,boxes,6,1,1,winter,0
ITM011,Cereal,Pantry,HH004,2026-01-05,0.14,boxes,0,0,1,winter,0
ITM011,Cereal,Pantry,HH004,2026-01-13,0.17,boxes,1,0,1,winter,0
ITM011,Cereal,Pantry,HH004,2026-01-15,0.16,boxes,3,0,1,winter,0
ITM011,Cereal,Pantry,HH004,2026-01-17,0.14,boxes,5,1,1,winter,0
ITM011,Cereal,Pantry,HH004,2026-01-18,0.18,boxes,6,1,1,winter,0
ITM011,Cereal,Pantry,HH004,2026-01-21,0.14,boxes,2,0,1,winter,0
ITM011,Cereal,Pantry,HH004,2026-01-22,0.11,boxes,3,0,1,winter,0
ITM011,Cereal,Pantry,HH004,2026-02-05,0.12,boxes,3,0,2,winter,0
ITM011,Cereal,Pantry,HH004,2026-02-08,0.16,boxes,6,1,2,winter,0
ITM011,Cereal,Pantry,HH004,2026-02-18,0.11,boxes,2,0,2,winter,0
ITM011,Cereal,Pantry,HH004,2026-02-23,0.12,boxes,0,0,2,winter,0
ITM011,Cereal,Pantry,HH004,2026-02-28,0.15,boxes,5,1,2,winter,0
ITM011,Cereal,Pantry,HH004,2026-03-02,0.13,boxes,0,0,3,spring,0
ITM011,Cereal,Pantry,HH004,2026-03-03,0.15,boxes,1,0,3,spring,0
ITM011,Cereal,Pantry,HH004,2026-03-05,0.11,boxes,3,0,3,spring,0
ITM011,Cereal,Pantry,HH004,2026-03-06,0.13,boxes,4,0,3,spring,0
ITM011,Cereal,Pantry,HH004,2026-03-09,0.16,boxes,0,0,3,spring,0
ITM011,Cereal,Pantry,HH004,2026-03-17,0.11,boxes,1,0,3,spring,0
ITM011,Cereal,Pantry,HH004,2026-03-22,0.21,boxes,6,1,3,spring,0
ITM011,Cereal,Pantry,HH004,2026-03-23,0.11,boxes,0,0,3,spring,0
ITM011,Cereal,Pantry,HH004,2026-03-30,0.09,boxes,0,0,3,spring,0
ITM011,Cereal,Pantry,HH004,2026-04-07,0.14,boxes,1,0,4,spring,0
ITM011,Cereal,Pantry,HH004,2026-04-09,0.14,boxes,3,0,4,spring,0
ITM011,Cereal,Pantry,HH004,2026-04-18,0.15,boxes,5,1,4,spring,0
ITM011,Cereal,Pantry,HH004,2026-04-28,0.14,boxes,1,0,4,spring,0
ITM011,Cereal,Pantry,HH004,2026-04-30,0.14,boxes,3,0,4,spring,0
ITM011,Cereal,Pantry,HH004,2026-05-02,0.21,boxes,5,1,5,spring,0
ITM011,Cereal,Pantry,HH004,2026-05-06,0.17,boxes,2,0,5,spring,0
ITM011,Cereal,Pantry,HH004,2026-05-11,0.14,boxes,0,0,5,spring,0
ITM011,Cereal,Pantry,HH004,2026-05-23,0.2,boxes,5,1,5,spring,0
ITM011,Cereal,Pantry,HH004,2026-05-25,0.15,boxes,0,0,5,spring,0
ITM011,Cereal,Pantry,HH004,2026-05-28,0.14,boxes,3,0,5,spring,0
ITM011,Cereal,Pantry,HH004,2026-05-31,0.16,boxes,6,1,5,spring,0
ITM011,Cereal,Pantry,HH004,2026-06-01,0.11,boxes,0,0,6,summer,0
ITM011,Cereal,Pantry,HH004,2026-06-04,0.13,boxes,3,0,6,summer,0
ITM011,Cereal,Pantry,HH004,2026-06-05,0.17,boxes,4,0,6,summer,0
ITM011,Cereal,Pantry,HH004,2026-06-16,0.11,boxes,1,0,6,summer,0
ITM011,Cereal,Pantry,HH004,2026-06-22,0.13,boxes,0,0,6,summer,0
ITM011,Cereal,Pantry,HH004,2026-06-27,0.14,boxes,5,1,6,summer,0
ITM011,Cereal,Pantry,HH005,2026-01-02,0.07,boxes,4,0,1,winter,0
ITM011,Cereal,Pantry,HH005,2026-01-03,0.14,boxes,5,1,1,winter,0
ITM011,Cereal,Pantry,HH005,2026-01-06,0.07,boxes,1,0,1,winter,0
ITM011,Cereal,Pantry,HH005,2026-01-09,0.07,boxes,4,0,1,winter,0
ITM011,Cereal,Pantry,HH005,2026-01-13,0.05,boxes,1,0,1,winter,0
ITM011,Cereal,Pantry,HH005,2026-01-15,0.07,boxes,3,0,1,winter,0
ITM011,Cereal,Pantry,HH005,2026-01-17,0.1,boxes,5,1,1,winter,0
ITM011,Cereal,Pantry,HH005,2026-01-18,0.11,boxes,6,1,1,winter,0
ITM011,Cereal,Pantry,HH005,2026-01-19,0.08,boxes,0,0,1,winter,0
ITM011,Cereal,Pantry,HH005,2026-01-27,0.07,boxes,1,0,1,winter,0
ITM011,Cereal,Pantry,HH005,2026-01-28,0.05,boxes,2,0,1,winter,0
ITM011,Cereal,Pantry,HH005,2026-01-29,0.07,boxes,3,0,1,winter,0
ITM011,Cereal,Pantry,HH005,2026-02-04,0.07,boxes,2,0,2,winter,0
ITM011,Cereal,Pantry,HH005,2026-02-05,0.08,boxes,3,0,2,winter,0
ITM011,Cereal,Pantry,HH005,2026-02-07,0.12,boxes,5,1,2,winter,0
ITM011,Cereal,Pantry,HH005,2026-02-10,0.07,boxes,1,0,2,winter,0
ITM011,Cereal,Pantry,HH005,2026-02-11,0.08,boxes,2,0,2,winter,0
ITM011,Cereal,Pantry,HH005,2026-02-12,0.07,boxes,3,0,2,winter,0
ITM011,Cereal,Pantry,HH005,2026-02-15,0.1,boxes,6,1,2,winter,0
ITM011,Cereal,Pantry,HH005,2026-02-19,0.1,boxes,3,0,2,winter,0
ITM011,Cereal,Pantry,HH005,2026-02-25,0.09,boxes,2,0,2,winter,0
ITM011,Cereal,Pantry,HH005,2026-02-27,0.06,boxes,4,0,2,winter,0
ITM011,Cereal,Pantry,HH005,2026-02-28,0.08,boxes,5,1,2,winter,0
ITM011,Cereal,Pantry,HH005,2026-03-10,0.07,boxes,1,0,3,spring,0
ITM011,Cereal,Pantry,HH005,2026-03-11,0.07,boxes,2,0,3,spring,0
ITM011,Cereal,Pantry,HH005,2026-03-16,0.06,boxes,0,0,3,spring,0
ITM011,Cereal,Pantry,HH005,2026-03-18,0.05,boxes,2,0,3,spring,0
ITM011,Cereal,Pantry,HH005,2026-03-19,0.07,boxes,3,0,3,spring,0
ITM011,Cereal,Pantry,HH005,2026-03-23,0.07,boxes,0,0,3,spring,0
ITM011,Cereal,Pantry,HH005,2026-03-25,0.07,boxes,2,0,3,spring,0
ITM011,Cereal,Pantry,HH005,2026-03-26,0.04,boxes,3,0,3,spring,0
ITM011,Cereal,Pantry,HH005,2026-03-28,0.14,boxes,5,1,3,spring,0
ITM011,Cereal,Pantry,HH005,2026-03-29,0.09,boxes,6,1,3,spring,0
ITM011,Cereal,Pantry,HH005,2026-04-02,0.08,boxes,3,0,4,spring,0
ITM011,Cereal,Pantry,HH005,2026-04-09,0.07,boxes,3,0,4,spring,0
ITM011,Cereal,Pantry,HH005,2026-04-17,0.08,boxes,4,0,4,spring,0
ITM011,Cereal,Pantry,HH005,2026-04-19,0.1,boxes,6,1,4,spring,0
ITM011,Cereal,Pantry,HH005,2026-04-22,0.08,boxes,2,0,4,spring,0
ITM011,Cereal,Pantry,HH005,2026-04-24,0.07,boxes,4,0,4,spring,0
ITM011,Cereal,Pantry,HH005,2026-04-25,0.11,boxes,5,1,4,spring,0
ITM011,Cereal,Pantry,HH005,2026-04-26,0.09,boxes,6,1,4,spring,0
ITM011,Cereal,Pantry,HH005,2026-04-29,0.06,boxes,2,0,4,spring,0
ITM011,Cereal,Pantry,HH005,2026-05-09,0.12,boxes,5,1,5,spring,0
ITM011,Cereal,Pantry,HH005,2026-05-10,0.09,boxes,6,1,5,spring,0
ITM011,Cereal,Pantry,HH005,2026-05-12,0.08,boxes,1,0,5,spring,0
ITM011,Cereal,Pantry,HH005,2026-05-13,0.06,boxes,2,0,5,spring,0
ITM011,Cereal,Pantry,HH005,2026-05-14,0.08,boxes,3,0,5,spring,0
ITM011,Cereal,Pantry,HH005,2026-05-15,0.09,boxes,4,0,5,spring,0
ITM011,Cereal,Pantry,HH005,2026-05-18,0.09,boxes,0,0,5,spring,0
ITM011,Cereal,Pantry,HH005,2026-05-23,0.09,boxes,5,1,5,spring,0
ITM011,Cereal,Pantry,HH005,2026-05-25,0.08,boxes,0,0,5,spring,0
ITM011,Cereal,Pantry,HH005,2026-05-31,0.12,boxes,6,1,5,spring,0
ITM011,Cereal,Pantry,HH005,2026-06-02,0.08,boxes,1,0,6,summer,0
ITM011,Cereal,Pantry,HH005,2026-06-06,0.11,boxes,5,1,6,summer,1
ITM011,Cereal,Pantry,HH005,2026-06-21,0.12,boxes,6,1,6,summer,0
ITM011,Cereal,Pantry,HH005,2026-06-26,0.07,boxes,4,0,6,summer,0
ITM011,Cereal,Pantry,HH005,2026-06-27,0.1,boxes,5,1,6,summer,0
ITM011,Cereal,Pantry,HH005,2026-06-28,0.14,boxes,6,1,6,summer,0
ITM011,Cereal,Pantry,HH005,2026-06-29,0.07,boxes,0,0,6,summer,0
ITM011,Cereal,Pantry,HH006,2026-01-01,0.13,boxes,3,0,1,winter,1
ITM011,Cereal,Pantry,HH006,2026-01-03,0.13,boxes,5,1,1,winter,0
ITM011,Cereal,Pantry,HH006,2026-01-05,0.1,boxes,0,0,1,winter,0
ITM011,Cereal,Pantry,HH006,2026-01-11,0.12,boxes,6,1,1,winter,0
ITM011,Cereal,Pantry,HH006,2026-01-13,0.11,boxes,1,0,1,winter,0
ITM011,Cereal,Pantry,HH006,2026-01-15,0.1,boxes,3,0,1,winter,0
ITM011,Cereal,Pantry,HH006,2026-01-20,0.08,boxes,1,0,1,winter,0
ITM011,Cereal,Pantry,HH006,2026-01-23,0.06,boxes,4,0,1,winter,0
ITM011,Cereal,Pantry,HH006,2026-01-24,0.1,boxes,5,1,1,winter,0
ITM011,Cereal,Pantry,HH006,2026-01-30,0.09,boxes,4,0,1,winter,0
ITM011,Cereal,Pantry,HH006,2026-02-03,0.08,boxes,1,0,2,winter,0
ITM011,Cereal,Pantry,HH006,2026-02-04,0.1,boxes,2,0,2,winter,0
ITM011,Cereal,Pantry,HH006,2026-02-05,0.08,boxes,3,0,2,winter,0
ITM011,Cereal,Pantry,HH006,2026-02-12,0.08,boxes,3,0,2,winter,0
ITM011,Cereal,Pantry,HH006,2026-02-19,0.09,boxes,3,0,2,winter,0
ITM011,Cereal,Pantry,HH006,2026-02-22,0.12,boxes,6,1,2,winter,0
ITM011,Cereal,Pantry,HH006,2026-03-03,0.08,boxes,1,0,3,spring,0
ITM011,Cereal,Pantry,HH006,2026-03-04,0.08,boxes,2,0,3,spring,0
ITM011,Cereal,Pantry,HH006,2026-03-06,0.09,boxes,4,0,3,spring,0
ITM011,Cereal,Pantry,HH006,2026-03-08,0.22,boxes,6,1,3,spring,1
ITM011,Cereal,Pantry,HH006,2026-03-17,0.08,boxes,1,0,3,spring,0
ITM011,Cereal,Pantry,HH006,2026-03-22,0.15,boxes,6,1,3,spring,0
ITM011,Cereal,Pantry,HH006,2026-03-24,0.09,boxes,1,0,3,spring,0
ITM011,Cereal,Pantry,HH006,2026-04-01,0.09,boxes,2,0,4,spring,0
ITM011,Cereal,Pantry,HH006,2026-04-05,0.14,boxes,6,1,4,spring,0
ITM011,Cereal,Pantry,HH006,2026-04-06,0.1,boxes,0,0,4,spring,0
ITM011,Cereal,Pantry,HH006,2026-04-08,0.1,boxes,2,0,4,spring,0
ITM011,Cereal,Pantry,HH006,2026-04-09,0.09,boxes,3,0,4,spring,0
ITM011,Cereal,Pantry,HH006,2026-04-12,0.15,boxes,6,1,4,spring,0
ITM011,Cereal,Pantry,HH006,2026-04-13,0.1,boxes,0,0,4,spring,0
ITM011,Cereal,Pantry,HH006,2026-04-15,0.1,boxes,2,0,4,spring,0
ITM011,Cereal,Pantry,HH006,2026-04-16,0.09,boxes,3,0,4,spring,0
ITM011,Cereal,Pantry,HH006,2026-04-21,0.07,boxes,1,0,4,spring,0
ITM011,Cereal,Pantry,HH006,2026-04-27,0.11,boxes,0,0,4,spring,0
ITM011,Cereal,Pantry,HH006,2026-05-02,0.09,boxes,5,1,5,spring,0
ITM011,Cereal,Pantry,HH006,2026-05-04,0.1,boxes,0,0,5,spring,0
ITM011,Cereal,Pantry,HH006,2026-05-06,0.09,boxes,2,0,5,spring,0
ITM011,Cereal,Pantry,HH006,2026-05-07,0.09,boxes,3,0,5,spring,0
ITM011,Cereal,Pantry,HH006,2026-05-12,0.1,boxes,1,0,5,spring,0
ITM011,Cereal,Pantry,HH006,2026-05-13,0.08,boxes,2,0,5,spring,0
ITM011,Cereal,Pantry,HH006,2026-05-18,0.07,boxes,0,0,5,spring,0
ITM011,Cereal,Pantry,HH006,2026-05-20,0.08,boxes,2,0,5,spring,0
ITM011,Cereal,Pantry,HH006,2026-05-22,0.09,boxes,4,0,5,spring,0
ITM011,Cereal,Pantry,HH006,2026-05-28,0.1,boxes,3,0,5,spring,0
ITM011,Cereal,Pantry,HH006,2026-05-29,0.08,boxes,4,0,5,spring,0
ITM011,Cereal,Pantry,HH006,2026-05-30,0.13,boxes,5,1,5,spring,0
ITM011,Cereal,Pantry,HH006,2026-06-03,0.09,boxes,2,0,6,summer,0
ITM011,Cereal,Pantry,HH006,2026-06-04,0.08,boxes,3,0,6,summer,0
ITM011,Cereal,Pantry,HH006,2026-06-06,0.27,boxes,5,1,6,summer,1
ITM011,Cereal,Pantry,HH006,2026-06-09,0.1,boxes,1,0,6,summer,0
ITM011,Cereal,Pantry,HH006,2026-06-14,0.09,boxes,6,1,6,summer,0
ITM011,Cereal,Pantry,HH006,2026-06-17,0.07,boxes,2,0,6,summer,0
ITM011,Cereal,Pantry,HH006,2026-06-22,0.08,boxes,0,0,6,summer,0
ITM011,Cereal,Pantry,HH007,2026-01-03,0.12,boxes,5,1,1,winter,0
ITM011,Cereal,Pantry,HH007,2026-01-07,0.1,boxes,2,0,1,winter,0
ITM011,Cereal,Pantry,HH007,2026-01-11,0.15,boxes,6,1,1,winter,0
ITM011,Cereal,Pantry,HH007,2026-01-14,0.09,boxes,2,0,1,winter,0
ITM011,Cereal,Pantry,HH007,2026-01-15,0.08,boxes,3,0,1,winter,0
ITM011,Cereal,Pantry,HH007,2026-01-17,0.13,boxes,5,1,1,winter,0
ITM011,Cereal,Pantry,HH007,2026-01-19,0.11,boxes,0,0,1,winter,0
ITM011,Cereal,Pantry,HH007,2026-01-25,0.14,boxes,6,1,1,winter,0
ITM011,Cereal,Pantry,HH007,2026-02-09,0.12,boxes,0,0,2,winter,0
ITM011,Cereal,Pantry,HH007,2026-02-10,0.11,boxes,1,0,2,winter,0
ITM011,Cereal,Pantry,HH007,2026-02-11,0.09,boxes,2,0,2,winter,0
ITM011,Cereal,Pantry,HH007,2026-02-14,0.14,boxes,5,1,2,winter,0
ITM011,Cereal,Pantry,HH007,2026-02-15,0.1,boxes,6,1,2,winter,0
ITM011,Cereal,Pantry,HH007,2026-02-24,0.11,boxes,1,0,2,winter,0
ITM011,Cereal,Pantry,HH007,2026-03-04,0.12,boxes,2,0,3,spring,0
ITM011,Cereal,Pantry,HH007,2026-03-07,0.13,boxes,5,1,3,spring,0
ITM011,Cereal,Pantry,HH007,2026-03-08,0.31,boxes,6,1,3,spring,1
ITM011,Cereal,Pantry,HH007,2026-03-11,0.09,boxes,2,0,3,spring,0
ITM011,Cereal,Pantry,HH007,2026-03-13,0.08,boxes,4,0,3,spring,0
ITM011,Cereal,Pantry,HH007,2026-03-18,0.1,boxes,2,0,3,spring,0
ITM011,Cereal,Pantry,HH007,2026-03-22,0.16,boxes,6,1,3,spring,0
ITM011,Cereal,Pantry,HH007,2026-03-23,0.08,boxes,0,0,3,spring,0
ITM011,Cereal,Pantry,HH007,2026-03-29,0.16,boxes,6,1,3,spring,0
ITM011,Cereal,Pantry,HH007,2026-04-01,0.12,boxes,2,0,4,spring,0
ITM011,Cereal,Pantry,HH007,2026-04-09,0.1,boxes,3,0,4,spring,0
ITM011,Cereal,Pantry,HH007,2026-04-11,0.13,boxes,5,1,4,spring,0
ITM011,Cereal,Pantry,HH007,2026-04-12,0.14,boxes,6,1,4,spring,0
ITM011,Cereal,Pantry,HH007,2026-04-15,0.09,boxes,2,0,4,spring,0
ITM011,Cereal,Pantry,HH007,2026-04-17,0.09,boxes,4,0,4,spring,0
ITM011,Cereal,Pantry,HH007,2026-04-19,0.15,boxes,6,1,4,spring,0
ITM011,Cereal,Pantry,HH007,2026-04-23,0.11,boxes,3,0,4,spring,0
ITM011,Cereal,Pantry,HH007,2026-04-25,0.15,boxes,5,1,4,spring,0
ITM011,Cereal,Pantry,HH007,2026-04-28,0.11,boxes,1,0,4,spring,0
ITM011,Cereal,Pantry,HH007,2026-05-05,0.12,boxes,1,0,5,spring,0
ITM011,Cereal,Pantry,HH007,2026-05-06,0.09,boxes,2,0,5,spring,0
ITM011,Cereal,Pantry,HH007,2026-05-07,0.09,boxes,3,0,5,spring,0
ITM011,Cereal,Pantry,HH007,2026-05-08,0.12,boxes,4,0,5,spring,0
ITM011,Cereal,Pantry,HH007,2026-05-13,0.11,boxes,2,0,5,spring,0
ITM011,Cereal,Pantry,HH007,2026-05-17,0.15,boxes,6,1,5,spring,0
ITM011,Cereal,Pantry,HH007,2026-05-27,0.09,boxes,2,0,5,spring,0
ITM011,Cereal,Pantry,HH007,2026-06-02,0.08,boxes,1,0,6,summer,0
ITM011,Cereal,Pantry,HH007,2026-06-04,0.11,boxes,3,0,6,summer,0
ITM011,Cereal,Pantry,HH007,2026-06-08,0.09,boxes,0,0,6,summer,0
ITM011,Cereal,Pantry,HH007,2026-06-09,0.1,boxes,1,0,6,summer,0
ITM011,Cereal,Pantry,HH007,2026-06-11,0.09,boxes,3,0,6,summer,0
ITM011,Cereal,Pantry,HH007,2026-06-15,0.1,boxes,0,0,6,summer,0
ITM011,Cereal,Pantry,HH007,2026-06-19,0.1,boxes,4,0,6,summer,0
ITM011,Cereal,Pantry,HH007,2026-06-21,0.16,boxes,6,1,6,summer,0
ITM011,Cereal,Pantry,HH007,2026-06-23,0.11,boxes,1,0,6,summer,0
ITM011,Cereal,Pantry,HH007,2026-06-27,0.12,boxes,5,1,6,summer,0
ITM011,Cereal,Pantry,HH007,2026-06-28,0.16,boxes,6,1,6,summer,0
ITM011,Cereal,Pantry,HH008,2026-01-01,0.16,boxes,3,0,1,winter,1
ITM011,Cereal,Pantry,HH008,2026-01-04,0.2,boxes,6,1,1,winter,0
ITM011,Cereal,Pantry,HH008,2026-01-06,0.14,boxes,1,0,1,winter,0
ITM011,Cereal,Pantry,HH008,2026-01-08,0.1,boxes,3,0,1,winter,0
ITM011,Cereal,Pantry,HH008,2026-01-09,0.14,boxes,4,0,1,winter,0
ITM011,Cereal,Pantry,HH008,2026-01-11,0.16,boxes,6,1,1,winter,0
ITM011,Cereal,Pantry,HH008,2026-01-13,0.12,boxes,1,0,1,winter,0
ITM011,Cereal,Pantry,HH008,2026-01-14,0.09,boxes,2,0,1,winter,0
ITM011,Cereal,Pantry,HH008,2026-01-18,0.16,boxes,6,1,1,winter,0
ITM011,Cereal,Pantry,HH008,2026-01-19,0.11,boxes,0,0,1,winter,0
ITM011,Cereal,Pantry,HH008,2026-01-24,0.16,boxes,5,1,1,winter,0
ITM011,Cereal,Pantry,HH008,2026-01-26,0.23,boxes,0,0,1,winter,1
ITM011,Cereal,Pantry,HH008,2026-01-27,0.14,boxes,1,0,1,winter,0
ITM011,Cereal,Pantry,HH008,2026-01-31,0.15,boxes,5,1,1,winter,0
ITM011,Cereal,Pantry,HH008,2026-02-01,0.19,boxes,6,1,2,winter,0
ITM011,Cereal,Pantry,HH008,2026-02-02,0.12,boxes,0,0,2,winter,0
ITM011,Cereal,Pantry,HH008,2026-02-04,0.11,boxes,2,0,2,winter,0
ITM011,Cereal,Pantry,HH008,2026-02-06,0.09,boxes,4,0,2,winter,0
ITM011,Cereal,Pantry,HH008,2026-02-07,0.2,boxes,5,1,2,winter,0
ITM011,Cereal,Pantry,HH008,2026-02-08,0.14,boxes,6,1,2,winter,0
ITM011,Cereal,Pantry,HH008,2026-02-17,0.14,boxes,1,0,2,winter,0
ITM011,Cereal,Pantry,HH008,2026-02-18,0.14,boxes,2,0,2,winter,0
ITM011,Cereal,Pantry,HH008,2026-02-20,0.12,boxes,4,0,2,winter,0
ITM011,Cereal,Pantry,HH008,2026-02-22,0.19,boxes,6,1,2,winter,0
ITM011,Cereal,Pantry,HH008,2026-03-04,0.14,boxes,2,0,3,spring,0
ITM011,Cereal,Pantry,HH008,2026-03-05,0.13,boxes,3,0,3,spring,0
ITM011,Cereal,Pantry,HH008,2026-03-08,0.17,boxes,6,1,3,spring,1
ITM011,Cereal,Pantry,HH008,2026-03-10,0.12,boxes,1,0,3,spring,0
ITM011,Cereal,Pantry,HH008,2026-03-12,0.08,boxes,3,0,3,spring,0
ITM011,Cereal,Pantry,HH008,2026-03-13,0.14,boxes,4,0,3,spring,0
ITM011,Cereal,Pantry,HH008,2026-03-14,0.17,boxes,5,1,3,spring,0
ITM011,Cereal,Pantry,HH008,2026-03-16,0.11,boxes,0,0,3,spring,0
ITM011,Cereal,Pantry,HH008,2026-03-17,0.08,boxes,1,0,3,spring,0
ITM011,Cereal,Pantry,HH008,2026-03-22,0.15,boxes,6,1,3,spring,0
ITM011,Cereal,Pantry,HH008,2026-03-24,0.11,boxes,1,0,3,spring,0
ITM011,Cereal,Pantry,HH008,2026-03-26,0.11,boxes,3,0,3,spring,0
ITM011,Cereal,Pantry,HH008,2026-03-28,0.16,boxes,5,1,3,spring,0
ITM011,Cereal,Pantry,HH008,2026-03-30,0.11,boxes,0,0,3,spring,0
ITM011,Cereal,Pantry,HH008,2026-03-31,0.13,boxes,1,0,3,spring,0
ITM011,Cereal,Pantry,HH008,2026-04-01,0.12,boxes,2,0,4,spring,0
ITM011,Cereal,Pantry,HH008,2026-04-08,0.12,boxes,2,0,4,spring,0
ITM011,Cereal,Pantry,HH008,2026-04-12,0.16,boxes,6,1,4,spring,0
ITM011,Cereal,Pantry,HH008,2026-04-17,0.08,boxes,4,0,4,spring,0
ITM011,Cereal,Pantry,HH008,2026-04-20,0.11,boxes,0,0,4,spring,0
ITM011,Cereal,Pantry,HH008,2026-04-21,0.12,boxes,1,0,4,spring,0
ITM011,Cereal,Pantry,HH008,2026-04-25,0.14,boxes,5,1,4,spring,0
ITM011,Cereal,Pantry,HH008,2026-05-03,0.16,boxes,6,1,5,spring,0
ITM011,Cereal,Pantry,HH008,2026-05-04,0.14,boxes,0,0,5,spring,0
ITM011,Cereal,Pantry,HH008,2026-05-07,0.11,boxes,3,0,5,spring,0
ITM011,Cereal,Pantry,HH008,2026-05-09,0.15,boxes,5,1,5,spring,0
ITM011,Cereal,Pantry,HH008,2026-05-10,0.2,boxes,6,1,5,spring,0
ITM011,Cereal,Pantry,HH008,2026-05-11,0.12,boxes,0,0,5,spring,0
ITM011,Cereal,Pantry,HH008,2026-05-16,0.2,boxes,5,1,5,spring,0
ITM011,Cereal,Pantry,HH008,2026-05-17,0.13,boxes,6,1,5,spring,0
ITM011,Cereal,Pantry,HH008,2026-05-18,0.12,boxes,0,0,5,spring,0
ITM011,Cereal,Pantry,HH008,2026-05-19,0.12,boxes,1,0,5,spring,0
ITM011,Cereal,Pantry,HH008,2026-05-23,0.19,boxes,5,1,5,spring,0
ITM011,Cereal,Pantry,HH008,2026-05-29,0.12,boxes,4,0,5,spring,0
ITM011,Cereal,Pantry,HH008,2026-05-30,0.19,boxes,5,1,5,spring,0
ITM011,Cereal,Pantry,HH008,2026-05-31,0.12,boxes,6,1,5,spring,0
ITM011,Cereal,Pantry,HH008,2026-06-01,0.13,boxes,0,0,6,summer,0
ITM011,Cereal,Pantry,HH008,2026-06-02,0.09,boxes,1,0,6,summer,0
ITM011,Cereal,Pantry,HH008,2026-06-07,0.16,boxes,6,1,6,summer,0
ITM011,Cereal,Pantry,HH008,2026-06-15,0.1,boxes,0,0,6,summer,0
ITM011,Cereal,Pantry,HH008,2026-06-17,0.15,boxes,2,0,6,summer,0
ITM011,Cereal,Pantry,HH008,2026-06-25,0.12,boxes,3,0,6,summer,0
ITM011,Cereal,Pantry,HH008,2026-06-28,0.14,boxes,6,1,6,summer,0
ITM011,Cereal,Pantry,HH009,2026-01-01,0.18,boxes,3,0,1,winter,1
ITM011,Cereal,Pantry,HH009,2026-01-02,0.15,boxes,4,0,1,winter,0
ITM011,Cereal,Pantry,HH009,2026-01-04,0.18,boxes,6,1,1,winter,0
ITM011,Cereal,Pantry,HH009,2026-01-05,0.1,boxes,0,0,1,winter,0
ITM011,Cereal,Pantry,HH009,2026-01-15,0.13,boxes,3,0,1,winter,0
ITM011,Cereal,Pantry,HH009,2026-01-17,0.17,boxes,5,1,1,winter,0
ITM011,Cereal,Pantry,HH009,2026-01-18,0.2,boxes,6,1,1,winter,0
ITM011,Cereal,Pantry,HH009,2026-01-23,0.14,boxes,4,0,1,winter,0
ITM011,Cereal,Pantry,HH009,2026-01-31,0.17,boxes,5,1,1,winter,0
ITM011,Cereal,Pantry,HH009,2026-02-06,0.11,boxes,4,0,2,winter,0
ITM011,Cereal,Pantry,HH009,2026-02-10,0.11,boxes,1,0,2,winter,0
ITM011,Cereal,Pantry,HH009,2026-02-14,0.16,boxes,5,1,2,winter,0
ITM011,Cereal,Pantry,HH009,2026-02-20,0.17,boxes,4,0,2,winter,0
ITM011,Cereal,Pantry,HH009,2026-02-23,0.14,boxes,0,0,2,winter,0
ITM011,Cereal,Pantry,HH009,2026-02-26,0.11,boxes,3,0,2,winter,0
ITM011,Cereal,Pantry,HH009,2026-02-27,0.12,boxes,4,0,2,winter,0
ITM011,Cereal,Pantry,HH009,2026-03-06,0.14,boxes,4,0,3,spring,0
ITM011,Cereal,Pantry,HH009,2026-03-07,0.2,boxes,5,1,3,spring,0
ITM011,Cereal,Pantry,HH009,2026-03-18,0.14,boxes,2,0,3,spring,0
ITM011,Cereal,Pantry,HH009,2026-03-20,0.12,boxes,4,0,3,spring,0
ITM011,Cereal,Pantry,HH009,2026-03-22,0.17,boxes,6,1,3,spring,0
ITM011,Cereal,Pantry,HH009,2026-03-23,0.11,boxes,0,0,3,spring,0
ITM011,Cereal,Pantry,HH009,2026-03-25,0.13,boxes,2,0,3,spring,0
ITM011,Cereal,Pantry,HH009,2026-03-26,0.16,boxes,3,0,3,spring,0
ITM011,Cereal,Pantry,HH009,2026-03-27,0.15,boxes,4,0,3,spring,0
ITM011,Cereal,Pantry,HH009,2026-04-07,0.11,boxes,1,0,4,spring,0
ITM011,Cereal,Pantry,HH009,2026-04-11,0.17,boxes,5,1,4,spring,0
ITM011,Cereal,Pantry,HH009,2026-04-12,0.16,boxes,6,1,4,spring,0
ITM011,Cereal,Pantry,HH009,2026-04-13,0.12,boxes,0,0,4,spring,0
ITM011,Cereal,Pantry,HH009,2026-04-15,0.14,boxes,2,0,4,spring,0
ITM011,Cereal,Pantry,HH009,2026-04-19,0.28,boxes,6,1,4,spring,0
ITM011,Cereal,Pantry,HH009,2026-05-01,0.25,boxes,4,0,5,spring,1
ITM011,Cereal,Pantry,HH009,2026-05-04,0.13,boxes,0,0,5,spring,0
ITM011,Cereal,Pantry,HH009,2026-05-05,0.14,boxes,1,0,5,spring,0
ITM011,Cereal,Pantry,HH009,2026-05-08,0.17,boxes,4,0,5,spring,0
ITM011,Cereal,Pantry,HH009,2026-05-20,0.12,boxes,2,0,5,spring,0
ITM011,Cereal,Pantry,HH009,2026-05-21,0.13,boxes,3,0,5,spring,0
ITM011,Cereal,Pantry,HH009,2026-05-22,0.12,boxes,4,0,5,spring,0
ITM011,Cereal,Pantry,HH009,2026-05-23,0.15,boxes,5,1,5,spring,0
ITM011,Cereal,Pantry,HH009,2026-05-25,0.12,boxes,0,0,5,spring,0
ITM011,Cereal,Pantry,HH009,2026-05-31,0.15,boxes,6,1,5,spring,0
ITM011,Cereal,Pantry,HH009,2026-06-01,0.16,boxes,0,0,6,summer,0
ITM011,Cereal,Pantry,HH009,2026-06-05,0.15,boxes,4,0,6,summer,0
ITM011,Cereal,Pantry,HH009,2026-06-06,0.32,boxes,5,1,6,summer,1
ITM011,Cereal,Pantry,HH009,2026-06-10,0.12,boxes,2,0,6,summer,0
ITM011,Cereal,Pantry,HH009,2026-06-15,0.14,boxes,0,0,6,summer,0
ITM011,Cereal,Pantry,HH009,2026-06-27,0.13,boxes,5,1,6,summer,0
ITM011,Cereal,Pantry,HH010,2026-01-07,0.07,boxes,2,0,1,winter,0
ITM011,Cereal,Pantry,HH010,2026-01-10,0.09,boxes,5,1,1,winter,0
ITM011,Cereal,Pantry,HH010,2026-01-16,0.07,boxes,4,0,1,winter,0
ITM011,Cereal,Pantry,HH010,2026-01-23,0.06,boxes,4,0,1,winter,0
ITM011,Cereal,Pantry,HH010,2026-02-02,0.07,boxes,0,0,2,winter,0
ITM011,Cereal,Pantry,HH010,2026-02-03,0.08,boxes,1,0,2,winter,0
ITM011,Cereal,Pantry,HH010,2026-02-04,0.08,boxes,2,0,2,winter,0
ITM011,Cereal,Pantry,HH010,2026-02-07,0.1,boxes,5,1,2,winter,0
ITM011,Cereal,Pantry,HH010,2026-02-09,0.07,boxes,0,0,2,winter,0
ITM011,Cereal,Pantry,HH010,2026-02-10,0.08,boxes,1,0,2,winter,0
ITM011,Cereal,Pantry,HH010,2026-02-15,0.09,boxes,6,1,2,winter,0
ITM011,Cereal,Pantry,HH010,2026-02-16,0.08,boxes,0,0,2,winter,0
ITM011,Cereal,Pantry,HH010,2026-02-20,0.05,boxes,4,0,2,winter,0
ITM011,Cereal,Pantry,HH010,2026-02-26,0.07,boxes,3,0,2,winter,0
ITM011,Cereal,Pantry,HH010,2026-03-06,0.06,boxes,4,0,3,spring,0
ITM011,Cereal,Pantry,HH010,2026-03-12,0.07,boxes,3,0,3,spring,0
ITM011,Cereal,Pantry,HH010,2026-03-13,0.06,boxes,4,0,3,spring,0
ITM011,Cereal,Pantry,HH010,2026-03-20,0.08,boxes,4,0,3,spring,0
ITM011,Cereal,Pantry,HH010,2026-03-21,0.11,boxes,5,1,3,spring,0
ITM011,Cereal,Pantry,HH010,2026-03-24,0.07,boxes,1,0,3,spring,0
ITM011,Cereal,Pantry,HH010,2026-03-26,0.08,boxes,3,0,3,spring,0
ITM011,Cereal,Pantry,HH010,2026-03-27,0.05,boxes,4,0,3,spring,0
ITM011,Cereal,Pantry,HH010,2026-03-28,0.06,boxes,5,1,3,spring,0
ITM011,Cereal,Pantry,HH010,2026-03-31,0.07,boxes,1,0,3,spring,0
ITM011,Cereal,Pantry,HH010,2026-04-05,0.09,boxes,6,1,4,spring,0
ITM011,Cereal,Pantry,HH010,2026-04-07,0.05,boxes,1,0,4,spring,0
ITM011,Cereal,Pantry,HH010,2026-04-11,0.1,boxes,5,1,4,spring,0
ITM011,Cereal,Pantry,HH010,2026-04-12,0.1,boxes,6,1,4,spring,0
ITM011,Cereal,Pantry,HH010,2026-04-14,0.07,boxes,1,0,4,spring,1
ITM011,Cereal,Pantry,HH010,2026-04-16,0.07,boxes,3,0,4,spring,0
ITM011,Cereal,Pantry,HH010,2026-04-20,0.06,boxes,0,0,4,spring,0
ITM011,Cereal,Pantry,HH010,2026-04-23,0.08,boxes,3,0,4,spring,0
ITM011,Cereal,Pantry,HH010,2026-04-26,0.08,boxes,6,1,4,spring,0
ITM011,Cereal,Pantry,HH010,2026-04-28,0.07,boxes,1,0,4,spring,0
ITM011,Cereal,Pantry,HH010,2026-04-30,0.07,boxes,3,0,4,spring,0
ITM011,Cereal,Pantry,HH010,2026-05-01,0.12,boxes,4,0,5,spring,1
ITM011,Cereal,Pantry,HH010,2026-05-06,0.06,boxes,2,0,5,spring,0
ITM011,Cereal,Pantry,HH010,2026-05-13,0.06,boxes,2,0,5,spring,0
ITM011,Cereal,Pantry,HH010,2026-05-20,0.09,boxes,2,0,5,spring,0
ITM011,Cereal,Pantry,HH010,2026-05-26,0.06,boxes,1,0,5,spring,0
ITM011,Cereal,Pantry,HH010,2026-06-07,0.11,boxes,6,1,6,summer,0
ITM011,Cereal,Pantry,HH010,2026-06-09,0.08,boxes,1,0,6,summer,0
ITM011,Cereal,Pantry,HH010,2026-06-13,0.11,boxes,5,1,6,summer,0
ITM011,Cereal,Pantry,HH010,2026-06-17,0.07,boxes,2,0,6,summer,0
ITM011,Cereal,Pantry,HH010,2026-06-19,0.07,boxes,4,0,6,summer,0
ITM011,Cereal,Pantry,HH010,2026-06-23,0.1,boxes,1,0,6,summer,0
ITM011,Cereal,Pantry,HH011,2026-01-01,0.12,boxes,3,0,1,winter,1
ITM011,Cereal,Pantry,HH011,2026-01-02,0.07,boxes,4,0,1,winter,0
ITM011,Cereal,Pantry,HH011,2026-01-03,0.14,boxes,5,1,1,winter,0
ITM011,Cereal,Pantry,HH011,2026-01-08,0.1,boxes,3,0,1,winter,0
ITM011,Cereal,Pantry,HH011,2026-01-17,0.13,boxes,5,1,1,winter,0
ITM011,Cereal,Pantry,HH011,2026-01-18,0.14,boxes,6,1,1,winter,0
ITM011,Cereal,Pantry,HH011,2026-01-23,0.07,boxes,4,0,1,winter,0
ITM011,Cereal,Pantry,HH011,2026-01-24,0.15,boxes,5,1,1,winter,0
ITM011,Cereal,Pantry,HH011,2026-01-29,0.08,boxes,3,0,1,winter,0
ITM011,Cereal,Pantry,HH011,2026-02-16,0.09,boxes,0,0,2,winter,0
ITM011,Cereal,Pantry,HH011,2026-02-21,0.13,boxes,5,1,2,winter,0
ITM011,Cereal,Pantry,HH011,2026-02-25,0.08,boxes,2,0,2,winter,0
ITM011,Cereal,Pantry,HH011,2026-02-26,0.08,boxes,3,0,2,winter,0
ITM011,Cereal,Pantry,HH011,2026-03-05,0.1,boxes,3,0,3,spring,0
ITM011,Cereal,Pantry,HH011,2026-03-07,0.11,boxes,5,1,3,spring,0
ITM011,Cereal,Pantry,HH011,2026-03-09,0.11,boxes,0,0,3,spring,0
ITM011,Cereal,Pantry,HH011,2026-03-12,0.08,boxes,3,0,3,spring,0
ITM011,Cereal,Pantry,HH011,2026-03-13,0.09,boxes,4,0,3,spring,0
ITM011,Cereal,Pantry,HH011,2026-03-14,0.12,boxes,5,1,3,spring,0
ITM011,Cereal,Pantry,HH011,2026-03-15,0.1,boxes,6,1,3,spring,0
ITM011,Cereal,Pantry,HH011,2026-03-16,0.06,boxes,0,0,3,spring,0
ITM011,Cereal,Pantry,HH011,2026-03-19,0.09,boxes,3,0,3,spring,0
ITM011,Cereal,Pantry,HH011,2026-03-22,0.11,boxes,6,1,3,spring,0
ITM011,Cereal,Pantry,HH011,2026-03-23,0.1,boxes,0,0,3,spring,0
ITM011,Cereal,Pantry,HH011,2026-03-24,0.09,boxes,1,0,3,spring,0
ITM011,Cereal,Pantry,HH011,2026-03-27,0.1,boxes,4,0,3,spring,0
ITM011,Cereal,Pantry,HH011,2026-03-28,0.13,boxes,5,1,3,spring,0
ITM011,Cereal,Pantry,HH011,2026-03-31,0.09,boxes,1,0,3,spring,0
ITM011,Cereal,Pantry,HH011,2026-04-04,0.09,boxes,5,1,4,spring,0
ITM011,Cereal,Pantry,HH011,2026-04-09,0.09,boxes,3,0,4,spring,0
ITM011,Cereal,Pantry,HH011,2026-04-10,0.07,boxes,4,0,4,spring,0
ITM011,Cereal,Pantry,HH011,2026-04-14,0.12,boxes,1,0,4,spring,1
ITM011,Cereal,Pantry,HH011,2026-04-19,0.11,boxes,6,1,4,spring,0
ITM011,Cereal,Pantry,HH011,2026-04-25,0.12,boxes,5,1,4,spring,0
ITM011,Cereal,Pantry,HH011,2026-04-27,0.09,boxes,0,0,4,spring,0
ITM011,Cereal,Pantry,HH011,2026-04-29,0.09,boxes,2,0,4,spring,0
ITM011,Cereal,Pantry,HH011,2026-05-03,0.12,boxes,6,1,5,spring,0
ITM011,Cereal,Pantry,HH011,2026-05-16,0.1,boxes,5,1,5,spring,0
ITM011,Cereal,Pantry,HH011,2026-05-17,0.12,boxes,6,1,5,spring,0
ITM011,Cereal,Pantry,HH011,2026-05-23,0.13,boxes,5,1,5,spring,0
ITM011,Cereal,Pantry,HH011,2026-05-28,0.08,boxes,3,0,5,spring,0
ITM011,Cereal,Pantry,HH011,2026-05-29,0.08,boxes,4,0,5,spring,0
ITM011,Cereal,Pantry,HH011,2026-06-03,0.08,boxes,2,0,6,summer,0
ITM011,Cereal,Pantry,HH011,2026-06-04,0.07,boxes,3,0,6,summer,0
ITM011,Cereal,Pantry,HH011,2026-06-06,0.18,boxes,5,1,6,summer,1
ITM011,Cereal,Pantry,HH011,2026-06-09,0.07,boxes,1,0,6,summer,0
ITM011,Cereal,Pantry,HH011,2026-06-14,0.09,boxes,6,1,6,summer,0
ITM011,Cereal,Pantry,HH011,2026-06-21,0.14,boxes,6,1,6,summer,0
ITM011,Cereal,Pantry,HH011,2026-06-26,0.08,boxes,4,0,6,summer,0
ITM011,Cereal,Pantry,HH011,2026-06-29,0.08,boxes,0,0,6,summer,0
ITM011,Cereal,Pantry,HH012,2026-01-01,0.14,boxes,3,0,1,winter,1
ITM011,Cereal,Pantry,HH012,2026-01-02,0.1,boxes,4,0,1,winter,0
ITM011,Cereal,Pantry,HH012,2026-01-05,0.12,boxes,0,0,1,winter,0
ITM011,Cereal,Pantry,HH012,2026-01-11,0.16,boxes,6,1,1,winter,0
ITM011,Cereal,Pantry,HH012,2026-01-13,0.09,boxes,1,0,1,winter,0
ITM011,Cereal,Pantry,HH012,2026-01-14,0.1,boxes,2,0,1,winter,0
ITM011,Cereal,Pantry,HH012,2026-01-15,0.08,boxes,3,0,1,winter,0
ITM011,Cereal,Pantry,HH012,2026-01-20,0.1,boxes,1,0,1,winter,0
ITM011,Cereal,Pantry,HH012,2026-01-21,0.09,boxes,2,0,1,winter,0
ITM011,Cereal,Pantry,HH012,2026-01-24,0.19,boxes,5,1,1,winter,0
ITM011,Cereal,Pantry,HH012,2026-01-25,0.14,boxes,6,1,1,winter,0
ITM011,Cereal,Pantry,HH012,2026-02-01,0.12,boxes,6,1,2,winter,0
ITM011,Cereal,Pantry,HH012,2026-02-06,0.1,boxes,4,0,2,winter,0
ITM011,Cereal,Pantry,HH012,2026-02-10,0.1,boxes,1,0,2,winter,0
ITM011,Cereal,Pantry,HH012,2026-02-14,0.1,boxes,5,1,2,winter,0
ITM011,Cereal,Pantry,HH012,2026-02-15,0.15,boxes,6,1,2,winter,0
ITM011,Cereal,Pantry,HH012,2026-02-17,0.1,boxes,1,0,2,winter,0
ITM011,Cereal,Pantry,HH012,2026-02-18,0.09,boxes,2,0,2,winter,0
ITM011,Cereal,Pantry,HH012,2026-02-20,0.12,boxes,4,0,2,winter,0
ITM011,Cereal,Pantry,HH012,2026-03-01,0.17,boxes,6,1,3,spring,0
ITM011,Cereal,Pantry,HH012,2026-03-03,0.1,boxes,1,0,3,spring,0
ITM011,Cereal,Pantry,HH012,2026-03-04,0.12,boxes,2,0,3,spring,0
ITM011,Cereal,Pantry,HH012,2026-03-10,0.11,boxes,1,0,3,spring,0
ITM011,Cereal,Pantry,HH012,2026-03-20,0.1,boxes,4,0,3,spring,0
ITM011,Cereal,Pantry,HH012,2026-03-31,0.11,boxes,1,0,3,spring,0
ITM011,Cereal,Pantry,HH012,2026-04-03,0.12,boxes,4,0,4,spring,0
ITM011,Cereal,Pantry,HH012,2026-04-08,0.1,boxes,2,0,4,spring,0
ITM011,Cereal,Pantry,HH012,2026-04-12,0.16,boxes,6,1,4,spring,0
ITM011,Cereal,Pantry,HH012,2026-04-18,0.16,boxes,5,1,4,spring,0
ITM011,Cereal,Pantry,HH012,2026-04-19,0.11,boxes,6,1,4,spring,0
ITM011,Cereal,Pantry,HH012,2026-04-22,0.11,boxes,2,0,4,spring,0
ITM011,Cereal,Pantry,HH012,2026-04-26,0.13,boxes,6,1,4,spring,0
ITM011,Cereal,Pantry,HH012,2026-04-30,0.13,boxes,3,0,4,spring,0
ITM011,Cereal,Pantry,HH012,2026-05-01,0.13,boxes,4,0,5,spring,1
ITM011,Cereal,Pantry,HH012,2026-05-04,0.1,boxes,0,0,5,spring,0
ITM011,Cereal,Pantry,HH012,2026-05-21,0.09,boxes,3,0,5,spring,0
ITM011,Cereal,Pantry,HH012,2026-05-24,0.15,boxes,6,1,5,spring,0
ITM011,Cereal,Pantry,HH012,2026-05-25,0.1,boxes,0,0,5,spring,0
ITM011,Cereal,Pantry,HH012,2026-05-27,0.1,boxes,2,0,5,spring,0
ITM011,Cereal,Pantry,HH012,2026-06-05,0.07,boxes,4,0,6,summer,0
ITM011,Cereal,Pantry,HH012,2026-06-12,0.09,boxes,4,0,6,summer,0
ITM011,Cereal,Pantry,HH012,2026-06-14,0.16,boxes,6,1,6,summer,0
ITM011,Cereal,Pantry,HH012,2026-06-16,0.1,boxes,1,0,6,summer,0
ITM011,Cereal,Pantry,HH012,2026-06-24,0.11,boxes,2,0,6,summer,0
ITM011,Cereal,Pantry,HH012,2026-06-26,0.12,boxes,4,0,6,summer,0
ITM011,Cereal,Pantry,HH012,2026-06-29,0.1,boxes,0,0,6,summer,0
ITM011,Cereal,Pantry,HH013,2026-01-03,0.11,boxes,5,1,1,winter,0
ITM011,Cereal,Pantry,HH013,2026-01-12,0.1,boxes,0,0,1,winter,0
ITM011,Cereal,Pantry,HH013,2026-01-17,0.21,boxes,5,1,1,winter,0
ITM011,Cereal,Pantry,HH013,2026-01-19,0.12,boxes,0,0,1,winter,0
ITM011,Cereal,Pantry,HH013,2026-01-21,0.13,boxes,2,0,1,winter,0
ITM011,Cereal,Pantry,HH013,2026-01-22,0.13,boxes,3,0,1,winter,0
ITM011,Cereal,Pantry,HH013,2026-01-25,0.15,boxes,6,1,1,winter,0
ITM011,Cereal,Pantry,HH013,2026-01-26,0.14,boxes,0,0,1,winter,1
ITM011,Cereal,Pantry,HH013,2026-01-27,0.15,boxes,1,0,1,winter,0
ITM011,Cereal,Pantry,HH013,2026-01-28,0.12,boxes,2,0,1,winter,0
ITM011,Cereal,Pantry,HH013,2026-02-01,0.13,boxes,6,1,2,winter,0
ITM011,Cereal,Pantry,HH013,2026-02-11,0.08,boxes,2,0,2,winter,0
ITM011,Cereal,Pantry,HH013,2026-02-14,0.15,boxes,5,1,2,winter,0
ITM011,Cereal,Pantry,HH013,2026-02-16,0.16,boxes,0,0,2,winter,0
ITM011,Cereal,Pantry,HH013,2026-02-18,0.07,boxes,2,0,2,winter,0
ITM011,Cereal,Pantry,HH013,2026-02-24,0.12,boxes,1,0,2,winter,0
ITM011,Cereal,Pantry,HH013,2026-02-25,0.1,boxes,2,0,2,winter,0
ITM011,Cereal,Pantry,HH013,2026-02-27,0.11,boxes,4,0,2,winter,0
ITM011,Cereal,Pantry,HH013,2026-02-28,0.14,boxes,5,1,2,winter,0
ITM011,Cereal,Pantry,HH013,2026-03-06,0.12,boxes,4,0,3,spring,0
ITM011,Cereal,Pantry,HH013,2026-03-07,0.13,boxes,5,1,3,spring,0
ITM011,Cereal,Pantry,HH013,2026-03-09,0.11,boxes,0,0,3,spring,0
ITM011,Cereal,Pantry,HH013,2026-03-10,0.13,boxes,1,0,3,spring,0
ITM011,Cereal,Pantry,HH013,2026-03-12,0.11,boxes,3,0,3,spring,0
ITM011,Cereal,Pantry,HH013,2026-03-24,0.13,boxes,1,0,3,spring,0
ITM011,Cereal,Pantry,HH013,2026-03-25,0.15,boxes,2,0,3,spring,0
ITM011,Cereal,Pantry,HH013,2026-03-30,0.13,boxes,0,0,3,spring,0
ITM011,Cereal,Pantry,HH013,2026-04-10,0.13,boxes,4,0,4,spring,0
ITM011,Cereal,Pantry,HH013,2026-04-11,0.17,boxes,5,1,4,spring,0
ITM011,Cereal,Pantry,HH013,2026-04-12,0.16,boxes,6,1,4,spring,0
ITM011,Cereal,Pantry,HH013,2026-04-14,0.17,boxes,1,0,4,spring,1
ITM011,Cereal,Pantry,HH013,2026-04-28,0.11,boxes,1,0,4,spring,0
ITM011,Cereal,Pantry,HH013,2026-05-07,0.12,boxes,3,0,5,spring,0
ITM011,Cereal,Pantry,HH013,2026-05-10,0.14,boxes,6,1,5,spring,0
ITM011,Cereal,Pantry,HH013,2026-05-11,0.15,boxes,0,0,5,spring,0
ITM011,Cereal,Pantry,HH013,2026-05-16,0.18,boxes,5,1,5,spring,0
ITM011,Cereal,Pantry,HH013,2026-05-18,0.09,boxes,0,0,5,spring,0
ITM011,Cereal,Pantry,HH013,2026-05-22,0.12,boxes,4,0,5,spring,0
ITM011,Cereal,Pantry,HH013,2026-05-25,0.11,boxes,0,0,5,spring,0
ITM011,Cereal,Pantry,HH013,2026-06-07,0.19,boxes,6,1,6,summer,0
ITM011,Cereal,Pantry,HH013,2026-06-11,0.11,boxes,3,0,6,summer,0
ITM011,Cereal,Pantry,HH013,2026-06-19,0.13,boxes,4,0,6,summer,0
ITM011,Cereal,Pantry,HH013,2026-06-23,0.11,boxes,1,0,6,summer,0
ITM011,Cereal,Pantry,HH013,2026-06-29,0.11,boxes,0,0,6,summer,0
ITM011,Cereal,Pantry,HH014,2026-01-03,0.18,boxes,5,1,1,winter,0
ITM011,Cereal,Pantry,HH014,2026-01-04,0.15,boxes,6,1,1,winter,0
ITM011,Cereal,Pantry,HH014,2026-01-09,0.13,boxes,4,0,1,winter,0
ITM011,Cereal,Pantry,HH014,2026-01-12,0.13,boxes,0,0,1,winter,0
ITM011,Cereal,Pantry,HH014,2026-01-15,0.12,boxes,3,0,1,winter,0
ITM011,Cereal,Pantry,HH014,2026-01-18,0.21,boxes,6,1,1,winter,0
ITM011,Cereal,Pantry,HH014,2026-01-20,0.15,boxes,1,0,1,winter,0
ITM011,Cereal,Pantry,HH014,2026-01-25,0.17,boxes,6,1,1,winter,0
ITM011,Cereal,Pantry,HH014,2026-01-31,0.19,boxes,5,1,1,winter,0
ITM011,Cereal,Pantry,HH014,2026-02-01,0.18,boxes,6,1,2,winter,0
ITM011,Cereal,Pantry,HH014,2026-02-03,0.15,boxes,1,0,2,winter,0
ITM011,Cereal,Pantry,HH014,2026-02-11,0.14,boxes,2,0,2,winter,0
ITM011,Cereal,Pantry,HH014,2026-02-13,0.15,boxes,4,0,2,winter,0
ITM011,Cereal,Pantry,HH014,2026-02-25,0.12,boxes,2,0,2,winter,0
ITM011,Cereal,Pantry,HH014,2026-02-26,0.15,boxes,3,0,2,winter,0
ITM011,Cereal,Pantry,HH014,2026-03-03,0.14,boxes,1,0,3,spring,0
ITM011,Cereal,Pantry,HH014,2026-03-05,0.16,boxes,3,0,3,spring,0
ITM011,Cereal,Pantry,HH014,2026-03-06,0.14,boxes,4,0,3,spring,0
ITM011,Cereal,Pantry,HH014,2026-03-08,0.34,boxes,6,1,3,spring,1
ITM011,Cereal,Pantry,HH014,2026-03-12,0.12,boxes,3,0,3,spring,0
ITM011,Cereal,Pantry,HH014,2026-03-17,0.12,boxes,1,0,3,spring,0
ITM011,Cereal,Pantry,HH014,2026-03-18,0.13,boxes,2,0,3,spring,0
ITM011,Cereal,Pantry,HH014,2026-03-19,0.12,boxes,3,0,3,spring,0
ITM011,Cereal,Pantry,HH014,2026-03-20,0.12,boxes,4,0,3,spring,0
ITM011,Cereal,Pantry,HH014,2026-03-24,0.13,boxes,1,0,3,spring,0
ITM011,Cereal,Pantry,HH014,2026-03-26,0.11,boxes,3,0,3,spring,0
ITM011,Cereal,Pantry,HH014,2026-03-31,0.14,boxes,1,0,3,spring,0
ITM011,Cereal,Pantry,HH014,2026-04-02,0.12,boxes,3,0,4,spring,0
ITM011,Cereal,Pantry,HH014,2026-04-06,0.17,boxes,0,0,4,spring,0
ITM011,Cereal,Pantry,HH014,2026-04-08,0.13,boxes,2,0,4,spring,0
ITM011,Cereal,Pantry,HH014,2026-04-13,0.13,boxes,0,0,4,spring,0
ITM011,Cereal,Pantry,HH014,2026-04-16,0.11,boxes,3,0,4,spring,0
ITM011,Cereal,Pantry,HH014,2026-04-21,0.15,boxes,1,0,4,spring,0
ITM011,Cereal,Pantry,HH014,2026-04-26,0.22,boxes,6,1,4,spring,0
ITM011,Cereal,Pantry,HH014,2026-04-29,0.13,boxes,2,0,4,spring,0
ITM011,Cereal,Pantry,HH014,2026-05-02,0.16,boxes,5,1,5,spring,0
ITM011,Cereal,Pantry,HH014,2026-05-03,0.24,boxes,6,1,5,spring,0
ITM011,Cereal,Pantry,HH014,2026-05-04,0.14,boxes,0,0,5,spring,0
ITM011,Cereal,Pantry,HH014,2026-05-06,0.13,boxes,2,0,5,spring,0
ITM011,Cereal,Pantry,HH014,2026-05-13,0.11,boxes,2,0,5,spring,0
ITM011,Cereal,Pantry,HH014,2026-05-15,0.16,boxes,4,0,5,spring,0
ITM011,Cereal,Pantry,HH014,2026-05-21,0.1,boxes,3,0,5,spring,0
ITM011,Cereal,Pantry,HH014,2026-06-03,0.13,boxes,2,0,6,summer,0
ITM011,Cereal,Pantry,HH014,2026-06-16,0.12,boxes,1,0,6,summer,0
ITM011,Cereal,Pantry,HH014,2026-06-18,0.12,boxes,3,0,6,summer,0
ITM011,Cereal,Pantry,HH014,2026-06-20,0.17,boxes,5,1,6,summer,0
ITM011,Cereal,Pantry,HH014,2026-06-23,0.11,boxes,1,0,6,summer,0
ITM011,Cereal,Pantry,HH015,2026-01-06,0.07,boxes,1,0,1,winter,0
ITM011,Cereal,Pantry,HH015,2026-01-10,0.11,boxes,5,1,1,winter,0
ITM011,Cereal,Pantry,HH015,2026-01-14,0.08,boxes,2,0,1,winter,0
ITM011,Cereal,Pantry,HH015,2026-01-16,0.05,boxes,4,0,1,winter,0
ITM011,Cereal,Pantry,HH015,2026-01-27,0.06,boxes,1,0,1,winter,0
ITM011,Cereal,Pantry,HH015,2026-02-02,0.06,boxes,0,0,2,winter,0
ITM011,Cereal,Pantry,HH015,2026-02-09,0.08,boxes,0,0,2,winter,0
ITM011,Cereal,Pantry,HH015,2026-02-14,0.1,boxes,5,1,2,winter,0
ITM011,Cereal,Pantry,HH015,2026-02-16,0.07,boxes,0,0,2,winter,0
ITM011,Cereal,Pantry,HH015,2026-02-17,0.06,boxes,1,0,2,winter,0
ITM011,Cereal,Pantry,HH015,2026-02-18,0.07,boxes,2,0,2,winter,0
ITM011,Cereal,Pantry,HH015,2026-02-23,0.06,boxes,0,0,2,winter,0
ITM011,Cereal,Pantry,HH015,2026-02-25,0.08,boxes,2,0,2,winter,0
ITM011,Cereal,Pantry,HH015,2026-03-01,0.12,boxes,6,1,3,spring,0
ITM011,Cereal,Pantry,HH015,2026-03-08,0.18,boxes,6,1,3,spring,1
ITM011,Cereal,Pantry,HH015,2026-03-15,0.08,boxes,6,1,3,spring,0
ITM011,Cereal,Pantry,HH015,2026-03-21,0.07,boxes,5,1,3,spring,0
ITM011,Cereal,Pantry,HH015,2026-04-02,0.08,boxes,3,0,4,spring,0
ITM011,Cereal,Pantry,HH015,2026-04-19,0.11,boxes,6,1,4,spring,0
ITM011,Cereal,Pantry,HH015,2026-04-22,0.07,boxes,2,0,4,spring,0
ITM011,Cereal,Pantry,HH015,2026-04-25,0.11,boxes,5,1,4,spring,0
ITM011,Cereal,Pantry,HH015,2026-04-30,0.07,boxes,3,0,4,spring,0
ITM011,Cereal,Pantry,HH015,2026-05-02,0.06,boxes,5,1,5,spring,0
ITM011,Cereal,Pantry,HH015,2026-05-03,0.1,boxes,6,1,5,spring,0
ITM011,Cereal,Pantry,HH015,2026-05-07,0.09,boxes,3,0,5,spring,0
ITM011,Cereal,Pantry,HH015,2026-05-10,0.11,boxes,6,1,5,spring,0
ITM011,Cereal,Pantry,HH015,2026-05-11,0.05,boxes,0,0,5,spring,0
ITM011,Cereal,Pantry,HH015,2026-05-12,0.06,boxes,1,0,5,spring,0
ITM011,Cereal,Pantry,HH015,2026-05-16,0.1,boxes,5,1,5,spring,0
ITM011,Cereal,Pantry,HH015,2026-05-18,0.09,boxes,0,0,5,spring,0
ITM011,Cereal,Pantry,HH015,2026-05-21,0.06,boxes,3,0,5,spring,0
ITM011,Cereal,Pantry,HH015,2026-05-22,0.06,boxes,4,0,5,spring,0
ITM011,Cereal,Pantry,HH015,2026-05-24,0.09,boxes,6,1,5,spring,0
ITM011,Cereal,Pantry,HH015,2026-05-29,0.08,boxes,4,0,5,spring,0
ITM011,Cereal,Pantry,HH015,2026-06-04,0.08,boxes,3,0,6,summer,0
ITM011,Cereal,Pantry,HH015,2026-06-07,0.11,boxes,6,1,6,summer,0
ITM011,Cereal,Pantry,HH015,2026-06-11,0.06,boxes,3,0,6,summer,0
ITM011,Cereal,Pantry,HH015,2026-06-12,0.06,boxes,4,0,6,summer,0
ITM011,Cereal,Pantry,HH015,2026-06-13,0.11,boxes,5,1,6,summer,0
ITM011,Cereal,Pantry,HH015,2026-06-15,0.08,boxes,0,0,6,summer,0
ITM011,Cereal,Pantry,HH015,2026-06-18,0.05,boxes,3,0,6,summer,0
ITM011,Cereal,Pantry,HH015,2026-06-19,0.07,boxes,4,0,6,summer,0
ITM011,Cereal,Pantry,HH015,2026-06-22,0.07,boxes,0,0,6,summer,0
ITM011,Cereal,Pantry,HH015,2026-06-23,0.08,boxes,1,0,6,summer,0
ITM011,Cereal,Pantry,HH016,2026-01-02,0.1,boxes,4,0,1,winter,0
ITM011,Cereal,Pantry,HH016,2026-01-07,0.06,boxes,2,0,1,winter,0
ITM011,Cereal,Pantry,HH016,2026-01-11,0.12,boxes,6,1,1,winter,0
ITM011,Cereal,Pantry,HH016,2026-01-13,0.11,boxes,1,0,1,winter,0
ITM011,Cereal,Pantry,HH016,2026-01-19,0.09,boxes,0,0,1,winter,0
ITM011,Cereal,Pantry,HH016,2026-01-20,0.07,boxes,1,0,1,winter,0
ITM011,Cereal,Pantry,HH016,2026-01-26,0.18,boxes,0,0,1,winter,1
ITM011,Cereal,Pantry,HH016,2026-01-29,0.09,boxes,3,0,1,winter,0
ITM011,Cereal,Pantry,HH016,2026-01-30,0.09,boxes,4,0,1,winter,0
ITM011,Cereal,Pantry,HH016,2026-02-02,0.08,boxes,0,0,2,winter,0
ITM011,Cereal,Pantry,HH016,2026-02-04,0.12,boxes,2,0,2,winter,0
ITM011,Cereal,Pantry,HH016,2026-02-10,0.08,boxes,1,0,2,winter,0
ITM011,Cereal,Pantry,HH016,2026-02-11,0.08,boxes,2,0,2,winter,0
ITM011,Cereal,Pantry,HH016,2026-02-14,0.14,boxes,5,1,2,winter,0
ITM011,Cereal,Pantry,HH016,2026-02-15,0.12,boxes,6,1,2,winter,0
ITM011,Cereal,Pantry,HH016,2026-02-26,0.09,boxes,3,0,2,winter,0
ITM011,Cereal,Pantry,HH016,2026-03-14,0.09,boxes,5,1,3,spring,0
ITM011,Cereal,Pantry,HH016,2026-03-16,0.08,boxes,0,0,3,spring,0
ITM011,Cereal,Pantry,HH016,2026-03-19,0.1,boxes,3,0,3,spring,0
ITM011,Cereal,Pantry,HH016,2026-03-26,0.08,boxes,3,0,3,spring,0
ITM011,Cereal,Pantry,HH016,2026-04-01,0.09,boxes,2,0,4,spring,0
ITM011,Cereal,Pantry,HH016,2026-04-02,0.07,boxes,3,0,4,spring,0
ITM011,Cereal,Pantry,HH016,2026-04-07,0.08,boxes,1,0,4,spring,0
ITM011,Cereal,Pantry,HH016,2026-04-08,0.08,boxes,2,0,4,spring,0
ITM011,Cereal,Pantry,HH016,2026-04-11,0.1,boxes,5,1,4,spring,0
ITM011,Cereal,Pantry,HH016,2026-04-13,0.09,boxes,0,0,4,spring,0
ITM011,Cereal,Pantry,HH016,2026-04-18,0.15,boxes,5,1,4,spring,0
ITM011,Cereal,Pantry,HH016,2026-04-22,0.09,boxes,2,0,4,spring,0
ITM011,Cereal,Pantry,HH016,2026-04-26,0.15,boxes,6,1,4,spring,0
ITM011,Cereal,Pantry,HH016,2026-04-30,0.09,boxes,3,0,4,spring,0
ITM011,Cereal,Pantry,HH016,2026-05-05,0.09,boxes,1,0,5,spring,0
ITM011,Cereal,Pantry,HH016,2026-05-06,0.1,boxes,2,0,5,spring,0
ITM011,Cereal,Pantry,HH016,2026-05-08,0.07,boxes,4,0,5,spring,0
ITM011,Cereal,Pantry,HH016,2026-05-11,0.07,boxes,0,0,5,spring,0
ITM011,Cereal,Pantry,HH016,2026-05-17,0.12,boxes,6,1,5,spring,0
ITM011,Cereal,Pantry,HH016,2026-05-25,0.08,boxes,0,0,5,spring,0
ITM011,Cereal,Pantry,HH016,2026-05-29,0.08,boxes,4,0,5,spring,0
ITM011,Cereal,Pantry,HH016,2026-06-07,0.12,boxes,6,1,6,summer,0
ITM011,Cereal,Pantry,HH016,2026-06-11,0.06,boxes,3,0,6,summer,0
ITM011,Cereal,Pantry,HH016,2026-06-23,0.08,boxes,1,0,6,summer,0
ITM011,Cereal,Pantry,HH016,2026-06-28,0.09,boxes,6,1,6,summer,0
ITM011,Cereal,Pantry,HH016,2026-06-29,0.08,boxes,0,0,6,summer,0
ITM011,Cereal,Pantry,HH017,2026-01-06,0.08,boxes,1,0,1,winter,0
ITM011,Cereal,Pantry,HH017,2026-01-07,0.11,boxes,2,0,1,winter,0
ITM011,Cereal,Pantry,HH017,2026-01-09,0.07,boxes,4,0,1,winter,0
ITM011,Cereal,Pantry,HH017,2026-01-11,0.15,boxes,6,1,1,winter,0
ITM011,Cereal,Pantry,HH017,2026-01-20,0.11,boxes,1,0,1,winter,0
ITM011,Cereal,Pantry,HH017,2026-01-25,0.16,boxes,6,1,1,winter,0
ITM011,Cereal,Pantry,HH017,2026-01-29,0.12,boxes,3,0,1,winter,0
ITM011,Cereal,Pantry,HH017,2026-01-31,0.11,boxes,5,1,1,winter,0
ITM011,Cereal,Pantry,HH017,2026-02-11,0.09,boxes,2,0,2,winter,0
ITM011,Cereal,Pantry,HH017,2026-02-19,0.11,boxes,3,0,2,winter,0
ITM011,Cereal,Pantry,HH017,2026-03-03,0.09,boxes,1,0,3,spring,0
ITM011,Cereal,Pantry,HH017,2026-03-05,0.11,boxes,3,0,3,spring,0
ITM011,Cereal,Pantry,HH017,2026-03-06,0.11,boxes,4,0,3,spring,0
ITM011,Cereal,Pantry,HH017,2026-03-07,0.13,boxes,5,1,3,spring,0
ITM011,Cereal,Pantry,HH017,2026-03-11,0.1,boxes,2,0,3,spring,0
ITM011,Cereal,Pantry,HH017,2026-03-13,0.1,boxes,4,0,3,spring,0
ITM011,Cereal,Pantry,HH017,2026-03-14,0.17,boxes,5,1,3,spring,0
ITM011,Cereal,Pantry,HH017,2026-03-16,0.11,boxes,0,0,3,spring,0
ITM011,Cereal,Pantry,HH017,2026-03-18,0.1,boxes,2,0,3,spring,0
ITM011,Cereal,Pantry,HH017,2026-03-19,0.12,boxes,3,0,3,spring,0
ITM011,Cereal,Pantry,HH017,2026-03-21,0.1,boxes,5,1,3,spring,0
ITM011,Cereal,Pantry,HH017,2026-04-06,0.12,boxes,0,0,4,spring,0
ITM011,Cereal,Pantry,HH017,2026-04-07,0.12,boxes,1,0,4,spring,0
ITM011,Cereal,Pantry,HH017,2026-04-12,0.17,boxes,6,1,4,spring,0
ITM011,Cereal,Pantry,HH017,2026-04-16,0.11,boxes,3,0,4,spring,0
ITM011,Cereal,Pantry,HH017,2026-04-17,0.09,boxes,4,0,4,spring,0
ITM011,Cereal,Pantry,HH017,2026-04-24,0.11,boxes,4,0,4,spring,0
ITM011,Cereal,Pantry,HH017,2026-04-29,0.1,boxes,2,0,4,spring,0
ITM011,Cereal,Pantry,HH017,2026-04-30,0.09,boxes,3,0,4,spring,0
ITM011,Cereal,Pantry,HH017,2026-05-04,0.1,boxes,0,0,5,spring,0
ITM011,Cereal,Pantry,HH017,2026-05-09,0.15,boxes,5,1,5,spring,0
ITM011,Cereal,Pantry,HH017,2026-05-10,0.1,boxes,6,1,5,spring,0
ITM011,Cereal,Pantry,HH017,2026-05-12,0.08,boxes,1,0,5,spring,0
ITM011,Cereal,Pantry,HH017,2026-05-14,0.12,boxes,3,0,5,spring,0
ITM011,Cereal,Pantry,HH017,2026-05-15,0.11,boxes,4,0,5,spring,0
ITM011,Cereal,Pantry,HH017,2026-05-17,0.12,boxes,6,1,5,spring,0
ITM011,Cereal,Pantry,HH017,2026-05-18,0.12,boxes,0,0,5,spring,0
ITM011,Cereal,Pantry,HH017,2026-05-22,0.09,boxes,4,0,5,spring,0
ITM011,Cereal,Pantry,HH017,2026-05-24,0.19,boxes,6,1,5,spring,0
ITM011,Cereal,Pantry,HH017,2026-06-05,0.11,boxes,4,0,6,summer,0
ITM011,Cereal,Pantry,HH017,2026-06-11,0.11,boxes,3,0,6,summer,0
ITM011,Cereal,Pantry,HH017,2026-06-17,0.11,boxes,2,0,6,summer,0
ITM011,Cereal,Pantry,HH017,2026-06-21,0.08,boxes,6,1,6,summer,0
ITM011,Cereal,Pantry,HH017,2026-06-23,0.09,boxes,1,0,6,summer,0
ITM011,Cereal,Pantry,HH017,2026-06-24,0.1,boxes,2,0,6,summer,0
ITM011,Cereal,Pantry,HH017,2026-06-25,0.09,boxes,3,0,6,summer,0
ITM011,Cereal,Pantry,HH018,2026-01-07,0.1,boxes,2,0,1,winter,0
ITM011,Cereal,Pantry,HH018,2026-01-09,0.11,boxes,4,0,1,winter,0
ITM011,Cereal,Pantry,HH018,2026-01-12,0.1,boxes,0,0,1,winter,0
ITM011,Cereal,Pantry,HH018,2026-01-16,0.13,boxes,4,0,1,winter,0
ITM011,Cereal,Pantry,HH018,2026-01-21,0.13,boxes,2,0,1,winter,0
ITM011,Cereal,Pantry,HH018,2026-01-24,0.17,boxes,5,1,1,winter,0
ITM011,Cereal,Pantry,HH018,2026-01-27,0.11,boxes,1,0,1,winter,0
ITM011,Cereal,Pantry,HH018,2026-01-28,0.11,boxes,2,0,1,winter,0
ITM011,Cereal,Pantry,HH018,2026-01-29,0.14,boxes,3,0,1,winter,0
ITM011,Cereal,Pantry,HH018,2026-02-01,0.16,boxes,6,1,2,winter,0
ITM011,Cereal,Pantry,HH018,2026-02-03,0.11,boxes,1,0,2,winter,0
ITM011,Cereal,Pantry,HH018,2026-02-11,0.12,boxes,2,0,2,winter,0
ITM011,Cereal,Pantry,HH018,2026-02-13,0.11,boxes,4,0,2,winter,0
ITM011,Cereal,Pantry,HH018,2026-02-20,0.12,boxes,4,0,2,winter,0
ITM011,Cereal,Pantry,HH018,2026-02-22,0.12,boxes,6,1,2,winter,0
ITM011,Cereal,Pantry,HH018,2026-02-23,0.12,boxes,0,0,2,winter,0
ITM011,Cereal,Pantry,HH018,2026-02-24,0.12,boxes,1,0,2,winter,0
ITM011,Cereal,Pantry,HH018,2026-03-02,0.14,boxes,0,0,3,spring,0
ITM011,Cereal,Pantry,HH018,2026-03-03,0.08,boxes,1,0,3,spring,0
ITM011,Cereal,Pantry,HH018,2026-03-07,0.16,boxes,5,1,3,spring,0
ITM011,Cereal,Pantry,HH018,2026-03-08,0.3,boxes,6,1,3,spring,1
ITM011,Cereal,Pantry,HH018,2026-03-20,0.08,boxes,4,0,3,spring,0
ITM011,Cereal,Pantry,HH018,2026-03-29,0.12,boxes,6,1,3,spring,0
ITM011,Cereal,Pantry,HH018,2026-04-03,0.13,boxes,4,0,4,spring,0
ITM011,Cereal,Pantry,HH018,2026-04-05,0.17,boxes,6,1,4,spring,0
ITM011,Cereal,Pantry,HH018,2026-04-06,0.08,boxes,0,0,4,spring,0
ITM011,Cereal,Pantry,HH018,2026-04-07,0.1,boxes,1,0,4,spring,0
ITM011,Cereal,Pantry,HH018,2026-04-10,0.09,boxes,4,0,4,spring,0
ITM011,Cereal,Pantry,HH018,2026-04-11,0.17,boxes,5,1,4,spring,0
ITM011,Cereal,Pantry,HH018,2026-04-16,0.11,boxes,3,0,4,spring,0
ITM011,Cereal,Pantry,HH018,2026-04-20,0.11,boxes,0,0,4,spring,0
ITM011,Cereal,Pantry,HH018,2026-04-27,0.13,boxes,0,0,4,spring,0
ITM011,Cereal,Pantry,HH018,2026-05-01,0.17,boxes,4,0,5,spring,1
ITM011,Cereal,Pantry,HH018,2026-05-05,0.09,boxes,1,0,5,spring,0
ITM011,Cereal,Pantry,HH018,2026-05-06,0.11,boxes,2,0,5,spring,0
ITM011,Cereal,Pantry,HH018,2026-05-11,0.1,boxes,0,0,5,spring,0
ITM011,Cereal,Pantry,HH018,2026-05-27,0.12,boxes,2,0,5,spring,0
ITM011,Cereal,Pantry,HH018,2026-05-28,0.12,boxes,3,0,5,spring,0
ITM011,Cereal,Pantry,HH018,2026-06-08,0.08,boxes,0,0,6,summer,0
ITM011,Cereal,Pantry,HH018,2026-06-10,0.13,boxes,2,0,6,summer,0
ITM011,Cereal,Pantry,HH018,2026-06-12,0.07,boxes,4,0,6,summer,0
ITM011,Cereal,Pantry,HH018,2026-06-14,0.18,boxes,6,1,6,summer,0
ITM011,Cereal,Pantry,HH018,2026-06-16,0.15,boxes,1,0,6,summer,0
ITM011,Cereal,Pantry,HH018,2026-06-21,0.2,boxes,6,1,6,summer,0
ITM011,Cereal,Pantry,HH018,2026-06-26,0.11,boxes,4,0,6,summer,0
ITM011,Cereal,Pantry,HH018,2026-06-29,0.13,boxes,0,0,6,summer,0
ITM011,Cereal,Pantry,HH019,2026-01-01,0.2,boxes,3,0,1,winter,1
ITM011,Cereal,Pantry,HH019,2026-01-02,0.12,boxes,4,0,1,winter,0
ITM011,Cereal,Pantry,HH019,2026-01-03,0.17,boxes,5,1,1,winter,0
ITM011,Cereal,Pantry,HH019,2026-01-05,0.13,boxes,0,0,1,winter,0
ITM011,Cereal,Pantry,HH019,2026-01-07,0.11,boxes,2,0,1,winter,0
ITM011,Cereal,Pantry,HH019,2026-01-12,0.13,boxes,0,0,1,winter,0
ITM011,Cereal,Pantry,HH019,2026-01-13,0.16,boxes,1,0,1,winter,0
ITM011,Cereal,Pantry,HH019,2026-01-19,0.14,boxes,0,0,1,winter,0
ITM011,Cereal,Pantry,HH019,2026-01-20,0.14,boxes,1,0,1,winter,0
ITM011,Cereal,Pantry,HH019,2026-01-23,0.13,boxes,4,0,1,winter,0
ITM011,Cereal,Pantry,HH019,2026-01-27,0.11,boxes,1,0,1,winter,0
ITM011,Cereal,Pantry,HH019,2026-02-02,0.12,boxes,0,0,2,winter,0
ITM011,Cereal,Pantry,HH019,2026-02-03,0.13,boxes,1,0,2,winter,0
ITM011,Cereal,Pantry,HH019,2026-02-04,0.11,boxes,2,0,2,winter,0
ITM011,Cereal,Pantry,HH019,2026-02-05,0.16,boxes,3,0,2,winter,0
ITM011,Cereal,Pantry,HH019,2026-02-06,0.12,boxes,4,0,2,winter,0
ITM011,Cereal,Pantry,HH019,2026-02-08,0.19,boxes,6,1,2,winter,0
ITM011,Cereal,Pantry,HH019,2026-02-14,0.21,boxes,5,1,2,winter,0
ITM011,Cereal,Pantry,HH019,2026-02-16,0.12,boxes,0,0,2,winter,0
ITM011,Cereal,Pantry,HH019,2026-02-17,0.14,boxes,1,0,2,winter,0
ITM011,Cereal,Pantry,HH019,2026-02-20,0.1,boxes,4,0,2,winter,0
ITM011,Cereal,Pantry,HH019,2026-02-22,0.16,boxes,6,1,2,winter,0
ITM011,Cereal,Pantry,HH019,2026-02-23,0.14,boxes,0,0,2,winter,0
ITM011,Cereal,Pantry,HH019,2026-03-01,0.15,boxes,6,1,3,spring,0
ITM011,Cereal,Pantry,HH019,2026-03-02,0.11,boxes,0,0,3,spring,0
ITM011,Cereal,Pantry,HH019,2026-03-04,0.13,boxes,2,0,3,spring,0
ITM011,Cereal,Pantry,HH019,2026-03-05,0.16,boxes,3,0,3,spring,0
ITM011,Cereal,Pantry,HH019,2026-03-09,0.12,boxes,0,0,3,spring,0
ITM011,Cereal,Pantry,HH019,2026-03-12,0.16,boxes,3,0,3,spring,0
ITM011,Cereal,Pantry,HH019,2026-03-13,0.11,boxes,4,0,3,spring,0
ITM011,Cereal,Pantry,HH019,2026-03-28,0.18,boxes,5,1,3,spring,0
ITM011,Cereal,Pantry,HH019,2026-03-31,0.12,boxes,1,0,3,spring,0
ITM011,Cereal,Pantry,HH019,2026-04-01,0.13,boxes,2,0,4,spring,0
ITM011,Cereal,Pantry,HH019,2026-04-02,0.12,boxes,3,0,4,spring,0
ITM011,Cereal,Pantry,HH019,2026-04-04,0.15,boxes,5,1,4,spring,0
ITM011,Cereal,Pantry,HH019,2026-04-07,0.11,boxes,1,0,4,spring,0
ITM011,Cereal,Pantry,HH019,2026-04-09,0.16,boxes,3,0,4,spring,0
ITM011,Cereal,Pantry,HH019,2026-04-16,0.13,boxes,3,0,4,spring,0
ITM011,Cereal,Pantry,HH019,2026-04-19,0.16,boxes,6,1,4,spring,0
ITM011,Cereal,Pantry,HH019,2026-04-22,0.15,boxes,2,0,4,spring,0
ITM011,Cereal,Pantry,HH019,2026-04-25,0.16,boxes,5,1,4,spring,0
ITM011,Cereal,Pantry,HH019,2026-04-28,0.11,boxes,1,0,4,spring,0
ITM011,Cereal,Pantry,HH019,2026-05-01,0.25,boxes,4,0,5,spring,1
ITM011,Cereal,Pantry,HH019,2026-05-02,0.2,boxes,5,1,5,spring,0
ITM011,Cereal,Pantry,HH019,2026-05-06,0.1,boxes,2,0,5,spring,0
ITM011,Cereal,Pantry,HH019,2026-05-09,0.22,boxes,5,1,5,spring,0
ITM011,Cereal,Pantry,HH019,2026-05-16,0.14,boxes,5,1,5,spring,0
ITM011,Cereal,Pantry,HH019,2026-05-19,0.15,boxes,1,0,5,spring,0
ITM011,Cereal,Pantry,HH019,2026-05-22,0.11,boxes,4,0,5,spring,0
ITM011,Cereal,Pantry,HH019,2026-05-31,0.17,boxes,6,1,5,spring,0
ITM011,Cereal,Pantry,HH019,2026-06-03,0.11,boxes,2,0,6,summer,0
ITM011,Cereal,Pantry,HH019,2026-06-06,0.31,boxes,5,1,6,summer,1
ITM011,Cereal,Pantry,HH019,2026-06-08,0.14,boxes,0,0,6,summer,0
ITM011,Cereal,Pantry,HH019,2026-06-09,0.12,boxes,1,0,6,summer,0
ITM011,Cereal,Pantry,HH019,2026-06-13,0.13,boxes,5,1,6,summer,0
ITM011,Cereal,Pantry,HH019,2026-06-15,0.1,boxes,0,0,6,summer,0
ITM011,Cereal,Pantry,HH019,2026-06-20,0.24,boxes,5,1,6,summer,0
ITM011,Cereal,Pantry,HH019,2026-06-25,0.17,boxes,3,0,6,summer,0
ITM011,Cereal,Pantry,HH019,2026-06-26,0.11,boxes,4,0,6,summer,0
ITM011,Cereal,Pantry,HH020,2026-01-17,0.1,boxes,5,1,1,winter,0
ITM011,Cereal,Pantry,HH020,2026-01-19,0.07,boxes,0,0,1,winter,0
ITM011,Cereal,Pantry,HH020,2026-01-25,0.12,boxes,6,1,1,winter,0
ITM011,Cereal,Pantry,HH020,2026-01-26,0.12,boxes,0,0,1,winter,1
ITM011,Cereal,Pantry,HH020,2026-01-30,0.08,boxes,4,0,1,winter,0
ITM011,Cereal,Pantry,HH020,2026-02-01,0.09,boxes,6,1,2,winter,0
ITM011,Cereal,Pantry,HH020,2026-02-02,0.06,boxes,0,0,2,winter,0
ITM011,Cereal,Pantry,HH020,2026-02-03,0.07,boxes,1,0,2,winter,0
ITM011,Cereal,Pantry,HH020,2026-02-11,0.07,boxes,2,0,2,winter,0
ITM011,Cereal,Pantry,HH020,2026-02-12,0.07,boxes,3,0,2,winter,0
ITM011,Cereal,Pantry,HH020,2026-02-13,0.09,boxes,4,0,2,winter,0
ITM011,Cereal,Pantry,HH020,2026-02-15,0.11,boxes,6,1,2,winter,0
ITM011,Cereal,Pantry,HH020,2026-02-16,0.07,boxes,0,0,2,winter,0
ITM011,Cereal,Pantry,HH020,2026-02-18,0.06,boxes,2,0,2,winter,0
ITM011,Cereal,Pantry,HH020,2026-02-22,0.09,boxes,6,1,2,winter,0
ITM011,Cereal,Pantry,HH020,2026-02-24,0.07,boxes,1,0,2,winter,0
ITM011,Cereal,Pantry,HH020,2026-02-25,0.08,boxes,2,0,2,winter,0
ITM011,Cereal,Pantry,HH020,2026-03-02,0.07,boxes,0,0,3,spring,0
ITM011,Cereal,Pantry,HH020,2026-03-04,0.07,boxes,2,0,3,spring,0
ITM011,Cereal,Pantry,HH020,2026-03-05,0.08,boxes,3,0,3,spring,0
ITM011,Cereal,Pantry,HH020,2026-03-07,0.11,boxes,5,1,3,spring,0
ITM011,Cereal,Pantry,HH020,2026-03-09,0.06,boxes,0,0,3,spring,0
ITM011,Cereal,Pantry,HH020,2026-03-11,0.08,boxes,2,0,3,spring,0
ITM011,Cereal,Pantry,HH020,2026-03-14,0.12,boxes,5,1,3,spring,0
ITM011,Cereal,Pantry,HH020,2026-03-16,0.07,boxes,0,0,3,spring,0
ITM011,Cereal,Pantry,HH020,2026-03-17,0.07,boxes,1,0,3,spring,0
ITM011,Cereal,Pantry,HH020,2026-03-19,0.07,boxes,3,0,3,spring,0
ITM011,Cereal,Pantry,HH020,2026-03-20,0.08,boxes,4,0,3,spring,0
ITM011,Cereal,Pantry,HH020,2026-03-21,0.11,boxes,5,1,3,spring,0
ITM011,Cereal,Pantry,HH020,2026-03-22,0.13,boxes,6,1,3,spring,0
ITM011,Cereal,Pantry,HH020,2026-03-25,0.07,boxes,2,0,3,spring,0
ITM011,Cereal,Pantry,HH020,2026-03-26,0.07,boxes,3,0,3,spring,0
ITM011,Cereal,Pantry,HH020,2026-03-31,0.06,boxes,1,0,3,spring,0
ITM011,Cereal,Pantry,HH020,2026-04-04,0.09,boxes,5,1,4,spring,0
ITM011,Cereal,Pantry,HH020,2026-04-08,0.06,boxes,2,0,4,spring,0
ITM011,Cereal,Pantry,HH020,2026-04-14,0.12,boxes,1,0,4,spring,1
ITM011,Cereal,Pantry,HH020,2026-04-28,0.07,boxes,1,0,4,spring,0
ITM011,Cereal,Pantry,HH020,2026-05-03,0.09,boxes,6,1,5,spring,0
ITM011,Cereal,Pantry,HH020,2026-05-08,0.08,boxes,4,0,5,spring,0
ITM011,Cereal,Pantry,HH020,2026-05-14,0.06,boxes,3,0,5,spring,0
ITM011,Cereal,Pantry,HH020,2026-05-17,0.09,boxes,6,1,5,spring,0
ITM011,Cereal,Pantry,HH020,2026-05-19,0.07,boxes,1,0,5,spring,0
ITM011,Cereal,Pantry,HH020,2026-05-23,0.09,boxes,5,1,5,spring,0
ITM011,Cereal,Pantry,HH020,2026-05-28,0.07,boxes,3,0,5,spring,0
ITM011,Cereal,Pantry,HH020,2026-05-30,0.1,boxes,5,1,5,spring,0
ITM011,Cereal,Pantry,HH020,2026-06-07,0.12,boxes,6,1,6,summer,0
ITM011,Cereal,Pantry,HH020,2026-06-10,0.06,boxes,2,0,6,summer,0
ITM011,Cereal,Pantry,HH020,2026-06-11,0.07,boxes,3,0,6,summer,0
ITM011,Cereal,Pantry,HH020,2026-06-12,0.06,boxes,4,0,6,summer,0
ITM011,Cereal,Pantry,HH020,2026-06-13,0.08,boxes,5,1,6,summer,0
ITM011,Cereal,Pantry,HH020,2026-06-15,0.06,boxes,0,0,6,summer,0
ITM011,Cereal,Pantry,HH020,2026-06-21,0.11,boxes,6,1,6,summer,0
ITM011,Cereal,Pantry,HH020,2026-06-23,0.06,boxes,1,0,6,summer,0
ITM011,Cereal,Pantry,HH020,2026-06-25,0.06,boxes,3,0,6,summer,0
ITM011,Cereal,Pantry,HH020,2026-06-28,0.1,boxes,6,1,6,summer,0
ITM012,Cooking Oil,Pantry,HH001,2026-01-05,0.04,liters,0,0,1,winter,0
ITM012,Cooking Oil,Pantry,HH001,2026-01-06,0.05,liters,1,0,1,winter,0
ITM012,Cooking Oil,Pantry,HH001,2026-01-11,0.07,liters,6,1,1,winter,0
ITM012,Cooking Oil,Pantry,HH001,2026-01-13,0.04,liters,1,0,1,winter,0
ITM012,Cooking Oil,Pantry,HH001,2026-01-15,0.05,liters,3,0,1,winter,0
ITM012,Cooking Oil,Pantry,HH001,2026-01-17,0.04,liters,5,1,1,winter,0
ITM012,Cooking Oil,Pantry,HH001,2026-01-20,0.03,liters,1,0,1,winter,0
ITM012,Cooking Oil,Pantry,HH001,2026-01-21,0.04,liters,2,0,1,winter,0
ITM012,Cooking Oil,Pantry,HH001,2026-01-22,0.04,liters,3,0,1,winter,0
ITM012,Cooking Oil,Pantry,HH001,2026-01-24,0.07,liters,5,1,1,winter,0
ITM012,Cooking Oil,Pantry,HH001,2026-01-29,0.05,liters,3,0,1,winter,0
ITM012,Cooking Oil,Pantry,HH001,2026-02-02,0.04,liters,0,0,2,winter,0
ITM012,Cooking Oil,Pantry,HH001,2026-02-03,0.06,liters,1,0,2,winter,0
ITM012,Cooking Oil,Pantry,HH001,2026-02-04,0.04,liters,2,0,2,winter,0
ITM012,Cooking Oil,Pantry,HH001,2026-02-10,0.04,liters,1,0,2,winter,0
ITM012,Cooking Oil,Pantry,HH001,2026-02-11,0.04,liters,2,0,2,winter,0
ITM012,Cooking Oil,Pantry,HH001,2026-02-12,0.05,liters,3,0,2,winter,0
ITM012,Cooking Oil,Pantry,HH001,2026-02-16,0.04,liters,0,0,2,winter,0
ITM012,Cooking Oil,Pantry,HH001,2026-02-18,0.04,liters,2,0,2,winter,0
ITM012,Cooking Oil,Pantry,HH001,2026-02-20,0.04,liters,4,0,2,winter,0
ITM012,Cooking Oil,Pantry,HH001,2026-03-06,0.05,liters,4,0,3,spring,0
ITM012,Cooking Oil,Pantry,HH001,2026-03-11,0.04,liters,2,0,3,spring,0
ITM012,Cooking Oil,Pantry,HH001,2026-03-12,0.05,liters,3,0,3,spring,0
ITM012,Cooking Oil,Pantry,HH001,2026-03-15,0.05,liters,6,1,3,spring,0
ITM012,Cooking Oil,Pantry,HH001,2026-03-26,0.04,liters,3,0,3,spring,0
ITM012,Cooking Oil,Pantry,HH001,2026-03-27,0.05,liters,4,0,3,spring,0
ITM012,Cooking Oil,Pantry,HH001,2026-03-28,0.08,liters,5,1,3,spring,0
ITM012,Cooking Oil,Pantry,HH001,2026-04-05,0.05,liters,6,1,4,spring,0
ITM012,Cooking Oil,Pantry,HH001,2026-04-07,0.05,liters,1,0,4,spring,0
ITM012,Cooking Oil,Pantry,HH001,2026-04-11,0.06,liters,5,1,4,spring,0
ITM012,Cooking Oil,Pantry,HH001,2026-04-12,0.05,liters,6,1,4,spring,0
ITM012,Cooking Oil,Pantry,HH001,2026-04-17,0.04,liters,4,0,4,spring,0
ITM012,Cooking Oil,Pantry,HH001,2026-04-21,0.05,liters,1,0,4,spring,0
ITM012,Cooking Oil,Pantry,HH001,2026-04-24,0.04,liters,4,0,4,spring,0
ITM012,Cooking Oil,Pantry,HH001,2026-04-25,0.05,liters,5,1,4,spring,0
ITM012,Cooking Oil,Pantry,HH001,2026-05-02,0.06,liters,5,1,5,spring,0
ITM012,Cooking Oil,Pantry,HH001,2026-05-08,0.04,liters,4,0,5,spring,0
ITM012,Cooking Oil,Pantry,HH001,2026-05-15,0.04,liters,4,0,5,spring,0
ITM012,Cooking Oil,Pantry,HH001,2026-05-16,0.04,liters,5,1,5,spring,0
ITM012,Cooking Oil,Pantry,HH001,2026-05-26,0.05,liters,1,0,5,spring,0
ITM012,Cooking Oil,Pantry,HH001,2026-05-28,0.04,liters,3,0,5,spring,0
ITM012,Cooking Oil,Pantry,HH001,2026-05-31,0.05,liters,6,1,5,spring,0
ITM012,Cooking Oil,Pantry,HH001,2026-06-05,0.06,liters,4,0,6,summer,0
ITM012,Cooking Oil,Pantry,HH001,2026-06-09,0.04,liters,1,0,6,summer,0
ITM012,Cooking Oil,Pantry,HH001,2026-06-17,0.05,liters,2,0,6,summer,0
ITM012,Cooking Oil,Pantry,HH001,2026-06-28,0.08,liters,6,1,6,summer,0
ITM012,Cooking Oil,Pantry,HH002,2026-01-12,0.05,liters,0,0,1,winter,0
ITM012,Cooking Oil,Pantry,HH002,2026-01-14,0.06,liters,2,0,1,winter,0
ITM012,Cooking Oil,Pantry,HH002,2026-01-16,0.05,liters,4,0,1,winter,0
ITM012,Cooking Oil,Pantry,HH002,2026-01-26,0.08,liters,0,0,1,winter,1
ITM012,Cooking Oil,Pantry,HH002,2026-01-30,0.04,liters,4,0,1,winter,0
ITM012,Cooking Oil,Pantry,HH002,2026-02-03,0.04,liters,1,0,2,winter,0
ITM012,Cooking Oil,Pantry,HH002,2026-02-10,0.05,liters,1,0,2,winter,0
ITM012,Cooking Oil,Pantry,HH002,2026-02-11,0.05,liters,2,0,2,winter,0
ITM012,Cooking Oil,Pantry,HH002,2026-02-12,0.05,liters,3,0,2,winter,0
ITM012,Cooking Oil,Pantry,HH002,2026-02-13,0.05,liters,4,0,2,winter,0
ITM012,Cooking Oil,Pantry,HH002,2026-02-17,0.06,liters,1,0,2,winter,0
ITM012,Cooking Oil,Pantry,HH002,2026-02-25,0.05,liters,2,0,2,winter,0
ITM012,Cooking Oil,Pantry,HH002,2026-03-07,0.09,liters,5,1,3,spring,0
ITM012,Cooking Oil,Pantry,HH002,2026-03-09,0.04,liters,0,0,3,spring,0
ITM012,Cooking Oil,Pantry,HH002,2026-03-14,0.06,liters,5,1,3,spring,0
ITM012,Cooking Oil,Pantry,HH002,2026-03-30,0.05,liters,0,0,3,spring,0
ITM012,Cooking Oil,Pantry,HH002,2026-04-07,0.05,liters,1,0,4,spring,0
ITM012,Cooking Oil,Pantry,HH002,2026-04-10,0.05,liters,4,0,4,spring,0
ITM012,Cooking Oil,Pantry,HH002,2026-04-11,0.07,liters,5,1,4,spring,0
ITM012,Cooking Oil,Pantry,HH002,2026-04-13,0.06,liters,0,0,4,spring,0
ITM012,Cooking Oil,Pantry,HH002,2026-04-16,0.06,liters,3,0,4,spring,0
ITM012,Cooking Oil,Pantry,HH002,2026-04-23,0.05,liters,3,0,4,spring,0
ITM012,Cooking Oil,Pantry,HH002,2026-04-26,0.07,liters,6,1,4,spring,0
ITM012,Cooking Oil,Pantry,HH002,2026-04-29,0.06,liters,2,0,4,spring,0
ITM012,Cooking Oil,Pantry,HH002,2026-05-05,0.05,liters,1,0,5,spring,0
ITM012,Cooking Oil,Pantry,HH002,2026-05-06,0.04,liters,2,0,5,spring,0
ITM012,Cooking Oil,Pantry,HH002,2026-05-10,0.09,liters,6,1,5,spring,0
ITM012,Cooking Oil,Pantry,HH002,2026-05-12,0.06,liters,1,0,5,spring,0
ITM012,Cooking Oil,Pantry,HH002,2026-05-16,0.07,liters,5,1,5,spring,0
ITM012,Cooking Oil,Pantry,HH002,2026-05-19,0.07,liters,1,0,5,spring,0
ITM012,Cooking Oil,Pantry,HH002,2026-05-30,0.09,liters,5,1,5,spring,0
ITM012,Cooking Oil,Pantry,HH002,2026-06-05,0.05,liters,4,0,6,summer,0
ITM012,Cooking Oil,Pantry,HH002,2026-06-08,0.05,liters,0,0,6,summer,0
ITM012,Cooking Oil,Pantry,HH002,2026-06-09,0.05,liters,1,0,6,summer,0
ITM012,Cooking Oil,Pantry,HH002,2026-06-12,0.05,liters,4,0,6,summer,0
ITM012,Cooking Oil,Pantry,HH002,2026-06-16,0.06,liters,1,0,6,summer,0
ITM012,Cooking Oil,Pantry,HH002,2026-06-22,0.05,liters,0,0,6,summer,0
ITM012,Cooking Oil,Pantry,HH002,2026-06-23,0.05,liters,1,0,6,summer,0
ITM012,Cooking Oil,Pantry,HH002,2026-06-24,0.04,liters,2,0,6,summer,0
ITM012,Cooking Oil,Pantry,HH002,2026-06-26,0.06,liters,4,0,6,summer,0
ITM012,Cooking Oil,Pantry,HH002,2026-06-27,0.08,liters,5,1,6,summer,0
ITM012,Cooking Oil,Pantry,HH002,2026-06-28,0.06,liters,6,1,6,summer,0
ITM012,Cooking Oil,Pantry,HH003,2026-01-02,0.06,liters,4,0,1,winter,0
ITM012,Cooking Oil,Pantry,HH003,2026-01-03,0.1,liters,5,1,1,winter,0
ITM012,Cooking Oil,Pantry,HH003,2026-01-06,0.07,liters,1,0,1,winter,0
ITM012,Cooking Oil,Pantry,HH003,2026-01-07,0.07,liters,2,0,1,winter,0
ITM012,Cooking Oil,Pantry,HH003,2026-01-08,0.05,liters,3,0,1,winter,0
ITM012,Cooking Oil,Pantry,HH003,2026-01-11,0.08,liters,6,1,1,winter,0
ITM012,Cooking Oil,Pantry,HH003,2026-01-14,0.06,liters,2,0,1,winter,0
ITM012,Cooking Oil,Pantry,HH003,2026-01-15,0.06,liters,3,0,1,winter,0
ITM012,Cooking Oil,Pantry,HH003,2026-01-19,0.06,liters,0,0,1,winter,0
ITM012,Cooking Oil,Pantry,HH003,2026-01-23,0.06,liters,4,0,1,winter,0
ITM012,Cooking Oil,Pantry,HH003,2026-01-25,0.09,liters,6,1,1,winter,0
ITM012,Cooking Oil,Pantry,HH003,2026-01-26,0.1,liters,0,0,1,winter,1
ITM012,Cooking Oil,Pantry,HH003,2026-01-28,0.04,liters,2,0,1,winter,0
ITM012,Cooking Oil,Pantry,HH003,2026-01-30,0.05,liters,4,0,1,winter,0
ITM012,Cooking Oil,Pantry,HH003,2026-01-31,0.09,liters,5,1,1,winter,0
ITM012,Cooking Oil,Pantry,HH003,2026-02-02,0.06,liters,0,0,2,winter,0
ITM012,Cooking Oil,Pantry,HH003,2026-02-06,0.05,liters,4,0,2,winter,0
ITM012,Cooking Oil,Pantry,HH003,2026-02-11,0.06,liters,2,0,2,winter,0
ITM012,Cooking Oil,Pantry,HH003,2026-02-12,0.05,liters,3,0,2,winter,0
ITM012,Cooking Oil,Pantry,HH003,2026-02-14,0.08,liters,5,1,2,winter,0
ITM012,Cooking Oil,Pantry,HH003,2026-02-20,0.05,liters,4,0,2,winter,0
ITM012,Cooking Oil,Pantry,HH003,2026-02-22,0.08,liters,6,1,2,winter,0
ITM012,Cooking Oil,Pantry,HH003,2026-03-01,0.08,liters,6,1,3,spring,0
ITM012,Cooking Oil,Pantry,HH003,2026-03-02,0.06,liters,0,0,3,spring,0
ITM012,Cooking Oil,Pantry,HH003,2026-03-03,0.05,liters,1,0,3,spring,0
ITM012,Cooking Oil,Pantry,HH003,2026-03-08,0.11,liters,6,1,3,spring,1
ITM012,Cooking Oil,Pantry,HH003,2026-03-14,0.07,liters,5,1,3,spring,0
ITM012,Cooking Oil,Pantry,HH003,2026-03-15,0.09,liters,6,1,3,spring,0
ITM012,Cooking Oil,Pantry,HH003,2026-03-18,0.07,liters,2,0,3,spring,0
ITM012,Cooking Oil,Pantry,HH003,2026-03-19,0.07,liters,3,0,3,spring,0
ITM012,Cooking Oil,Pantry,HH003,2026-03-20,0.05,liters,4,0,3,spring,0
ITM012,Cooking Oil,Pantry,HH003,2026-03-24,0.08,liters,1,0,3,spring,0
ITM012,Cooking Oil,Pantry,HH003,2026-03-30,0.06,liters,0,0,3,spring,0
ITM012,Cooking Oil,Pantry,HH003,2026-04-05,0.09,liters,6,1,4,spring,0
ITM012,Cooking Oil,Pantry,HH003,2026-04-18,0.08,liters,5,1,4,spring,0
ITM012,Cooking Oil,Pantry,HH003,2026-04-25,0.07,liters,5,1,4,spring,0
ITM012,Cooking Oil,Pantry,HH003,2026-04-27,0.05,liters,0,0,4,spring,0
ITM012,Cooking Oil,Pantry,HH003,2026-04-28,0.07,liters,1,0,4,spring,0
ITM012,Cooking Oil,Pantry,HH003,2026-05-04,0.07,liters,0,0,5,spring,0
ITM012,Cooking Oil,Pantry,HH003,2026-05-11,0.05,liters,0,0,5,spring,0
ITM012,Cooking Oil,Pantry,HH003,2026-05-20,0.06,liters,2,0,5,spring,0
ITM012,Cooking Oil,Pantry,HH003,2026-05-27,0.07,liters,2,0,5,spring,0
ITM012,Cooking Oil,Pantry,HH003,2026-05-30,0.07,liters,5,1,5,spring,0
ITM012,Cooking Oil,Pantry,HH003,2026-06-01,0.05,liters,0,0,6,summer,0
ITM012,Cooking Oil,Pantry,HH003,2026-06-02,0.05,liters,1,0,6,summer,0
ITM012,Cooking Oil,Pantry,HH003,2026-06-04,0.05,liters,3,0,6,summer,0
ITM012,Cooking Oil,Pantry,HH003,2026-06-05,0.06,liters,4,0,6,summer,0
ITM012,Cooking Oil,Pantry,HH003,2026-06-06,0.17,liters,5,1,6,summer,1
ITM012,Cooking Oil,Pantry,HH003,2026-06-08,0.05,liters,0,0,6,summer,0
ITM012,Cooking Oil,Pantry,HH003,2026-06-13,0.09,liters,5,1,6,summer,0
ITM012,Cooking Oil,Pantry,HH003,2026-06-14,0.08,liters,6,1,6,summer,0
ITM012,Cooking Oil,Pantry,HH003,2026-06-18,0.06,liters,3,0,6,summer,0
ITM012,Cooking Oil,Pantry,HH003,2026-06-29,0.06,liters,0,0,6,summer,0
ITM012,Cooking Oil,Pantry,HH004,2026-01-05,0.06,liters,0,0,1,winter,0
ITM012,Cooking Oil,Pantry,HH004,2026-01-08,0.06,liters,3,0,1,winter,0
ITM012,Cooking Oil,Pantry,HH004,2026-01-13,0.07,liters,1,0,1,winter,0
ITM012,Cooking Oil,Pantry,HH004,2026-01-16,0.07,liters,4,0,1,winter,0
ITM012,Cooking Oil,Pantry,HH004,2026-01-17,0.13,liters,5,1,1,winter,0
ITM012,Cooking Oil,Pantry,HH004,2026-01-27,0.05,liters,1,0,1,winter,0
ITM012,Cooking Oil,Pantry,HH004,2026-01-29,0.05,liters,3,0,1,winter,0
ITM012,Cooking Oil,Pantry,HH004,2026-01-31,0.07,liters,5,1,1,winter,0
ITM012,Cooking Oil,Pantry,HH004,2026-02-04,0.05,liters,2,0,2,winter,0
ITM012,Cooking Oil,Pantry,HH004,2026-02-05,0.06,liters,3,0,2,winter,0
ITM012,Cooking Oil,Pantry,HH004,2026-02-07,0.08,liters,5,1,2,winter,0
ITM012,Cooking Oil,Pantry,HH004,2026-02-08,0.08,liters,6,1,2,winter,0
ITM012,Cooking Oil,Pantry,HH004,2026-02-13,0.06,liters,4,0,2,winter,0
ITM012,Cooking Oil,Pantry,HH004,2026-02-21,0.1,liters,5,1,2,winter,0
ITM012,Cooking Oil,Pantry,HH004,2026-02-27,0.07,liters,4,0,2,winter,0
ITM012,Cooking Oil,Pantry,HH004,2026-03-02,0.04,liters,0,0,3,spring,0
ITM012,Cooking Oil,Pantry,HH004,2026-03-03,0.06,liters,1,0,3,spring,0
ITM012,Cooking Oil,Pantry,HH004,2026-03-04,0.07,liters,2,0,3,spring,0
ITM012,Cooking Oil,Pantry,HH004,2026-03-05,0.08,liters,3,0,3,spring,0
ITM012,Cooking Oil,Pantry,HH004,2026-03-08,0.15,liters,6,1,3,spring,1
ITM012,Cooking Oil,Pantry,HH004,2026-03-12,0.06,liters,3,0,3,spring,0
ITM012,Cooking Oil,Pantry,HH004,2026-03-13,0.06,liters,4,0,3,spring,0
ITM012,Cooking Oil,Pantry,HH004,2026-03-20,0.06,liters,4,0,3,spring,0
ITM012,Cooking Oil,Pantry,HH004,2026-03-22,0.12,liters,6,1,3,spring,0
ITM012,Cooking Oil,Pantry,HH004,2026-03-26,0.06,liters,3,0,3,spring,0
ITM012,Cooking Oil,Pantry,HH004,2026-03-27,0.07,liters,4,0,3,spring,0
ITM012,Cooking Oil,Pantry,HH004,2026-04-04,0.1,liters,5,1,4,spring,0
ITM012,Cooking Oil,Pantry,HH004,2026-04-08,0.06,liters,2,0,4,spring,0
ITM012,Cooking Oil,Pantry,HH004,2026-04-12,0.09,liters,6,1,4,spring,0
ITM012,Cooking Oil,Pantry,HH004,2026-04-13,0.08,liters,0,0,4,spring,0
ITM012,Cooking Oil,Pantry,HH004,2026-04-16,0.06,liters,3,0,4,spring,0
ITM012,Cooking Oil,Pantry,HH004,2026-04-17,0.06,liters,4,0,4,spring,0
ITM012,Cooking Oil,Pantry,HH004,2026-04-22,0.05,liters,2,0,4,spring,0
ITM012,Cooking Oil,Pantry,HH004,2026-04-30,0.06,liters,3,0,4,spring,0
ITM012,Cooking Oil,Pantry,HH004,2026-05-02,0.07,liters,5,1,5,spring,0
ITM012,Cooking Oil,Pantry,HH004,2026-05-04,0.04,liters,0,0,5,spring,0
ITM012,Cooking Oil,Pantry,HH004,2026-05-06,0.06,liters,2,0,5,spring,0
ITM012,Cooking Oil,Pantry,HH004,2026-05-10,0.09,liters,6,1,5,spring,0
ITM012,Cooking Oil,Pantry,HH004,2026-05-14,0.06,liters,3,0,5,spring,0
ITM012,Cooking Oil,Pantry,HH004,2026-05-16,0.11,liters,5,1,5,spring,0
ITM012,Cooking Oil,Pantry,HH004,2026-05-19,0.08,liters,1,0,5,spring,0
ITM012,Cooking Oil,Pantry,HH004,2026-05-20,0.06,liters,2,0,5,spring,0
ITM012,Cooking Oil,Pantry,HH004,2026-05-24,0.09,liters,6,1,5,spring,0
ITM012,Cooking Oil,Pantry,HH004,2026-05-26,0.06,liters,1,0,5,spring,0
ITM012,Cooking Oil,Pantry,HH004,2026-05-30,0.1,liters,5,1,5,spring,0
ITM012,Cooking Oil,Pantry,HH004,2026-06-01,0.06,liters,0,0,6,summer,0
ITM012,Cooking Oil,Pantry,HH004,2026-06-07,0.08,liters,6,1,6,summer,0
ITM012,Cooking Oil,Pantry,HH004,2026-06-08,0.05,liters,0,0,6,summer,0
ITM012,Cooking Oil,Pantry,HH004,2026-06-09,0.06,liters,1,0,6,summer,0
ITM012,Cooking Oil,Pantry,HH004,2026-06-11,0.09,liters,3,0,6,summer,0
ITM012,Cooking Oil,Pantry,HH004,2026-06-12,0.08,liters,4,0,6,summer,0
ITM012,Cooking Oil,Pantry,HH004,2026-06-14,0.1,liters,6,1,6,summer,0
ITM012,Cooking Oil,Pantry,HH004,2026-06-20,0.06,liters,5,1,6,summer,0
ITM012,Cooking Oil,Pantry,HH004,2026-06-22,0.06,liters,0,0,6,summer,0
ITM012,Cooking Oil,Pantry,HH004,2026-06-23,0.06,liters,1,0,6,summer,0
ITM012,Cooking Oil,Pantry,HH005,2026-01-08,0.03,liters,3,0,1,winter,0
ITM012,Cooking Oil,Pantry,HH005,2026-01-10,0.05,liters,5,1,1,winter,0
ITM012,Cooking Oil,Pantry,HH005,2026-01-11,0.07,liters,6,1,1,winter,0
ITM012,Cooking Oil,Pantry,HH005,2026-01-12,0.04,liters,0,0,1,winter,0
ITM012,Cooking Oil,Pantry,HH005,2026-01-23,0.04,liters,4,0,1,winter,0
ITM012,Cooking Oil,Pantry,HH005,2026-01-25,0.07,liters,6,1,1,winter,0
ITM012,Cooking Oil,Pantry,HH005,2026-01-29,0.04,liters,3,0,1,winter,0
ITM012,Cooking Oil,Pantry,HH005,2026-01-30,0.04,liters,4,0,1,winter,0
ITM012,Cooking Oil,Pantry,HH005,2026-02-03,0.03,liters,1,0,2,winter,0
ITM012,Cooking Oil,Pantry,HH005,2026-02-08,0.04,liters,6,1,2,winter,0
ITM012,Cooking Oil,Pantry,HH005,2026-02-13,0.03,liters,4,0,2,winter,0
ITM012,Cooking Oil,Pantry,HH005,2026-02-15,0.04,liters,6,1,2,winter,0
ITM012,Cooking Oil,Pantry,HH005,2026-02-17,0.04,liters,1,0,2,winter,0
ITM012,Cooking Oil,Pantry,HH005,2026-02-23,0.04,liters,0,0,2,winter,0
ITM012,Cooking Oil,Pantry,HH005,2026-02-26,0.04,liters,3,0,2,winter,0
ITM012,Cooking Oil,Pantry,HH005,2026-02-27,0.03,liters,4,0,2,winter,0
ITM012,Cooking Oil,Pantry,HH005,2026-03-01,0.06,liters,6,1,3,spring,0
ITM012,Cooking Oil,Pantry,HH005,2026-03-06,0.03,liters,4,0,3,spring,0
ITM012,Cooking Oil,Pantry,HH005,2026-03-09,0.03,liters,0,0,3,spring,0
ITM012,Cooking Oil,Pantry,HH005,2026-03-14,0.05,liters,5,1,3,spring,0
ITM012,Cooking Oil,Pantry,HH005,2026-03-18,0.03,liters,2,0,3,spring,0
ITM012,Cooking Oil,Pantry,HH005,2026-03-19,0.03,liters,3,0,3,spring,0
ITM012,Cooking Oil,Pantry,HH005,2026-03-22,0.04,liters,6,1,3,spring,0
ITM012,Cooking Oil,Pantry,HH005,2026-03-23,0.04,liters,0,0,3,spring,0
ITM012,Cooking Oil,Pantry,HH005,2026-03-26,0.04,liters,3,0,3,spring,0
ITM012,Cooking Oil,Pantry,HH005,2026-03-28,0.04,liters,5,1,3,spring,0
ITM012,Cooking Oil,Pantry,HH005,2026-03-29,0.05,liters,6,1,3,spring,0
ITM012,Cooking Oil,Pantry,HH005,2026-04-07,0.04,liters,1,0,4,spring,0
ITM012,Cooking Oil,Pantry,HH005,2026-04-11,0.05,liters,5,1,4,spring,0
ITM012,Cooking Oil,Pantry,HH005,2026-04-15,0.03,liters,2,0,4,spring,0
ITM012,Cooking Oil,Pantry,HH005,2026-04-19,0.05,liters,6,1,4,spring,0
ITM012,Cooking Oil,Pantry,HH005,2026-04-21,0.04,liters,1,0,4,spring,0
ITM012,Cooking Oil,Pantry,HH005,2026-04-23,0.04,liters,3,0,4,spring,0
ITM012,Cooking Oil,Pantry,HH005,2026-04-27,0.04,liters,0,0,4,spring,0
ITM012,Cooking Oil,Pantry,HH005,2026-04-28,0.03,liters,1,0,4,spring,0
ITM012,Cooking Oil,Pantry,HH005,2026-04-29,0.03,liters,2,0,4,spring,0
ITM012,Cooking Oil,Pantry,HH005,2026-04-30,0.03,liters,3,0,4,spring,0
ITM012,Cooking Oil,Pantry,HH005,2026-05-01,0.06,liters,4,0,5,spring,1
ITM012,Cooking Oil,Pantry,HH005,2026-05-04,0.03,liters,0,0,5,spring,0
ITM012,Cooking Oil,Pantry,HH005,2026-05-06,0.03,liters,2,0,5,spring,0
ITM012,Cooking Oil,Pantry,HH005,2026-05-07,0.03,liters,3,0,5,spring,0
ITM012,Cooking Oil,Pantry,HH005,2026-05-09,0.05,liters,5,1,5,spring,0
ITM012,Cooking Oil,Pantry,HH005,2026-05-17,0.06,liters,6,1,5,spring,0
ITM012,Cooking Oil,Pantry,HH005,2026-05-25,0.03,liters,0,0,5,spring,0
ITM012,Cooking Oil,Pantry,HH005,2026-05-27,0.02,liters,2,0,5,spring,0
ITM012,Cooking Oil,Pantry,HH005,2026-05-30,0.03,liters,5,1,5,spring,0
ITM012,Cooking Oil,Pantry,HH005,2026-06-01,0.03,liters,0,0,6,summer,0
ITM012,Cooking Oil,Pantry,HH005,2026-06-05,0.04,liters,4,0,6,summer,0
ITM012,Cooking Oil,Pantry,HH005,2026-06-16,0.04,liters,1,0,6,summer,0
ITM012,Cooking Oil,Pantry,HH005,2026-06-20,0.04,liters,5,1,6,summer,0
ITM012,Cooking Oil,Pantry,HH005,2026-06-21,0.04,liters,6,1,6,summer,0
ITM012,Cooking Oil,Pantry,HH005,2026-06-27,0.06,liters,5,1,6,summer,0
ITM012,Cooking Oil,Pantry,HH006,2026-01-01,0.06,liters,3,0,1,winter,1
ITM012,Cooking Oil,Pantry,HH006,2026-01-02,0.03,liters,4,0,1,winter,0
ITM012,Cooking Oil,Pantry,HH006,2026-01-05,0.04,liters,0,0,1,winter,0
ITM012,Cooking Oil,Pantry,HH006,2026-01-06,0.05,liters,1,0,1,winter,0
ITM012,Cooking Oil,Pantry,HH006,2026-01-16,0.03,liters,4,0,1,winter,0
ITM012,Cooking Oil,Pantry,HH006,2026-01-17,0.06,liters,5,1,1,winter,0
ITM012,Cooking Oil,Pantry,HH006,2026-01-18,0.06,liters,6,1,1,winter,0
ITM012,Cooking Oil,Pantry,HH006,2026-01-20,0.05,liters,1,0,1,winter,0
ITM012,Cooking Oil,Pantry,HH006,2026-01-23,0.05,liters,4,0,1,winter,0
ITM012,Cooking Oil,Pantry,HH006,2026-01-24,0.06,liters,5,1,1,winter,0
ITM012,Cooking Oil,Pantry,HH006,2026-01-25,0.08,liters,6,1,1,winter,0
ITM012,Cooking Oil,Pantry,HH006,2026-01-29,0.05,liters,3,0,1,winter,0
ITM012,Cooking Oil,Pantry,HH006,2026-01-31,0.06,liters,5,1,1,winter,0
ITM012,Cooking Oil,Pantry,HH006,2026-02-02,0.04,liters,0,0,2,winter,0
ITM012,Cooking Oil,Pantry,HH006,2026-02-08,0.08,liters,6,1,2,winter,0
ITM012,Cooking Oil,Pantry,HH006,2026-02-12,0.04,liters,3,0,2,winter,0
ITM012,Cooking Oil,Pantry,HH006,2026-02-15,0.07,liters,6,1,2,winter,0
ITM012,Cooking Oil,Pantry,HH006,2026-02-17,0.05,liters,1,0,2,winter,0
ITM012,Cooking Oil,Pantry,HH006,2026-02-18,0.03,liters,2,0,2,winter,0
ITM012,Cooking Oil,Pantry,HH006,2026-02-20,0.04,liters,4,0,2,winter,0
ITM012,Cooking Oil,Pantry,HH006,2026-02-25,0.04,liters,2,0,2,winter,0
ITM012,Cooking Oil,Pantry,HH006,2026-02-28,0.06,liters,5,1,2,winter,0
ITM012,Cooking Oil,Pantry,HH006,2026-03-03,0.04,liters,1,0,3,spring,0
ITM012,Cooking Oil,Pantry,HH006,2026-03-04,0.04,liters,2,0,3,spring,0
ITM012,Cooking Oil,Pantry,HH006,2026-03-05,0.04,liters,3,0,3,spring,0
ITM012,Cooking Oil,Pantry,HH006,2026-03-09,0.04,liters,0,0,3,spring,0
ITM012,Cooking Oil,Pantry,HH006,2026-03-10,0.03,liters,1,0,3,spring,0
ITM012,Cooking Oil,Pantry,HH006,2026-03-12,0.04,liters,3,0,3,spring,0
ITM012,Cooking Oil,Pantry,HH006,2026-03-14,0.06,liters,5,1,3,spring,0
ITM012,Cooking Oil,Pantry,HH006,2026-03-15,0.07,liters,6,1,3,spring,0
ITM012,Cooking Oil,Pantry,HH006,2026-03-18,0.03,liters,2,0,3,spring,0
ITM012,Cooking Oil,Pantry,HH006,2026-04-02,0.05,liters,3,0,4,spring,0
ITM012,Cooking Oil,Pantry,HH006,2026-04-03,0.04,liters,4,0,4,spring,0
ITM012,Cooking Oil,Pantry,HH006,2026-04-10,0.04,liters,4,0,4,spring,0
ITM012,Cooking Oil,Pantry,HH006,2026-04-11,0.05,liters,5,1,4,spring,0
ITM012,Cooking Oil,Pantry,HH006,2026-04-18,0.06,liters,5,1,4,spring,0
ITM012,Cooking Oil,Pantry,HH006,2026-04-24,0.03,liters,4,0,4,spring,0
ITM012,Cooking Oil,Pantry,HH006,2026-04-25,0.05,liters,5,1,4,spring,0
ITM012,Cooking Oil,Pantry,HH006,2026-04-27,0.04,liters,0,0,4,spring,0
ITM012,Cooking Oil,Pantry,HH006,2026-05-04,0.04,liters,0,0,5,spring,0
ITM012,Cooking Oil,Pantry,HH006,2026-05-11,0.05,liters,0,0,5,spring,0
ITM012,Cooking Oil,Pantry,HH006,2026-05-12,0.05,liters,1,0,5,spring,0
ITM012,Cooking Oil,Pantry,HH006,2026-05-13,0.05,liters,2,0,5,spring,0
ITM012,Cooking Oil,Pantry,HH006,2026-05-18,0.05,liters,0,0,5,spring,0
ITM012,Cooking Oil,Pantry,HH006,2026-05-20,0.04,liters,2,0,5,spring,0
ITM012,Cooking Oil,Pantry,HH006,2026-05-21,0.04,liters,3,0,5,spring,0
ITM012,Cooking Oil,Pantry,HH006,2026-05-24,0.07,liters,6,1,5,spring,0
ITM012,Cooking Oil,Pantry,HH006,2026-05-27,0.04,liters,2,0,5,spring,0
ITM012,Cooking Oil,Pantry,HH006,2026-05-28,0.04,liters,3,0,5,spring,0
ITM012,Cooking Oil,Pantry,HH006,2026-06-04,0.04,liters,3,0,6,summer,0
ITM012,Cooking Oil,Pantry,HH006,2026-06-06,0.06,liters,5,1,6,summer,1
ITM012,Cooking Oil,Pantry,HH006,2026-06-17,0.04,liters,2,0,6,summer,0
ITM012,Cooking Oil,Pantry,HH006,2026-06-19,0.04,liters,4,0,6,summer,0
ITM012,Cooking Oil,Pantry,HH006,2026-06-22,0.04,liters,0,0,6,summer,0
ITM012,Cooking Oil,Pantry,HH006,2026-06-25,0.03,liters,3,0,6,summer,0
ITM012,Cooking Oil,Pantry,HH006,2026-06-27,0.05,liters,5,1,6,summer,0
ITM012,Cooking Oil,Pantry,HH007,2026-01-05,0.04,liters,0,0,1,winter,0
ITM012,Cooking Oil,Pantry,HH007,2026-01-06,0.04,liters,1,0,1,winter,0
ITM012,Cooking Oil,Pantry,HH007,2026-01-08,0.05,liters,3,0,1,winter,0
ITM012,Cooking Oil,Pantry,HH007,2026-01-09,0.04,liters,4,0,1,winter,0
ITM012,Cooking Oil,Pantry,HH007,2026-01-15,0.05,liters,3,0,1,winter,0
ITM012,Cooking Oil,Pantry,HH007,2026-01-29,0.05,liters,3,0,1,winter,0
ITM012,Cooking Oil,Pantry,HH007,2026-01-30,0.04,liters,4,0,1,winter,0
ITM012,Cooking Oil,Pantry,HH007,2026-02-01,0.07,liters,6,1,2,winter,0
ITM012,Cooking Oil,Pantry,HH007,2026-02-02,0.03,liters,0,0,2,winter,0
ITM012,Cooking Oil,Pantry,HH007,2026-02-04,0.05,liters,2,0,2,winter,0
ITM012,Cooking Oil,Pantry,HH007,2026-02-13,0.04,liters,4,0,2,winter,0
ITM012,Cooking Oil,Pantry,HH007,2026-02-15,0.08,liters,6,1,2,winter,0
ITM012,Cooking Oil,Pantry,HH007,2026-02-20,0.04,liters,4,0,2,winter,0
ITM012,Cooking Oil,Pantry,HH007,2026-02-22,0.05,liters,6,1,2,winter,0
ITM012,Cooking Oil,Pantry,HH007,2026-03-02,0.05,liters,0,0,3,spring,0
ITM012,Cooking Oil,Pantry,HH007,2026-03-05,0.05,liters,3,0,3,spring,0
ITM012,Cooking Oil,Pantry,HH007,2026-03-19,0.05,liters,3,0,3,spring,0
ITM012,Cooking Oil,Pantry,HH007,2026-03-28,0.08,liters,5,1,3,spring,0
ITM012,Cooking Oil,Pantry,HH007,2026-04-01,0.05,liters,2,0,4,spring,0
ITM012,Cooking Oil,Pantry,HH007,2026-04-02,0.05,liters,3,0,4,spring,0
ITM012,Cooking Oil,Pantry,HH007,2026-04-03,0.04,liters,4,0,4,spring,0
ITM012,Cooking Oil,Pantry,HH007,2026-04-04,0.07,liters,5,1,4,spring,0
ITM012,Cooking Oil,Pantry,HH007,2026-04-05,0.07,liters,6,1,4,spring,0
ITM012,Cooking Oil,Pantry,HH007,2026-04-08,0.05,liters,2,0,4,spring,0
ITM012,Cooking Oil,Pantry,HH007,2026-04-13,0.04,liters,0,0,4,spring,0
ITM012,Cooking Oil,Pantry,HH007,2026-04-14,0.08,liters,1,0,4,spring,1
ITM012,Cooking Oil,Pantry,HH007,2026-04-17,0.06,liters,4,0,4,spring,0
ITM012,Cooking Oil,Pantry,HH007,2026-04-18,0.05,liters,5,1,4,spring,0
ITM012,Cooking Oil,Pantry,HH007,2026-04-19,0.07,liters,6,1,4,spring,0
ITM012,Cooking Oil,Pantry,HH007,2026-04-21,0.04,liters,1,0,4,spring,0
ITM012,Cooking Oil,Pantry,HH007,2026-04-22,0.06,liters,2,0,4,spring,0
ITM012,Cooking Oil,Pantry,HH007,2026-04-28,0.06,liters,1,0,4,spring,0
ITM012,Cooking Oil,Pantry,HH007,2026-04-30,0.05,liters,3,0,4,spring,0
ITM012,Cooking Oil,Pantry,HH007,2026-05-01,0.06,liters,4,0,5,spring,1
ITM012,Cooking Oil,Pantry,HH007,2026-05-05,0.05,liters,1,0,5,spring,0
ITM012,Cooking Oil,Pantry,HH007,2026-05-09,0.08,liters,5,1,5,spring,0
ITM012,Cooking Oil,Pantry,HH007,2026-05-20,0.04,liters,2,0,5,spring,0
ITM012,Cooking Oil,Pantry,HH007,2026-05-23,0.06,liters,5,1,5,spring,0
ITM012,Cooking Oil,Pantry,HH007,2026-05-24,0.06,liters,6,1,5,spring,0
ITM012,Cooking Oil,Pantry,HH007,2026-05-28,0.04,liters,3,0,5,spring,0
ITM012,Cooking Oil,Pantry,HH007,2026-05-29,0.07,liters,4,0,5,spring,0
ITM012,Cooking Oil,Pantry,HH007,2026-05-30,0.08,liters,5,1,5,spring,0
ITM012,Cooking Oil,Pantry,HH007,2026-06-01,0.06,liters,0,0,6,summer,0
ITM012,Cooking Oil,Pantry,HH007,2026-06-11,0.04,liters,3,0,6,summer,0
ITM012,Cooking Oil,Pantry,HH007,2026-06-12,0.05,liters,4,0,6,summer,0
ITM012,Cooking Oil,Pantry,HH007,2026-06-23,0.05,liters,1,0,6,summer,0
ITM012,Cooking Oil,Pantry,HH007,2026-06-24,0.04,liters,2,0,6,summer,0
ITM012,Cooking Oil,Pantry,HH007,2026-06-28,0.08,liters,6,1,6,summer,0
ITM012,Cooking Oil,Pantry,HH008,2026-01-02,0.06,liters,4,0,1,winter,0
ITM012,Cooking Oil,Pantry,HH008,2026-01-07,0.05,liters,2,0,1,winter,0
ITM012,Cooking Oil,Pantry,HH008,2026-01-08,0.06,liters,3,0,1,winter,0
ITM012,Cooking Oil,Pantry,HH008,2026-01-13,0.07,liters,1,0,1,winter,0
ITM012,Cooking Oil,Pantry,HH008,2026-01-15,0.06,liters,3,0,1,winter,0
ITM012,Cooking Oil,Pantry,HH008,2026-01-16,0.07,liters,4,0,1,winter,0
ITM012,Cooking Oil,Pantry,HH008,2026-01-17,0.06,liters,5,1,1,winter,0
ITM012,Cooking Oil,Pantry,HH008,2026-01-18,0.08,liters,6,1,1,winter,0
ITM012,Cooking Oil,Pantry,HH008,2026-01-24,0.11,liters,5,1,1,winter,0
ITM012,Cooking Oil,Pantry,HH008,2026-01-28,0.06,liters,2,0,1,winter,0
ITM012,Cooking Oil,Pantry,HH008,2026-02-01,0.07,liters,6,1,2,winter,0
ITM012,Cooking Oil,Pantry,HH008,2026-02-10,0.04,liters,1,0,2,winter,0
ITM012,Cooking Oil,Pantry,HH008,2026-02-13,0.05,liters,4,0,2,winter,0
ITM012,Cooking Oil,Pantry,HH008,2026-02-16,0.06,liters,0,0,2,winter,0
ITM012,Cooking Oil,Pantry,HH008,2026-02-17,0.07,liters,1,0,2,winter,0
ITM012,Cooking Oil,Pantry,HH008,2026-02-18,0.05,liters,2,0,2,winter,0
ITM012,Cooking Oil,Pantry,HH008,2026-02-25,0.06,liters,2,0,2,winter,0
ITM012,Cooking Oil,Pantry,HH008,2026-02-27,0.05,liters,4,0,2,winter,0
ITM012,Cooking Oil,Pantry,HH008,2026-03-03,0.04,liters,1,0,3,spring,0
ITM012,Cooking Oil,Pantry,HH008,2026-03-05,0.07,liters,3,0,3,spring,0
ITM012,Cooking Oil,Pantry,HH008,2026-03-06,0.06,liters,4,0,3,spring,0
ITM012,Cooking Oil,Pantry,HH008,2026-03-08,0.13,liters,6,1,3,spring,1
ITM012,Cooking Oil,Pantry,HH008,2026-03-10,0.05,liters,1,0,3,spring,0
ITM012,Cooking Oil,Pantry,HH008,2026-03-11,0.05,liters,2,0,3,spring,0
ITM012,Cooking Oil,Pantry,HH008,2026-03-12,0.05,liters,3,0,3,spring,0
ITM012,Cooking Oil,Pantry,HH008,2026-03-17,0.05,liters,1,0,3,spring,0
ITM012,Cooking Oil,Pantry,HH008,2026-03-19,0.07,liters,3,0,3,spring,0
ITM012,Cooking Oil,Pantry,HH008,2026-03-22,0.09,liters,6,1,3,spring,0
ITM012,Cooking Oil,Pantry,HH008,2026-03-25,0.05,liters,2,0,3,spring,0
ITM012,Cooking Oil,Pantry,HH008,2026-03-26,0.07,liters,3,0,3,spring,0
ITM012,Cooking Oil,Pantry,HH008,2026-03-27,0.07,liters,4,0,3,spring,0
ITM012,Cooking Oil,Pantry,HH008,2026-03-29,0.06,liters,6,1,3,spring,0
ITM012,Cooking Oil,Pantry,HH008,2026-04-01,0.07,liters,2,0,4,spring,0
ITM012,Cooking Oil,Pantry,HH008,2026-04-08,0.05,liters,2,0,4,spring,0
ITM012,Cooking Oil,Pantry,HH008,2026-04-11,0.09,liters,5,1,4,spring,0
ITM012,Cooking Oil,Pantry,HH008,2026-04-12,0.07,liters,6,1,4,spring,0
ITM012,Cooking Oil,Pantry,HH008,2026-04-16,0.06,liters,3,0,4,spring,0
ITM012,Cooking Oil,Pantry,HH008,2026-04-17,0.05,liters,4,0,4,spring,0
ITM012,Cooking Oil,Pantry,HH008,2026-04-20,0.06,liters,0,0,4,spring,0
ITM012,Cooking Oil,Pantry,HH008,2026-04-21,0.05,liters,1,0,4,spring,0
ITM012,Cooking Oil,Pantry,HH008,2026-04-23,0.05,liters,3,0,4,spring,0
ITM012,Cooking Oil,Pantry,HH008,2026-04-25,0.09,liters,5,1,4,spring,0
ITM012,Cooking Oil,Pantry,HH008,2026-04-26,0.08,liters,6,1,4,spring,0
ITM012,Cooking Oil,Pantry,HH008,2026-05-04,0.05,liters,0,0,5,spring,0
ITM012,Cooking Oil,Pantry,HH008,2026-05-05,0.06,liters,1,0,5,spring,0
ITM012,Cooking Oil,Pantry,HH008,2026-05-07,0.06,liters,3,0,5,spring,0
ITM012,Cooking Oil,Pantry,HH008,2026-05-10,0.09,liters,6,1,5,spring,0
ITM012,Cooking Oil,Pantry,HH008,2026-05-13,0.04,liters,2,0,5,spring,0
ITM012,Cooking Oil,Pantry,HH008,2026-05-15,0.05,liters,4,0,5,spring,0
ITM012,Cooking Oil,Pantry,HH008,2026-05-17,0.05,liters,6,1,5,spring,0
ITM012,Cooking Oil,Pantry,HH008,2026-05-18,0.06,liters,0,0,5,spring,0
ITM012,Cooking Oil,Pantry,HH008,2026-05-22,0.07,liters,4,0,5,spring,0
ITM012,Cooking Oil,Pantry,HH008,2026-05-31,0.08,liters,6,1,5,spring,0
ITM012,Cooking Oil,Pantry,HH008,2026-06-01,0.06,liters,0,0,6,summer,0
ITM012,Cooking Oil,Pantry,HH008,2026-06-11,0.05,liters,3,0,6,summer,0
ITM012,Cooking Oil,Pantry,HH008,2026-06-18,0.06,liters,3,0,6,summer,0
ITM012,Cooking Oil,Pantry,HH008,2026-06-19,0.05,liters,4,0,6,summer,0
ITM012,Cooking Oil,Pantry,HH008,2026-06-21,0.07,liters,6,1,6,summer,0
ITM012,Cooking Oil,Pantry,HH008,2026-06-23,0.05,liters,1,0,6,summer,0
ITM012,Cooking Oil,Pantry,HH008,2026-06-26,0.04,liters,4,0,6,summer,0
ITM012,Cooking Oil,Pantry,HH008,2026-06-29,0.07,liters,0,0,6,summer,0
ITM012,Cooking Oil,Pantry,HH009,2026-01-01,0.1,liters,3,0,1,winter,1
ITM012,Cooking Oil,Pantry,HH009,2026-01-05,0.06,liters,0,0,1,winter,0
ITM012,Cooking Oil,Pantry,HH009,2026-01-12,0.06,liters,0,0,1,winter,0
ITM012,Cooking Oil,Pantry,HH009,2026-01-18,0.1,liters,6,1,1,winter,0
ITM012,Cooking Oil,Pantry,HH009,2026-01-21,0.05,liters,2,0,1,winter,0
ITM012,Cooking Oil,Pantry,HH009,2026-01-28,0.09,liters,2,0,1,winter,0
ITM012,Cooking Oil,Pantry,HH009,2026-02-02,0.05,liters,0,0,2,winter,0
ITM012,Cooking Oil,Pantry,HH009,2026-02-18,0.08,liters,2,0,2,winter,0
ITM012,Cooking Oil,Pantry,HH009,2026-02-28,0.09,liters,5,1,2,winter,0
ITM012,Cooking Oil,Pantry,HH009,2026-03-13,0.06,liters,4,0,3,spring,0
ITM012,Cooking Oil,Pantry,HH009,2026-03-19,0.07,liters,3,0,3,spring,0
ITM012,Cooking Oil,Pantry,HH009,2026-03-22,0.09,liters,6,1,3,spring,0
ITM012,Cooking Oil,Pantry,HH009,2026-03-25,0.08,liters,2,0,3,spring,0
ITM012,Cooking Oil,Pantry,HH009,2026-03-30,0.06,liters,0,0,3,spring,0
ITM012,Cooking Oil,Pantry,HH009,2026-04-01,0.06,liters,2,0,4,spring,0
ITM012,Cooking Oil,Pantry,HH009,2026-04-03,0.08,liters,4,0,4,spring,0
ITM012,Cooking Oil,Pantry,HH009,2026-04-05,0.1,liters,6,1,4,spring,0
ITM012,Cooking Oil,Pantry,HH009,2026-04-09,0.05,liters,3,0,4,spring,0
ITM012,Cooking Oil,Pantry,HH009,2026-04-14,0.07,liters,1,0,4,spring,1
ITM012,Cooking Oil,Pantry,HH009,2026-04-15,0.08,liters,2,0,4,spring,0
ITM012,Cooking Oil,Pantry,HH009,2026-04-20,0.06,liters,0,0,4,spring,0
ITM012,Cooking Oil,Pantry,HH009,2026-04-23,0.07,liters,3,0,4,spring,0
ITM012,Cooking Oil,Pantry,HH009,2026-04-29,0.07,liters,2,0,4,spring,0
ITM012,Cooking Oil,Pantry,HH009,2026-05-01,0.1,liters,4,0,5,spring,1
ITM012,Cooking Oil,Pantry,HH009,2026-05-03,0.08,liters,6,1,5,spring,0
ITM012,Cooking Oil,Pantry,HH009,2026-05-12,0.08,liters,1,0,5,spring,0
ITM012,Cooking Oil,Pantry,HH009,2026-05-14,0.05,liters,3,0,5,spring,0
ITM012,Cooking Oil,Pantry,HH009,2026-05-16,0.08,liters,5,1,5,spring,0
ITM012,Cooking Oil,Pantry,HH009,2026-05-20,0.07,liters,2,0,5,spring,0
ITM012,Cooking Oil,Pantry,HH009,2026-05-25,0.07,liters,0,0,5,spring,0
ITM012,Cooking Oil,Pantry,HH009,2026-05-26,0.05,liters,1,0,5,spring,0
ITM012,Cooking Oil,Pantry,HH009,2026-05-27,0.06,liters,2,0,5,spring,0
ITM012,Cooking Oil,Pantry,HH009,2026-06-01,0.05,liters,0,0,6,summer,0
ITM012,Cooking Oil,Pantry,HH009,2026-06-08,0.06,liters,0,0,6,summer,0
ITM012,Cooking Oil,Pantry,HH009,2026-06-12,0.06,liters,4,0,6,summer,0
ITM012,Cooking Oil,Pantry,HH009,2026-06-13,0.09,liters,5,1,6,summer,0
ITM012,Cooking Oil,Pantry,HH009,2026-06-15,0.05,liters,0,0,6,summer,0
ITM012,Cooking Oil,Pantry,HH009,2026-06-16,0.06,liters,1,0,6,summer,0
ITM012,Cooking Oil,Pantry,HH009,2026-06-21,0.11,liters,6,1,6,summer,0
ITM012,Cooking Oil,Pantry,HH009,2026-06-24,0.07,liters,2,0,6,summer,0
ITM012,Cooking Oil,Pantry,HH009,2026-06-27,0.11,liters,5,1,6,summer,0
ITM012,Cooking Oil,Pantry,HH009,2026-06-29,0.08,liters,0,0,6,summer,0
ITM012,Cooking Oil,Pantry,HH010,2026-01-05,0.03,liters,0,0,1,winter,0
ITM012,Cooking Oil,Pantry,HH010,2026-01-06,0.04,liters,1,0,1,winter,0
ITM012,Cooking Oil,Pantry,HH010,2026-01-08,0.03,liters,3,0,1,winter,0
ITM012,Cooking Oil,Pantry,HH010,2026-01-11,0.04,liters,6,1,1,winter,0
ITM012,Cooking Oil,Pantry,HH010,2026-01-13,0.03,liters,1,0,1,winter,0
ITM012,Cooking Oil,Pantry,HH010,2026-01-20,0.03,liters,1,0,1,winter,0
ITM012,Cooking Oil,Pantry,HH010,2026-01-21,0.04,liters,2,0,1,winter,0
ITM012,Cooking Oil,Pantry,HH010,2026-01-22,0.03,liters,3,0,1,winter,0
ITM012,Cooking Oil,Pantry,HH010,2026-01-29,0.03,liters,3,0,1,winter,0
ITM012,Cooking Oil,Pantry,HH010,2026-01-30,0.03,liters,4,0,1,winter,0
ITM012,Cooking Oil,Pantry,HH010,2026-02-05,0.04,liters,3,0,2,winter,0
ITM012,Cooking Oil,Pantry,HH010,2026-02-06,0.04,liters,4,0,2,winter,0
ITM012,Cooking Oil,Pantry,HH010,2026-02-07,0.05,liters,5,1,2,winter,0
ITM012,Cooking Oil,Pantry,HH010,2026-02-08,0.05,liters,6,1,2,winter,0
ITM012,Cooking Oil,Pantry,HH010,2026-02-10,0.04,liters,1,0,2,winter,0
ITM012,Cooking Oil,Pantry,HH010,2026-02-13,0.03,liters,4,0,2,winter,0
ITM012,Cooking Oil,Pantry,HH010,2026-02-20,0.03,liters,4,0,2,winter,0
ITM012,Cooking Oil,Pantry,HH010,2026-02-21,0.04,liters,5,1,2,winter,0
ITM012,Cooking Oil,Pantry,HH010,2026-02-28,0.04,liters,5,1,2,winter,0
ITM012,Cooking Oil,Pantry,HH010,2026-03-03,0.03,liters,1,0,3,spring,0
ITM012,Cooking Oil,Pantry,HH010,2026-03-04,0.04,liters,2,0,3,spring,0
ITM012,Cooking Oil,Pantry,HH010,2026-03-06,0.02,liters,4,0,3,spring,0
ITM012,Cooking Oil,Pantry,HH010,2026-03-08,0.08,liters,6,1,3,spring,1
ITM012,Cooking Oil,Pantry,HH010,2026-03-09,0.03,liters,0,0,3,spring,0
ITM012,Cooking Oil,Pantry,HH010,2026-03-10,0.04,liters,1,0,3,spring,0
ITM012,Cooking Oil,Pantry,HH010,2026-03-14,0.05,liters,5,1,3,spring,0
ITM012,Cooking Oil,Pantry,HH010,2026-03-21,0.05,liters,5,1,3,spring,0
ITM012,Cooking Oil,Pantry,HH010,2026-03-25,0.04,liters,2,0,3,spring,0
ITM012,Cooking Oil,Pantry,HH010,2026-03-31,0.03,liters,1,0,3,spring,0
ITM012,Cooking Oil,Pantry,HH010,2026-04-05,0.05,liters,6,1,4,spring,0
ITM012,Cooking Oil,Pantry,HH010,2026-04-06,0.03,liters,0,0,4,spring,0
ITM012,Cooking Oil,Pantry,HH010,2026-04-11,0.04,liters,5,1,4,spring,0
ITM012,Cooking Oil,Pantry,HH010,2026-04-14,0.06,liters,1,0,4,spring,1
ITM012,Cooking Oil,Pantry,HH010,2026-04-16,0.02,liters,3,0,4,spring,0
ITM012,Cooking Oil,Pantry,HH010,2026-04-17,0.03,liters,4,0,4,spring,0
ITM012,Cooking Oil,Pantry,HH010,2026-04-21,0.03,liters,1,0,4,spring,0
ITM012,Cooking Oil,Pantry,HH010,2026-04-23,0.03,liters,3,0,4,spring,0
ITM012,Cooking Oil,Pantry,HH010,2026-04-24,0.04,liters,4,0,4,spring,0
ITM012,Cooking Oil,Pantry,HH010,2026-04-27,0.02,liters,0,0,4,spring,0
ITM012,Cooking Oil,Pantry,HH010,2026-04-28,0.03,liters,1,0,4,spring,0
ITM012,Cooking Oil,Pantry,HH010,2026-05-02,0.04,liters,5,1,5,spring,0
ITM012,Cooking Oil,Pantry,HH010,2026-05-11,0.02,liters,0,0,5,spring,0
ITM012,Cooking Oil,Pantry,HH010,2026-05-12,0.03,liters,1,0,5,spring,0
ITM012,Cooking Oil,Pantry,HH010,2026-05-21,0.03,liters,3,0,5,spring,0
ITM012,Cooking Oil,Pantry,HH010,2026-05-25,0.04,liters,0,0,5,spring,0
ITM012,Cooking Oil,Pantry,HH010,2026-06-03,0.03,liters,2,0,6,summer,0
ITM012,Cooking Oil,Pantry,HH010,2026-06-08,0.04,liters,0,0,6,summer,0
ITM012,Cooking Oil,Pantry,HH010,2026-06-21,0.04,liters,6,1,6,summer,0
ITM012,Cooking Oil,Pantry,HH010,2026-06-26,0.02,liters,4,0,6,summer,0
ITM012,Cooking Oil,Pantry,HH011,2026-01-01,0.07,liters,3,0,1,winter,1
ITM012,Cooking Oil,Pantry,HH011,2026-01-07,0.03,liters,2,0,1,winter,0
ITM012,Cooking Oil,Pantry,HH011,2026-01-09,0.04,liters,4,0,1,winter,0
ITM012,Cooking Oil,Pantry,HH011,2026-01-10,0.05,liters,5,1,1,winter,0
ITM012,Cooking Oil,Pantry,HH011,2026-01-14,0.04,liters,2,0,1,winter,0
ITM012,Cooking Oil,Pantry,HH011,2026-01-18,0.07,liters,6,1,1,winter,0
ITM012,Cooking Oil,Pantry,HH011,2026-01-22,0.05,liters,3,0,1,winter,0
ITM012,Cooking Oil,Pantry,HH011,2026-01-28,0.05,liters,2,0,1,winter,0
ITM012,Cooking Oil,Pantry,HH011,2026-02-01,0.04,liters,6,1,2,winter,0
ITM012,Cooking Oil,Pantry,HH011,2026-02-02,0.04,liters,0,0,2,winter,0
ITM012,Cooking Oil,Pantry,HH011,2026-02-05,0.04,liters,3,0,2,winter,0
ITM012,Cooking Oil,Pantry,HH011,2026-02-06,0.04,liters,4,0,2,winter,0
ITM012,Cooking Oil,Pantry,HH011,2026-02-09,0.03,liters,0,0,2,winter,0
ITM012,Cooking Oil,Pantry,HH011,2026-02-10,0.04,liters,1,0,2,winter,0
ITM012,Cooking Oil,Pantry,HH011,2026-02-20,0.04,liters,4,0,2,winter,0
ITM012,Cooking Oil,Pantry,HH011,2026-02-23,0.05,liters,0,0,2,winter,0
ITM012,Cooking Oil,Pantry,HH011,2026-03-12,0.05,liters,3,0,3,spring,0
ITM012,Cooking Oil,Pantry,HH011,2026-03-25,0.05,liters,2,0,3,spring,0
ITM012,Cooking Oil,Pantry,HH011,2026-03-29,0.05,liters,6,1,3,spring,0
ITM012,Cooking Oil,Pantry,HH011,2026-03-30,0.04,liters,0,0,3,spring,0
ITM012,Cooking Oil,Pantry,HH011,2026-04-01,0.05,liters,2,0,4,spring,0
ITM012,Cooking Oil,Pantry,HH011,2026-04-03,0.04,liters,4,0,4,spring,0
ITM012,Cooking Oil,Pantry,HH011,2026-04-09,0.04,liters,3,0,4,spring,0
ITM012,Cooking Oil,Pantry,HH011,2026-04-18,0.05,liters,5,1,4,spring,0
ITM012,Cooking Oil,Pantry,HH011,2026-04-21,0.03,liters,1,0,4,spring,0
ITM012,Cooking Oil,Pantry,HH011,2026-04-22,0.04,liters,2,0,4,spring,0
ITM012,Cooking Oil,Pantry,HH011,2026-04-23,0.04,liters,3,0,4,spring,0
ITM012,Cooking Oil,Pantry,HH011,2026-04-28,0.05,liters,1,0,4,spring,0
ITM012,Cooking Oil,Pantry,HH011,2026-04-29,0.04,liters,2,0,4,spring,0
ITM012,Cooking Oil,Pantry,HH011,2026-05-02,0.05,liters,5,1,5,spring,0
ITM012,Cooking Oil,Pantry,HH011,2026-05-03,0.06,liters,6,1,5,spring,0
ITM012,Cooking Oil,Pantry,HH011,2026-05-06,0.04,liters,2,0,5,spring,0
ITM012,Cooking Oil,Pantry,HH011,2026-05-07,0.04,liters,3,0,5,spring,0
ITM012,Cooking Oil,Pantry,HH011,2026-05-08,0.05,liters,4,0,5,spring,0
ITM012,Cooking Oil,Pantry,HH011,2026-05-09,0.06,liters,5,1,5,spring,0
ITM012,Cooking Oil,Pantry,HH011,2026-05-10,0.08,liters,6,1,5,spring,0
ITM012,Cooking Oil,Pantry,HH011,2026-05-12,0.05,liters,1,0,5,spring,0
ITM012,Cooking Oil,Pantry,HH011,2026-05-15,0.04,liters,4,0,5,spring,0
ITM012,Cooking Oil,Pantry,HH011,2026-05-17,0.07,liters,6,1,5,spring,0
ITM012,Cooking Oil,Pantry,HH011,2026-05-26,0.04,liters,1,0,5,spring,0
ITM012,Cooking Oil,Pantry,HH011,2026-05-27,0.04,liters,2,0,5,spring,0
ITM012,Cooking Oil,Pantry,HH011,2026-05-31,0.04,liters,6,1,5,spring,0
ITM012,Cooking Oil,Pantry,HH011,2026-06-10,0.04,liters,2,0,6,summer,0
ITM012,Cooking Oil,Pantry,HH011,2026-06-11,0.04,liters,3,0,6,summer,0
ITM012,Cooking Oil,Pantry,HH011,2026-06-15,0.04,liters,0,0,6,summer,0
ITM012,Cooking Oil,Pantry,HH011,2026-06-16,0.03,liters,1,0,6,summer,0
ITM012,Cooking Oil,Pantry,HH011,2026-06-19,0.05,liters,4,0,6,summer,0
ITM012,Cooking Oil,Pantry,HH011,2026-06-27,0.06,liters,5,1,6,summer,0
ITM012,Cooking Oil,Pantry,HH012,2026-01-05,0.05,liters,0,0,1,winter,0
ITM012,Cooking Oil,Pantry,HH012,2026-01-11,0.07,liters,6,1,1,winter,0
ITM012,Cooking Oil,Pantry,HH012,2026-01-12,0.05,liters,0,0,1,winter,0
ITM012,Cooking Oil,Pantry,HH012,2026-01-14,0.05,liters,2,0,1,winter,0
ITM012,Cooking Oil,Pantry,HH012,2026-01-17,0.06,liters,5,1,1,winter,0
ITM012,Cooking Oil,Pantry,HH012,2026-01-19,0.04,liters,0,0,1,winter,0
ITM012,Cooking Oil,Pantry,HH012,2026-01-20,0.04,liters,1,0,1,winter,0
ITM012,Cooking Oil,Pantry,HH012,2026-01-21,0.04,liters,2,0,1,winter,0
ITM012,Cooking Oil,Pantry,HH012,2026-01-22,0.04,liters,3,0,1,winter,0
ITM012,Cooking Oil,Pantry,HH012,2026-01-25,0.07,liters,6,1,1,winter,0
ITM012,Cooking Oil,Pantry,HH012,2026-01-27,0.05,liters,1,0,1,winter,0
ITM012,Cooking Oil,Pantry,HH012,2026-01-28,0.04,liters,2,0,1,winter,0
ITM012,Cooking Oil,Pantry,HH012,2026-02-04,0.05,liters,2,0,2,winter,0
ITM012,Cooking Oil,Pantry,HH012,2026-02-11,0.05,liters,2,0,2,winter,0
ITM012,Cooking Oil,Pantry,HH012,2026-02-12,0.05,liters,3,0,2,winter,0
ITM012,Cooking Oil,Pantry,HH012,2026-02-15,0.05,liters,6,1,2,winter,0
ITM012,Cooking Oil,Pantry,HH012,2026-02-16,0.05,liters,0,0,2,winter,0
ITM012,Cooking Oil,Pantry,HH012,2026-02-23,0.05,liters,0,0,2,winter,0
ITM012,Cooking Oil,Pantry,HH012,2026-03-07,0.05,liters,5,1,3,spring,0
ITM012,Cooking Oil,Pantry,HH012,2026-03-08,0.06,liters,6,1,3,spring,1
ITM012,Cooking Oil,Pantry,HH012,2026-03-09,0.05,liters,0,0,3,spring,0
ITM012,Cooking Oil,Pantry,HH012,2026-03-15,0.08,liters,6,1,3,spring,0
ITM012,Cooking Oil,Pantry,HH012,2026-03-16,0.05,liters,0,0,3,spring,0
ITM012,Cooking Oil,Pantry,HH012,2026-03-17,0.05,liters,1,0,3,spring,0
ITM012,Cooking Oil,Pantry,HH012,2026-03-19,0.05,liters,3,0,3,spring,0
ITM012,Cooking Oil,Pantry,HH012,2026-03-23,0.05,liters,0,0,3,spring,0
ITM012,Cooking Oil,Pantry,HH012,2026-03-30,0.05,liters,0,0,3,spring,0
ITM012,Cooking Oil,Pantry,HH012,2026-04-03,0.06,liters,4,0,4,spring,0
ITM012,Cooking Oil,Pantry,HH012,2026-04-05,0.09,liters,6,1,4,spring,0
ITM012,Cooking Oil,Pantry,HH012,2026-04-07,0.05,liters,1,0,4,spring,0
ITM012,Cooking Oil,Pantry,HH012,2026-04-08,0.05,liters,2,0,4,spring,0
ITM012,Cooking Oil,Pantry,HH012,2026-04-12,0.06,liters,6,1,4,spring,0
ITM012,Cooking Oil,Pantry,HH012,2026-04-14,0.08,liters,1,0,4,spring,1
ITM012,Cooking Oil,Pantry,HH012,2026-04-15,0.06,liters,2,0,4,spring,0
ITM012,Cooking Oil,Pantry,HH012,2026-04-19,0.07,liters,6,1,4,spring,0
ITM012,Cooking Oil,Pantry,HH012,2026-04-26,0.05,liters,6,1,4,spring,0
ITM012,Cooking Oil,Pantry,HH012,2026-04-28,0.06,liters,1,0,4,spring,0
ITM012,Cooking Oil,Pantry,HH012,2026-05-01,0.07,liters,4,0,5,spring,1
ITM012,Cooking Oil,Pantry,HH012,2026-05-02,0.07,liters,5,1,5,spring,0
ITM012,Cooking Oil,Pantry,HH012,2026-05-06,0.06,liters,2,0,5,spring,0
ITM012,Cooking Oil,Pantry,HH012,2026-05-08,0.05,liters,4,0,5,spring,0
ITM012,Cooking Oil,Pantry,HH012,2026-05-13,0.05,liters,2,0,5,spring,0
ITM012,Cooking Oil,Pantry,HH012,2026-05-16,0.06,liters,5,1,5,spring,0
ITM012,Cooking Oil,Pantry,HH012,2026-05-19,0.05,liters,1,0,5,spring,0
ITM012,Cooking Oil,Pantry,HH012,2026-05-20,0.04,liters,2,0,5,spring,0
ITM012,Cooking Oil,Pantry,HH012,2026-05-22,0.06,liters,4,0,5,spring,0
ITM012,Cooking Oil,Pantry,HH012,2026-05-25,0.04,liters,0,0,5,spring,0
ITM012,Cooking Oil,Pantry,HH012,2026-05-26,0.05,liters,1,0,5,spring,0
ITM012,Cooking Oil,Pantry,HH012,2026-05-29,0.05,liters,4,0,5,spring,0
ITM012,Cooking Oil,Pantry,HH012,2026-06-01,0.05,liters,0,0,6,summer,0
ITM012,Cooking Oil,Pantry,HH012,2026-06-03,0.05,liters,2,0,6,summer,0
ITM012,Cooking Oil,Pantry,HH012,2026-06-04,0.05,liters,3,0,6,summer,0
ITM012,Cooking Oil,Pantry,HH012,2026-06-10,0.05,liters,2,0,6,summer,0
ITM012,Cooking Oil,Pantry,HH012,2026-06-13,0.07,liters,5,1,6,summer,0
ITM012,Cooking Oil,Pantry,HH012,2026-06-19,0.05,liters,4,0,6,summer,0
ITM012,Cooking Oil,Pantry,HH012,2026-06-21,0.08,liters,6,1,6,summer,0
ITM012,Cooking Oil,Pantry,HH012,2026-06-22,0.04,liters,0,0,6,summer,0
ITM012,Cooking Oil,Pantry,HH012,2026-06-27,0.07,liters,5,1,6,summer,0
ITM012,Cooking Oil,Pantry,HH012,2026-06-28,0.05,liters,6,1,6,summer,0
ITM012,Cooking Oil,Pantry,HH012,2026-06-29,0.06,liters,0,0,6,summer,0
ITM012,Cooking Oil,Pantry,HH013,2026-01-01,0.07,liters,3,0,1,winter,1
ITM012,Cooking Oil,Pantry,HH013,2026-01-04,0.09,liters,6,1,1,winter,0
ITM012,Cooking Oil,Pantry,HH013,2026-01-05,0.05,liters,0,0,1,winter,0
ITM012,Cooking Oil,Pantry,HH013,2026-01-07,0.06,liters,2,0,1,winter,0
ITM012,Cooking Oil,Pantry,HH013,2026-01-08,0.06,liters,3,0,1,winter,0
ITM012,Cooking Oil,Pantry,HH013,2026-01-12,0.05,liters,0,0,1,winter,0
ITM012,Cooking Oil,Pantry,HH013,2026-01-19,0.05,liters,0,0,1,winter,0
ITM012,Cooking Oil,Pantry,HH013,2026-01-23,0.07,liters,4,0,1,winter,0
ITM012,Cooking Oil,Pantry,HH013,2026-01-24,0.09,liters,5,1,1,winter,0
ITM012,Cooking Oil,Pantry,HH013,2026-01-31,0.1,liters,5,1,1,winter,0
ITM012,Cooking Oil,Pantry,HH013,2026-02-02,0.05,liters,0,0,2,winter,0
ITM012,Cooking Oil,Pantry,HH013,2026-02-05,0.05,liters,3,0,2,winter,0
ITM012,Cooking Oil,Pantry,HH013,2026-02-07,0.08,liters,5,1,2,winter,0
ITM012,Cooking Oil,Pantry,HH013,2026-02-08,0.06,liters,6,1,2,winter,0
ITM012,Cooking Oil,Pantry,HH013,2026-02-09,0.04,liters,0,0,2,winter,0
ITM012,Cooking Oil,Pantry,HH013,2026-02-12,0.05,liters,3,0,2,winter,0
ITM012,Cooking Oil,Pantry,HH013,2026-02-14,0.08,liters,5,1,2,winter,0
ITM012,Cooking Oil,Pantry,HH013,2026-02-15,0.07,liters,6,1,2,winter,0
ITM012,Cooking Oil,Pantry,HH013,2026-02-19,0.07,liters,3,0,2,winter,0
ITM012,Cooking Oil,Pantry,HH013,2026-02-22,0.07,liters,6,1,2,winter,0
ITM012,Cooking Oil,Pantry,HH013,2026-02-28,0.09,liters,5,1,2,winter,0
ITM012,Cooking Oil,Pantry,HH013,2026-03-01,0.08,liters,6,1,3,spring,0
ITM012,Cooking Oil,Pantry,HH013,2026-03-06,0.05,liters,4,0,3,spring,0
ITM012,Cooking Oil,Pantry,HH013,2026-03-07,0.06,liters,5,1,3,spring,0
ITM012,Cooking Oil,Pantry,HH013,2026-03-08,0.16,liters,6,1,3,spring,1
ITM012,Cooking Oil,Pantry,HH013,2026-03-11,0.06,liters,2,0,3,spring,0
ITM012,Cooking Oil,Pantry,HH013,2026-03-16,0.04,liters,0,0,3,spring,0
ITM012,Cooking Oil,Pantry,HH013,2026-03-26,0.06,liters,3,0,3,spring,0
ITM012,Cooking Oil,Pantry,HH013,2026-04-01,0.07,liters,2,0,4,spring,0
ITM012,Cooking Oil,Pantry,HH013,2026-04-02,0.07,liters,3,0,4,spring,0
ITM012,Cooking Oil,Pantry,HH013,2026-04-07,0.06,liters,1,0,4,spring,0
ITM012,Cooking Oil,Pantry,HH013,2026-04-09,0.04,liters,3,0,4,spring,0
ITM012,Cooking Oil,Pantry,HH013,2026-04-15,0.06,liters,2,0,4,spring,0
ITM012,Cooking Oil,Pantry,HH013,2026-04-16,0.05,liters,3,0,4,spring,0
ITM012,Cooking Oil,Pantry,HH013,2026-04-17,0.06,liters,4,0,4,spring,0
ITM012,Cooking Oil,Pantry,HH013,2026-04-19,0.06,liters,6,1,4,spring,0
ITM012,Cooking Oil,Pantry,HH013,2026-04-24,0.06,liters,4,0,4,spring,0
ITM012,Cooking Oil,Pantry,HH013,2026-04-27,0.05,liters,0,0,4,spring,0
ITM012,Cooking Oil,Pantry,HH013,2026-04-29,0.06,liters,2,0,4,spring,0
ITM012,Cooking Oil,Pantry,HH013,2026-04-30,0.06,liters,3,0,4,spring,0
ITM012,Cooking Oil,Pantry,HH013,2026-05-03,0.06,liters,6,1,5,spring,0
ITM012,Cooking Oil,Pantry,HH013,2026-05-05,0.05,liters,1,0,5,spring,0
ITM012,Cooking Oil,Pantry,HH013,2026-05-16,0.05,liters,5,1,5,spring,0
ITM012,Cooking Oil,Pantry,HH013,2026-05-23,0.09,liters,5,1,5,spring,0
ITM012,Cooking Oil,Pantry,HH013,2026-05-25,0.05,liters,0,0,5,spring,0
ITM012,Cooking Oil,Pantry,HH013,2026-05-27,0.05,liters,2,0,5,spring,0
ITM012,Cooking Oil,Pantry,HH013,2026-06-07,0.07,liters,6,1,6,summer,0
ITM012,Cooking Oil,Pantry,HH013,2026-06-15,0.06,liters,0,0,6,summer,0
ITM012,Cooking Oil,Pantry,HH013,2026-06-18,0.06,liters,3,0,6,summer,0
ITM012,Cooking Oil,Pantry,HH013,2026-06-26,0.06,liters,4,0,6,summer,0
ITM012,Cooking Oil,Pantry,HH013,2026-06-29,0.06,liters,0,0,6,summer,0
ITM012,Cooking Oil,Pantry,HH014,2026-01-01,0.07,liters,3,0,1,winter,1
ITM012,Cooking Oil,Pantry,HH014,2026-01-02,0.04,liters,4,0,1,winter,0
ITM012,Cooking Oil,Pantry,HH014,2026-01-03,0.12,liters,5,1,1,winter,0
ITM012,Cooking Oil,Pantry,HH014,2026-01-10,0.07,liters,5,1,1,winter,0
ITM012,Cooking Oil,Pantry,HH014,2026-01-14,0.07,liters,2,0,1,winter,0
ITM012,Cooking Oil,Pantry,HH014,2026-01-18,0.09,liters,6,1,1,winter,0
ITM012,Cooking Oil,Pantry,HH014,2026-01-20,0.06,liters,1,0,1,winter,0
ITM012,Cooking Oil,Pantry,HH014,2026-01-24,0.11,liters,5,1,1,winter,0
ITM012,Cooking Oil,Pantry,HH014,2026-01-25,0.07,liters,6,1,1,winter,0
ITM012,Cooking Oil,Pantry,HH014,2026-01-26,0.1,liters,0,0,1,winter,1
ITM012,Cooking Oil,Pantry,HH014,2026-01-28,0.07,liters,2,0,1,winter,0
ITM012,Cooking Oil,Pantry,HH014,2026-01-29,0.08,liters,3,0,1,winter,0
ITM012,Cooking Oil,Pantry,HH014,2026-02-06,0.06,liters,4,0,2,winter,0
ITM012,Cooking Oil,Pantry,HH014,2026-02-10,0.07,liters,1,0,2,winter,0
ITM012,Cooking Oil,Pantry,HH014,2026-02-12,0.06,liters,3,0,2,winter,0
ITM012,Cooking Oil,Pantry,HH014,2026-02-15,0.1,liters,6,1,2,winter,0
ITM012,Cooking Oil,Pantry,HH014,2026-02-18,0.08,liters,2,0,2,winter,0
ITM012,Cooking Oil,Pantry,HH014,2026-02-20,0.05,liters,4,0,2,winter,0
ITM012,Cooking Oil,Pantry,HH014,2026-02-24,0.08,liters,1,0,2,winter,0
ITM012,Cooking Oil,Pantry,HH014,2026-02-26,0.05,liters,3,0,2,winter,0
ITM012,Cooking Oil,Pantry,HH014,2026-03-01,0.1,liters,6,1,3,spring,0
ITM012,Cooking Oil,Pantry,HH014,2026-03-06,0.06,liters,4,0,3,spring,0
ITM012,Cooking Oil,Pantry,HH014,2026-03-14,0.09,liters,5,1,3,spring,0
ITM012,Cooking Oil,Pantry,HH014,2026-03-16,0.05,liters,0,0,3,spring,0
ITM012,Cooking Oil,Pantry,HH014,2026-03-23,0.06,liters,0,0,3,spring,0
ITM012,Cooking Oil,Pantry,HH014,2026-04-18,0.09,liters,5,1,4,spring,0
ITM012,Cooking Oil,Pantry,HH014,2026-04-19,0.11,liters,6,1,4,spring,0
ITM012,Cooking Oil,Pantry,HH014,2026-04-24,0.06,liters,4,0,4,spring,0
ITM012,Cooking Oil,Pantry,HH014,2026-04-30,0.06,liters,3,0,4,spring,0
ITM012,Cooking Oil,Pantry,HH014,2026-05-04,0.08,liters,0,0,5,spring,0
ITM012,Cooking Oil,Pantry,HH014,2026-05-05,0.04,liters,1,0,5,spring,0
ITM012,Cooking Oil,Pantry,HH014,2026-05-21,0.05,liters,3,0,5,spring,0
ITM012,Cooking Oil,Pantry,HH014,2026-05-24,0.08,liters,6,1,5,spring,0
ITM012,Cooking Oil,Pantry,HH014,2026-05-29,0.08,liters,4,0,5,spring,0
ITM012,Cooking Oil,Pantry,HH014,2026-06-01,0.06,liters,0,0,6,summer,0
ITM012,Cooking Oil,Pantry,HH014,2026-06-07,0.08,liters,6,1,6,summer,0
ITM012,Cooking Oil,Pantry,HH014,2026-06-09,0.06,liters,1,0,6,summer,0
ITM012,Cooking Oil,Pantry,HH014,2026-06-10,0.06,liters,2,0,6,summer,0
ITM012,Cooking Oil,Pantry,HH014,2026-06-11,0.04,liters,3,0,6,summer,0
ITM012,Cooking Oil,Pantry,HH014,2026-06-14,0.1,liters,6,1,6,summer,0
ITM012,Cooking Oil,Pantry,HH014,2026-06-20,0.07,liters,5,1,6,summer,0
ITM012,Cooking Oil,Pantry,HH014,2026-06-21,0.12,liters,6,1,6,summer,0
ITM012,Cooking Oil,Pantry,HH014,2026-06-22,0.06,liters,0,0,6,summer,0
ITM012,Cooking Oil,Pantry,HH014,2026-06-25,0.06,liters,3,0,6,summer,0
ITM012,Cooking Oil,Pantry,HH014,2026-06-28,0.11,liters,6,1,6,summer,0
ITM012,Cooking Oil,Pantry,HH015,2026-01-06,0.03,liters,1,0,1,winter,0
ITM012,Cooking Oil,Pantry,HH015,2026-01-11,0.06,liters,6,1,1,winter,0
ITM012,Cooking Oil,Pantry,HH015,2026-01-12,0.05,liters,0,0,1,winter,0
ITM012,Cooking Oil,Pantry,HH015,2026-01-14,0.04,liters,2,0,1,winter,0
ITM012,Cooking Oil,Pantry,HH015,2026-01-20,0.03,liters,1,0,1,winter,0
ITM012,Cooking Oil,Pantry,HH015,2026-01-26,0.07,liters,0,0,1,winter,1
ITM012,Cooking Oil,Pantry,HH015,2026-02-17,0.04,liters,1,0,2,winter,0
ITM012,Cooking Oil,Pantry,HH015,2026-02-24,0.04,liters,1,0,2,winter,0
ITM012,Cooking Oil,Pantry,HH015,2026-03-03,0.03,liters,1,0,3,spring,0
ITM012,Cooking Oil,Pantry,HH015,2026-03-11,0.03,liters,2,0,3,spring,0
ITM012,Cooking Oil,Pantry,HH015,2026-03-15,0.05,liters,6,1,3,spring,0
ITM012,Cooking Oil,Pantry,HH015,2026-03-21,0.05,liters,5,1,3,spring,0
ITM012,Cooking Oil,Pantry,HH015,2026-03-25,0.04,liters,2,0,3,spring,0
ITM012,Cooking Oil,Pantry,HH015,2026-03-30,0.05,liters,0,0,3,spring,0
ITM012,Cooking Oil,Pantry,HH015,2026-04-06,0.03,liters,0,0,4,spring,0
ITM012,Cooking Oil,Pantry,HH015,2026-04-08,0.04,liters,2,0,4,spring,0
ITM012,Cooking Oil,Pantry,HH015,2026-04-09,0.03,liters,3,0,4,spring,0
ITM012,Cooking Oil,Pantry,HH015,2026-04-13,0.03,liters,0,0,4,spring,0
ITM012,Cooking Oil,Pantry,HH015,2026-04-17,0.03,liters,4,0,4,spring,0
ITM012,Cooking Oil,Pantry,HH015,2026-04-20,0.03,liters,0,0,4,spring,0
ITM012,Cooking Oil,Pantry,HH015,2026-04-23,0.04,liters,3,0,4,spring,0
ITM012,Cooking Oil,Pantry,HH015,2026-04-27,0.03,liters,0,0,4,spring,0
ITM012,Cooking Oil,Pantry,HH015,2026-05-01,0.06,liters,4,0,5,spring,1
ITM012,Cooking Oil,Pantry,HH015,2026-05-02,0.04,liters,5,1,5,spring,0
ITM012,Cooking Oil,Pantry,HH015,2026-05-04,0.03,liters,0,0,5,spring,0
ITM012,Cooking Oil,Pantry,HH015,2026-05-07,0.03,liters,3,0,5,spring,0
ITM012,Cooking Oil,Pantry,HH015,2026-05-13,0.04,liters,2,0,5,spring,0
ITM012,Cooking Oil,Pantry,HH015,2026-05-17,0.05,liters,6,1,5,spring,0
ITM012,Cooking Oil,Pantry,HH015,2026-05-21,0.03,liters,3,0,5,spring,0
ITM012,Cooking Oil,Pantry,HH015,2026-05-22,0.04,liters,4,0,5,spring,0
ITM012,Cooking Oil,Pantry,HH015,2026-05-26,0.03,liters,1,0,5,spring,0
ITM012,Cooking Oil,Pantry,HH015,2026-05-30,0.07,liters,5,1,5,spring,0
ITM012,Cooking Oil,Pantry,HH015,2026-06-03,0.05,liters,2,0,6,summer,0
ITM012,Cooking Oil,Pantry,HH015,2026-06-12,0.03,liters,4,0,6,summer,0
ITM012,Cooking Oil,Pantry,HH015,2026-06-17,0.04,liters,2,0,6,summer,0
ITM012,Cooking Oil,Pantry,HH015,2026-06-19,0.04,liters,4,0,6,summer,0
ITM012,Cooking Oil,Pantry,HH015,2026-06-22,0.03,liters,0,0,6,summer,0
ITM012,Cooking Oil,Pantry,HH015,2026-06-24,0.04,liters,2,0,6,summer,0
ITM012,Cooking Oil,Pantry,HH015,2026-06-28,0.04,liters,6,1,6,summer,0
ITM012,Cooking Oil,Pantry,HH016,2026-01-01,0.06,liters,3,0,1,winter,1
ITM012,Cooking Oil,Pantry,HH016,2026-01-03,0.06,liters,5,1,1,winter,0
ITM012,Cooking Oil,Pantry,HH016,2026-01-06,0.06,liters,1,0,1,winter,0
ITM012,Cooking Oil,Pantry,HH016,2026-01-11,0.06,liters,6,1,1,winter,0
ITM012,Cooking Oil,Pantry,HH016,2026-01-16,0.04,liters,4,0,1,winter,0
ITM012,Cooking Oil,Pantry,HH016,2026-01-25,0.07,liters,6,1,1,winter,0
ITM012,Cooking Oil,Pantry,HH016,2026-01-26,0.08,liters,0,0,1,winter,1
ITM012,Cooking Oil,Pantry,HH016,2026-02-02,0.05,liters,0,0,2,winter,0
ITM012,Cooking Oil,Pantry,HH016,2026-02-03,0.05,liters,1,0,2,winter,0
ITM012,Cooking Oil,Pantry,HH016,2026-02-06,0.04,liters,4,0,2,winter,0
ITM012,Cooking Oil,Pantry,HH016,2026-02-18,0.04,liters,2,0,2,winter,0
ITM012,Cooking Oil,Pantry,HH016,2026-02-19,0.04,liters,3,0,2,winter,0
ITM012,Cooking Oil,Pantry,HH016,2026-02-27,0.04,liters,4,0,2,winter,0
ITM012,Cooking Oil,Pantry,HH016,2026-03-02,0.06,liters,0,0,3,spring,0
ITM012,Cooking Oil,Pantry,HH016,2026-03-07,0.04,liters,5,1,3,spring,0
ITM012,Cooking Oil,Pantry,HH016,2026-03-09,0.04,liters,0,0,3,spring,0
ITM012,Cooking Oil,Pantry,HH016,2026-03-12,0.04,liters,3,0,3,spring,0
ITM012,Cooking Oil,Pantry,HH016,2026-03-14,0.06,liters,5,1,3,spring,0
ITM012,Cooking Oil,Pantry,HH016,2026-03-18,0.05,liters,2,0,3,spring,0
ITM012,Cooking Oil,Pantry,HH016,2026-03-22,0.07,liters,6,1,3,spring,0
ITM012,Cooking Oil,Pantry,HH016,2026-03-23,0.05,liters,0,0,3,spring,0
ITM012,Cooking Oil,Pantry,HH016,2026-03-26,0.04,liters,3,0,3,spring,0
ITM012,Cooking Oil,Pantry,HH016,2026-03-27,0.05,liters,4,0,3,spring,0
ITM012,Cooking Oil,Pantry,HH016,2026-03-31,0.03,liters,1,0,3,spring,0
ITM012,Cooking Oil,Pantry,HH016,2026-04-04,0.08,liters,5,1,4,spring,0
ITM012,Cooking Oil,Pantry,HH016,2026-04-05,0.05,liters,6,1,4,spring,0
ITM012,Cooking Oil,Pantry,HH016,2026-04-11,0.04,liters,5,1,4,spring,0
ITM012,Cooking Oil,Pantry,HH016,2026-04-24,0.04,liters,4,0,4,spring,0
ITM012,Cooking Oil,Pantry,HH016,2026-05-05,0.05,liters,1,0,5,spring,0
ITM012,Cooking Oil,Pantry,HH016,2026-05-06,0.05,liters,2,0,5,spring,0
ITM012,Cooking Oil,Pantry,HH016,2026-05-08,0.04,liters,4,0,5,spring,0
ITM012,Cooking Oil,Pantry,HH016,2026-05-09,0.05,liters,5,1,5,spring,0
ITM012,Cooking Oil,Pantry,HH016,2026-05-12,0.04,liters,1,0,5,spring,0
ITM012,Cooking Oil,Pantry,HH016,2026-05-18,0.03,liters,0,0,5,spring,0
ITM012,Cooking Oil,Pantry,HH016,2026-05-19,0.04,liters,1,0,5,spring,0
ITM012,Cooking Oil,Pantry,HH016,2026-05-22,0.04,liters,4,0,5,spring,0
ITM012,Cooking Oil,Pantry,HH016,2026-05-23,0.06,liters,5,1,5,spring,0
ITM012,Cooking Oil,Pantry,HH016,2026-05-28,0.04,liters,3,0,5,spring,0
ITM012,Cooking Oil,Pantry,HH016,2026-05-31,0.07,liters,6,1,5,spring,0
ITM012,Cooking Oil,Pantry,HH016,2026-06-02,0.05,liters,1,0,6,summer,0
ITM012,Cooking Oil,Pantry,HH016,2026-06-06,0.08,liters,5,1,6,summer,1
ITM012,Cooking Oil,Pantry,HH016,2026-06-08,0.04,liters,0,0,6,summer,0
ITM012,Cooking Oil,Pantry,HH016,2026-06-15,0.04,liters,0,0,6,summer,0
ITM012,Cooking Oil,Pantry,HH016,2026-06-19,0.04,liters,4,0,6,summer,0
ITM012,Cooking Oil,Pantry,HH016,2026-06-25,0.04,liters,3,0,6,summer,0
ITM012,Cooking Oil,Pantry,HH016,2026-06-26,0.04,liters,4,0,6,summer,0
ITM012,Cooking Oil,Pantry,HH017,2026-01-04,0.07,liters,6,1,1,winter,0
ITM012,Cooking Oil,Pantry,HH017,2026-01-07,0.06,liters,2,0,1,winter,0
ITM012,Cooking Oil,Pantry,HH017,2026-01-09,0.05,liters,4,0,1,winter,0
ITM012,Cooking Oil,Pantry,HH017,2026-01-11,0.06,liters,6,1,1,winter,0
ITM012,Cooking Oil,Pantry,HH017,2026-01-13,0.04,liters,1,0,1,winter,0
ITM012,Cooking Oil,Pantry,HH017,2026-01-17,0.08,liters,5,1,1,winter,0
ITM012,Cooking Oil,Pantry,HH017,2026-01-22,0.05,liters,3,0,1,winter,0
ITM012,Cooking Oil,Pantry,HH017,2026-01-24,0.06,liters,5,1,1,winter,0
ITM012,Cooking Oil,Pantry,HH017,2026-01-25,0.05,liters,6,1,1,winter,0
ITM012,Cooking Oil,Pantry,HH017,2026-01-26,0.08,liters,0,0,1,winter,1
ITM012,Cooking Oil,Pantry,HH017,2026-02-01,0.07,liters,6,1,2,winter,0
ITM012,Cooking Oil,Pantry,HH017,2026-02-05,0.05,liters,3,0,2,winter,0
ITM012,Cooking Oil,Pantry,HH017,2026-02-06,0.05,liters,4,0,2,winter,0
ITM012,Cooking Oil,Pantry,HH017,2026-02-17,0.05,liters,1,0,2,winter,0
ITM012,Cooking Oil,Pantry,HH017,2026-02-18,0.04,liters,2,0,2,winter,0
ITM012,Cooking Oil,Pantry,HH017,2026-02-19,0.05,liters,3,0,2,winter,0
ITM012,Cooking Oil,Pantry,HH017,2026-02-27,0.05,liters,4,0,2,winter,0
ITM012,Cooking Oil,Pantry,HH017,2026-02-28,0.07,liters,5,1,2,winter,0
ITM012,Cooking Oil,Pantry,HH017,2026-03-01,0.06,liters,6,1,3,spring,0
ITM012,Cooking Oil,Pantry,HH017,2026-03-02,0.06,liters,0,0,3,spring,0
ITM012,Cooking Oil,Pantry,HH017,2026-03-11,0.05,liters,2,0,3,spring,0
ITM012,Cooking Oil,Pantry,HH017,2026-03-14,0.09,liters,5,1,3,spring,0
ITM012,Cooking Oil,Pantry,HH017,2026-03-16,0.06,liters,0,0,3,spring,0
ITM012,Cooking Oil,Pantry,HH017,2026-03-18,0.05,liters,2,0,3,spring,0
ITM012,Cooking Oil,Pantry,HH017,2026-03-23,0.04,liters,0,0,3,spring,0
ITM012,Cooking Oil,Pantry,HH017,2026-03-25,0.05,liters,2,0,3,spring,0
ITM012,Cooking Oil,Pantry,HH017,2026-03-26,0.03,liters,3,0,3,spring,0
ITM012,Cooking Oil,Pantry,HH017,2026-03-29,0.09,liters,6,1,3,spring,0
ITM012,Cooking Oil,Pantry,HH017,2026-03-31,0.05,liters,1,0,3,spring,0
ITM012,Cooking Oil,Pantry,HH017,2026-04-06,0.05,liters,0,0,4,spring,0
ITM012,Cooking Oil,Pantry,HH017,2026-04-07,0.04,liters,1,0,4,spring,0
ITM012,Cooking Oil,Pantry,HH017,2026-04-15,0.04,liters,2,0,4,spring,0
ITM012,Cooking Oil,Pantry,HH017,2026-04-19,0.08,liters,6,1,4,spring,0
ITM012,Cooking Oil,Pantry,HH017,2026-04-28,0.05,liters,1,0,4,spring,0
ITM012,Cooking Oil,Pantry,HH017,2026-05-03,0.07,liters,6,1,5,spring,0
ITM012,Cooking Oil,Pantry,HH017,2026-05-08,0.05,liters,4,0,5,spring,0
ITM012,Cooking Oil,Pantry,HH017,2026-05-14,0.05,liters,3,0,5,spring,0
ITM012,Cooking Oil,Pantry,HH017,2026-05-17,0.06,liters,6,1,5,spring,0
ITM012,Cooking Oil,Pantry,HH017,2026-05-19,0.05,liters,1,0,5,spring,0
ITM012,Cooking Oil,Pantry,HH017,2026-05-26,0.05,liters,1,0,5,spring,0
ITM012,Cooking Oil,Pantry,HH017,2026-05-29,0.05,liters,4,0,5,spring,0
ITM012,Cooking Oil,Pantry,HH017,2026-06-02,0.04,liters,1,0,6,summer,0
ITM012,Cooking Oil,Pantry,HH017,2026-06-03,0.06,liters,2,0,6,summer,0
ITM012,Cooking Oil,Pantry,HH017,2026-06-05,0.05,liters,4,0,6,summer,0
ITM012,Cooking Oil,Pantry,HH017,2026-06-08,0.04,liters,0,0,6,summer,0
ITM012,Cooking Oil,Pantry,HH017,2026-06-24,0.05,liters,2,0,6,summer,0
ITM012,Cooking Oil,Pantry,HH017,2026-06-26,0.06,liters,4,0,6,summer,0
ITM012,Cooking Oil,Pantry,HH017,2026-06-29,0.05,liters,0,0,6,summer,0
ITM012,Cooking Oil,Pantry,HH018,2026-01-02,0.06,liters,4,0,1,winter,0
ITM012,Cooking Oil,Pantry,HH018,2026-01-03,0.09,liters,5,1,1,winter,0
ITM012,Cooking Oil,Pantry,HH018,2026-01-06,0.08,liters,1,0,1,winter,0
ITM012,Cooking Oil,Pantry,HH018,2026-01-07,0.05,liters,2,0,1,winter,0
ITM012,Cooking Oil,Pantry,HH018,2026-01-08,0.04,liters,3,0,1,winter,0
ITM012,Cooking Oil,Pantry,HH018,2026-01-13,0.05,liters,1,0,1,winter,0
ITM012,Cooking Oil,Pantry,HH018,2026-01-14,0.06,liters,2,0,1,winter,0
ITM012,Cooking Oil,Pantry,HH018,2026-01-15,0.05,liters,3,0,1,winter,0
ITM012,Cooking Oil,Pantry,HH018,2026-01-16,0.06,liters,4,0,1,winter,0
ITM012,Cooking Oil,Pantry,HH018,2026-01-18,0.09,liters,6,1,1,winter,0
ITM012,Cooking Oil,Pantry,HH018,2026-01-20,0.07,liters,1,0,1,winter,0
ITM012,Cooking Oil,Pantry,HH018,2026-01-22,0.06,liters,3,0,1,winter,0
ITM012,Cooking Oil,Pantry,HH018,2026-01-23,0.05,liters,4,0,1,winter,0
ITM012,Cooking Oil,Pantry,HH018,2026-02-01,0.08,liters,6,1,2,winter,0
ITM012,Cooking Oil,Pantry,HH018,2026-02-05,0.05,liters,3,0,2,winter,0
ITM012,Cooking Oil,Pantry,HH018,2026-02-13,0.06,liters,4,0,2,winter,0
ITM012,Cooking Oil,Pantry,HH018,2026-02-14,0.1,liters,5,1,2,winter,0
ITM012,Cooking Oil,Pantry,HH018,2026-02-19,0.05,liters,3,0,2,winter,0
ITM012,Cooking Oil,Pantry,HH018,2026-02-20,0.05,liters,4,0,2,winter,0
ITM012,Cooking Oil,Pantry,HH018,2026-02-21,0.07,liters,5,1,2,winter,0
ITM012,Cooking Oil,Pantry,HH018,2026-02-22,0.1,liters,6,1,2,winter,0
ITM012,Cooking Oil,Pantry,HH018,2026-02-23,0.05,liters,0,0,2,winter,0
ITM012,Cooking Oil,Pantry,HH018,2026-02-28,0.07,liters,5,1,2,winter,0
ITM012,Cooking Oil,Pantry,HH018,2026-03-05,0.06,liters,3,0,3,spring,0
ITM012,Cooking Oil,Pantry,HH018,2026-03-06,0.06,liters,4,0,3,spring,0
ITM012,Cooking Oil,Pantry,HH018,2026-03-11,0.06,liters,2,0,3,spring,0
ITM012,Cooking Oil,Pantry,HH018,2026-03-12,0.08,liters,3,0,3,spring,0
ITM012,Cooking Oil,Pantry,HH018,2026-03-13,0.06,liters,4,0,3,spring,0
ITM012,Cooking Oil,Pantry,HH018,2026-03-15,0.11,liters,6,1,3,spring,0
ITM012,Cooking Oil,Pantry,HH018,2026-03-20,0.06,liters,4,0,3,spring,0
ITM012,Cooking Oil,Pantry,HH018,2026-03-22,0.07,liters,6,1,3,spring,0
ITM012,Cooking Oil,Pantry,HH018,2026-03-24,0.05,liters,1,0,3,spring,0
ITM012,Cooking Oil,Pantry,HH018,2026-03-25,0.05,liters,2,0,3,spring,0
ITM012,Cooking Oil,Pantry,HH018,2026-03-30,0.06,liters,0,0,3,spring,0
ITM012,Cooking Oil,Pantry,HH018,2026-04-01,0.07,liters,2,0,4,spring,0
ITM012,Cooking Oil,Pantry,HH018,2026-04-03,0.06,liters,4,0,4,spring,0
ITM012,Cooking Oil,Pantry,HH018,2026-04-06,0.06,liters,0,0,4,spring,0
ITM012,Cooking Oil,Pantry,HH018,2026-04-09,0.06,liters,3,0,4,spring,0
ITM012,Cooking Oil,Pantry,HH018,2026-04-14,0.06,liters,1,0,4,spring,1
ITM012,Cooking Oil,Pantry,HH018,2026-04-19,0.08,liters,6,1,4,spring,0
ITM012,Cooking Oil,Pantry,HH018,2026-04-21,0.06,liters,1,0,4,spring,0
ITM012,Cooking Oil,Pantry,HH018,2026-04-26,0.09,liters,6,1,4,spring,0
ITM012,Cooking Oil,Pantry,HH018,2026-04-28,0.05,liters,1,0,4,spring,0
ITM012,Cooking Oil,Pantry,HH018,2026-04-29,0.07,liters,2,0,4,spring,0
ITM012,Cooking Oil,Pantry,HH018,2026-05-05,0.06,liters,1,0,5,spring,0
ITM012,Cooking Oil,Pantry,HH018,2026-05-07,0.05,liters,3,0,5,spring,0
ITM012,Cooking Oil,Pantry,HH018,2026-05-17,0.06,liters,6,1,5,spring,0
ITM012,Cooking Oil,Pantry,HH018,2026-05-19,0.05,liters,1,0,5,spring,0
ITM012,Cooking Oil,Pantry,HH018,2026-05-24,0.08,liters,6,1,5,spring,0
ITM012,Cooking Oil,Pantry,HH018,2026-05-28,0.05,liters,3,0,5,spring,0
ITM012,Cooking Oil,Pantry,HH018,2026-06-11,0.05,liters,3,0,6,summer,0
ITM012,Cooking Oil,Pantry,HH018,2026-06-15,0.04,liters,0,0,6,summer,0
ITM012,Cooking Oil,Pantry,HH018,2026-06-18,0.06,liters,3,0,6,summer,0
ITM012,Cooking Oil,Pantry,HH018,2026-06-19,0.05,liters,4,0,6,summer,0
ITM012,Cooking Oil,Pantry,HH018,2026-06-20,0.08,liters,5,1,6,summer,0
ITM012,Cooking Oil,Pantry,HH019,2026-01-02,0.06,liters,4,0,1,winter,0
ITM012,Cooking Oil,Pantry,HH019,2026-01-03,0.12,liters,5,1,1,winter,0
ITM012,Cooking Oil,Pantry,HH019,2026-01-04,0.09,liters,6,1,1,winter,0
ITM012,Cooking Oil,Pantry,HH019,2026-01-14,0.05,liters,2,0,1,winter,0
ITM012,Cooking Oil,Pantry,HH019,2026-01-17,0.08,liters,5,1,1,winter,0
ITM012,Cooking Oil,Pantry,HH019,2026-01-18,0.11,liters,6,1,1,winter,0
ITM012,Cooking Oil,Pantry,HH019,2026-01-24,0.09,liters,5,1,1,winter,0
ITM012,Cooking Oil,Pantry,HH019,2026-01-25,0.1,liters,6,1,1,winter,0
ITM012,Cooking Oil,Pantry,HH019,2026-01-30,0.07,liters,4,0,1,winter,0
ITM012,Cooking Oil,Pantry,HH019,2026-02-05,0.07,liters,3,0,2,winter,0
ITM012,Cooking Oil,Pantry,HH019,2026-02-08,0.07,liters,6,1,2,winter,0
ITM012,Cooking Oil,Pantry,HH019,2026-02-09,0.07,liters,0,0,2,winter,0
ITM012,Cooking Oil,Pantry,HH019,2026-02-10,0.06,liters,1,0,2,winter,0
ITM012,Cooking Oil,Pantry,HH019,2026-02-17,0.05,liters,1,0,2,winter,0
ITM012,Cooking Oil,Pantry,HH019,2026-02-19,0.06,liters,3,0,2,winter,0
ITM012,Cooking Oil,Pantry,HH019,2026-02-24,0.07,liters,1,0,2,winter,0
ITM012,Cooking Oil,Pantry,HH019,2026-02-26,0.07,liters,3,0,2,winter,0
ITM012,Cooking Oil,Pantry,HH019,2026-02-27,0.07,liters,4,0,2,winter,0
ITM012,Cooking Oil,Pantry,HH019,2026-03-01,0.08,liters,6,1,3,spring,0
ITM012,Cooking Oil,Pantry,HH019,2026-03-06,0.07,liters,4,0,3,spring,0
ITM012,Cooking Oil,Pantry,HH019,2026-03-17,0.07,liters,1,0,3,spring,0
ITM012,Cooking Oil,Pantry,HH019,2026-03-19,0.07,liters,3,0,3,spring,0
ITM012,Cooking Oil,Pantry,HH019,2026-03-20,0.06,liters,4,0,3,spring,0
ITM012,Cooking Oil,Pantry,HH019,2026-03-21,0.1,liters,5,1,3,spring,0
ITM012,Cooking Oil,Pantry,HH019,2026-03-24,0.07,liters,1,0,3,spring,0
ITM012,Cooking Oil,Pantry,HH019,2026-04-02,0.06,liters,3,0,4,spring,0
ITM012,Cooking Oil,Pantry,HH019,2026-04-03,0.08,liters,4,0,4,spring,0
ITM012,Cooking Oil,Pantry,HH019,2026-04-09,0.06,liters,3,0,4,spring,0
ITM012,Cooking Oil,Pantry,HH019,2026-04-14,0.12,liters,1,0,4,spring,1
ITM012,Cooking Oil,Pantry,HH019,2026-04-15,0.07,liters,2,0,4,spring,0
ITM012,Cooking Oil,Pantry,HH019,2026-04-18,0.12,liters,5,1,4,spring,0
ITM012,Cooking Oil,Pantry,HH019,2026-04-22,0.07,liters,2,0,4,spring,0
ITM012,Cooking Oil,Pantry,HH019,2026-05-06,0.05,liters,2,0,5,spring,0
ITM012,Cooking Oil,Pantry,HH019,2026-05-09,0.08,liters,5,1,5,spring,0
ITM012,Cooking Oil,Pantry,HH019,2026-05-26,0.06,liters,1,0,5,spring,0
ITM012,Cooking Oil,Pantry,HH019,2026-05-27,0.07,liters,2,0,5,spring,0
ITM012,Cooking Oil,Pantry,HH019,2026-05-28,0.07,liters,3,0,5,spring,0
ITM012,Cooking Oil,Pantry,HH019,2026-06-04,0.06,liters,3,0,6,summer,0
ITM012,Cooking Oil,Pantry,HH019,2026-06-08,0.09,liters,0,0,6,summer,0
ITM012,Cooking Oil,Pantry,HH019,2026-06-12,0.07,liters,4,0,6,summer,0
ITM012,Cooking Oil,Pantry,HH019,2026-06-15,0.07,liters,0,0,6,summer,0
ITM012,Cooking Oil,Pantry,HH019,2026-06-16,0.07,liters,1,0,6,summer,0
ITM012,Cooking Oil,Pantry,HH019,2026-06-19,0.06,liters,4,0,6,summer,0
ITM012,Cooking Oil,Pantry,HH019,2026-06-24,0.07,liters,2,0,6,summer,0
ITM012,Cooking Oil,Pantry,HH019,2026-06-26,0.07,liters,4,0,6,summer,0
ITM012,Cooking Oil,Pantry,HH020,2026-01-01,0.07,liters,3,0,1,winter,1
ITM012,Cooking Oil,Pantry,HH020,2026-01-02,0.03,liters,4,0,1,winter,0
ITM012,Cooking Oil,Pantry,HH020,2026-01-07,0.04,liters,2,0,1,winter,0
ITM012,Cooking Oil,Pantry,HH020,2026-01-13,0.04,liters,1,0,1,winter,0
ITM012,Cooking Oil,Pantry,HH020,2026-01-17,0.05,liters,5,1,1,winter,0
ITM012,Cooking Oil,Pantry,HH020,2026-01-18,0.05,liters,6,1,1,winter,0
ITM012,Cooking Oil,Pantry,HH020,2026-01-20,0.04,liters,1,0,1,winter,0
ITM012,Cooking Oil,Pantry,HH020,2026-01-23,0.04,liters,4,0,1,winter,0
ITM012,Cooking Oil,Pantry,HH020,2026-01-24,0.06,liters,5,1,1,winter,0
ITM012,Cooking Oil,Pantry,HH020,2026-01-27,0.04,liters,1,0,1,winter,0
ITM012,Cooking Oil,Pantry,HH020,2026-01-29,0.04,liters,3,0,1,winter,0
ITM012,Cooking Oil,Pantry,HH020,2026-01-30,0.03,liters,4,0,1,winter,0
ITM012,Cooking Oil,Pantry,HH020,2026-02-03,0.03,liters,1,0,2,winter,0
ITM012,Cooking Oil,Pantry,HH020,2026-02-04,0.05,liters,2,0,2,winter,0
ITM012,Cooking Oil,Pantry,HH020,2026-02-05,0.03,liters,3,0,2,winter,0
ITM012,Cooking Oil,Pantry,HH020,2026-02-08,0.06,liters,6,1,2,winter,0
ITM012,Cooking Oil,Pantry,HH020,2026-02-10,0.04,liters,1,0,2,winter,0
ITM012,Cooking Oil,Pantry,HH020,2026-02-15,0.04,liters,6,1,2,winter,0
ITM012,Cooking Oil,Pantry,HH020,2026-02-18,0.03,liters,2,0,2,winter,0
ITM012,Cooking Oil,Pantry,HH020,2026-02-19,0.04,liters,3,0,2,winter,0
ITM012,Cooking Oil,Pantry,HH020,2026-02-22,0.04,liters,6,1,2,winter,0
ITM012,Cooking Oil,Pantry,HH020,2026-02-23,0.05,liters,0,0,2,winter,0
ITM012,Cooking Oil,Pantry,HH020,2026-02-27,0.03,liters,4,0,2,winter,0
ITM012,Cooking Oil,Pantry,HH020,2026-03-02,0.04,liters,0,0,3,spring,0
ITM012,Cooking Oil,Pantry,HH020,2026-03-04,0.04,liters,2,0,3,spring,0
ITM012,Cooking Oil,Pantry,HH020,2026-03-08,0.07,liters,6,1,3,spring,1
ITM012,Cooking Oil,Pantry,HH020,2026-03-12,0.04,liters,3,0,3,spring,0
ITM012,Cooking Oil,Pantry,HH020,2026-03-15,0.06,liters,6,1,3,spring,0
ITM012,Cooking Oil,Pantry,HH020,2026-03-17,0.03,liters,1,0,3,spring,0
ITM012,Cooking Oil,Pantry,HH020,2026-03-22,0.05,liters,6,1,3,spring,0
ITM012,Cooking Oil,Pantry,HH020,2026-03-30,0.03,liters,0,0,3,spring,0
ITM012,Cooking Oil,Pantry,HH020,2026-04-10,0.03,liters,4,0,4,spring,0
ITM012,Cooking Oil,Pantry,HH020,2026-04-11,0.05,liters,5,1,4,spring,0
ITM012,Cooking Oil,Pantry,HH020,2026-04-21,0.03,liters,1,0,4,spring,0
ITM012,Cooking Oil,Pantry,HH020,2026-04-22,0.03,liters,2,0,4,spring,0
ITM012,Cooking Oil,Pantry,HH020,2026-04-23,0.03,liters,3,0,4,spring,0
ITM012,Cooking Oil,Pantry,HH020,2026-04-24,0.03,liters,4,0,4,spring,0
ITM012,Cooking Oil,Pantry,HH020,2026-04-29,0.03,liters,2,0,4,spring,0
ITM012,Cooking Oil,Pantry,HH020,2026-05-03,0.04,liters,6,1,5,spring,0
ITM012,Cooking Oil,Pantry,HH020,2026-05-05,0.03,liters,1,0,5,spring,0
ITM012,Cooking Oil,Pantry,HH020,2026-05-06,0.03,liters,2,0,5,spring,0
ITM012,Cooking Oil,Pantry,HH020,2026-05-10,0.05,liters,6,1,5,spring,0
ITM012,Cooking Oil,Pantry,HH020,2026-05-13,0.03,liters,2,0,5,spring,0
ITM012,Cooking Oil,Pantry,HH020,2026-05-19,0.03,liters,1,0,5,spring,0
ITM012,Cooking Oil,Pantry,HH020,2026-05-22,0.02,liters,4,0,5,spring,0
ITM012,Cooking Oil,Pantry,HH020,2026-05-23,0.05,liters,5,1,5,spring,0
ITM012,Cooking Oil,Pantry,HH020,2026-05-24,0.03,liters,6,1,5,spring,0
ITM012,Cooking Oil,Pantry,HH020,2026-05-27,0.03,liters,2,0,5,spring,0
ITM012,Cooking Oil,Pantry,HH020,2026-05-28,0.03,liters,3,0,5,spring,0
ITM012,Cooking Oil,Pantry,HH020,2026-06-02,0.04,liters,1,0,6,summer,0
ITM012,Cooking Oil,Pantry,HH020,2026-06-03,0.03,liters,2,0,6,summer,0
ITM012,Cooking Oil,Pantry,HH020,2026-06-04,0.04,liters,3,0,6,summer,0
ITM012,Cooking Oil,Pantry,HH020,2026-06-05,0.03,liters,4,0,6,summer,0
ITM012,Cooking Oil,Pantry,HH020,2026-06-09,0.03,liters,1,0,6,summer,0
ITM012,Cooking Oil,Pantry,HH020,2026-06-12,0.03,liters,4,0,6,summer,0
ITM012,Cooking Oil,Pantry,HH020,2026-06-14,0.05,liters,6,1,6,summer,0
ITM012,Cooking Oil,Pantry,HH020,2026-06-15,0.03,liters,0,0,6,summer,0
ITM012,Cooking Oil,Pantry,HH020,2026-06-16,0.03,liters,1,0,6,summer,0
ITM012,Cooking Oil,Pantry,HH020,2026-06-20,0.05,liters,5,1,6,summer,0
ITM012,Cooking Oil,Pantry,HH020,2026-06-24,0.03,liters,2,0,6,summer,0
ITM012,Cooking Oil,Pantry,HH020,2026-06-26,0.03,liters,4,0,6,summer,0
ITM012,Cooking Oil,Pantry,HH020,2026-06-28,0.05,liters,6,1,6,summer,0
ITM012,Cooking Oil,Pantry,HH020,2026-06-29,0.03,liters,0,0,6,summer,0
ITM013,Frozen Peas,Frozen,HH001,2026-01-02,0.13,bags,4,0,1,winter,0
ITM013,Frozen Peas,Frozen,HH001,2026-01-03,0.24,bags,5,1,1,winter,0
ITM013,Frozen Peas,Frozen,HH001,2026-01-12,0.15,bags,0,0,1,winter,0
ITM013,Frozen Peas,Frozen,HH001,2026-01-15,0.12,bags,3,0,1,winter,0
ITM013,Frozen Peas,Frozen,HH001,2026-01-17,0.22,bags,5,1,1,winter,0
ITM013,Frozen Peas,Frozen,HH001,2026-01-20,0.11,bags,1,0,1,winter,0
ITM013,Frozen Peas,Frozen,HH001,2026-01-30,0.13,bags,4,0,1,winter,0
ITM013,Frozen Peas,Frozen,HH001,2026-01-31,0.16,bags,5,1,1,winter,0
ITM013,Frozen Peas,Frozen,HH001,2026-02-02,0.13,bags,0,0,2,winter,0
ITM013,Frozen Peas,Frozen,HH001,2026-02-08,0.17,bags,6,1,2,winter,0
ITM013,Frozen Peas,Frozen,HH001,2026-02-10,0.13,bags,1,0,2,winter,0
ITM013,Frozen Peas,Frozen,HH001,2026-02-13,0.11,bags,4,0,2,winter,0
ITM013,Frozen Peas,Frozen,HH001,2026-02-16,0.13,bags,0,0,2,winter,0
ITM013,Frozen Peas,Frozen,HH001,2026-02-17,0.11,bags,1,0,2,winter,0
ITM013,Frozen Peas,Frozen,HH001,2026-02-18,0.13,bags,2,0,2,winter,0
ITM013,Frozen Peas,Frozen,HH001,2026-02-19,0.1,bags,3,0,2,winter,0
ITM013,Frozen Peas,Frozen,HH001,2026-02-24,0.14,bags,1,0,2,winter,0
ITM013,Frozen Peas,Frozen,HH001,2026-02-26,0.11,bags,3,0,2,winter,0
ITM013,Frozen Peas,Frozen,HH001,2026-03-16,0.1,bags,0,0,3,spring,0
ITM013,Frozen Peas,Frozen,HH001,2026-03-20,0.14,bags,4,0,3,spring,0
ITM013,Frozen Peas,Frozen,HH001,2026-03-23,0.13,bags,0,0,3,spring,0
ITM013,Frozen Peas,Frozen,HH001,2026-03-25,0.13,bags,2,0,3,spring,0
ITM013,Frozen Peas,Frozen,HH001,2026-03-27,0.12,bags,4,0,3,spring,0
ITM013,Frozen Peas,Frozen,HH001,2026-04-05,0.18,bags,6,1,4,spring,0
ITM013,Frozen Peas,Frozen,HH001,2026-04-06,0.11,bags,0,0,4,spring,0
ITM013,Frozen Peas,Frozen,HH001,2026-04-07,0.14,bags,1,0,4,spring,0
ITM013,Frozen Peas,Frozen,HH001,2026-04-10,0.13,bags,4,0,4,spring,0
ITM013,Frozen Peas,Frozen,HH001,2026-04-12,0.18,bags,6,1,4,spring,0
ITM013,Frozen Peas,Frozen,HH001,2026-04-13,0.14,bags,0,0,4,spring,0
ITM013,Frozen Peas,Frozen,HH001,2026-04-17,0.14,bags,4,0,4,spring,0
ITM013,Frozen Peas,Frozen,HH001,2026-04-21,0.11,bags,1,0,4,spring,0
ITM013,Frozen Peas,Frozen,HH001,2026-04-26,0.22,bags,6,1,4,spring,0
ITM013,Frozen Peas,Frozen,HH001,2026-04-28,0.15,bags,1,0,4,spring,0
ITM013,Frozen Peas,Frozen,HH001,2026-04-30,0.16,bags,3,0,4,spring,0
ITM013,Frozen Peas,Frozen,HH001,2026-05-04,0.12,bags,0,0,5,spring,0
ITM013,Frozen Peas,Frozen,HH001,2026-05-09,0.17,bags,5,1,5,spring,0
ITM013,Frozen Peas,Frozen,HH001,2026-05-11,0.13,bags,0,0,5,spring,0
ITM013,Frozen Peas,Frozen,HH001,2026-05-12,0.1,bags,1,0,5,spring,0
ITM013,Frozen Peas,Frozen,HH001,2026-05-21,0.16,bags,3,0,5,spring,0
ITM013,Frozen Peas,Frozen,HH001,2026-05-29,0.1,bags,4,0,5,spring,0
ITM013,Frozen Peas,Frozen,HH001,2026-05-30,0.15,bags,5,1,5,spring,0
ITM013,Frozen Peas,Frozen,HH001,2026-06-08,0.1,bags,0,0,6,summer,0
ITM013,Frozen Peas,Frozen,HH001,2026-06-12,0.11,bags,4,0,6,summer,0
ITM013,Frozen Peas,Frozen,HH001,2026-06-18,0.13,bags,3,0,6,summer,0
ITM013,Frozen Peas,Frozen,HH001,2026-06-19,0.15,bags,4,0,6,summer,0
ITM013,Frozen Peas,Frozen,HH002,2026-01-02,0.17,bags,4,0,1,winter,0
ITM013,Frozen Peas,Frozen,HH002,2026-01-03,0.17,bags,5,1,1,winter,0
ITM013,Frozen Peas,Frozen,HH002,2026-01-06,0.13,bags,1,0,1,winter,0
ITM013,Frozen Peas,Frozen,HH002,2026-01-09,0.14,bags,4,0,1,winter,0
ITM013,Frozen Peas,Frozen,HH002,2026-01-10,0.23,bags,5,1,1,winter,0
ITM013,Frozen Peas,Frozen,HH002,2026-01-13,0.14,bags,1,0,1,winter,0
ITM013,Frozen Peas,Frozen,HH002,2026-01-18,0.21,bags,6,1,1,winter,0
ITM013,Frozen Peas,Frozen,HH002,2026-01-25,0.26,bags,6,1,1,winter,0
ITM013,Frozen Peas,Frozen,HH002,2026-01-27,0.1,bags,1,0,1,winter,0
ITM013,Frozen Peas,Frozen,HH002,2026-02-02,0.12,bags,0,0,2,winter,0
ITM013,Frozen Peas,Frozen,HH002,2026-02-06,0.16,bags,4,0,2,winter,0
ITM013,Frozen Peas,Frozen,HH002,2026-02-15,0.26,bags,6,1,2,winter,0
ITM013,Frozen Peas,Frozen,HH002,2026-02-17,0.17,bags,1,0,2,winter,0
ITM013,Frozen Peas,Frozen,HH002,2026-02-18,0.15,bags,2,0,2,winter,0
ITM013,Frozen Peas,Frozen,HH002,2026-02-21,0.2,bags,5,1,2,winter,0
ITM013,Frozen Peas,Frozen,HH002,2026-03-02,0.16,bags,0,0,3,spring,0
ITM013,Frozen Peas,Frozen,HH002,2026-03-11,0.16,bags,2,0,3,spring,0
ITM013,Frozen Peas,Frozen,HH002,2026-03-15,0.22,bags,6,1,3,spring,0
ITM013,Frozen Peas,Frozen,HH002,2026-03-21,0.17,bags,5,1,3,spring,0
ITM013,Frozen Peas,Frozen,HH002,2026-03-25,0.15,bags,2,0,3,spring,0
ITM013,Frozen Peas,Frozen,HH002,2026-03-28,0.29,bags,5,1,3,spring,0
ITM013,Frozen Peas,Frozen,HH002,2026-03-30,0.13,bags,0,0,3,spring,0
ITM013,Frozen Peas,Frozen,HH002,2026-04-02,0.18,bags,3,0,4,spring,0
ITM013,Frozen Peas,Frozen,HH002,2026-04-03,0.16,bags,4,0,4,spring,0
ITM013,Frozen Peas,Frozen,HH002,2026-04-04,0.3,bags,5,1,4,spring,0
ITM013,Frozen Peas,Frozen,HH002,2026-04-05,0.19,bags,6,1,4,spring,0
ITM013,Frozen Peas,Frozen,HH002,2026-04-06,0.16,bags,0,0,4,spring,0
ITM013,Frozen Peas,Frozen,HH002,2026-04-16,0.17,bags,3,0,4,spring,0
ITM013,Frozen Peas,Frozen,HH002,2026-04-17,0.14,bags,4,0,4,spring,0
ITM013,Frozen Peas,Frozen,HH002,2026-04-18,0.21,bags,5,1,4,spring,0
ITM013,Frozen Peas,Frozen,HH002,2026-04-22,0.17,bags,2,0,4,spring,0
ITM013,Frozen Peas,Frozen,HH002,2026-04-24,0.19,bags,4,0,4,spring,0
ITM013,Frozen Peas,Frozen,HH002,2026-04-27,0.12,bags,0,0,4,spring,0
ITM013,Frozen Peas,Frozen,HH002,2026-04-30,0.16,bags,3,0,4,spring,0
ITM013,Frozen Peas,Frozen,HH002,2026-05-04,0.15,bags,0,0,5,spring,0
ITM013,Frozen Peas,Frozen,HH002,2026-05-12,0.16,bags,1,0,5,spring,0
ITM013,Frozen Peas,Frozen,HH002,2026-05-16,0.24,bags,5,1,5,spring,0
ITM013,Frozen Peas,Frozen,HH002,2026-05-22,0.15,bags,4,0,5,spring,0
ITM013,Frozen Peas,Frozen,HH002,2026-05-23,0.17,bags,5,1,5,spring,0
ITM013,Frozen Peas,Frozen,HH002,2026-05-24,0.23,bags,6,1,5,spring,0
ITM013,Frozen Peas,Frozen,HH002,2026-05-25,0.13,bags,0,0,5,spring,0
ITM013,Frozen Peas,Frozen,HH002,2026-06-11,0.16,bags,3,0,6,summer,0
ITM013,Frozen Peas,Frozen,HH002,2026-06-15,0.16,bags,0,0,6,summer,0
ITM013,Frozen Peas,Frozen,HH002,2026-06-19,0.16,bags,4,0,6,summer,0
ITM013,Frozen Peas,Frozen,HH002,2026-06-23,0.14,bags,1,0,6,summer,0
ITM013,Frozen Peas,Frozen,HH002,2026-06-26,0.16,bags,4,0,6,summer,0
ITM013,Frozen Peas,Frozen,HH003,2026-01-01,0.34,bags,3,0,1,winter,1
ITM013,Frozen Peas,Frozen,HH003,2026-01-02,0.19,bags,4,0,1,winter,0
ITM013,Frozen Peas,Frozen,HH003,2026-01-12,0.17,bags,0,0,1,winter,0
ITM013,Frozen Peas,Frozen,HH003,2026-01-15,0.17,bags,3,0,1,winter,0
ITM013,Frozen Peas,Frozen,HH003,2026-01-16,0.22,bags,4,0,1,winter,0
ITM013,Frozen Peas,Frozen,HH003,2026-01-20,0.21,bags,1,0,1,winter,0
ITM013,Frozen Peas,Frozen,HH003,2026-01-28,0.17,bags,2,0,1,winter,0
ITM013,Frozen Peas,Frozen,HH003,2026-02-04,0.14,bags,2,0,2,winter,0
ITM013,Frozen Peas,Frozen,HH003,2026-02-08,0.26,bags,6,1,2,winter,0
ITM013,Frozen Peas,Frozen,HH003,2026-02-09,0.19,bags,0,0,2,winter,0
ITM013,Frozen Peas,Frozen,HH003,2026-02-11,0.16,bags,2,0,2,winter,0
ITM013,Frozen Peas,Frozen,HH003,2026-02-15,0.15,bags,6,1,2,winter,0
ITM013,Frozen Peas,Frozen,HH003,2026-02-19,0.18,bags,3,0,2,winter,0
ITM013,Frozen Peas,Frozen,HH003,2026-02-20,0.16,bags,4,0,2,winter,0
ITM013,Frozen Peas,Frozen,HH003,2026-02-21,0.23,bags,5,1,2,winter,0
ITM013,Frozen Peas,Frozen,HH003,2026-02-27,0.18,bags,4,0,2,winter,0
ITM013,Frozen Peas,Frozen,HH003,2026-03-01,0.32,bags,6,1,3,spring,0
ITM013,Frozen Peas,Frozen,HH003,2026-03-08,0.41,bags,6,1,3,spring,1
ITM013,Frozen Peas,Frozen,HH003,2026-03-12,0.17,bags,3,0,3,spring,0
ITM013,Frozen Peas,Frozen,HH003,2026-03-13,0.16,bags,4,0,3,spring,0
ITM013,Frozen Peas,Frozen,HH003,2026-03-17,0.2,bags,1,0,3,spring,0
ITM013,Frozen Peas,Frozen,HH003,2026-03-25,0.2,bags,2,0,3,spring,0
ITM013,Frozen Peas,Frozen,HH003,2026-03-26,0.18,bags,3,0,3,spring,0
ITM013,Frozen Peas,Frozen,HH003,2026-03-27,0.12,bags,4,0,3,spring,0
ITM013,Frozen Peas,Frozen,HH003,2026-03-28,0.27,bags,5,1,3,spring,0
ITM013,Frozen Peas,Frozen,HH003,2026-03-29,0.2,bags,6,1,3,spring,0
ITM013,Frozen Peas,Frozen,HH003,2026-03-30,0.21,bags,0,0,3,spring,0
ITM013,Frozen Peas,Frozen,HH003,2026-04-01,0.21,bags,2,0,4,spring,0
ITM013,Frozen Peas,Frozen,HH003,2026-04-09,0.12,bags,3,0,4,spring,0
ITM013,Frozen Peas,Frozen,HH003,2026-04-10,0.13,bags,4,0,4,spring,0
ITM013,Frozen Peas,Frozen,HH003,2026-04-11,0.2,bags,5,1,4,spring,0
ITM013,Frozen Peas,Frozen,HH003,2026-04-16,0.17,bags,3,0,4,spring,0
ITM013,Frozen Peas,Frozen,HH003,2026-04-18,0.24,bags,5,1,4,spring,0
ITM013,Frozen Peas,Frozen,HH003,2026-04-19,0.22,bags,6,1,4,spring,0
ITM013,Frozen Peas,Frozen,HH003,2026-04-21,0.19,bags,1,0,4,spring,0
ITM013,Frozen Peas,Frozen,HH003,2026-04-23,0.15,bags,3,0,4,spring,0
ITM013,Frozen Peas,Frozen,HH003,2026-05-07,0.15,bags,3,0,5,spring,0
ITM013,Frozen Peas,Frozen,HH003,2026-05-12,0.14,bags,1,0,5,spring,0
ITM013,Frozen Peas,Frozen,HH003,2026-05-14,0.2,bags,3,0,5,spring,0
ITM013,Frozen Peas,Frozen,HH003,2026-05-22,0.2,bags,4,0,5,spring,0
ITM013,Frozen Peas,Frozen,HH003,2026-05-28,0.18,bags,3,0,5,spring,0
ITM013,Frozen Peas,Frozen,HH003,2026-05-30,0.22,bags,5,1,5,spring,0
ITM013,Frozen Peas,Frozen,HH003,2026-05-31,0.22,bags,6,1,5,spring,0
ITM013,Frozen Peas,Frozen,HH003,2026-06-01,0.25,bags,0,0,6,summer,0
ITM013,Frozen Peas,Frozen,HH003,2026-06-03,0.19,bags,2,0,6,summer,0
ITM013,Frozen Peas,Frozen,HH003,2026-06-06,0.41,bags,5,1,6,summer,1
ITM013,Frozen Peas,Frozen,HH003,2026-06-10,0.19,bags,2,0,6,summer,0
ITM013,Frozen Peas,Frozen,HH003,2026-06-12,0.16,bags,4,0,6,summer,0
ITM013,Frozen Peas,Frozen,HH003,2026-06-17,0.19,bags,2,0,6,summer,0
ITM013,Frozen Peas,Frozen,HH003,2026-06-21,0.23,bags,6,1,6,summer,0
ITM013,Frozen Peas,Frozen,HH003,2026-06-23,0.18,bags,1,0,6,summer,0
ITM013,Frozen Peas,Frozen,HH003,2026-06-25,0.19,bags,3,0,6,summer,0
ITM013,Frozen Peas,Frozen,HH004,2026-01-06,0.22,bags,1,0,1,winter,0
ITM013,Frozen Peas,Frozen,HH004,2026-01-07,0.2,bags,2,0,1,winter,0
ITM013,Frozen Peas,Frozen,HH004,2026-01-10,0.17,bags,5,1,1,winter,0
ITM013,Frozen Peas,Frozen,HH004,2026-01-11,0.21,bags,6,1,1,winter,0
ITM013,Frozen Peas,Frozen,HH004,2026-01-16,0.19,bags,4,0,1,winter,0
ITM013,Frozen Peas,Frozen,HH004,2026-01-25,0.25,bags,6,1,1,winter,0
ITM013,Frozen Peas,Frozen,HH004,2026-01-27,0.19,bags,1,0,1,winter,0
ITM013,Frozen Peas,Frozen,HH004,2026-02-03,0.16,bags,1,0,2,winter,0
ITM013,Frozen Peas,Frozen,HH004,2026-02-05,0.2,bags,3,0,2,winter,0
ITM013,Frozen Peas,Frozen,HH004,2026-02-19,0.19,bags,3,0,2,winter,0
ITM013,Frozen Peas,Frozen,HH004,2026-02-20,0.23,bags,4,0,2,winter,0
ITM013,Frozen Peas,Frozen,HH004,2026-02-24,0.14,bags,1,0,2,winter,0
ITM013,Frozen Peas,Frozen,HH004,2026-02-27,0.27,bags,4,0,2,winter,0
ITM013,Frozen Peas,Frozen,HH004,2026-02-28,0.25,bags,5,1,2,winter,0
ITM013,Frozen Peas,Frozen,HH004,2026-03-06,0.2,bags,4,0,3,spring,0
ITM013,Frozen Peas,Frozen,HH004,2026-03-10,0.23,bags,1,0,3,spring,0
ITM013,Frozen Peas,Frozen,HH004,2026-03-11,0.18,bags,2,0,3,spring,0
ITM013,Frozen Peas,Frozen,HH004,2026-03-12,0.15,bags,3,0,3,spring,0
ITM013,Frozen Peas,Frozen,HH004,2026-03-13,0.18,bags,4,0,3,spring,0
ITM013,Frozen Peas,Frozen,HH004,2026-03-18,0.19,bags,2,0,3,spring,0
ITM013,Frozen Peas,Frozen,HH004,2026-03-19,0.17,bags,3,0,3,spring,0
ITM013,Frozen Peas,Frozen,HH004,2026-03-21,0.33,bags,5,1,3,spring,0
ITM013,Frozen Peas,Frozen,HH004,2026-03-27,0.19,bags,4,0,3,spring,0
ITM013,Frozen Peas,Frozen,HH004,2026-03-29,0.23,bags,6,1,3,spring,0
ITM013,Frozen Peas,Frozen,HH004,2026-04-04,0.25,bags,5,1,4,spring,0
ITM013,Frozen Peas,Frozen,HH004,2026-04-07,0.16,bags,1,0,4,spring,0
ITM013,Frozen Peas,Frozen,HH004,2026-04-09,0.2,bags,3,0,4,spring,0
ITM013,Frozen Peas,Frozen,HH004,2026-04-17,0.22,bags,4,0,4,spring,0
ITM013,Frozen Peas,Frozen,HH004,2026-04-18,0.28,bags,5,1,4,spring,0
ITM013,Frozen Peas,Frozen,HH004,2026-04-19,0.27,bags,6,1,4,spring,0
ITM013,Frozen Peas,Frozen,HH004,2026-04-20,0.2,bags,0,0,4,spring,0
ITM013,Frozen Peas,Frozen,HH004,2026-04-23,0.2,bags,3,0,4,spring,0
ITM013,Frozen Peas,Frozen,HH004,2026-04-25,0.2,bags,5,1,4,spring,0
ITM013,Frozen Peas,Frozen,HH004,2026-04-29,0.2,bags,2,0,4,spring,0
ITM013,Frozen Peas,Frozen,HH004,2026-05-06,0.2,bags,2,0,5,spring,0
ITM013,Frozen Peas,Frozen,HH004,2026-05-09,0.3,bags,5,1,5,spring,0
ITM013,Frozen Peas,Frozen,HH004,2026-05-10,0.27,bags,6,1,5,spring,0
ITM013,Frozen Peas,Frozen,HH004,2026-05-13,0.18,bags,2,0,5,spring,0
ITM013,Frozen Peas,Frozen,HH004,2026-05-14,0.16,bags,3,0,5,spring,0
ITM013,Frozen Peas,Frozen,HH004,2026-05-22,0.18,bags,4,0,5,spring,0
ITM013,Frozen Peas,Frozen,HH004,2026-05-23,0.31,bags,5,1,5,spring,0
ITM013,Frozen Peas,Frozen,HH004,2026-05-24,0.31,bags,6,1,5,spring,0
ITM013,Frozen Peas,Frozen,HH004,2026-05-25,0.18,bags,0,0,5,spring,0
ITM013,Frozen Peas,Frozen,HH004,2026-05-28,0.2,bags,3,0,5,spring,0
ITM013,Frozen Peas,Frozen,HH004,2026-05-31,0.27,bags,6,1,5,spring,0
ITM013,Frozen Peas,Frozen,HH004,2026-06-05,0.16,bags,4,0,6,summer,0
ITM013,Frozen Peas,Frozen,HH004,2026-06-06,0.4,bags,5,1,6,summer,1
ITM013,Frozen Peas,Frozen,HH004,2026-06-07,0.21,bags,6,1,6,summer,0
ITM013,Frozen Peas,Frozen,HH004,2026-06-08,0.16,bags,0,0,6,summer,0
ITM013,Frozen Peas,Frozen,HH004,2026-06-15,0.2,bags,0,0,6,summer,0
ITM013,Frozen Peas,Frozen,HH004,2026-06-17,0.21,bags,2,0,6,summer,0
ITM013,Frozen Peas,Frozen,HH004,2026-06-29,0.18,bags,0,0,6,summer,0
ITM013,Frozen Peas,Frozen,HH005,2026-01-01,0.19,bags,3,0,1,winter,1
ITM013,Frozen Peas,Frozen,HH005,2026-01-02,0.1,bags,4,0,1,winter,0
ITM013,Frozen Peas,Frozen,HH005,2026-01-03,0.14,bags,5,1,1,winter,0
ITM013,Frozen Peas,Frozen,HH005,2026-01-05,0.06,bags,0,0,1,winter,0
ITM013,Frozen Peas,Frozen,HH005,2026-01-06,0.09,bags,1,0,1,winter,0
ITM013,Frozen Peas,Frozen,HH005,2026-01-07,0.09,bags,2,0,1,winter,0
ITM013,Frozen Peas,Frozen,HH005,2026-01-11,0.12,bags,6,1,1,winter,0
ITM013,Frozen Peas,Frozen,HH005,2026-01-13,0.12,bags,1,0,1,winter,0
ITM013,Frozen Peas,Frozen,HH005,2026-01-15,0.1,bags,3,0,1,winter,0
ITM013,Frozen Peas,Frozen,HH005,2026-01-16,0.1,bags,4,0,1,winter,0
ITM013,Frozen Peas,Frozen,HH005,2026-01-21,0.13,bags,2,0,1,winter,0
ITM013,Frozen Peas,Frozen,HH005,2026-01-22,0.12,bags,3,0,1,winter,0
ITM013,Frozen Peas,Frozen,HH005,2026-01-24,0.18,bags,5,1,1,winter,0
ITM013,Frozen Peas,Frozen,HH005,2026-01-25,0.1,bags,6,1,1,winter,0
ITM013,Frozen Peas,Frozen,HH005,2026-01-28,0.09,bags,2,0,1,winter,0
ITM013,Frozen Peas,Frozen,HH005,2026-01-29,0.11,bags,3,0,1,winter,0
ITM013,Frozen Peas,Frozen,HH005,2026-01-31,0.12,bags,5,1,1,winter,0
ITM013,Frozen Peas,Frozen,HH005,2026-02-05,0.1,bags,3,0,2,winter,0
ITM013,Frozen Peas,Frozen,HH005,2026-02-06,0.09,bags,4,0,2,winter,0
ITM013,Frozen Peas,Frozen,HH005,2026-02-08,0.13,bags,6,1,2,winter,0
ITM013,Frozen Peas,Frozen,HH005,2026-02-09,0.12,bags,0,0,2,winter,0
ITM013,Frozen Peas,Frozen,HH005,2026-02-11,0.1,bags,2,0,2,winter,0
ITM013,Frozen Peas,Frozen,HH005,2026-02-20,0.08,bags,4,0,2,winter,0
ITM013,Frozen Peas,Frozen,HH005,2026-02-21,0.18,bags,5,1,2,winter,0
ITM013,Frozen Peas,Frozen,HH005,2026-02-25,0.12,bags,2,0,2,winter,0
ITM013,Frozen Peas,Frozen,HH005,2026-02-26,0.14,bags,3,0,2,winter,0
ITM013,Frozen Peas,Frozen,HH005,2026-02-28,0.13,bags,5,1,2,winter,0
ITM013,Frozen Peas,Frozen,HH005,2026-03-04,0.13,bags,2,0,3,spring,0
ITM013,Frozen Peas,Frozen,HH005,2026-03-06,0.1,bags,4,0,3,spring,0
ITM013,Frozen Peas,Frozen,HH005,2026-03-08,0.19,bags,6,1,3,spring,1
ITM013,Frozen Peas,Frozen,HH005,2026-03-15,0.18,bags,6,1,3,spring,0
ITM013,Frozen Peas,Frozen,HH005,2026-03-17,0.09,bags,1,0,3,spring,0
ITM013,Frozen Peas,Frozen,HH005,2026-03-22,0.2,bags,6,1,3,spring,0
ITM013,Frozen Peas,Frozen,HH005,2026-03-23,0.13,bags,0,0,3,spring,0
ITM013,Frozen Peas,Frozen,HH005,2026-03-26,0.11,bags,3,0,3,spring,0
ITM013,Frozen Peas,Frozen,HH005,2026-03-31,0.11,bags,1,0,3,spring,0
ITM013,Frozen Peas,Frozen,HH005,2026-04-09,0.15,bags,3,0,4,spring,0
ITM013,Frozen Peas,Frozen,HH005,2026-04-11,0.1,bags,5,1,4,spring,0
ITM013,Frozen Peas,Frozen,HH005,2026-04-15,0.11,bags,2,0,4,spring,0
ITM013,Frozen Peas,Frozen,HH005,2026-04-17,0.12,bags,4,0,4,spring,0
ITM013,Frozen Peas,Frozen,HH005,2026-04-18,0.18,bags,5,1,4,spring,0
ITM013,Frozen Peas,Frozen,HH005,2026-04-21,0.08,bags,1,0,4,spring,0
ITM013,Frozen Peas,Frozen,HH005,2026-04-23,0.11,bags,3,0,4,spring,0
ITM013,Frozen Peas,Frozen,HH005,2026-04-26,0.11,bags,6,1,4,spring,0
ITM013,Frozen Peas,Frozen,HH005,2026-04-27,0.1,bags,0,0,4,spring,0
ITM013,Frozen Peas,Frozen,HH005,2026-04-28,0.1,bags,1,0,4,spring,0
ITM013,Frozen Peas,Frozen,HH005,2026-05-10,0.14,bags,6,1,5,spring,0
ITM013,Frozen Peas,Frozen,HH005,2026-05-16,0.17,bags,5,1,5,spring,0
ITM013,Frozen Peas,Frozen,HH005,2026-05-17,0.14,bags,6,1,5,spring,0
ITM013,Frozen Peas,Frozen,HH005,2026-05-18,0.09,bags,0,0,5,spring,0
ITM013,Frozen Peas,Frozen,HH005,2026-05-21,0.1,bags,3,0,5,spring,0
ITM013,Frozen Peas,Frozen,HH005,2026-05-22,0.12,bags,4,0,5,spring,0
ITM013,Frozen Peas,Frozen,HH005,2026-05-23,0.15,bags,5,1,5,spring,0
ITM013,Frozen Peas,Frozen,HH005,2026-05-27,0.11,bags,2,0,5,spring,0
ITM013,Frozen Peas,Frozen,HH005,2026-05-30,0.13,bags,5,1,5,spring,0
ITM013,Frozen Peas,Frozen,HH005,2026-06-02,0.11,bags,1,0,6,summer,0
ITM013,Frozen Peas,Frozen,HH005,2026-06-09,0.07,bags,1,0,6,summer,0
ITM013,Frozen Peas,Frozen,HH005,2026-06-15,0.1,bags,0,0,6,summer,0
ITM013,Frozen Peas,Frozen,HH005,2026-06-29,0.11,bags,0,0,6,summer,0
ITM013,Frozen Peas,Frozen,HH006,2026-01-04,0.18,bags,6,1,1,winter,0
ITM013,Frozen Peas,Frozen,HH006,2026-01-05,0.09,bags,0,0,1,winter,0
ITM013,Frozen Peas,Frozen,HH006,2026-01-07,0.12,bags,2,0,1,winter,0
ITM013,Frozen Peas,Frozen,HH006,2026-01-08,0.13,bags,3,0,1,winter,0
ITM013,Frozen Peas,Frozen,HH006,2026-01-09,0.13,bags,4,0,1,winter,0
ITM013,Frozen Peas,Frozen,HH006,2026-01-11,0.21,bags,6,1,1,winter,0
ITM013,Frozen Peas,Frozen,HH006,2026-01-12,0.14,bags,0,0,1,winter,0
ITM013,Frozen Peas,Frozen,HH006,2026-01-15,0.11,bags,3,0,1,winter,0
ITM013,Frozen Peas,Frozen,HH006,2026-01-16,0.1,bags,4,0,1,winter,0
ITM013,Frozen Peas,Frozen,HH006,2026-01-17,0.18,bags,5,1,1,winter,0
ITM013,Frozen Peas,Frozen,HH006,2026-01-24,0.16,bags,5,1,1,winter,0
ITM013,Frozen Peas,Frozen,HH006,2026-01-25,0.19,bags,6,1,1,winter,0
ITM013,Frozen Peas,Frozen,HH006,2026-01-30,0.08,bags,4,0,1,winter,0
ITM013,Frozen Peas,Frozen,HH006,2026-02-03,0.13,bags,1,0,2,winter,0
ITM013,Frozen Peas,Frozen,HH006,2026-02-06,0.12,bags,4,0,2,winter,0
ITM013,Frozen Peas,Frozen,HH006,2026-02-10,0.14,bags,1,0,2,winter,0
ITM013,Frozen Peas,Frozen,HH006,2026-02-17,0.12,bags,1,0,2,winter,0
ITM013,Frozen Peas,Frozen,HH006,2026-02-18,0.14,bags,2,0,2,winter,0
ITM013,Frozen Peas,Frozen,HH006,2026-02-21,0.19,bags,5,1,2,winter,0
ITM013,Frozen Peas,Frozen,HH006,2026-02-22,0.16,bags,6,1,2,winter,0
ITM013,Frozen Peas,Frozen,HH006,2026-02-24,0.11,bags,1,0,2,winter,0
ITM013,Frozen Peas,Frozen,HH006,2026-03-07,0.15,bags,5,1,3,spring,0
ITM013,Frozen Peas,Frozen,HH006,2026-03-08,0.42,bags,6,1,3,spring,1
ITM013,Frozen Peas,Frozen,HH006,2026-03-13,0.11,bags,4,0,3,spring,0
ITM013,Frozen Peas,Frozen,HH006,2026-03-20,0.12,bags,4,0,3,spring,0
ITM013,Frozen Peas,Frozen,HH006,2026-03-21,0.2,bags,5,1,3,spring,0
ITM013,Frozen Peas,Frozen,HH006,2026-03-23,0.13,bags,0,0,3,spring,0
ITM013,Frozen Peas,Frozen,HH006,2026-03-24,0.16,bags,1,0,3,spring,0
ITM013,Frozen Peas,Frozen,HH006,2026-04-12,0.19,bags,6,1,4,spring,0
ITM013,Frozen Peas,Frozen,HH006,2026-04-15,0.1,bags,2,0,4,spring,0
ITM013,Frozen Peas,Frozen,HH006,2026-04-16,0.15,bags,3,0,4,spring,0
ITM013,Frozen Peas,Frozen,HH006,2026-04-20,0.11,bags,0,0,4,spring,0
ITM013,Frozen Peas,Frozen,HH006,2026-04-23,0.12,bags,3,0,4,spring,0
ITM013,Frozen Peas,Frozen,HH006,2026-04-27,0.1,bags,0,0,4,spring,0
ITM013,Frozen Peas,Frozen,HH006,2026-05-08,0.12,bags,4,0,5,spring,0
ITM013,Frozen Peas,Frozen,HH006,2026-05-11,0.13,bags,0,0,5,spring,0
ITM013,Frozen Peas,Frozen,HH006,2026-05-17,0.17,bags,6,1,5,spring,0
ITM013,Frozen Peas,Frozen,HH006,2026-05-26,0.11,bags,1,0,5,spring,0
ITM013,Frozen Peas,Frozen,HH006,2026-05-29,0.13,bags,4,0,5,spring,0
ITM013,Frozen Peas,Frozen,HH006,2026-06-07,0.25,bags,6,1,6,summer,0
ITM013,Frozen Peas,Frozen,HH006,2026-06-09,0.14,bags,1,0,6,summer,0
ITM013,Frozen Peas,Frozen,HH006,2026-06-13,0.15,bags,5,1,6,summer,0
ITM013,Frozen Peas,Frozen,HH006,2026-06-18,0.14,bags,3,0,6,summer,0
ITM013,Frozen Peas,Frozen,HH006,2026-06-20,0.22,bags,5,1,6,summer,0
ITM013,Frozen Peas,Frozen,HH006,2026-06-25,0.12,bags,3,0,6,summer,0
ITM013,Frozen Peas,Frozen,HH007,2026-01-02,0.21,bags,4,0,1,winter,0
ITM013,Frozen Peas,Frozen,HH007,2026-01-04,0.19,bags,6,1,1,winter,0
ITM013,Frozen Peas,Frozen,HH007,2026-01-09,0.15,bags,4,0,1,winter,0
ITM013,Frozen Peas,Frozen,HH007,2026-01-11,0.25,bags,6,1,1,winter,0
ITM013,Frozen Peas,Frozen,HH007,2026-01-15,0.17,bags,3,0,1,winter,0
ITM013,Frozen Peas,Frozen,HH007,2026-01-16,0.15,bags,4,0,1,winter,0
ITM013,Frozen Peas,Frozen,HH007,2026-01-20,0.15,bags,1,0,1,winter,0
ITM013,Frozen Peas,Frozen,HH007,2026-02-05,0.16,bags,3,0,2,winter,0
ITM013,Frozen Peas,Frozen,HH007,2026-02-15,0.2,bags,6,1,2,winter,0
ITM013,Frozen Peas,Frozen,HH007,2026-02-18,0.13,bags,2,0,2,winter,0
ITM013,Frozen Peas,Frozen,HH007,2026-02-25,0.13,bags,2,0,2,winter,0
ITM013,Frozen Peas,Frozen,HH007,2026-02-28,0.23,bags,5,1,2,winter,0
ITM013,Frozen Peas,Frozen,HH007,2026-03-01,0.26,bags,6,1,3,spring,0
ITM013,Frozen Peas,Frozen,HH007,2026-03-05,0.17,bags,3,0,3,spring,0
ITM013,Frozen Peas,Frozen,HH007,2026-03-06,0.15,bags,4,0,3,spring,0
ITM013,Frozen Peas,Frozen,HH007,2026-03-09,0.14,bags,0,0,3,spring,0
ITM013,Frozen Peas,Frozen,HH007,2026-03-13,0.13,bags,4,0,3,spring,0
ITM013,Frozen Peas,Frozen,HH007,2026-03-19,0.16,bags,3,0,3,spring,0
ITM013,Frozen Peas,Frozen,HH007,2026-03-20,0.16,bags,4,0,3,spring,0
ITM013,Frozen Peas,Frozen,HH007,2026-03-23,0.14,bags,0,0,3,spring,0
ITM013,Frozen Peas,Frozen,HH007,2026-03-25,0.15,bags,2,0,3,spring,0
ITM013,Frozen Peas,Frozen,HH007,2026-03-26,0.16,bags,3,0,3,spring,0
ITM013,Frozen Peas,Frozen,HH007,2026-04-05,0.22,bags,6,1,4,spring,0
ITM013,Frozen Peas,Frozen,HH007,2026-04-06,0.17,bags,0,0,4,spring,0
ITM013,Frozen Peas,Frozen,HH007,2026-04-07,0.13,bags,1,0,4,spring,0
ITM013,Frozen Peas,Frozen,HH007,2026-04-13,0.17,bags,0,0,4,spring,0
ITM013,Frozen Peas,Frozen,HH007,2026-04-19,0.31,bags,6,1,4,spring,0
ITM013,Frozen Peas,Frozen,HH007,2026-04-23,0.18,bags,3,0,4,spring,0
ITM013,Frozen Peas,Frozen,HH007,2026-04-27,0.17,bags,0,0,4,spring,0
ITM013,Frozen Peas,Frozen,HH007,2026-05-03,0.23,bags,6,1,5,spring,0
ITM013,Frozen Peas,Frozen,HH007,2026-05-04,0.14,bags,0,0,5,spring,0
ITM013,Frozen Peas,Frozen,HH007,2026-05-05,0.17,bags,1,0,5,spring,0
ITM013,Frozen Peas,Frozen,HH007,2026-05-08,0.13,bags,4,0,5,spring,0
ITM013,Frozen Peas,Frozen,HH007,2026-05-14,0.15,bags,3,0,5,spring,0
ITM013,Frozen Peas,Frozen,HH007,2026-05-15,0.15,bags,4,0,5,spring,0
ITM013,Frozen Peas,Frozen,HH007,2026-05-18,0.14,bags,0,0,5,spring,0
ITM013,Frozen Peas,Frozen,HH007,2026-05-19,0.17,bags,1,0,5,spring,0
ITM013,Frozen Peas,Frozen,HH007,2026-05-22,0.15,bags,4,0,5,spring,0
ITM013,Frozen Peas,Frozen,HH007,2026-05-23,0.21,bags,5,1,5,spring,0
ITM013,Frozen Peas,Frozen,HH007,2026-05-25,0.18,bags,0,0,5,spring,0
ITM013,Frozen Peas,Frozen,HH007,2026-05-29,0.14,bags,4,0,5,spring,0
ITM013,Frozen Peas,Frozen,HH007,2026-05-31,0.21,bags,6,1,5,spring,0
ITM013,Frozen Peas,Frozen,HH007,2026-06-01,0.18,bags,0,0,6,summer,0
ITM013,Frozen Peas,Frozen,HH007,2026-06-03,0.13,bags,2,0,6,summer,0
ITM013,Frozen Peas,Frozen,HH007,2026-06-05,0.14,bags,4,0,6,summer,0
ITM013,Frozen Peas,Frozen,HH007,2026-06-06,0.29,bags,5,1,6,summer,1
ITM013,Frozen Peas,Frozen,HH007,2026-06-09,0.15,bags,1,0,6,summer,0
ITM013,Frozen Peas,Frozen,HH007,2026-06-16,0.12,bags,1,0,6,summer,0
ITM013,Frozen Peas,Frozen,HH007,2026-06-20,0.14,bags,5,1,6,summer,0
ITM013,Frozen Peas,Frozen,HH007,2026-06-24,0.11,bags,2,0,6,summer,0
ITM013,Frozen Peas,Frozen,HH007,2026-06-25,0.14,bags,3,0,6,summer,0
ITM013,Frozen Peas,Frozen,HH007,2026-06-28,0.22,bags,6,1,6,summer,0
ITM013,Frozen Peas,Frozen,HH008,2026-01-02,0.17,bags,4,0,1,winter,0
ITM013,Frozen Peas,Frozen,HH008,2026-01-06,0.19,bags,1,0,1,winter,0
ITM013,Frozen Peas,Frozen,HH008,2026-01-07,0.18,bags,2,0,1,winter,0
ITM013,Frozen Peas,Frozen,HH008,2026-01-08,0.17,bags,3,0,1,winter,0
ITM013,Frozen Peas,Frozen,HH008,2026-01-10,0.2,bags,5,1,1,winter,0
ITM013,Frozen Peas,Frozen,HH008,2026-01-12,0.16,bags,0,0,1,winter,0
ITM013,Frozen Peas,Frozen,HH008,2026-01-26,0.29,bags,0,0,1,winter,1
ITM013,Frozen Peas,Frozen,HH008,2026-01-27,0.15,bags,1,0,1,winter,0
ITM013,Frozen Peas,Frozen,HH008,2026-02-04,0.17,bags,2,0,2,winter,0
ITM013,Frozen Peas,Frozen,HH008,2026-02-05,0.18,bags,3,0,2,winter,0
ITM013,Frozen Peas,Frozen,HH008,2026-02-07,0.32,bags,5,1,2,winter,0
ITM013,Frozen Peas,Frozen,HH008,2026-02-08,0.23,bags,6,1,2,winter,0
ITM013,Frozen Peas,Frozen,HH008,2026-02-09,0.19,bags,0,0,2,winter,0
ITM013,Frozen Peas,Frozen,HH008,2026-02-19,0.14,bags,3,0,2,winter,0
ITM013,Frozen Peas,Frozen,HH008,2026-02-22,0.26,bags,6,1,2,winter,0
ITM013,Frozen Peas,Frozen,HH008,2026-02-27,0.15,bags,4,0,2,winter,0
ITM013,Frozen Peas,Frozen,HH008,2026-03-02,0.21,bags,0,0,3,spring,0
ITM013,Frozen Peas,Frozen,HH008,2026-03-19,0.2,bags,3,0,3,spring,0
ITM013,Frozen Peas,Frozen,HH008,2026-03-25,0.14,bags,2,0,3,spring,0
ITM013,Frozen Peas,Frozen,HH008,2026-03-27,0.16,bags,4,0,3,spring,0
ITM013,Frozen Peas,Frozen,HH008,2026-04-06,0.17,bags,0,0,4,spring,0
ITM013,Frozen Peas,Frozen,HH008,2026-04-08,0.21,bags,2,0,4,spring,0
ITM013,Frozen Peas,Frozen,HH008,2026-04-10,0.15,bags,4,0,4,spring,0
ITM013,Frozen Peas,Frozen,HH008,2026-04-14,0.19,bags,1,0,4,spring,1
ITM013,Frozen Peas,Frozen,HH008,2026-04-22,0.16,bags,2,0,4,spring,0
ITM013,Frozen Peas,Frozen,HH008,2026-04-29,0.17,bags,2,0,4,spring,0
ITM013,Frozen Peas,Frozen,HH008,2026-05-08,0.18,bags,4,0,5,spring,0
ITM013,Frozen Peas,Frozen,HH008,2026-05-09,0.23,bags,5,1,5,spring,0
ITM013,Frozen Peas,Frozen,HH008,2026-05-10,0.27,bags,6,1,5,spring,0
ITM013,Frozen Peas,Frozen,HH008,2026-05-13,0.15,bags,2,0,5,spring,0
ITM013,Frozen Peas,Frozen,HH008,2026-05-14,0.19,bags,3,0,5,spring,0
ITM013,Frozen Peas,Frozen,HH008,2026-05-26,0.17,bags,1,0,5,spring,0
ITM013,Frozen Peas,Frozen,HH008,2026-05-27,0.2,bags,2,0,5,spring,0
ITM013,Frozen Peas,Frozen,HH008,2026-05-30,0.24,bags,5,1,5,spring,0
ITM013,Frozen Peas,Frozen,HH008,2026-05-31,0.27,bags,6,1,5,spring,0
ITM013,Frozen Peas,Frozen,HH008,2026-06-03,0.15,bags,2,0,6,summer,0
ITM013,Frozen Peas,Frozen,HH008,2026-06-04,0.15,bags,3,0,6,summer,0
ITM013,Frozen Peas,Frozen,HH008,2026-06-05,0.19,bags,4,0,6,summer,0
ITM013,Frozen Peas,Frozen,HH008,2026-06-07,0.24,bags,6,1,6,summer,0
ITM013,Frozen Peas,Frozen,HH008,2026-06-08,0.18,bags,0,0,6,summer,0
ITM013,Frozen Peas,Frozen,HH008,2026-06-10,0.18,bags,2,0,6,summer,0
ITM013,Frozen Peas,Frozen,HH008,2026-06-19,0.13,bags,4,0,6,summer,0
ITM013,Frozen Peas,Frozen,HH008,2026-06-20,0.2,bags,5,1,6,summer,0
ITM013,Frozen Peas,Frozen,HH008,2026-06-21,0.24,bags,6,1,6,summer,0
ITM013,Frozen Peas,Frozen,HH008,2026-06-28,0.22,bags,6,1,6,summer,0
ITM013,Frozen Peas,Frozen,HH009,2026-01-02,0.2,bags,4,0,1,winter,0
ITM013,Frozen Peas,Frozen,HH009,2026-01-05,0.15,bags,0,0,1,winter,0
ITM013,Frozen Peas,Frozen,HH009,2026-01-13,0.2,bags,1,0,1,winter,0
ITM013,Frozen Peas,Frozen,HH009,2026-01-16,0.21,bags,4,0,1,winter,0
ITM013,Frozen Peas,Frozen,HH009,2026-01-17,0.26,bags,5,1,1,winter,0
ITM013,Frozen Peas,Frozen,HH009,2026-01-19,0.18,bags,0,0,1,winter,0
ITM013,Frozen Peas,Frozen,HH009,2026-01-21,0.18,bags,2,0,1,winter,0
ITM013,Frozen Peas,Frozen,HH009,2026-01-24,0.26,bags,5,1,1,winter,0
ITM013,Frozen Peas,Frozen,HH009,2026-01-26,0.28,bags,0,0,1,winter,1
ITM013,Frozen Peas,Frozen,HH009,2026-01-29,0.2,bags,3,0,1,winter,0
ITM013,Frozen Peas,Frozen,HH009,2026-01-30,0.18,bags,4,0,1,winter,0
ITM013,Frozen Peas,Frozen,HH009,2026-02-07,0.27,bags,5,1,2,winter,0
ITM013,Frozen Peas,Frozen,HH009,2026-02-12,0.2,bags,3,0,2,winter,0
ITM013,Frozen Peas,Frozen,HH009,2026-02-19,0.23,bags,3,0,2,winter,0
ITM013,Frozen Peas,Frozen,HH009,2026-02-21,0.27,bags,5,1,2,winter,0
ITM013,Frozen Peas,Frozen,HH009,2026-02-22,0.28,bags,6,1,2,winter,0
ITM013,Frozen Peas,Frozen,HH009,2026-02-23,0.2,bags,0,0,2,winter,0
ITM013,Frozen Peas,Frozen,HH009,2026-02-24,0.2,bags,1,0,2,winter,0
ITM013,Frozen Peas,Frozen,HH009,2026-02-26,0.21,bags,3,0,2,winter,0
ITM013,Frozen Peas,Frozen,HH009,2026-03-03,0.21,bags,1,0,3,spring,0
ITM013,Frozen Peas,Frozen,HH009,2026-03-09,0.18,bags,0,0,3,spring,0
ITM013,Frozen Peas,Frozen,HH009,2026-03-14,0.25,bags,5,1,3,spring,0
ITM013,Frozen Peas,Frozen,HH009,2026-03-15,0.31,bags,6,1,3,spring,0
ITM013,Frozen Peas,Frozen,HH009,2026-03-17,0.19,bags,1,0,3,spring,0
ITM013,Frozen Peas,Frozen,HH009,2026-03-18,0.21,bags,2,0,3,spring,0
ITM013,Frozen Peas,Frozen,HH009,2026-03-19,0.13,bags,3,0,3,spring,0
ITM013,Frozen Peas,Frozen,HH009,2026-03-27,0.21,bags,4,0,3,spring,0
ITM013,Frozen Peas,Frozen,HH009,2026-03-30,0.22,bags,0,0,3,spring,0
ITM013,Frozen Peas,Frozen,HH009,2026-04-11,0.19,bags,5,1,4,spring,0
ITM013,Frozen Peas,Frozen,HH009,2026-04-12,0.2,bags,6,1,4,spring,0
ITM013,Frozen Peas,Frozen,HH009,2026-04-15,0.21,bags,2,0,4,spring,0
ITM013,Frozen Peas,Frozen,HH009,2026-04-17,0.17,bags,4,0,4,spring,0
ITM013,Frozen Peas,Frozen,HH009,2026-04-20,0.19,bags,0,0,4,spring,0
ITM013,Frozen Peas,Frozen,HH009,2026-04-21,0.19,bags,1,0,4,spring,0
ITM013,Frozen Peas,Frozen,HH009,2026-04-22,0.22,bags,2,0,4,spring,0
ITM013,Frozen Peas,Frozen,HH009,2026-05-07,0.17,bags,3,0,5,spring,0
ITM013,Frozen Peas,Frozen,HH009,2026-05-08,0.19,bags,4,0,5,spring,0
ITM013,Frozen Peas,Frozen,HH009,2026-05-11,0.19,bags,0,0,5,spring,0
ITM013,Frozen Peas,Frozen,HH009,2026-05-16,0.2,bags,5,1,5,spring,0
ITM013,Frozen Peas,Frozen,HH009,2026-05-17,0.24,bags,6,1,5,spring,0
ITM013,Frozen Peas,Frozen,HH009,2026-05-21,0.23,bags,3,0,5,spring,0
ITM013,Frozen Peas,Frozen,HH009,2026-05-23,0.25,bags,5,1,5,spring,0
ITM013,Frozen Peas,Frozen,HH009,2026-05-27,0.15,bags,2,0,5,spring,0
ITM013,Frozen Peas,Frozen,HH009,2026-06-07,0.21,bags,6,1,6,summer,0
ITM013,Frozen Peas,Frozen,HH009,2026-06-10,0.23,bags,2,0,6,summer,0
ITM013,Frozen Peas,Frozen,HH009,2026-06-19,0.2,bags,4,0,6,summer,0
ITM013,Frozen Peas,Frozen,HH009,2026-06-23,0.2,bags,1,0,6,summer,0
ITM013,Frozen Peas,Frozen,HH010,2026-01-01,0.16,bags,3,0,1,winter,1
ITM013,Frozen Peas,Frozen,HH010,2026-01-06,0.12,bags,1,0,1,winter,0
ITM013,Frozen Peas,Frozen,HH010,2026-01-13,0.11,bags,1,0,1,winter,0
ITM013,Frozen Peas,Frozen,HH010,2026-01-16,0.13,bags,4,0,1,winter,0
ITM013,Frozen Peas,Frozen,HH010,2026-01-17,0.15,bags,5,1,1,winter,0
ITM013,Frozen Peas,Frozen,HH010,2026-01-18,0.16,bags,6,1,1,winter,0
ITM013,Frozen Peas,Frozen,HH010,2026-01-19,0.09,bags,0,0,1,winter,0
ITM013,Frozen Peas,Frozen,HH010,2026-01-20,0.11,bags,1,0,1,winter,0
ITM013,Frozen Peas,Frozen,HH010,2026-01-23,0.11,bags,4,0,1,winter,0
ITM013,Frozen Peas,Frozen,HH010,2026-01-26,0.2,bags,0,0,1,winter,1
ITM013,Frozen Peas,Frozen,HH010,2026-01-27,0.08,bags,1,0,1,winter,0
ITM013,Frozen Peas,Frozen,HH010,2026-01-29,0.12,bags,3,0,1,winter,0
ITM013,Frozen Peas,Frozen,HH010,2026-02-02,0.11,bags,0,0,2,winter,0
ITM013,Frozen Peas,Frozen,HH010,2026-02-05,0.12,bags,3,0,2,winter,0
ITM013,Frozen Peas,Frozen,HH010,2026-02-07,0.14,bags,5,1,2,winter,0
ITM013,Frozen Peas,Frozen,HH010,2026-02-08,0.16,bags,6,1,2,winter,0
ITM013,Frozen Peas,Frozen,HH010,2026-02-17,0.07,bags,1,0,2,winter,0
ITM013,Frozen Peas,Frozen,HH010,2026-02-21,0.16,bags,5,1,2,winter,0
ITM013,Frozen Peas,Frozen,HH010,2026-02-22,0.17,bags,6,1,2,winter,0
ITM013,Frozen Peas,Frozen,HH010,2026-02-23,0.11,bags,0,0,2,winter,0
ITM013,Frozen Peas,Frozen,HH010,2026-02-24,0.12,bags,1,0,2,winter,0
ITM013,Frozen Peas,Frozen,HH010,2026-02-27,0.11,bags,4,0,2,winter,0
ITM013,Frozen Peas,Frozen,HH010,2026-02-28,0.13,bags,5,1,2,winter,0
ITM013,Frozen Peas,Frozen,HH010,2026-03-06,0.1,bags,4,0,3,spring,0
ITM013,Frozen Peas,Frozen,HH010,2026-03-17,0.13,bags,1,0,3,spring,0
ITM013,Frozen Peas,Frozen,HH010,2026-03-19,0.13,bags,3,0,3,spring,0
ITM013,Frozen Peas,Frozen,HH010,2026-03-20,0.11,bags,4,0,3,spring,0
ITM013,Frozen Peas,Frozen,HH010,2026-03-29,0.18,bags,6,1,3,spring,0
ITM013,Frozen Peas,Frozen,HH010,2026-03-30,0.1,bags,0,0,3,spring,0
ITM013,Frozen Peas,Frozen,HH010,2026-04-03,0.11,bags,4,0,4,spring,0
ITM013,Frozen Peas,Frozen,HH010,2026-04-04,0.13,bags,5,1,4,spring,0
ITM013,Frozen Peas,Frozen,HH010,2026-04-14,0.14,bags,1,0,4,spring,1
ITM013,Frozen Peas,Frozen,HH010,2026-04-17,0.12,bags,4,0,4,spring,0
ITM013,Frozen Peas,Frozen,HH010,2026-04-21,0.12,bags,1,0,4,spring,0
ITM013,Frozen Peas,Frozen,HH010,2026-04-23,0.09,bags,3,0,4,spring,0
ITM013,Frozen Peas,Frozen,HH010,2026-04-25,0.17,bags,5,1,4,spring,0
ITM013,Frozen Peas,Frozen,HH010,2026-04-27,0.07,bags,0,0,4,spring,0
ITM013,Frozen Peas,Frozen,HH010,2026-04-30,0.08,bags,3,0,4,spring,0
ITM013,Frozen Peas,Frozen,HH010,2026-05-03,0.17,bags,6,1,5,spring,0
ITM013,Frozen Peas,Frozen,HH010,2026-05-17,0.14,bags,6,1,5,spring,0
ITM013,Frozen Peas,Frozen,HH010,2026-06-03,0.09,bags,2,0,6,summer,0
ITM013,Frozen Peas,Frozen,HH010,2026-06-05,0.11,bags,4,0,6,summer,0
ITM013,Frozen Peas,Frozen,HH010,2026-06-06,0.23,bags,5,1,6,summer,1
ITM013,Frozen Peas,Frozen,HH010,2026-06-09,0.1,bags,1,0,6,summer,0
ITM013,Frozen Peas,Frozen,HH010,2026-06-15,0.11,bags,0,0,6,summer,0
ITM013,Frozen Peas,Frozen,HH010,2026-06-16,0.11,bags,1,0,6,summer,0
ITM013,Frozen Peas,Frozen,HH010,2026-06-22,0.08,bags,0,0,6,summer,0
ITM013,Frozen Peas,Frozen,HH010,2026-06-29,0.11,bags,0,0,6,summer,0
ITM013,Frozen Peas,Frozen,HH011,2026-01-01,0.23,bags,3,0,1,winter,1
ITM013,Frozen Peas,Frozen,HH011,2026-01-08,0.09,bags,3,0,1,winter,0
ITM013,Frozen Peas,Frozen,HH011,2026-01-09,0.12,bags,4,0,1,winter,0
ITM013,Frozen Peas,Frozen,HH011,2026-01-12,0.12,bags,0,0,1,winter,0
ITM013,Frozen Peas,Frozen,HH011,2026-01-13,0.11,bags,1,0,1,winter,0
ITM013,Frozen Peas,Frozen,HH011,2026-01-23,0.13,bags,4,0,1,winter,0
ITM013,Frozen Peas,Frozen,HH011,2026-01-26,0.16,bags,0,0,1,winter,1
ITM013,Frozen Peas,Frozen,HH011,2026-02-05,0.15,bags,3,0,2,winter,0
ITM013,Frozen Peas,Frozen,HH011,2026-02-07,0.17,bags,5,1,2,winter,0
ITM013,Frozen Peas,Frozen,HH011,2026-02-11,0.14,bags,2,0,2,winter,0
ITM013,Frozen Peas,Frozen,HH011,2026-02-18,0.11,bags,2,0,2,winter,0
ITM013,Frozen Peas,Frozen,HH011,2026-02-20,0.15,bags,4,0,2,winter,0
ITM013,Frozen Peas,Frozen,HH011,2026-02-21,0.19,bags,5,1,2,winter,0
ITM013,Frozen Peas,Frozen,HH011,2026-02-22,0.17,bags,6,1,2,winter,0
ITM013,Frozen Peas,Frozen,HH011,2026-03-06,0.09,bags,4,0,3,spring,0
ITM013,Frozen Peas,Frozen,HH011,2026-03-09,0.14,bags,0,0,3,spring,0
ITM013,Frozen Peas,Frozen,HH011,2026-03-11,0.15,bags,2,0,3,spring,0
ITM013,Frozen Peas,Frozen,HH011,2026-03-14,0.18,bags,5,1,3,spring,0
ITM013,Frozen Peas,Frozen,HH011,2026-03-15,0.18,bags,6,1,3,spring,0
ITM013,Frozen Peas,Frozen,HH011,2026-03-16,0.14,bags,0,0,3,spring,0
ITM013,Frozen Peas,Frozen,HH011,2026-03-17,0.12,bags,1,0,3,spring,0
ITM013,Frozen Peas,Frozen,HH011,2026-03-21,0.18,bags,5,1,3,spring,0
ITM013,Frozen Peas,Frozen,HH011,2026-03-29,0.13,bags,6,1,3,spring,0
ITM013,Frozen Peas,Frozen,HH011,2026-04-06,0.13,bags,0,0,4,spring,0
ITM013,Frozen Peas,Frozen,HH011,2026-04-08,0.15,bags,2,0,4,spring,0
ITM013,Frozen Peas,Frozen,HH011,2026-04-09,0.12,bags,3,0,4,spring,0
ITM013,Frozen Peas,Frozen,HH011,2026-04-12,0.2,bags,6,1,4,spring,0
ITM013,Frozen Peas,Frozen,HH011,2026-04-13,0.13,bags,0,0,4,spring,0
ITM013,Frozen Peas,Frozen,HH011,2026-04-14,0.22,bags,1,0,4,spring,1
ITM013,Frozen Peas,Frozen,HH011,2026-04-16,0.11,bags,3,0,4,spring,0
ITM013,Frozen Peas,Frozen,HH011,2026-04-27,0.13,bags,0,0,4,spring,0
ITM013,Frozen Peas,Frozen,HH011,2026-05-02,0.22,bags,5,1,5,spring,0
ITM013,Frozen Peas,Frozen,HH011,2026-05-06,0.15,bags,2,0,5,spring,0
ITM013,Frozen Peas,Frozen,HH011,2026-05-07,0.1,bags,3,0,5,spring,0
ITM013,Frozen Peas,Frozen,HH011,2026-05-08,0.13,bags,4,0,5,spring,0
ITM013,Frozen Peas,Frozen,HH011,2026-05-12,0.12,bags,1,0,5,spring,0
ITM013,Frozen Peas,Frozen,HH011,2026-05-15,0.14,bags,4,0,5,spring,0
ITM013,Frozen Peas,Frozen,HH011,2026-05-18,0.13,bags,0,0,5,spring,0
ITM013,Frozen Peas,Frozen,HH011,2026-05-24,0.14,bags,6,1,5,spring,0
ITM013,Frozen Peas,Frozen,HH011,2026-05-26,0.14,bags,1,0,5,spring,0
ITM013,Frozen Peas,Frozen,HH011,2026-05-28,0.12,bags,3,0,5,spring,0
ITM013,Frozen Peas,Frozen,HH011,2026-06-01,0.14,bags,0,0,6,summer,0
ITM013,Frozen Peas,Frozen,HH011,2026-06-07,0.19,bags,6,1,6,summer,0
ITM013,Frozen Peas,Frozen,HH011,2026-06-14,0.17,bags,6,1,6,summer,0
ITM013,Frozen Peas,Frozen,HH011,2026-06-16,0.11,bags,1,0,6,summer,0
ITM013,Frozen Peas,Frozen,HH011,2026-06-18,0.09,bags,3,0,6,summer,0
ITM013,Frozen Peas,Frozen,HH011,2026-06-20,0.17,bags,5,1,6,summer,0
ITM013,Frozen Peas,Frozen,HH011,2026-06-23,0.1,bags,1,0,6,summer,0
ITM013,Frozen Peas,Frozen,HH011,2026-06-26,0.14,bags,4,0,6,summer,0
ITM013,Frozen Peas,Frozen,HH011,2026-06-27,0.19,bags,5,1,6,summer,0
ITM013,Frozen Peas,Frozen,HH011,2026-06-29,0.12,bags,0,0,6,summer,0
ITM013,Frozen Peas,Frozen,HH012,2026-01-05,0.12,bags,0,0,1,winter,0
ITM013,Frozen Peas,Frozen,HH012,2026-01-06,0.16,bags,1,0,1,winter,0
ITM013,Frozen Peas,Frozen,HH012,2026-02-04,0.18,bags,2,0,2,winter,0
ITM013,Frozen Peas,Frozen,HH012,2026-02-08,0.23,bags,6,1,2,winter,0
ITM013,Frozen Peas,Frozen,HH012,2026-02-12,0.15,bags,3,0,2,winter,0
ITM013,Frozen Peas,Frozen,HH012,2026-02-15,0.25,bags,6,1,2,winter,0
ITM013,Frozen Peas,Frozen,HH012,2026-02-16,0.15,bags,0,0,2,winter,0
ITM013,Frozen Peas,Frozen,HH012,2026-02-19,0.17,bags,3,0,2,winter,0
ITM013,Frozen Peas,Frozen,HH012,2026-02-25,0.15,bags,2,0,2,winter,0
ITM013,Frozen Peas,Frozen,HH012,2026-02-26,0.13,bags,3,0,2,winter,0
ITM013,Frozen Peas,Frozen,HH012,2026-02-27,0.13,bags,4,0,2,winter,0
ITM013,Frozen Peas,Frozen,HH012,2026-03-05,0.19,bags,3,0,3,spring,0
ITM013,Frozen Peas,Frozen,HH012,2026-03-08,0.32,bags,6,1,3,spring,1
ITM013,Frozen Peas,Frozen,HH012,2026-03-15,0.19,bags,6,1,3,spring,0
ITM013,Frozen Peas,Frozen,HH012,2026-03-16,0.14,bags,0,0,3,spring,0
ITM013,Frozen Peas,Frozen,HH012,2026-03-18,0.18,bags,2,0,3,spring,0
ITM013,Frozen Peas,Frozen,HH012,2026-03-25,0.17,bags,2,0,3,spring,0
ITM013,Frozen Peas,Frozen,HH012,2026-03-30,0.15,bags,0,0,3,spring,0
ITM013,Frozen Peas,Frozen,HH012,2026-03-31,0.15,bags,1,0,3,spring,0
ITM013,Frozen Peas,Frozen,HH012,2026-04-01,0.19,bags,2,0,4,spring,0
ITM013,Frozen Peas,Frozen,HH012,2026-04-02,0.15,bags,3,0,4,spring,0
ITM013,Frozen Peas,Frozen,HH012,2026-04-04,0.2,bags,5,1,4,spring,0
ITM013,Frozen Peas,Frozen,HH012,2026-04-06,0.15,bags,0,0,4,spring,0
ITM013,Frozen Peas,Frozen,HH012,2026-04-11,0.19,bags,5,1,4,spring,0
ITM013,Frozen Peas,Frozen,HH012,2026-04-23,0.16,bags,3,0,4,spring,0
ITM013,Frozen Peas,Frozen,HH012,2026-04-25,0.18,bags,5,1,4,spring,0
ITM013,Frozen Peas,Frozen,HH012,2026-04-27,0.18,bags,0,0,4,spring,0
ITM013,Frozen Peas,Frozen,HH012,2026-05-01,0.23,bags,4,0,5,spring,1
ITM013,Frozen Peas,Frozen,HH012,2026-05-09,0.19,bags,5,1,5,spring,0
ITM013,Frozen Peas,Frozen,HH012,2026-05-14,0.17,bags,3,0,5,spring,0
ITM013,Frozen Peas,Frozen,HH012,2026-05-16,0.28,bags,5,1,5,spring,0
ITM013,Frozen Peas,Frozen,HH012,2026-05-17,0.21,bags,6,1,5,spring,0
ITM013,Frozen Peas,Frozen,HH012,2026-06-01,0.16,bags,0,0,6,summer,0
ITM013,Frozen Peas,Frozen,HH012,2026-06-02,0.17,bags,1,0,6,summer,0
ITM013,Frozen Peas,Frozen,HH012,2026-06-10,0.16,bags,2,0,6,summer,0
ITM013,Frozen Peas,Frozen,HH012,2026-06-14,0.2,bags,6,1,6,summer,0
ITM013,Frozen Peas,Frozen,HH012,2026-06-18,0.12,bags,3,0,6,summer,0
ITM013,Frozen Peas,Frozen,HH012,2026-06-20,0.22,bags,5,1,6,summer,0
ITM013,Frozen Peas,Frozen,HH012,2026-06-27,0.19,bags,5,1,6,summer,0
ITM013,Frozen Peas,Frozen,HH013,2026-01-06,0.17,bags,1,0,1,winter,0
ITM013,Frozen Peas,Frozen,HH013,2026-01-10,0.24,bags,5,1,1,winter,0
ITM013,Frozen Peas,Frozen,HH013,2026-01-17,0.27,bags,5,1,1,winter,0
ITM013,Frozen Peas,Frozen,HH013,2026-01-19,0.17,bags,0,0,1,winter,0
ITM013,Frozen Peas,Frozen,HH013,2026-01-20,0.15,bags,1,0,1,winter,0
ITM013,Frozen Peas,Frozen,HH013,2026-01-25,0.26,bags,6,1,1,winter,0
ITM013,Frozen Peas,Frozen,HH013,2026-01-26,0.23,bags,0,0,1,winter,1
ITM013,Frozen Peas,Frozen,HH013,2026-01-27,0.19,bags,1,0,1,winter,0
ITM013,Frozen Peas,Frozen,HH013,2026-01-30,0.19,bags,4,0,1,winter,0
ITM013,Frozen Peas,Frozen,HH013,2026-02-01,0.24,bags,6,1,2,winter,0
ITM013,Frozen Peas,Frozen,HH013,2026-02-08,0.25,bags,6,1,2,winter,0
ITM013,Frozen Peas,Frozen,HH013,2026-02-09,0.17,bags,0,0,2,winter,0
ITM013,Frozen Peas,Frozen,HH013,2026-02-11,0.16,bags,2,0,2,winter,0
ITM013,Frozen Peas,Frozen,HH013,2026-02-22,0.16,bags,6,1,2,winter,0
ITM013,Frozen Peas,Frozen,HH013,2026-02-24,0.18,bags,1,0,2,winter,0
ITM013,Frozen Peas,Frozen,HH013,2026-02-25,0.18,bags,2,0,2,winter,0
ITM013,Frozen Peas,Frozen,HH013,2026-03-05,0.19,bags,3,0,3,spring,0
ITM013,Frozen Peas,Frozen,HH013,2026-03-07,0.23,bags,5,1,3,spring,0
ITM013,Frozen Peas,Frozen,HH013,2026-03-13,0.18,bags,4,0,3,spring,0
ITM013,Frozen Peas,Frozen,HH013,2026-03-16,0.18,bags,0,0,3,spring,0
ITM013,Frozen Peas,Frozen,HH013,2026-03-19,0.2,bags,3,0,3,spring,0
ITM013,Frozen Peas,Frozen,HH013,2026-03-27,0.15,bags,4,0,3,spring,0
ITM013,Frozen Peas,Frozen,HH013,2026-03-30,0.16,bags,0,0,3,spring,0
ITM013,Frozen Peas,Frozen,HH013,2026-04-04,0.25,bags,5,1,4,spring,0
ITM013,Frozen Peas,Frozen,HH013,2026-04-15,0.14,bags,2,0,4,spring,0
ITM013,Frozen Peas,Frozen,HH013,2026-04-17,0.22,bags,4,0,4,spring,0
ITM013,Frozen Peas,Frozen,HH013,2026-04-18,0.29,bags,5,1,4,spring,0
ITM013,Frozen Peas,Frozen,HH013,2026-04-26,0.25,bags,6,1,4,spring,0
ITM013,Frozen Peas,Frozen,HH013,2026-04-29,0.19,bags,2,0,4,spring,0
ITM013,Frozen Peas,Frozen,HH013,2026-04-30,0.14,bags,3,0,4,spring,0
ITM013,Frozen Peas,Frozen,HH013,2026-05-03,0.26,bags,6,1,5,spring,0
ITM013,Frozen Peas,Frozen,HH013,2026-05-06,0.19,bags,2,0,5,spring,0
ITM013,Frozen Peas,Frozen,HH013,2026-05-09,0.24,bags,5,1,5,spring,0
ITM013,Frozen Peas,Frozen,HH013,2026-05-11,0.16,bags,0,0,5,spring,0
ITM013,Frozen Peas,Frozen,HH013,2026-05-12,0.17,bags,1,0,5,spring,0
ITM013,Frozen Peas,Frozen,HH013,2026-05-13,0.15,bags,2,0,5,spring,0
ITM013,Frozen Peas,Frozen,HH013,2026-05-17,0.22,bags,6,1,5,spring,0
ITM013,Frozen Peas,Frozen,HH013,2026-05-19,0.21,bags,1,0,5,spring,0
ITM013,Frozen Peas,Frozen,HH013,2026-05-20,0.18,bags,2,0,5,spring,0
ITM013,Frozen Peas,Frozen,HH013,2026-05-21,0.13,bags,3,0,5,spring,0
ITM013,Frozen Peas,Frozen,HH013,2026-05-24,0.24,bags,6,1,5,spring,0
ITM013,Frozen Peas,Frozen,HH013,2026-05-28,0.17,bags,3,0,5,spring,0
ITM013,Frozen Peas,Frozen,HH013,2026-06-04,0.18,bags,3,0,6,summer,0
ITM013,Frozen Peas,Frozen,HH013,2026-06-05,0.2,bags,4,0,6,summer,0
ITM013,Frozen Peas,Frozen,HH013,2026-06-06,0.28,bags,5,1,6,summer,1
ITM013,Frozen Peas,Frozen,HH013,2026-06-19,0.16,bags,4,0,6,summer,0
ITM013,Frozen Peas,Frozen,HH013,2026-06-28,0.25,bags,6,1,6,summer,0
ITM013,Frozen Peas,Frozen,HH013,2026-06-29,0.16,bags,0,0,6,summer,0
ITM013,Frozen Peas,Frozen,HH014,2026-01-03,0.31,bags,5,1,1,winter,0
ITM013,Frozen Peas,Frozen,HH014,2026-01-06,0.15,bags,1,0,1,winter,0
ITM013,Frozen Peas,Frozen,HH014,2026-01-09,0.2,bags,4,0,1,winter,0
ITM013,Frozen Peas,Frozen,HH014,2026-01-10,0.26,bags,5,1,1,winter,0
ITM013,Frozen Peas,Frozen,HH014,2026-01-11,0.29,bags,6,1,1,winter,0
ITM013,Frozen Peas,Frozen,HH014,2026-01-13,0.24,bags,1,0,1,winter,0
ITM013,Frozen Peas,Frozen,HH014,2026-01-25,0.23,bags,6,1,1,winter,0
ITM013,Frozen Peas,Frozen,HH014,2026-01-26,0.28,bags,0,0,1,winter,1
ITM013,Frozen Peas,Frozen,HH014,2026-01-28,0.17,bags,2,0,1,winter,0
ITM013,Frozen Peas,Frozen,HH014,2026-01-29,0.17,bags,3,0,1,winter,0
ITM013,Frozen Peas,Frozen,HH014,2026-02-03,0.16,bags,1,0,2,winter,0
ITM013,Frozen Peas,Frozen,HH014,2026-02-06,0.25,bags,4,0,2,winter,0
ITM013,Frozen Peas,Frozen,HH014,2026-02-07,0.26,bags,5,1,2,winter,0
ITM013,Frozen Peas,Frozen,HH014,2026-02-10,0.21,bags,1,0,2,winter,0
ITM013,Frozen Peas,Frozen,HH014,2026-02-13,0.2,bags,4,0,2,winter,0
ITM013,Frozen Peas,Frozen,HH014,2026-02-14,0.19,bags,5,1,2,winter,0
ITM013,Frozen Peas,Frozen,HH014,2026-02-15,0.24,bags,6,1,2,winter,0
ITM013,Frozen Peas,Frozen,HH014,2026-02-17,0.19,bags,1,0,2,winter,0
ITM013,Frozen Peas,Frozen,HH014,2026-02-18,0.21,bags,2,0,2,winter,0
ITM013,Frozen Peas,Frozen,HH014,2026-02-23,0.2,bags,0,0,2,winter,0
ITM013,Frozen Peas,Frozen,HH014,2026-02-27,0.19,bags,4,0,2,winter,0
ITM013,Frozen Peas,Frozen,HH014,2026-03-02,0.18,bags,0,0,3,spring,0
ITM013,Frozen Peas,Frozen,HH014,2026-03-11,0.15,bags,2,0,3,spring,0
ITM013,Frozen Peas,Frozen,HH014,2026-03-15,0.24,bags,6,1,3,spring,0
ITM013,Frozen Peas,Frozen,HH014,2026-03-19,0.23,bags,3,0,3,spring,0
ITM013,Frozen Peas,Frozen,HH014,2026-03-21,0.32,bags,5,1,3,spring,0
ITM013,Frozen Peas,Frozen,HH014,2026-03-22,0.24,bags,6,1,3,spring,0
ITM013,Frozen Peas,Frozen,HH014,2026-03-30,0.2,bags,0,0,3,spring,0
ITM013,Frozen Peas,Frozen,HH014,2026-04-01,0.21,bags,2,0,4,spring,0
ITM013,Frozen Peas,Frozen,HH014,2026-04-07,0.24,bags,1,0,4,spring,0
ITM013,Frozen Peas,Frozen,HH014,2026-04-13,0.22,bags,0,0,4,spring,0
ITM013,Frozen Peas,Frozen,HH014,2026-04-18,0.3,bags,5,1,4,spring,0
ITM013,Frozen Peas,Frozen,HH014,2026-04-19,0.26,bags,6,1,4,spring,0
ITM013,Frozen Peas,Frozen,HH014,2026-04-20,0.22,bags,0,0,4,spring,0
ITM013,Frozen Peas,Frozen,HH014,2026-04-23,0.16,bags,3,0,4,spring,0
ITM013,Frozen Peas,Frozen,HH014,2026-04-26,0.36,bags,6,1,4,spring,0
ITM013,Frozen Peas,Frozen,HH014,2026-04-29,0.25,bags,2,0,4,spring,0
ITM013,Frozen Peas,Frozen,HH014,2026-05-01,0.33,bags,4,0,5,spring,1
ITM013,Frozen Peas,Frozen,HH014,2026-05-04,0.14,bags,0,0,5,spring,0
ITM013,Frozen Peas,Frozen,HH014,2026-05-05,0.25,bags,1,0,5,spring,0
ITM013,Frozen Peas,Frozen,HH014,2026-05-15,0.16,bags,4,0,5,spring,0
ITM013,Frozen Peas,Frozen,HH014,2026-05-23,0.21,bags,5,1,5,spring,0
ITM013,Frozen Peas,Frozen,HH014,2026-05-26,0.2,bags,1,0,5,spring,0
ITM013,Frozen Peas,Frozen,HH014,2026-05-27,0.19,bags,2,0,5,spring,0
ITM013,Frozen Peas,Frozen,HH014,2026-05-29,0.14,bags,4,0,5,spring,0
ITM013,Frozen Peas,Frozen,HH014,2026-06-07,0.32,bags,6,1,6,summer,0
ITM013,Frozen Peas,Frozen,HH014,2026-06-11,0.23,bags,3,0,6,summer,0
ITM013,Frozen Peas,Frozen,HH014,2026-06-12,0.19,bags,4,0,6,summer,0
ITM013,Frozen Peas,Frozen,HH014,2026-06-13,0.25,bags,5,1,6,summer,0
ITM013,Frozen Peas,Frozen,HH014,2026-06-15,0.19,bags,0,0,6,summer,0
ITM013,Frozen Peas,Frozen,HH014,2026-06-16,0.2,bags,1,0,6,summer,0
ITM013,Frozen Peas,Frozen,HH014,2026-06-21,0.25,bags,6,1,6,summer,0
ITM013,Frozen Peas,Frozen,HH015,2026-01-03,0.2,bags,5,1,1,winter,0
ITM013,Frozen Peas,Frozen,HH015,2026-01-04,0.16,bags,6,1,1,winter,0
ITM013,Frozen Peas,Frozen,HH015,2026-01-10,0.17,bags,5,1,1,winter,0
ITM013,Frozen Peas,Frozen,HH015,2026-01-14,0.1,bags,2,0,1,winter,0
ITM013,Frozen Peas,Frozen,HH015,2026-01-17,0.13,bags,5,1,1,winter,0
ITM013,Frozen Peas,Frozen,HH015,2026-01-19,0.08,bags,0,0,1,winter,0
ITM013,Frozen Peas,Frozen,HH015,2026-01-20,0.09,bags,1,0,1,winter,0
ITM013,Frozen Peas,Frozen,HH015,2026-01-21,0.12,bags,2,0,1,winter,0
ITM013,Frozen Peas,Frozen,HH015,2026-01-22,0.09,bags,3,0,1,winter,0
ITM013,Frozen Peas,Frozen,HH015,2026-01-31,0.12,bags,5,1,1,winter,0
ITM013,Frozen Peas,Frozen,HH015,2026-02-14,0.17,bags,5,1,2,winter,0
ITM013,Frozen Peas,Frozen,HH015,2026-02-16,0.09,bags,0,0,2,winter,0
ITM013,Frozen Peas,Frozen,HH015,2026-02-17,0.12,bags,1,0,2,winter,0
ITM013,Frozen Peas,Frozen,HH015,2026-02-25,0.12,bags,2,0,2,winter,0
ITM013,Frozen Peas,Frozen,HH015,2026-02-28,0.17,bags,5,1,2,winter,0
ITM013,Frozen Peas,Frozen,HH015,2026-03-04,0.11,bags,2,0,3,spring,0
ITM013,Frozen Peas,Frozen,HH015,2026-03-11,0.11,bags,2,0,3,spring,0
ITM013,Frozen Peas,Frozen,HH015,2026-03-12,0.08,bags,3,0,3,spring,0
ITM013,Frozen Peas,Frozen,HH015,2026-03-24,0.08,bags,1,0,3,spring,0
ITM013,Frozen Peas,Frozen,HH015,2026-03-26,0.08,bags,3,0,3,spring,0
ITM013,Frozen Peas,Frozen,HH015,2026-04-02,0.12,bags,3,0,4,spring,0
ITM013,Frozen Peas,Frozen,HH015,2026-04-03,0.1,bags,4,0,4,spring,0
ITM013,Frozen Peas,Frozen,HH015,2026-04-06,0.09,bags,0,0,4,spring,0
ITM013,Frozen Peas,Frozen,HH015,2026-04-08,0.1,bags,2,0,4,spring,0
ITM013,Frozen Peas,Frozen,HH015,2026-04-09,0.1,bags,3,0,4,spring,0
ITM013,Frozen Peas,Frozen,HH015,2026-04-11,0.16,bags,5,1,4,spring,0
ITM013,Frozen Peas,Frozen,HH015,2026-04-12,0.14,bags,6,1,4,spring,0
ITM013,Frozen Peas,Frozen,HH015,2026-04-13,0.1,bags,0,0,4,spring,0
ITM013,Frozen Peas,Frozen,HH015,2026-04-19,0.15,bags,6,1,4,spring,0
ITM013,Frozen Peas,Frozen,HH015,2026-04-22,0.12,bags,2,0,4,spring,0
ITM013,Frozen Peas,Frozen,HH015,2026-04-25,0.16,bags,5,1,4,spring,0
ITM013,Frozen Peas,Frozen,HH015,2026-04-29,0.11,bags,2,0,4,spring,0
ITM013,Frozen Peas,Frozen,HH015,2026-04-30,0.08,bags,3,0,4,spring,0
ITM013,Frozen Peas,Frozen,HH015,2026-05-03,0.15,bags,6,1,5,spring,0
ITM013,Frozen Peas,Frozen,HH015,2026-05-07,0.09,bags,3,0,5,spring,0
ITM013,Frozen Peas,Frozen,HH015,2026-05-12,0.1,bags,1,0,5,spring,0
ITM013,Frozen Peas,Frozen,HH015,2026-05-20,0.11,bags,2,0,5,spring,0
ITM013,Frozen Peas,Frozen,HH015,2026-05-24,0.12,bags,6,1,5,spring,0
ITM013,Frozen Peas,Frozen,HH015,2026-05-26,0.11,bags,1,0,5,spring,0
ITM013,Frozen Peas,Frozen,HH015,2026-05-27,0.09,bags,2,0,5,spring,0
ITM013,Frozen Peas,Frozen,HH015,2026-05-31,0.15,bags,6,1,5,spring,0
ITM013,Frozen Peas,Frozen,HH015,2026-06-04,0.12,bags,3,0,6,summer,0
ITM013,Frozen Peas,Frozen,HH015,2026-06-05,0.11,bags,4,0,6,summer,0
ITM013,Frozen Peas,Frozen,HH015,2026-06-06,0.23,bags,5,1,6,summer,1
ITM013,Frozen Peas,Frozen,HH015,2026-06-08,0.09,bags,0,0,6,summer,0
ITM013,Frozen Peas,Frozen,HH015,2026-06-15,0.11,bags,0,0,6,summer,0
ITM013,Frozen Peas,Frozen,HH015,2026-06-23,0.1,bags,1,0,6,summer,0
ITM013,Frozen Peas,Frozen,HH015,2026-06-24,0.09,bags,2,0,6,summer,0
ITM013,Frozen Peas,Frozen,HH015,2026-06-25,0.08,bags,3,0,6,summer,0
ITM013,Frozen Peas,Frozen,HH015,2026-06-27,0.18,bags,5,1,6,summer,0
ITM013,Frozen Peas,Frozen,HH016,2026-01-01,0.16,bags,3,0,1,winter,1
ITM013,Frozen Peas,Frozen,HH016,2026-01-03,0.23,bags,5,1,1,winter,0
ITM013,Frozen Peas,Frozen,HH016,2026-01-05,0.15,bags,0,0,1,winter,0
ITM013,Frozen Peas,Frozen,HH016,2026-01-07,0.13,bags,2,0,1,winter,0
ITM013,Frozen Peas,Frozen,HH016,2026-01-08,0.09,bags,3,0,1,winter,0
ITM013,Frozen Peas,Frozen,HH016,2026-01-09,0.11,bags,4,0,1,winter,0
ITM013,Frozen Peas,Frozen,HH016,2026-01-14,0.11,bags,2,0,1,winter,0
ITM013,Frozen Peas,Frozen,HH016,2026-01-16,0.14,bags,4,0,1,winter,0
ITM013,Frozen Peas,Frozen,HH016,2026-01-26,0.23,bags,0,0,1,winter,1
ITM013,Frozen Peas,Frozen,HH016,2026-01-30,0.12,bags,4,0,1,winter,0
ITM013,Frozen Peas,Frozen,HH016,2026-02-01,0.16,bags,6,1,2,winter,0
ITM013,Frozen Peas,Frozen,HH016,2026-02-05,0.09,bags,3,0,2,winter,0
ITM013,Frozen Peas,Frozen,HH016,2026-02-06,0.14,bags,4,0,2,winter,0
ITM013,Frozen Peas,Frozen,HH016,2026-02-13,0.14,bags,4,0,2,winter,0
ITM013,Frozen Peas,Frozen,HH016,2026-02-16,0.16,bags,0,0,2,winter,0
ITM013,Frozen Peas,Frozen,HH016,2026-02-17,0.1,bags,1,0,2,winter,0
ITM013,Frozen Peas,Frozen,HH016,2026-02-20,0.14,bags,4,0,2,winter,0
ITM013,Frozen Peas,Frozen,HH016,2026-02-24,0.14,bags,1,0,2,winter,0
ITM013,Frozen Peas,Frozen,HH016,2026-02-25,0.13,bags,2,0,2,winter,0
ITM013,Frozen Peas,Frozen,HH016,2026-02-26,0.13,bags,3,0,2,winter,0
ITM013,Frozen Peas,Frozen,HH016,2026-02-27,0.12,bags,4,0,2,winter,0
ITM013,Frozen Peas,Frozen,HH016,2026-02-28,0.17,bags,5,1,2,winter,0
ITM013,Frozen Peas,Frozen,HH016,2026-03-05,0.12,bags,3,0,3,spring,0
ITM013,Frozen Peas,Frozen,HH016,2026-03-06,0.12,bags,4,0,3,spring,0
ITM013,Frozen Peas,Frozen,HH016,2026-03-08,0.34,bags,6,1,3,spring,1
ITM013,Frozen Peas,Frozen,HH016,2026-03-11,0.09,bags,2,0,3,spring,0
ITM013,Frozen Peas,Frozen,HH016,2026-03-24,0.14,bags,1,0,3,spring,0
ITM013,Frozen Peas,Frozen,HH016,2026-03-25,0.11,bags,2,0,3,spring,0
ITM013,Frozen Peas,Frozen,HH016,2026-03-31,0.14,bags,1,0,3,spring,0
ITM013,Frozen Peas,Frozen,HH016,2026-04-03,0.15,bags,4,0,4,spring,0
ITM013,Frozen Peas,Frozen,HH016,2026-04-05,0.18,bags,6,1,4,spring,0
ITM013,Frozen Peas,Frozen,HH016,2026-04-06,0.11,bags,0,0,4,spring,0
ITM013,Frozen Peas,Frozen,HH016,2026-04-08,0.12,bags,2,0,4,spring,0
ITM013,Frozen Peas,Frozen,HH016,2026-04-09,0.15,bags,3,0,4,spring,0
ITM013,Frozen Peas,Frozen,HH016,2026-04-15,0.11,bags,2,0,4,spring,0
ITM013,Frozen Peas,Frozen,HH016,2026-04-21,0.15,bags,1,0,4,spring,0
ITM013,Frozen Peas,Frozen,HH016,2026-04-22,0.14,bags,2,0,4,spring,0
ITM013,Frozen Peas,Frozen,HH016,2026-04-24,0.09,bags,4,0,4,spring,0
ITM013,Frozen Peas,Frozen,HH016,2026-04-28,0.12,bags,1,0,4,spring,0
ITM013,Frozen Peas,Frozen,HH016,2026-04-29,0.11,bags,2,0,4,spring,0
ITM013,Frozen Peas,Frozen,HH016,2026-05-01,0.2,bags,4,0,5,spring,1
ITM013,Frozen Peas,Frozen,HH016,2026-05-02,0.17,bags,5,1,5,spring,0
ITM013,Frozen Peas,Frozen,HH016,2026-05-04,0.18,bags,0,0,5,spring,0
ITM013,Frozen Peas,Frozen,HH016,2026-05-11,0.09,bags,0,0,5,spring,0
ITM013,Frozen Peas,Frozen,HH016,2026-05-15,0.12,bags,4,0,5,spring,0
ITM013,Frozen Peas,Frozen,HH016,2026-05-16,0.24,bags,5,1,5,spring,0
ITM013,Frozen Peas,Frozen,HH016,2026-05-20,0.13,bags,2,0,5,spring,0
ITM013,Frozen Peas,Frozen,HH016,2026-05-22,0.11,bags,4,0,5,spring,0
ITM013,Frozen Peas,Frozen,HH016,2026-05-27,0.13,bags,2,0,5,spring,0
ITM013,Frozen Peas,Frozen,HH016,2026-05-29,0.15,bags,4,0,5,spring,0
ITM013,Frozen Peas,Frozen,HH016,2026-05-30,0.2,bags,5,1,5,spring,0
ITM013,Frozen Peas,Frozen,HH016,2026-06-03,0.16,bags,2,0,6,summer,0
ITM013,Frozen Peas,Frozen,HH016,2026-06-09,0.12,bags,1,0,6,summer,0
ITM013,Frozen Peas,Frozen,HH016,2026-06-10,0.15,bags,2,0,6,summer,0
ITM013,Frozen Peas,Frozen,HH016,2026-06-14,0.15,bags,6,1,6,summer,0
ITM013,Frozen Peas,Frozen,HH016,2026-06-17,0.18,bags,2,0,6,summer,0
ITM013,Frozen Peas,Frozen,HH016,2026-06-22,0.12,bags,0,0,6,summer,0
ITM013,Frozen Peas,Frozen,HH017,2026-01-05,0.1,bags,0,0,1,winter,0
ITM013,Frozen Peas,Frozen,HH017,2026-01-15,0.16,bags,3,0,1,winter,0
ITM013,Frozen Peas,Frozen,HH017,2026-01-19,0.16,bags,0,0,1,winter,0
ITM013,Frozen Peas,Frozen,HH017,2026-01-20,0.16,bags,1,0,1,winter,0
ITM013,Frozen Peas,Frozen,HH017,2026-01-22,0.16,bags,3,0,1,winter,0
ITM013,Frozen Peas,Frozen,HH017,2026-01-24,0.22,bags,5,1,1,winter,0
ITM013,Frozen Peas,Frozen,HH017,2026-01-25,0.12,bags,6,1,1,winter,0
ITM013,Frozen Peas,Frozen,HH017,2026-02-01,0.22,bags,6,1,2,winter,0
ITM013,Frozen Peas,Frozen,HH017,2026-02-09,0.14,bags,0,0,2,winter,0
ITM013,Frozen Peas,Frozen,HH017,2026-02-11,0.19,bags,2,0,2,winter,0
ITM013,Frozen Peas,Frozen,HH017,2026-02-12,0.14,bags,3,0,2,winter,0
ITM013,Frozen Peas,Frozen,HH017,2026-02-20,0.16,bags,4,0,2,winter,0
ITM013,Frozen Peas,Frozen,HH017,2026-02-21,0.23,bags,5,1,2,winter,0
ITM013,Frozen Peas,Frozen,HH017,2026-02-22,0.2,bags,6,1,2,winter,0
ITM013,Frozen Peas,Frozen,HH017,2026-02-24,0.15,bags,1,0,2,winter,0
ITM013,Frozen Peas,Frozen,HH017,2026-03-03,0.18,bags,1,0,3,spring,0
ITM013,Frozen Peas,Frozen,HH017,2026-03-06,0.19,bags,4,0,3,spring,0
ITM013,Frozen Peas,Frozen,HH017,2026-03-10,0.16,bags,1,0,3,spring,0
ITM013,Frozen Peas,Frozen,HH017,2026-03-13,0.19,bags,4,0,3,spring,0
ITM013,Frozen Peas,Frozen,HH017,2026-03-15,0.22,bags,6,1,3,spring,0
ITM013,Frozen Peas,Frozen,HH017,2026-03-20,0.17,bags,4,0,3,spring,0
ITM013,Frozen Peas,Frozen,HH017,2026-03-21,0.2,bags,5,1,3,spring,0
ITM013,Frozen Peas,Frozen,HH017,2026-03-22,0.23,bags,6,1,3,spring,0
ITM013,Frozen Peas,Frozen,HH017,2026-03-23,0.14,bags,0,0,3,spring,0
ITM013,Frozen Peas,Frozen,HH017,2026-03-28,0.19,bags,5,1,3,spring,0
ITM013,Frozen Peas,Frozen,HH017,2026-03-29,0.2,bags,6,1,3,spring,0
ITM013,Frozen Peas,Frozen,HH017,2026-04-03,0.2,bags,4,0,4,spring,0
ITM013,Frozen Peas,Frozen,HH017,2026-04-11,0.21,bags,5,1,4,spring,0
ITM013,Frozen Peas,Frozen,HH017,2026-04-12,0.23,bags,6,1,4,spring,0
ITM013,Frozen Peas,Frozen,HH017,2026-04-15,0.13,bags,2,0,4,spring,0
ITM013,Frozen Peas,Frozen,HH017,2026-04-22,0.11,bags,2,0,4,spring,0
ITM013,Frozen Peas,Frozen,HH017,2026-04-28,0.15,bags,1,0,4,spring,0
ITM013,Frozen Peas,Frozen,HH017,2026-04-30,0.16,bags,3,0,4,spring,0
ITM013,Frozen Peas,Frozen,HH017,2026-05-04,0.19,bags,0,0,5,spring,0
ITM013,Frozen Peas,Frozen,HH017,2026-05-09,0.19,bags,5,1,5,spring,0
ITM013,Frozen Peas,Frozen,HH017,2026-05-10,0.17,bags,6,1,5,spring,0
ITM013,Frozen Peas,Frozen,HH017,2026-05-11,0.14,bags,0,0,5,spring,0
ITM013,Frozen Peas,Frozen,HH017,2026-05-12,0.2,bags,1,0,5,spring,0
ITM013,Frozen Peas,Frozen,HH017,2026-05-13,0.15,bags,2,0,5,spring,0
ITM013,Frozen Peas,Frozen,HH017,2026-05-14,0.15,bags,3,0,5,spring,0
ITM013,Frozen Peas,Frozen,HH017,2026-05-18,0.14,bags,0,0,5,spring,0
ITM013,Frozen Peas,Frozen,HH017,2026-05-19,0.1,bags,1,0,5,spring,0
ITM013,Frozen Peas,Frozen,HH017,2026-05-21,0.17,bags,3,0,5,spring,0
ITM013,Frozen Peas,Frozen,HH017,2026-05-23,0.18,bags,5,1,5,spring,0
ITM013,Frozen Peas,Frozen,HH017,2026-06-15,0.18,bags,0,0,6,summer,0
ITM013,Frozen Peas,Frozen,HH017,2026-06-22,0.15,bags,0,0,6,summer,0
ITM013,Frozen Peas,Frozen,HH017,2026-06-24,0.17,bags,2,0,6,summer,0
ITM013,Frozen Peas,Frozen,HH018,2026-01-09,0.23,bags,4,0,1,winter,0
ITM013,Frozen Peas,Frozen,HH018,2026-01-12,0.18,bags,0,0,1,winter,0
ITM013,Frozen Peas,Frozen,HH018,2026-01-13,0.17,bags,1,0,1,winter,0
ITM013,Frozen Peas,Frozen,HH018,2026-01-14,0.16,bags,2,0,1,winter,0
ITM013,Frozen Peas,Frozen,HH018,2026-01-17,0.28,bags,5,1,1,winter,0
ITM013,Frozen Peas,Frozen,HH018,2026-01-18,0.26,bags,6,1,1,winter,0
ITM013,Frozen Peas,Frozen,HH018,2026-01-21,0.17,bags,2,0,1,winter,0
ITM013,Frozen Peas,Frozen,HH018,2026-01-30,0.15,bags,4,0,1,winter,0
ITM013,Frozen Peas,Frozen,HH018,2026-02-02,0.17,bags,0,0,2,winter,0
ITM013,Frozen Peas,Frozen,HH018,2026-02-04,0.16,bags,2,0,2,winter,0
ITM013,Frozen Peas,Frozen,HH018,2026-02-05,0.18,bags,3,0,2,winter,0
ITM013,Frozen Peas,Frozen,HH018,2026-02-09,0.14,bags,0,0,2,winter,0
ITM013,Frozen Peas,Frozen,HH018,2026-02-12,0.14,bags,3,0,2,winter,0
ITM013,Frozen Peas,Frozen,HH018,2026-02-16,0.15,bags,0,0,2,winter,0
ITM013,Frozen Peas,Frozen,HH018,2026-02-18,0.2,bags,2,0,2,winter,0
ITM013,Frozen Peas,Frozen,HH018,2026-02-19,0.22,bags,3,0,2,winter,0
ITM013,Frozen Peas,Frozen,HH018,2026-03-06,0.19,bags,4,0,3,spring,0
ITM013,Frozen Peas,Frozen,HH018,2026-03-10,0.16,bags,1,0,3,spring,0
ITM013,Frozen Peas,Frozen,HH018,2026-03-13,0.18,bags,4,0,3,spring,0
ITM013,Frozen Peas,Frozen,HH018,2026-03-14,0.22,bags,5,1,3,spring,0
ITM013,Frozen Peas,Frozen,HH018,2026-03-18,0.2,bags,2,0,3,spring,0
ITM013,Frozen Peas,Frozen,HH018,2026-03-22,0.23,bags,6,1,3,spring,0
ITM013,Frozen Peas,Frozen,HH018,2026-03-23,0.19,bags,0,0,3,spring,0
ITM013,Frozen Peas,Frozen,HH018,2026-03-25,0.21,bags,2,0,3,spring,0
ITM013,Frozen Peas,Frozen,HH018,2026-03-27,0.18,bags,4,0,3,spring,0
ITM013,Frozen Peas,Frozen,HH018,2026-03-28,0.23,bags,5,1,3,spring,0
ITM013,Frozen Peas,Frozen,HH018,2026-03-29,0.26,bags,6,1,3,spring,0
ITM013,Frozen Peas,Frozen,HH018,2026-04-01,0.14,bags,2,0,4,spring,0
ITM013,Frozen Peas,Frozen,HH018,2026-04-03,0.13,bags,4,0,4,spring,0
ITM013,Frozen Peas,Frozen,HH018,2026-04-04,0.31,bags,5,1,4,spring,0
ITM013,Frozen Peas,Frozen,HH018,2026-04-05,0.27,bags,6,1,4,spring,0
ITM013,Frozen Peas,Frozen,HH018,2026-04-12,0.34,bags,6,1,4,spring,0
ITM013,Frozen Peas,Frozen,HH018,2026-04-13,0.15,bags,0,0,4,spring,0
ITM013,Frozen Peas,Frozen,HH018,2026-04-18,0.27,bags,5,1,4,spring,0
ITM013,Frozen Peas,Frozen,HH018,2026-04-20,0.19,bags,0,0,4,spring,0
ITM013,Frozen Peas,Frozen,HH018,2026-04-29,0.17,bags,2,0,4,spring,0
ITM013,Frozen Peas,Frozen,HH018,2026-05-03,0.23,bags,6,1,5,spring,0
ITM013,Frozen Peas,Frozen,HH018,2026-05-04,0.19,bags,0,0,5,spring,0
ITM013,Frozen Peas,Frozen,HH018,2026-05-05,0.21,bags,1,0,5,spring,0
ITM013,Frozen Peas,Frozen,HH018,2026-05-17,0.24,bags,6,1,5,spring,0
ITM013,Frozen Peas,Frozen,HH018,2026-05-22,0.17,bags,4,0,5,spring,0
ITM013,Frozen Peas,Frozen,HH018,2026-05-23,0.24,bags,5,1,5,spring,0
ITM013,Frozen Peas,Frozen,HH018,2026-05-25,0.19,bags,0,0,5,spring,0
ITM013,Frozen Peas,Frozen,HH018,2026-05-29,0.15,bags,4,0,5,spring,0
ITM013,Frozen Peas,Frozen,HH018,2026-06-02,0.18,bags,1,0,6,summer,0
ITM013,Frozen Peas,Frozen,HH018,2026-06-17,0.15,bags,2,0,6,summer,0
ITM013,Frozen Peas,Frozen,HH019,2026-01-01,0.31,bags,3,0,1,winter,1
ITM013,Frozen Peas,Frozen,HH019,2026-01-02,0.16,bags,4,0,1,winter,0
ITM013,Frozen Peas,Frozen,HH019,2026-01-04,0.34,bags,6,1,1,winter,0
ITM013,Frozen Peas,Frozen,HH019,2026-01-08,0.22,bags,3,0,1,winter,0
ITM013,Frozen Peas,Frozen,HH019,2026-01-09,0.21,bags,4,0,1,winter,0
ITM013,Frozen Peas,Frozen,HH019,2026-01-10,0.23,bags,5,1,1,winter,0
ITM013,Frozen Peas,Frozen,HH019,2026-01-11,0.3,bags,6,1,1,winter,0
ITM013,Frozen Peas,Frozen,HH019,2026-01-23,0.16,bags,4,0,1,winter,0
ITM013,Frozen Peas,Frozen,HH019,2026-01-30,0.19,bags,4,0,1,winter,0
ITM013,Frozen Peas,Frozen,HH019,2026-02-06,0.17,bags,4,0,2,winter,0
ITM013,Frozen Peas,Frozen,HH019,2026-02-08,0.21,bags,6,1,2,winter,0
ITM013,Frozen Peas,Frozen,HH019,2026-02-09,0.2,bags,0,0,2,winter,0
ITM013,Frozen Peas,Frozen,HH019,2026-02-14,0.34,bags,5,1,2,winter,0
ITM013,Frozen Peas,Frozen,HH019,2026-02-20,0.2,bags,4,0,2,winter,0
ITM013,Frozen Peas,Frozen,HH019,2026-02-25,0.17,bags,2,0,2,winter,0
ITM013,Frozen Peas,Frozen,HH019,2026-03-01,0.26,bags,6,1,3,spring,0
ITM013,Frozen Peas,Frozen,HH019,2026-03-03,0.16,bags,1,0,3,spring,0
ITM013,Frozen Peas,Frozen,HH019,2026-03-04,0.22,bags,2,0,3,spring,0
ITM013,Frozen Peas,Frozen,HH019,2026-03-11,0.2,bags,2,0,3,spring,0
ITM013,Frozen Peas,Frozen,HH019,2026-03-14,0.27,bags,5,1,3,spring,0
ITM013,Frozen Peas,Frozen,HH019,2026-03-16,0.22,bags,0,0,3,spring,0
ITM013,Frozen Peas,Frozen,HH019,2026-03-17,0.2,bags,1,0,3,spring,0
ITM013,Frozen Peas,Frozen,HH019,2026-03-19,0.17,bags,3,0,3,spring,0
ITM013,Frozen Peas,Frozen,HH019,2026-03-23,0.24,bags,0,0,3,spring,0
ITM013,Frozen Peas,Frozen,HH019,2026-03-30,0.22,bags,0,0,3,spring,0
ITM013,Frozen Peas,Frozen,HH019,2026-04-07,0.18,bags,1,0,4,spring,0
ITM013,Frozen Peas,Frozen,HH019,2026-04-09,0.16,bags,3,0,4,spring,0
ITM013,Frozen Peas,Frozen,HH019,2026-04-10,0.2,bags,4,0,4,spring,0
ITM013,Frozen Peas,Frozen,HH019,2026-04-13,0.18,bags,0,0,4,spring,0
ITM013,Frozen Peas,Frozen,HH019,2026-04-16,0.23,bags,3,0,4,spring,0
ITM013,Frozen Peas,Frozen,HH019,2026-04-17,0.2,bags,4,0,4,spring,0
ITM013,Frozen Peas,Frozen,HH019,2026-04-24,0.18,bags,4,0,4,spring,0
ITM013,Frozen Peas,Frozen,HH019,2026-04-28,0.23,bags,1,0,4,spring,0
ITM013,Frozen Peas,Frozen,HH019,2026-04-30,0.2,bags,3,0,4,spring,0
ITM013,Frozen Peas,Frozen,HH019,2026-05-03,0.27,bags,6,1,5,spring,0
ITM013,Frozen Peas,Frozen,HH019,2026-05-08,0.2,bags,4,0,5,spring,0
ITM013,Frozen Peas,Frozen,HH019,2026-05-12,0.17,bags,1,0,5,spring,0
ITM013,Frozen Peas,Frozen,HH019,2026-05-13,0.17,bags,2,0,5,spring,0
ITM013,Frozen Peas,Frozen,HH019,2026-05-14,0.14,bags,3,0,5,spring,0
ITM013,Frozen Peas,Frozen,HH019,2026-05-18,0.18,bags,0,0,5,spring,0
ITM013,Frozen Peas,Frozen,HH019,2026-05-21,0.22,bags,3,0,5,spring,0
ITM013,Frozen Peas,Frozen,HH019,2026-05-31,0.27,bags,6,1,5,spring,0
ITM013,Frozen Peas,Frozen,HH019,2026-06-03,0.19,bags,2,0,6,summer,0
ITM013,Frozen Peas,Frozen,HH019,2026-06-05,0.19,bags,4,0,6,summer,0
ITM013,Frozen Peas,Frozen,HH019,2026-06-10,0.2,bags,2,0,6,summer,0
ITM013,Frozen Peas,Frozen,HH019,2026-06-11,0.18,bags,3,0,6,summer,0
ITM013,Frozen Peas,Frozen,HH019,2026-06-16,0.25,bags,1,0,6,summer,0
ITM013,Frozen Peas,Frozen,HH019,2026-06-22,0.14,bags,0,0,6,summer,0
ITM013,Frozen Peas,Frozen,HH019,2026-06-26,0.22,bags,4,0,6,summer,0
ITM013,Frozen Peas,Frozen,HH019,2026-06-28,0.37,bags,6,1,6,summer,0
ITM013,Frozen Peas,Frozen,HH020,2026-01-14,0.11,bags,2,0,1,winter,0
ITM013,Frozen Peas,Frozen,HH020,2026-01-20,0.11,bags,1,0,1,winter,0
ITM013,Frozen Peas,Frozen,HH020,2026-01-27,0.12,bags,1,0,1,winter,0
ITM013,Frozen Peas,Frozen,HH020,2026-02-01,0.1,bags,6,1,2,winter,0
ITM013,Frozen Peas,Frozen,HH020,2026-02-02,0.1,bags,0,0,2,winter,0
ITM013,Frozen Peas,Frozen,HH020,2026-02-04,0.1,bags,2,0,2,winter,0
ITM013,Frozen Peas,Frozen,HH020,2026-02-09,0.11,bags,0,0,2,winter,0
ITM013,Frozen Peas,Frozen,HH020,2026-02-13,0.13,bags,4,0,2,winter,0
ITM013,Frozen Peas,Frozen,HH020,2026-02-19,0.11,bags,3,0,2,winter,0
ITM013,Frozen Peas,Frozen,HH020,2026-02-23,0.11,bags,0,0,2,winter,0
ITM013,Frozen Peas,Frozen,HH020,2026-02-25,0.11,bags,2,0,2,winter,0
ITM013,Frozen Peas,Frozen,HH020,2026-02-27,0.1,bags,4,0,2,winter,0
ITM013,Frozen Peas,Frozen,HH020,2026-02-28,0.14,bags,5,1,2,winter,0
ITM013,Frozen Peas,Frozen,HH020,2026-03-05,0.1,bags,3,0,3,spring,0
ITM013,Frozen Peas,Frozen,HH020,2026-03-07,0.17,bags,5,1,3,spring,0
ITM013,Frozen Peas,Frozen,HH020,2026-03-09,0.09,bags,0,0,3,spring,0
ITM013,Frozen Peas,Frozen,HH020,2026-03-11,0.1,bags,2,0,3,spring,0
ITM013,Frozen Peas,Frozen,HH020,2026-03-13,0.12,bags,4,0,3,spring,0
ITM013,Frozen Peas,Frozen,HH020,2026-03-17,0.12,bags,1,0,3,spring,0
ITM013,Frozen Peas,Frozen,HH020,2026-03-23,0.11,bags,0,0,3,spring,0
ITM013,Frozen Peas,Frozen,HH020,2026-03-24,0.13,bags,1,0,3,spring,0
ITM013,Frozen Peas,Frozen,HH020,2026-04-01,0.1,bags,2,0,4,spring,0
ITM013,Frozen Peas,Frozen,HH020,2026-04-05,0.18,bags,6,1,4,spring,0
ITM013,Frozen Peas,Frozen,HH020,2026-04-08,0.12,bags,2,0,4,spring,0
ITM013,Frozen Peas,Frozen,HH020,2026-04-11,0.1,bags,5,1,4,spring,0
ITM013,Frozen Peas,Frozen,HH020,2026-04-13,0.1,bags,0,0,4,spring,0
ITM013,Frozen Peas,Frozen,HH020,2026-04-15,0.11,bags,2,0,4,spring,0
ITM013,Frozen Peas,Frozen,HH020,2026-04-18,0.14,bags,5,1,4,spring,0
ITM013,Frozen Peas,Frozen,HH020,2026-04-22,0.12,bags,2,0,4,spring,0
ITM013,Frozen Peas,Frozen,HH020,2026-04-26,0.18,bags,6,1,4,spring,0
ITM013,Frozen Peas,Frozen,HH020,2026-04-30,0.11,bags,3,0,4,spring,0
ITM013,Frozen Peas,Frozen,HH020,2026-05-01,0.16,bags,4,0,5,spring,1
ITM013,Frozen Peas,Frozen,HH020,2026-05-02,0.14,bags,5,1,5,spring,0
ITM013,Frozen Peas,Frozen,HH020,2026-05-03,0.16,bags,6,1,5,spring,0
ITM013,Frozen Peas,Frozen,HH020,2026-05-04,0.09,bags,0,0,5,spring,0
ITM013,Frozen Peas,Frozen,HH020,2026-05-08,0.11,bags,4,0,5,spring,0
ITM013,Frozen Peas,Frozen,HH020,2026-05-13,0.12,bags,2,0,5,spring,0
ITM013,Frozen Peas,Frozen,HH020,2026-05-18,0.1,bags,0,0,5,spring,0
ITM013,Frozen Peas,Frozen,HH020,2026-05-21,0.11,bags,3,0,5,spring,0
ITM013,Frozen Peas,Frozen,HH020,2026-05-22,0.11,bags,4,0,5,spring,0
ITM013,Frozen Peas,Frozen,HH020,2026-05-24,0.13,bags,6,1,5,spring,0
ITM013,Frozen Peas,Frozen,HH020,2026-05-26,0.12,bags,1,0,5,spring,0
ITM013,Frozen Peas,Frozen,HH020,2026-06-03,0.11,bags,2,0,6,summer,0
ITM013,Frozen Peas,Frozen,HH020,2026-06-06,0.22,bags,5,1,6,summer,1
ITM013,Frozen Peas,Frozen,HH020,2026-06-08,0.11,bags,0,0,6,summer,0
ITM013,Frozen Peas,Frozen,HH020,2026-06-13,0.12,bags,5,1,6,summer,0
ITM013,Frozen Peas,Frozen,HH020,2026-06-16,0.06,bags,1,0,6,summer,0
ITM013,Frozen Peas,Frozen,HH020,2026-06-18,0.12,bags,3,0,6,summer,0
ITM013,Frozen Peas,Frozen,HH020,2026-06-22,0.1,bags,0,0,6,summer,0
ITM013,Frozen Peas,Frozen,HH020,2026-06-25,0.12,bags,3,0,6,summer,0
ITM014,Orange Juice,Beverages,HH001,2026-01-03,0.28,liters,5,1,1,winter,0
ITM014,Orange Juice,Beverages,HH001,2026-01-09,0.17,liters,4,0,1,winter,0
ITM014,Orange Juice,Beverages,HH001,2026-01-11,0.41,liters,6,1,1,winter,0
ITM014,Orange Juice,Beverages,HH001,2026-01-15,0.21,liters,3,0,1,winter,0
ITM014,Orange Juice,Beverages,HH001,2026-01-17,0.2,liters,5,1,1,winter,0
ITM014,Orange Juice,Beverages,HH001,2026-01-18,0.27,liters,6,1,1,winter,0
ITM014,Orange Juice,Beverages,HH001,2026-01-20,0.17,liters,1,0,1,winter,0
ITM014,Orange Juice,Beverages,HH001,2026-01-23,0.22,liters,4,0,1,winter,0
ITM014,Orange Juice,Beverages,HH001,2026-01-24,0.27,liters,5,1,1,winter,0
ITM014,Orange Juice,Beverages,HH001,2026-01-25,0.26,liters,6,1,1,winter,0
ITM014,Orange Juice,Beverages,HH001,2026-02-09,0.22,liters,0,0,2,winter,0
ITM014,Orange Juice,Beverages,HH001,2026-02-12,0.25,liters,3,0,2,winter,0
ITM014,Orange Juice,Beverages,HH001,2026-02-14,0.33,liters,5,1,2,winter,0
ITM014,Orange Juice,Beverages,HH001,2026-02-15,0.28,liters,6,1,2,winter,0
ITM014,Orange Juice,Beverages,HH001,2026-02-18,0.15,liters,2,0,2,winter,0
ITM014,Orange Juice,Beverages,HH001,2026-02-20,0.11,liters,4,0,2,winter,0
ITM014,Orange Juice,Beverages,HH001,2026-02-23,0.14,liters,0,0,2,winter,0
ITM014,Orange Juice,Beverages,HH001,2026-02-26,0.19,liters,3,0,2,winter,0
ITM014,Orange Juice,Beverages,HH001,2026-03-03,0.18,liters,1,0,3,spring,0
ITM014,Orange Juice,Beverages,HH001,2026-03-05,0.21,liters,3,0,3,spring,0
ITM014,Orange Juice,Beverages,HH001,2026-03-06,0.13,liters,4,0,3,spring,0
ITM014,Orange Juice,Beverages,HH001,2026-03-09,0.16,liters,0,0,3,spring,0
ITM014,Orange Juice,Beverages,HH001,2026-03-12,0.17,liters,3,0,3,spring,0
ITM014,Orange Juice,Beverages,HH001,2026-03-13,0.22,liters,4,0,3,spring,0
ITM014,Orange Juice,Beverages,HH001,2026-03-16,0.16,liters,0,0,3,spring,0
ITM014,Orange Juice,Beverages,HH001,2026-03-17,0.17,liters,1,0,3,spring,0
ITM014,Orange Juice,Beverages,HH001,2026-03-18,0.18,liters,2,0,3,spring,0
ITM014,Orange Juice,Beverages,HH001,2026-03-19,0.16,liters,3,0,3,spring,0
ITM014,Orange Juice,Beverages,HH001,2026-03-24,0.24,liters,1,0,3,spring,0
ITM014,Orange Juice,Beverages,HH001,2026-04-03,0.11,liters,4,0,4,spring,0
ITM014,Orange Juice,Beverages,HH001,2026-04-04,0.19,liters,5,1,4,spring,0
ITM014,Orange Juice,Beverages,HH001,2026-04-05,0.21,liters,6,1,4,spring,0
ITM014,Orange Juice,Beverages,HH001,2026-04-10,0.12,liters,4,0,4,spring,0
ITM014,Orange Juice,Beverages,HH001,2026-04-11,0.28,liters,5,1,4,spring,0
ITM014,Orange Juice,Beverages,HH001,2026-04-15,0.17,liters,2,0,4,spring,0
ITM014,Orange Juice,Beverages,HH001,2026-04-20,0.2,liters,0,0,4,spring,0
ITM014,Orange Juice,Beverages,HH001,2026-04-22,0.16,liters,2,0,4,spring,0
ITM014,Orange Juice,Beverages,HH001,2026-04-23,0.26,liters,3,0,4,spring,0
ITM014,Orange Juice,Beverages,HH001,2026-04-24,0.2,liters,4,0,4,spring,0
ITM014,Orange Juice,Beverages,HH001,2026-05-01,0.27,liters,4,0,5,spring,1
ITM014,Orange Juice,Beverages,HH001,2026-05-06,0.22,liters,2,0,5,spring,0
ITM014,Orange Juice,Beverages,HH001,2026-05-09,0.25,liters,5,1,5,spring,0
ITM014,Orange Juice,Beverages,HH001,2026-05-11,0.24,liters,0,0,5,spring,0
ITM014,Orange Juice,Beverages,HH001,2026-05-12,0.21,liters,1,0,5,spring,0
ITM014,Orange Juice,Beverages,HH001,2026-05-26,0.17,liters,1,0,5,spring,0
ITM014,Orange Juice,Beverages,HH001,2026-05-30,0.28,liters,5,1,5,spring,0
ITM014,Orange Juice,Beverages,HH001,2026-06-04,0.4,liters,3,0,6,summer,0
ITM014,Orange Juice,Beverages,HH001,2026-06-08,0.49,liters,0,0,6,summer,0
ITM014,Orange Juice,Beverages,HH001,2026-06-13,0.78,liters,5,1,6,summer,0
ITM014,Orange Juice,Beverages,HH001,2026-06-14,0.54,liters,6,1,6,summer,0
ITM014,Orange Juice,Beverages,HH001,2026-06-15,0.3,liters,0,0,6,summer,0
ITM014,Orange Juice,Beverages,HH001,2026-06-20,0.59,liters,5,1,6,summer,0
ITM014,Orange Juice,Beverages,HH001,2026-06-27,0.77,liters,5,1,6,summer,0
ITM014,Orange Juice,Beverages,HH002,2026-01-04,0.27,liters,6,1,1,winter,0
ITM014,Orange Juice,Beverages,HH002,2026-01-05,0.22,liters,0,0,1,winter,0
ITM014,Orange Juice,Beverages,HH002,2026-01-09,0.23,liters,4,0,1,winter,0
ITM014,Orange Juice,Beverages,HH002,2026-01-11,0.29,liters,6,1,1,winter,0
ITM014,Orange Juice,Beverages,HH002,2026-01-14,0.19,liters,2,0,1,winter,0
ITM014,Orange Juice,Beverages,HH002,2026-01-15,0.23,liters,3,0,1,winter,0
ITM014,Orange Juice,Beverages,HH002,2026-01-16,0.2,liters,4,0,1,winter,0
ITM014,Orange Juice,Beverages,HH002,2026-01-17,0.3,liters,5,1,1,winter,0
ITM014,Orange Juice,Beverages,HH002,2026-01-18,0.31,liters,6,1,1,winter,0
ITM014,Orange Juice,Beverages,HH002,2026-01-29,0.21,liters,3,0,1,winter,0
ITM014,Orange Juice,Beverages,HH002,2026-02-02,0.27,liters,0,0,2,winter,0
ITM014,Orange Juice,Beverages,HH002,2026-02-09,0.18,liters,0,0,2,winter,0
ITM014,Orange Juice,Beverages,HH002,2026-02-10,0.21,liters,1,0,2,winter,0
ITM014,Orange Juice,Beverages,HH002,2026-02-18,0.18,liters,2,0,2,winter,0
ITM014,Orange Juice,Beverages,HH002,2026-02-19,0.25,liters,3,0,2,winter,0
ITM014,Orange Juice,Beverages,HH002,2026-02-20,0.23,liters,4,0,2,winter,0
ITM014,Orange Juice,Beverages,HH002,2026-02-21,0.28,liters,5,1,2,winter,0
ITM014,Orange Juice,Beverages,HH002,2026-02-22,0.26,liters,6,1,2,winter,0
ITM014,Orange Juice,Beverages,HH002,2026-03-10,0.28,liters,1,0,3,spring,0
ITM014,Orange Juice,Beverages,HH002,2026-03-11,0.31,liters,2,0,3,spring,0
ITM014,Orange Juice,Beverages,HH002,2026-03-15,0.36,liters,6,1,3,spring,0
ITM014,Orange Juice,Beverages,HH002,2026-03-19,0.22,liters,3,0,3,spring,0
ITM014,Orange Juice,Beverages,HH002,2026-03-20,0.31,liters,4,0,3,spring,0
ITM014,Orange Juice,Beverages,HH002,2026-03-21,0.3,liters,5,1,3,spring,0
ITM014,Orange Juice,Beverages,HH002,2026-03-27,0.21,liters,4,0,3,spring,0
ITM014,Orange Juice,Beverages,HH002,2026-03-31,0.16,liters,1,0,3,spring,0
ITM014,Orange Juice,Beverages,HH002,2026-04-04,0.37,liters,5,1,4,spring,0
ITM014,Orange Juice,Beverages,HH002,2026-04-05,0.3,liters,6,1,4,spring,0
ITM014,Orange Juice,Beverages,HH002,2026-04-07,0.28,liters,1,0,4,spring,0
ITM014,Orange Juice,Beverages,HH002,2026-04-11,0.25,liters,5,1,4,spring,0
ITM014,Orange Juice,Beverages,HH002,2026-04-17,0.23,liters,4,0,4,spring,0
ITM014,Orange Juice,Beverages,HH002,2026-04-24,0.31,liters,4,0,4,spring,0
ITM014,Orange Juice,Beverages,HH002,2026-04-25,0.34,liters,5,1,4,spring,0
ITM014,Orange Juice,Beverages,HH002,2026-04-26,0.26,liters,6,1,4,spring,0
ITM014,Orange Juice,Beverages,HH002,2026-05-07,0.18,liters,3,0,5,spring,0
ITM014,Orange Juice,Beverages,HH002,2026-05-11,0.21,liters,0,0,5,spring,0
ITM014,Orange Juice,Beverages,HH002,2026-05-12,0.18,liters,1,0,5,spring,0
ITM014,Orange Juice,Beverages,HH002,2026-05-16,0.25,liters,5,1,5,spring,0
ITM014,Orange Juice,Beverages,HH002,2026-05-19,0.22,liters,1,0,5,spring,0
ITM014,Orange Juice,Beverages,HH002,2026-05-23,0.37,liters,5,1,5,spring,0
ITM014,Orange Juice,Beverages,HH002,2026-05-28,0.26,liters,3,0,5,spring,0
ITM014,Orange Juice,Beverages,HH002,2026-06-01,0.57,liters,0,0,6,summer,0
ITM014,Orange Juice,Beverages,HH002,2026-06-04,0.41,liters,3,0,6,summer,0
ITM014,Orange Juice,Beverages,HH002,2026-06-06,0.96,liters,5,1,6,summer,1
ITM014,Orange Juice,Beverages,HH002,2026-06-09,0.56,liters,1,0,6,summer,0
ITM014,Orange Juice,Beverages,HH002,2026-06-10,0.55,liters,2,0,6,summer,0
ITM014,Orange Juice,Beverages,HH002,2026-06-12,0.44,liters,4,0,6,summer,0
ITM014,Orange Juice,Beverages,HH002,2026-06-13,0.88,liters,5,1,6,summer,0
ITM014,Orange Juice,Beverages,HH002,2026-06-15,0.28,liters,0,0,6,summer,0
ITM014,Orange Juice,Beverages,HH002,2026-06-19,0.5,liters,4,0,6,summer,0
ITM014,Orange Juice,Beverages,HH002,2026-06-20,0.65,liters,5,1,6,summer,0
ITM014,Orange Juice,Beverages,HH002,2026-06-21,0.81,liters,6,1,6,summer,0
ITM014,Orange Juice,Beverages,HH002,2026-06-26,0.51,liters,4,0,6,summer,0
ITM014,Orange Juice,Beverages,HH003,2026-01-02,0.23,liters,4,0,1,winter,0
ITM014,Orange Juice,Beverages,HH003,2026-01-04,0.3,liters,6,1,1,winter,0
ITM014,Orange Juice,Beverages,HH003,2026-01-05,0.19,liters,0,0,1,winter,0
ITM014,Orange Juice,Beverages,HH003,2026-01-11,0.24,liters,6,1,1,winter,0
ITM014,Orange Juice,Beverages,HH003,2026-01-14,0.25,liters,2,0,1,winter,0
ITM014,Orange Juice,Beverages,HH003,2026-01-21,0.26,liters,2,0,1,winter,0
ITM014,Orange Juice,Beverages,HH003,2026-01-23,0.27,liters,4,0,1,winter,0
ITM014,Orange Juice,Beverages,HH003,2026-01-31,0.37,liters,5,1,1,winter,0
ITM014,Orange Juice,Beverages,HH003,2026-02-07,0.33,liters,5,1,2,winter,0
ITM014,Orange Juice,Beverages,HH003,2026-02-11,0.2,liters,2,0,2,winter,0
ITM014,Orange Juice,Beverages,HH003,2026-02-15,0.42,liters,6,1,2,winter,0
ITM014,Orange Juice,Beverages,HH003,2026-02-18,0.21,liters,2,0,2,winter,0
ITM014,Orange Juice,Beverages,HH003,2026-02-19,0.26,liters,3,0,2,winter,0
ITM014,Orange Juice,Beverages,HH003,2026-02-21,0.35,liters,5,1,2,winter,0
ITM014,Orange Juice,Beverages,HH003,2026-02-25,0.24,liters,2,0,2,winter,0
ITM014,Orange Juice,Beverages,HH003,2026-02-27,0.28,liters,4,0,2,winter,0
ITM014,Orange Juice,Beverages,HH003,2026-03-03,0.29,liters,1,0,3,spring,0
ITM014,Orange Juice,Beverages,HH003,2026-03-05,0.2,liters,3,0,3,spring,0
ITM014,Orange Juice,Beverages,HH003,2026-03-06,0.31,liters,4,0,3,spring,0
ITM014,Orange Juice,Beverages,HH003,2026-03-08,0.63,liters,6,1,3,spring,1
ITM014,Orange Juice,Beverages,HH003,2026-03-13,0.34,liters,4,0,3,spring,0
ITM014,Orange Juice,Beverages,HH003,2026-03-21,0.34,liters,5,1,3,spring,0
ITM014,Orange Juice,Beverages,HH003,2026-03-26,0.22,liters,3,0,3,spring,0
ITM014,Orange Juice,Beverages,HH003,2026-04-11,0.52,liters,5,1,4,spring,0
ITM014,Orange Juice,Beverages,HH003,2026-04-15,0.22,liters,2,0,4,spring,0
ITM014,Orange Juice,Beverages,HH003,2026-04-17,0.29,liters,4,0,4,spring,0
ITM014,Orange Juice,Beverages,HH003,2026-04-25,0.3,liters,5,1,4,spring,0
ITM014,Orange Juice,Beverages,HH003,2026-05-02,0.49,liters,5,1,5,spring,0
ITM014,Orange Juice,Beverages,HH003,2026-05-03,0.2,liters,6,1,5,spring,0
ITM014,Orange Juice,Beverages,HH003,2026-05-06,0.24,liters,2,0,5,spring,0
ITM014,Orange Juice,Beverages,HH003,2026-05-19,0.3,liters,1,0,5,spring,0
ITM014,Orange Juice,Beverages,HH003,2026-05-21,0.27,liters,3,0,5,spring,0
ITM014,Orange Juice,Beverages,HH003,2026-05-22,0.26,liters,4,0,5,spring,0
ITM014,Orange Juice,Beverages,HH003,2026-05-23,0.36,liters,5,1,5,spring,0
ITM014,Orange Juice,Beverages,HH003,2026-05-27,0.32,liters,2,0,5,spring,0
ITM014,Orange Juice,Beverages,HH003,2026-06-09,0.45,liters,1,0,6,summer,0
ITM014,Orange Juice,Beverages,HH003,2026-06-10,0.64,liters,2,0,6,summer,0
ITM014,Orange Juice,Beverages,HH003,2026-06-12,0.94,liters,4,0,6,summer,0
ITM014,Orange Juice,Beverages,HH003,2026-06-13,1.06,liters,5,1,6,summer,0
ITM014,Orange Juice,Beverages,HH003,2026-06-18,0.55,liters,3,0,6,summer,0
ITM014,Orange Juice,Beverages,HH003,2026-06-22,0.63,liters,0,0,6,summer,0
ITM014,Orange Juice,Beverages,HH003,2026-06-24,0.57,liters,2,0,6,summer,0
ITM014,Orange Juice,Beverages,HH003,2026-06-28,0.86,liters,6,1,6,summer,0
ITM014,Orange Juice,Beverages,HH004,2026-01-07,0.31,liters,2,0,1,winter,0
ITM014,Orange Juice,Beverages,HH004,2026-01-09,0.38,liters,4,0,1,winter,0
ITM014,Orange Juice,Beverages,HH004,2026-01-15,0.28,liters,3,0,1,winter,0
ITM014,Orange Juice,Beverages,HH004,2026-01-22,0.24,liters,3,0,1,winter,0
ITM014,Orange Juice,Beverages,HH004,2026-01-24,0.34,liters,5,1,1,winter,0
ITM014,Orange Juice,Beverages,HH004,2026-01-25,0.31,liters,6,1,1,winter,0
ITM014,Orange Juice,Beverages,HH004,2026-01-29,0.31,liters,3,0,1,winter,0
ITM014,Orange Juice,Beverages,HH004,2026-02-01,0.48,liters,6,1,2,winter,0
ITM014,Orange Juice,Beverages,HH004,2026-02-04,0.28,liters,2,0,2,winter,0
ITM014,Orange Juice,Beverages,HH004,2026-02-08,0.49,liters,6,1,2,winter,0
ITM014,Orange Juice,Beverages,HH004,2026-02-13,0.24,liters,4,0,2,winter,0
ITM014,Orange Juice,Beverages,HH004,2026-02-14,0.34,liters,5,1,2,winter,0
ITM014,Orange Juice,Beverages,HH004,2026-02-16,0.27,liters,0,0,2,winter,0
ITM014,Orange Juice,Beverages,HH004,2026-02-19,0.4,liters,3,0,2,winter,0
ITM014,Orange Juice,Beverages,HH004,2026-02-21,0.44,liters,5,1,2,winter,0
ITM014,Orange Juice,Beverages,HH004,2026-02-25,0.39,liters,2,0,2,winter,0
ITM014,Orange Juice,Beverages,HH004,2026-03-02,0.22,liters,0,0,3,spring,0
ITM014,Orange Juice,Beverages,HH004,2026-03-04,0.28,liters,2,0,3,spring,0
ITM014,Orange Juice,Beverages,HH004,2026-03-05,0.3,liters,3,0,3,spring,0
ITM014,Orange Juice,Beverages,HH004,2026-03-09,0.28,liters,0,0,3,spring,0
ITM014,Orange Juice,Beverages,HH004,2026-03-15,0.42,liters,6,1,3,spring,0
ITM014,Orange Juice,Beverages,HH004,2026-03-16,0.22,liters,0,0,3,spring,0
ITM014,Orange Juice,Beverages,HH004,2026-03-20,0.33,liters,4,0,3,spring,0
ITM014,Orange Juice,Beverages,HH004,2026-03-26,0.3,liters,3,0,3,spring,0
ITM014,Orange Juice,Beverages,HH004,2026-04-08,0.32,liters,2,0,4,spring,0
ITM014,Orange Juice,Beverages,HH004,2026-04-09,0.28,liters,3,0,4,spring,0
ITM014,Orange Juice,Beverages,HH004,2026-04-18,0.44,liters,5,1,4,spring,0
ITM014,Orange Juice,Beverages,HH004,2026-04-21,0.17,liters,1,0,4,spring,0
ITM014,Orange Juice,Beverages,HH004,2026-04-24,0.37,liters,4,0,4,spring,0
ITM014,Orange Juice,Beverages,HH004,2026-04-27,0.33,liters,0,0,4,spring,0
ITM014,Orange Juice,Beverages,HH004,2026-04-30,0.37,liters,3,0,4,spring,0
ITM014,Orange Juice,Beverages,HH004,2026-05-01,0.41,liters,4,0,5,spring,1
ITM014,Orange Juice,Beverages,HH004,2026-05-03,0.43,liters,6,1,5,spring,0
ITM014,Orange Juice,Beverages,HH004,2026-05-05,0.33,liters,1,0,5,spring,0
ITM014,Orange Juice,Beverages,HH004,2026-05-07,0.36,liters,3,0,5,spring,0
ITM014,Orange Juice,Beverages,HH004,2026-05-08,0.26,liters,4,0,5,spring,0
ITM014,Orange Juice,Beverages,HH004,2026-05-20,0.3,liters,2,0,5,spring,0
ITM014,Orange Juice,Beverages,HH004,2026-05-22,0.23,liters,4,0,5,spring,0
ITM014,Orange Juice,Beverages,HH004,2026-05-25,0.26,liters,0,0,5,spring,0
ITM014,Orange Juice,Beverages,HH004,2026-05-26,0.26,liters,1,0,5,spring,0
ITM014,Orange Juice,Beverages,HH004,2026-05-27,0.16,liters,2,0,5,spring,0
ITM014,Orange Juice,Beverages,HH004,2026-05-28,0.36,liters,3,0,5,spring,0
ITM014,Orange Juice,Beverages,HH004,2026-05-29,0.19,liters,4,0,5,spring,0
ITM014,Orange Juice,Beverages,HH004,2026-06-04,0.75,liters,3,0,6,summer,0
ITM014,Orange Juice,Beverages,HH004,2026-06-06,1.48,liters,5,1,6,summer,1
ITM014,Orange Juice,Beverages,HH004,2026-06-16,0.75,liters,1,0,6,summer,0
ITM014,Orange Juice,Beverages,HH004,2026-06-17,0.57,liters,2,0,6,summer,0
ITM014,Orange Juice,Beverages,HH004,2026-06-18,0.66,liters,3,0,6,summer,0
ITM014,Orange Juice,Beverages,HH004,2026-06-19,0.48,liters,4,0,6,summer,0
ITM014,Orange Juice,Beverages,HH004,2026-06-21,0.87,liters,6,1,6,summer,0
ITM014,Orange Juice,Beverages,HH004,2026-06-23,0.61,liters,1,0,6,summer,0
ITM014,Orange Juice,Beverages,HH004,2026-06-24,0.79,liters,2,0,6,summer,0
ITM014,Orange Juice,Beverages,HH004,2026-06-26,0.58,liters,4,0,6,summer,0
ITM014,Orange Juice,Beverages,HH004,2026-06-28,1.23,liters,6,1,6,summer,0
ITM014,Orange Juice,Beverages,HH005,2026-01-01,0.26,liters,3,0,1,winter,1
ITM014,Orange Juice,Beverages,HH005,2026-01-04,0.19,liters,6,1,1,winter,0
ITM014,Orange Juice,Beverages,HH005,2026-01-08,0.16,liters,3,0,1,winter,0
ITM014,Orange Juice,Beverages,HH005,2026-01-09,0.14,liters,4,0,1,winter,0
ITM014,Orange Juice,Beverages,HH005,2026-01-10,0.16,liters,5,1,1,winter,0
ITM014,Orange Juice,Beverages,HH005,2026-01-15,0.11,liters,3,0,1,winter,0
ITM014,Orange Juice,Beverages,HH005,2026-01-16,0.18,liters,4,0,1,winter,0
ITM014,Orange Juice,Beverages,HH005,2026-01-18,0.18,liters,6,1,1,winter,0
ITM014,Orange Juice,Beverages,HH005,2026-01-19,0.17,liters,0,0,1,winter,0
ITM014,Orange Juice,Beverages,HH005,2026-01-26,0.19,liters,0,0,1,winter,1
ITM014,Orange Juice,Beverages,HH005,2026-02-05,0.16,liters,3,0,2,winter,0
ITM014,Orange Juice,Beverages,HH005,2026-02-09,0.19,liters,0,0,2,winter,0
ITM014,Orange Juice,Beverages,HH005,2026-02-13,0.15,liters,4,0,2,winter,0
ITM014,Orange Juice,Beverages,HH005,2026-02-15,0.24,liters,6,1,2,winter,0
ITM014,Orange Juice,Beverages,HH005,2026-02-17,0.15,liters,1,0,2,winter,0
ITM014,Orange Juice,Beverages,HH005,2026-02-20,0.2,liters,4,0,2,winter,0
ITM014,Orange Juice,Beverages,HH005,2026-02-26,0.21,liters,3,0,2,winter,0
ITM014,Orange Juice,Beverages,HH005,2026-02-27,0.18,liters,4,0,2,winter,0
ITM014,Orange Juice,Beverages,HH005,2026-02-28,0.17,liters,5,1,2,winter,0
ITM014,Orange Juice,Beverages,HH005,2026-03-01,0.21,liters,6,1,3,spring,0
ITM014,Orange Juice,Beverages,HH005,2026-03-02,0.2,liters,0,0,3,spring,0
ITM014,Orange Juice,Beverages,HH005,2026-03-05,0.12,liters,3,0,3,spring,0
ITM014,Orange Juice,Beverages,HH005,2026-03-10,0.14,liters,1,0,3,spring,0
ITM014,Orange Juice,Beverages,HH005,2026-03-12,0.18,liters,3,0,3,spring,0
ITM014,Orange Juice,Beverages,HH005,2026-03-14,0.16,liters,5,1,3,spring,0
ITM014,Orange Juice,Beverages,HH005,2026-03-15,0.23,liters,6,1,3,spring,0
ITM014,Orange Juice,Beverages,HH005,2026-03-17,0.14,liters,1,0,3,spring,0
ITM014,Orange Juice,Beverages,HH005,2026-03-19,0.16,liters,3,0,3,spring,0
ITM014,Orange Juice,Beverages,HH005,2026-03-21,0.23,liters,5,1,3,spring,0
ITM014,Orange Juice,Beverages,HH005,2026-03-23,0.13,liters,0,0,3,spring,0
ITM014,Orange Juice,Beverages,HH005,2026-04-04,0.22,liters,5,1,4,spring,0
ITM014,Orange Juice,Beverages,HH005,2026-04-07,0.13,liters,1,0,4,spring,0
ITM014,Orange Juice,Beverages,HH005,2026-04-10,0.18,liters,4,0,4,spring,0
ITM014,Orange Juice,Beverages,HH005,2026-04-11,0.17,liters,5,1,4,spring,0
ITM014,Orange Juice,Beverages,HH005,2026-04-12,0.14,liters,6,1,4,spring,0
ITM014,Orange Juice,Beverages,HH005,2026-04-14,0.23,liters,1,0,4,spring,1
ITM014,Orange Juice,Beverages,HH005,2026-04-16,0.12,liters,3,0,4,spring,0
ITM014,Orange Juice,Beverages,HH005,2026-04-20,0.18,liters,0,0,4,spring,0
ITM014,Orange Juice,Beverages,HH005,2026-04-21,0.16,liters,1,0,4,spring,0
ITM014,Orange Juice,Beverages,HH005,2026-04-24,0.2,liters,4,0,4,spring,0
ITM014,Orange Juice,Beverages,HH005,2026-04-29,0.14,liters,2,0,4,spring,0
ITM014,Orange Juice,Beverages,HH005,2026-05-01,0.31,liters,4,0,5,spring,1
ITM014,Orange Juice,Beverages,HH005,2026-05-02,0.28,liters,5,1,5,spring,0
ITM014,Orange Juice,Beverages,HH005,2026-05-14,0.12,liters,3,0,5,spring,0
ITM014,Orange Juice,Beverages,HH005,2026-05-21,0.16,liters,3,0,5,spring,0
ITM014,Orange Juice,Beverages,HH005,2026-05-22,0.2,liters,4,0,5,spring,0
ITM014,Orange Juice,Beverages,HH005,2026-05-25,0.14,liters,0,0,5,spring,0
ITM014,Orange Juice,Beverages,HH005,2026-05-29,0.18,liters,4,0,5,spring,0
ITM014,Orange Juice,Beverages,HH005,2026-06-01,0.37,liters,0,0,6,summer,0
ITM014,Orange Juice,Beverages,HH005,2026-06-04,0.4,liters,3,0,6,summer,0
ITM014,Orange Juice,Beverages,HH005,2026-06-14,0.59,liters,6,1,6,summer,0
ITM014,Orange Juice,Beverages,HH005,2026-06-15,0.46,liters,0,0,6,summer,0
ITM014,Orange Juice,Beverages,HH005,2026-06-17,0.3,liters,2,0,6,summer,0
ITM014,Orange Juice,Beverages,HH005,2026-06-18,0.28,liters,3,0,6,summer,0
ITM014,Orange Juice,Beverages,HH005,2026-06-24,0.42,liters,2,0,6,summer,0
ITM014,Orange Juice,Beverages,HH005,2026-06-28,0.59,liters,6,1,6,summer,0
ITM014,Orange Juice,Beverages,HH006,2026-01-04,0.29,liters,6,1,1,winter,0
ITM014,Orange Juice,Beverages,HH006,2026-01-08,0.27,liters,3,0,1,winter,0
ITM014,Orange Juice,Beverages,HH006,2026-01-12,0.19,liters,0,0,1,winter,0
ITM014,Orange Juice,Beverages,HH006,2026-01-13,0.14,liters,1,0,1,winter,0
ITM014,Orange Juice,Beverages,HH006,2026-01-14,0.21,liters,2,0,1,winter,0
ITM014,Orange Juice,Beverages,HH006,2026-01-15,0.21,liters,3,0,1,winter,0
ITM014,Orange Juice,Beverages,HH006,2026-01-22,0.19,liters,3,0,1,winter,0
ITM014,Orange Juice,Beverages,HH006,2026-01-25,0.3,liters,6,1,1,winter,0
ITM014,Orange Juice,Beverages,HH006,2026-01-26,0.3,liters,0,0,1,winter,1
ITM014,Orange Juice,Beverages,HH006,2026-01-28,0.15,liters,2,0,1,winter,0
ITM014,Orange Juice,Beverages,HH006,2026-01-29,0.26,liters,3,0,1,winter,0
ITM014,Orange Juice,Beverages,HH006,2026-01-31,0.34,liters,5,1,1,winter,0
ITM014,Orange Juice,Beverages,HH006,2026-02-08,0.33,liters,6,1,2,winter,0
ITM014,Orange Juice,Beverages,HH006,2026-02-14,0.34,liters,5,1,2,winter,0
ITM014,Orange Juice,Beverages,HH006,2026-02-15,0.28,liters,6,1,2,winter,0
ITM014,Orange Juice,Beverages,HH006,2026-02-18,0.2,liters,2,0,2,winter,0
ITM014,Orange Juice,Beverages,HH006,2026-02-25,0.22,liters,2,0,2,winter,0
ITM014,Orange Juice,Beverages,HH006,2026-02-28,0.33,liters,5,1,2,winter,0
ITM014,Orange Juice,Beverages,HH006,2026-03-02,0.17,liters,0,0,3,spring,0
ITM014,Orange Juice,Beverages,HH006,2026-03-04,0.25,liters,2,0,3,spring,0
ITM014,Orange Juice,Beverages,HH006,2026-03-08,0.39,liters,6,1,3,spring,1
ITM014,Orange Juice,Beverages,HH006,2026-03-09,0.21,liters,0,0,3,spring,0
ITM014,Orange Juice,Beverages,HH006,2026-03-13,0.19,liters,4,0,3,spring,0
ITM014,Orange Juice,Beverages,HH006,2026-03-14,0.27,liters,5,1,3,spring,0
ITM014,Orange Juice,Beverages,HH006,2026-03-15,0.2,liters,6,1,3,spring,0
ITM014,Orange Juice,Beverages,HH006,2026-03-17,0.17,liters,1,0,3,spring,0
ITM014,Orange Juice,Beverages,HH006,2026-03-22,0.32,liters,6,1,3,spring,0
ITM014,Orange Juice,Beverages,HH006,2026-03-26,0.2,liters,3,0,3,spring,0
ITM014,Orange Juice,Beverages,HH006,2026-04-05,0.23,liters,6,1,4,spring,0
ITM014,Orange Juice,Beverages,HH006,2026-04-10,0.18,liters,4,0,4,spring,0
ITM014,Orange Juice,Beverages,HH006,2026-04-13,0.17,liters,0,0,4,spring,0
ITM014,Orange Juice,Beverages,HH006,2026-04-15,0.21,liters,2,0,4,spring,0
ITM014,Orange Juice,Beverages,HH006,2026-04-18,0.18,liters,5,1,4,spring,0
ITM014,Orange Juice,Beverages,HH006,2026-04-21,0.16,liters,1,0,4,spring,0
ITM014,Orange Juice,Beverages,HH006,2026-04-25,0.4,liters,5,1,4,spring,0
ITM014,Orange Juice,Beverages,HH006,2026-04-26,0.2,liters,6,1,4,spring,0
ITM014,Orange Juice,Beverages,HH006,2026-04-27,0.2,liters,0,0,4,spring,0
ITM014,Orange Juice,Beverages,HH006,2026-04-28,0.15,liters,1,0,4,spring,0
ITM014,Orange Juice,Beverages,HH006,2026-05-01,0.35,liters,4,0,5,spring,1
ITM014,Orange Juice,Beverages,HH006,2026-05-08,0.21,liters,4,0,5,spring,0
ITM014,Orange Juice,Beverages,HH006,2026-05-10,0.34,liters,6,1,5,spring,0
ITM014,Orange Juice,Beverages,HH006,2026-05-12,0.19,liters,1,0,5,spring,0
ITM014,Orange Juice,Beverages,HH006,2026-05-14,0.16,liters,3,0,5,spring,0
ITM014,Orange Juice,Beverages,HH006,2026-05-15,0.2,liters,4,0,5,spring,0
ITM014,Orange Juice,Beverages,HH006,2026-05-22,0.2,liters,4,0,5,spring,0
ITM014,Orange Juice,Beverages,HH006,2026-05-23,0.21,liters,5,1,5,spring,0
ITM014,Orange Juice,Beverages,HH006,2026-05-26,0.15,liters,1,0,5,spring,0
ITM014,Orange Juice,Beverages,HH006,2026-05-27,0.19,liters,2,0,5,spring,0
ITM014,Orange Juice,Beverages,HH006,2026-06-02,0.63,liters,1,0,6,summer,0
ITM014,Orange Juice,Beverages,HH006,2026-06-08,0.36,liters,0,0,6,summer,0
ITM014,Orange Juice,Beverages,HH006,2026-06-10,0.42,liters,2,0,6,summer,0
ITM014,Orange Juice,Beverages,HH006,2026-06-16,0.36,liters,1,0,6,summer,0
ITM014,Orange Juice,Beverages,HH006,2026-06-21,0.61,liters,6,1,6,summer,0
ITM014,Orange Juice,Beverages,HH006,2026-06-23,0.27,liters,1,0,6,summer,0
ITM014,Orange Juice,Beverages,HH007,2026-01-04,0.33,liters,6,1,1,winter,0
ITM014,Orange Juice,Beverages,HH007,2026-01-07,0.21,liters,2,0,1,winter,0
ITM014,Orange Juice,Beverages,HH007,2026-01-10,0.3,liters,5,1,1,winter,0
ITM014,Orange Juice,Beverages,HH007,2026-01-16,0.25,liters,4,0,1,winter,0
ITM014,Orange Juice,Beverages,HH007,2026-01-17,0.35,liters,5,1,1,winter,0
ITM014,Orange Juice,Beverages,HH007,2026-01-20,0.29,liters,1,0,1,winter,0
ITM014,Orange Juice,Beverages,HH007,2026-01-21,0.18,liters,2,0,1,winter,0
ITM014,Orange Juice,Beverages,HH007,2026-01-23,0.21,liters,4,0,1,winter,0
ITM014,Orange Juice,Beverages,HH007,2026-01-25,0.38,liters,6,1,1,winter,0
ITM014,Orange Juice,Beverages,HH007,2026-02-02,0.26,liters,0,0,2,winter,0
ITM014,Orange Juice,Beverages,HH007,2026-02-05,0.24,liters,3,0,2,winter,0
ITM014,Orange Juice,Beverages,HH007,2026-02-07,0.28,liters,5,1,2,winter,0
ITM014,Orange Juice,Beverages,HH007,2026-02-08,0.29,liters,6,1,2,winter,0
ITM014,Orange Juice,Beverages,HH007,2026-02-09,0.33,liters,0,0,2,winter,0
ITM014,Orange Juice,Beverages,HH007,2026-02-12,0.16,liters,3,0,2,winter,0
ITM014,Orange Juice,Beverages,HH007,2026-02-13,0.31,liters,4,0,2,winter,0
ITM014,Orange Juice,Beverages,HH007,2026-02-15,0.3,liters,6,1,2,winter,0
ITM014,Orange Juice,Beverages,HH007,2026-02-16,0.17,liters,0,0,2,winter,0
ITM014,Orange Juice,Beverages,HH007,2026-02-18,0.23,liters,2,0,2,winter,0
ITM014,Orange Juice,Beverages,HH007,2026-02-19,0.23,liters,3,0,2,winter,0
ITM014,Orange Juice,Beverages,HH007,2026-02-27,0.22,liters,4,0,2,winter,0
ITM014,Orange Juice,Beverages,HH007,2026-03-01,0.28,liters,6,1,3,spring,0
ITM014,Orange Juice,Beverages,HH007,2026-03-02,0.23,liters,0,0,3,spring,0
ITM014,Orange Juice,Beverages,HH007,2026-03-03,0.28,liters,1,0,3,spring,0
ITM014,Orange Juice,Beverages,HH007,2026-03-04,0.18,liters,2,0,3,spring,0
ITM014,Orange Juice,Beverages,HH007,2026-03-09,0.17,liters,0,0,3,spring,0
ITM014,Orange Juice,Beverages,HH007,2026-03-11,0.24,liters,2,0,3,spring,0
ITM014,Orange Juice,Beverages,HH007,2026-03-18,0.27,liters,2,0,3,spring,0
ITM014,Orange Juice,Beverages,HH007,2026-03-21,0.38,liters,5,1,3,spring,0
ITM014,Orange Juice,Beverages,HH007,2026-03-27,0.16,liters,4,0,3,spring,0
ITM014,Orange Juice,Beverages,HH007,2026-03-30,0.3,liters,0,0,3,spring,0
ITM014,Orange Juice,Beverages,HH007,2026-04-01,0.26,liters,2,0,4,spring,0
ITM014,Orange Juice,Beverages,HH007,2026-04-02,0.34,liters,3,0,4,spring,0
ITM014,Orange Juice,Beverages,HH007,2026-04-10,0.28,liters,4,0,4,spring,0
ITM014,Orange Juice,Beverages,HH007,2026-04-13,0.25,liters,0,0,4,spring,0
ITM014,Orange Juice,Beverages,HH007,2026-04-14,0.35,liters,1,0,4,spring,1
ITM014,Orange Juice,Beverages,HH007,2026-04-27,0.21,liters,0,0,4,spring,0
ITM014,Orange Juice,Beverages,HH007,2026-04-29,0.25,liters,2,0,4,spring,0
ITM014,Orange Juice,Beverages,HH007,2026-05-04,0.2,liters,0,0,5,spring,0
ITM014,Orange Juice,Beverages,HH007,2026-05-10,0.4,liters,6,1,5,spring,0
ITM014,Orange Juice,Beverages,HH007,2026-05-12,0.25,liters,1,0,5,spring,0
ITM014,Orange Juice,Beverages,HH007,2026-05-15,0.28,liters,4,0,5,spring,0
ITM014,Orange Juice,Beverages,HH007,2026-05-22,0.2,liters,4,0,5,spring,0
ITM014,Orange Juice,Beverages,HH007,2026-05-31,0.42,liters,6,1,5,spring,0
ITM014,Orange Juice,Beverages,HH007,2026-06-02,0.6,liters,1,0,6,summer,0
ITM014,Orange Juice,Beverages,HH007,2026-06-03,0.51,liters,2,0,6,summer,0
ITM014,Orange Juice,Beverages,HH007,2026-06-05,0.53,liters,4,0,6,summer,0
ITM014,Orange Juice,Beverages,HH007,2026-06-11,0.42,liters,3,0,6,summer,0
ITM014,Orange Juice,Beverages,HH007,2026-06-23,0.57,liters,1,0,6,summer,0
ITM014,Orange Juice,Beverages,HH007,2026-06-24,0.4,liters,2,0,6,summer,0
ITM014,Orange Juice,Beverages,HH007,2026-06-28,0.62,liters,6,1,6,summer,0
ITM014,Orange Juice,Beverages,HH008,2026-01-04,0.41,liters,6,1,1,winter,0
ITM014,Orange Juice,Beverages,HH008,2026-01-07,0.19,liters,2,0,1,winter,0
ITM014,Orange Juice,Beverages,HH008,2026-01-10,0.3,liters,5,1,1,winter,0
ITM014,Orange Juice,Beverages,HH008,2026-01-11,0.26,liters,6,1,1,winter,0
ITM014,Orange Juice,Beverages,HH008,2026-01-16,0.28,liters,4,0,1,winter,0
ITM014,Orange Juice,Beverages,HH008,2026-01-20,0.31,liters,1,0,1,winter,0
ITM014,Orange Juice,Beverages,HH008,2026-01-25,0.37,liters,6,1,1,winter,0
ITM014,Orange Juice,Beverages,HH008,2026-01-31,0.47,liters,5,1,1,winter,0
ITM014,Orange Juice,Beverages,HH008,2026-02-05,0.23,liters,3,0,2,winter,0
ITM014,Orange Juice,Beverages,HH008,2026-02-12,0.2,liters,3,0,2,winter,0
ITM014,Orange Juice,Beverages,HH008,2026-02-14,0.3,liters,5,1,2,winter,0
ITM014,Orange Juice,Beverages,HH008,2026-02-16,0.28,liters,0,0,2,winter,0
ITM014,Orange Juice,Beverages,HH008,2026-02-18,0.25,liters,2,0,2,winter,0
ITM014,Orange Juice,Beverages,HH008,2026-02-23,0.23,liters,0,0,2,winter,0
ITM014,Orange Juice,Beverages,HH008,2026-03-02,0.26,liters,0,0,3,spring,0
ITM014,Orange Juice,Beverages,HH008,2026-03-09,0.29,liters,0,0,3,spring,0
ITM014,Orange Juice,Beverages,HH008,2026-03-22,0.48,liters,6,1,3,spring,0
ITM014,Orange Juice,Beverages,HH008,2026-03-28,0.38,liters,5,1,3,spring,0
ITM014,Orange Juice,Beverages,HH008,2026-03-31,0.25,liters,1,0,3,spring,0
ITM014,Orange Juice,Beverages,HH008,2026-04-04,0.31,liters,5,1,4,spring,0
ITM014,Orange Juice,Beverages,HH008,2026-04-06,0.3,liters,0,0,4,spring,0
ITM014,Orange Juice,Beverages,HH008,2026-04-07,0.37,liters,1,0,4,spring,0
ITM014,Orange Juice,Beverages,HH008,2026-04-12,0.47,liters,6,1,4,spring,0
ITM014,Orange Juice,Beverages,HH008,2026-04-14,0.31,liters,1,0,4,spring,1
ITM014,Orange Juice,Beverages,HH008,2026-04-17,0.24,liters,4,0,4,spring,0
ITM014,Orange Juice,Beverages,HH008,2026-04-18,0.25,liters,5,1,4,spring,0
ITM014,Orange Juice,Beverages,HH008,2026-04-19,0.34,liters,6,1,4,spring,0
ITM014,Orange Juice,Beverages,HH008,2026-04-20,0.17,liters,0,0,4,spring,0
ITM014,Orange Juice,Beverages,HH008,2026-04-21,0.33,liters,1,0,4,spring,0
ITM014,Orange Juice,Beverages,HH008,2026-04-23,0.3,liters,3,0,4,spring,0
ITM014,Orange Juice,Beverages,HH008,2026-04-25,0.42,liters,5,1,4,spring,0
ITM014,Orange Juice,Beverages,HH008,2026-04-29,0.31,liters,2,0,4,spring,0
ITM014,Orange Juice,Beverages,HH008,2026-05-07,0.35,liters,3,0,5,spring,0
ITM014,Orange Juice,Beverages,HH008,2026-05-09,0.32,liters,5,1,5,spring,0
ITM014,Orange Juice,Beverages,HH008,2026-05-12,0.25,liters,1,0,5,spring,0
ITM014,Orange Juice,Beverages,HH008,2026-05-16,0.33,liters,5,1,5,spring,0
ITM014,Orange Juice,Beverages,HH008,2026-05-22,0.29,liters,4,0,5,spring,0
ITM014,Orange Juice,Beverages,HH008,2026-05-24,0.31,liters,6,1,5,spring,0
ITM014,Orange Juice,Beverages,HH008,2026-05-28,0.26,liters,3,0,5,spring,0
ITM014,Orange Juice,Beverages,HH008,2026-06-04,0.48,liters,3,0,6,summer,0
ITM014,Orange Juice,Beverages,HH008,2026-06-06,1.24,liters,5,1,6,summer,1
ITM014,Orange Juice,Beverages,HH008,2026-06-07,1.34,liters,6,1,6,summer,0
ITM014,Orange Juice,Beverages,HH008,2026-06-10,0.81,liters,2,0,6,summer,0
ITM014,Orange Juice,Beverages,HH008,2026-06-14,0.52,liters,6,1,6,summer,0
ITM014,Orange Juice,Beverages,HH008,2026-06-17,0.54,liters,2,0,6,summer,0
ITM014,Orange Juice,Beverages,HH008,2026-06-21,0.78,liters,6,1,6,summer,0
ITM014,Orange Juice,Beverages,HH008,2026-06-23,0.63,liters,1,0,6,summer,0
ITM014,Orange Juice,Beverages,HH008,2026-06-25,0.63,liters,3,0,6,summer,0
ITM014,Orange Juice,Beverages,HH009,2026-01-02,0.3,liters,4,0,1,winter,0
ITM014,Orange Juice,Beverages,HH009,2026-01-05,0.33,liters,0,0,1,winter,0
ITM014,Orange Juice,Beverages,HH009,2026-01-06,0.34,liters,1,0,1,winter,0
ITM014,Orange Juice,Beverages,HH009,2026-01-10,0.31,liters,5,1,1,winter,0
ITM014,Orange Juice,Beverages,HH009,2026-01-11,0.38,liters,6,1,1,winter,0
ITM014,Orange Juice,Beverages,HH009,2026-01-12,0.32,liters,0,0,1,winter,0
ITM014,Orange Juice,Beverages,HH009,2026-01-13,0.26,liters,1,0,1,winter,0
ITM014,Orange Juice,Beverages,HH009,2026-01-14,0.24,liters,2,0,1,winter,0
ITM014,Orange Juice,Beverages,HH009,2026-01-17,0.56,liters,5,1,1,winter,0
ITM014,Orange Juice,Beverages,HH009,2026-01-19,0.31,liters,0,0,1,winter,0
ITM014,Orange Juice,Beverages,HH009,2026-01-21,0.28,liters,2,0,1,winter,0
ITM014,Orange Juice,Beverages,HH009,2026-01-22,0.29,liters,3,0,1,winter,0
ITM014,Orange Juice,Beverages,HH009,2026-01-24,0.39,liters,5,1,1,winter,0
ITM014,Orange Juice,Beverages,HH009,2026-01-27,0.3,liters,1,0,1,winter,0
ITM014,Orange Juice,Beverages,HH009,2026-02-01,0.48,liters,6,1,2,winter,0
ITM014,Orange Juice,Beverages,HH009,2026-02-05,0.23,liters,3,0,2,winter,0
ITM014,Orange Juice,Beverages,HH009,2026-02-09,0.27,liters,0,0,2,winter,0
ITM014,Orange Juice,Beverages,HH009,2026-02-12,0.3,liters,3,0,2,winter,0
ITM014,Orange Juice,Beverages,HH009,2026-02-13,0.23,liters,4,0,2,winter,0
ITM014,Orange Juice,Beverages,HH009,2026-02-14,0.4,liters,5,1,2,winter,0
ITM014,Orange Juice,Beverages,HH009,2026-03-01,0.29,liters,6,1,3,spring,0
ITM014,Orange Juice,Beverages,HH009,2026-03-02,0.27,liters,0,0,3,spring,0
ITM014,Orange Juice,Beverages,HH009,2026-03-04,0.37,liters,2,0,3,spring,0
ITM014,Orange Juice,Beverages,HH009,2026-03-11,0.21,liters,2,0,3,spring,0
ITM014,Orange Juice,Beverages,HH009,2026-03-25,0.22,liters,2,0,3,spring,0
ITM014,Orange Juice,Beverages,HH009,2026-03-27,0.18,liters,4,0,3,spring,0
ITM014,Orange Juice,Beverages,HH009,2026-03-30,0.29,liters,0,0,3,spring,0
ITM014,Orange Juice,Beverages,HH009,2026-03-31,0.33,liters,1,0,3,spring,0
ITM014,Orange Juice,Beverages,HH009,2026-04-02,0.35,liters,3,0,4,spring,0
ITM014,Orange Juice,Beverages,HH009,2026-04-07,0.34,liters,1,0,4,spring,0
ITM014,Orange Juice,Beverages,HH009,2026-04-08,0.35,liters,2,0,4,spring,0
ITM014,Orange Juice,Beverages,HH009,2026-04-12,0.3,liters,6,1,4,spring,0
ITM014,Orange Juice,Beverages,HH009,2026-04-15,0.31,liters,2,0,4,spring,0
ITM014,Orange Juice,Beverages,HH009,2026-04-21,0.17,liters,1,0,4,spring,0
ITM014,Orange Juice,Beverages,HH009,2026-04-24,0.37,liters,4,0,4,spring,0
ITM014,Orange Juice,Beverages,HH009,2026-04-25,0.57,liters,5,1,4,spring,0
ITM014,Orange Juice,Beverages,HH009,2026-05-01,0.47,liters,4,0,5,spring,1
ITM014,Orange Juice,Beverages,HH009,2026-05-05,0.27,liters,1,0,5,spring,0
ITM014,Orange Juice,Beverages,HH009,2026-05-06,0.29,liters,2,0,5,spring,0
ITM014,Orange Juice,Beverages,HH009,2026-05-13,0.26,liters,2,0,5,spring,0
ITM014,Orange Juice,Beverages,HH009,2026-05-15,0.29,liters,4,0,5,spring,0
ITM014,Orange Juice,Beverages,HH009,2026-05-18,0.41,liters,0,0,5,spring,0
ITM014,Orange Juice,Beverages,HH009,2026-05-21,0.26,liters,3,0,5,spring,0
ITM014,Orange Juice,Beverages,HH009,2026-05-23,0.5,liters,5,1,5,spring,0
ITM014,Orange Juice,Beverages,HH009,2026-05-28,0.27,liters,3,0,5,spring,0
ITM014,Orange Juice,Beverages,HH009,2026-05-31,0.65,liters,6,1,5,spring,0
ITM014,Orange Juice,Beverages,HH009,2026-06-06,1.64,liters,5,1,6,summer,1
ITM014,Orange Juice,Beverages,HH009,2026-06-07,0.81,liters,6,1,6,summer,0
ITM014,Orange Juice,Beverages,HH009,2026-06-09,0.73,liters,1,0,6,summer,0
ITM014,Orange Juice,Beverages,HH009,2026-06-11,0.87,liters,3,0,6,summer,0
ITM014,Orange Juice,Beverages,HH009,2026-06-22,0.61,liters,0,0,6,summer,0
ITM014,Orange Juice,Beverages,HH009,2026-06-25,0.87,liters,3,0,6,summer,0
ITM014,Orange Juice,Beverages,HH009,2026-06-26,0.72,liters,4,0,6,summer,0
ITM014,Orange Juice,Beverages,HH009,2026-06-28,0.69,liters,6,1,6,summer,0
ITM014,Orange Juice,Beverages,HH010,2026-01-05,0.14,liters,0,0,1,winter,0
ITM014,Orange Juice,Beverages,HH010,2026-01-06,0.2,liters,1,0,1,winter,0
ITM014,Orange Juice,Beverages,HH010,2026-01-09,0.14,liters,4,0,1,winter,0
ITM014,Orange Juice,Beverages,HH010,2026-01-17,0.19,liters,5,1,1,winter,0
ITM014,Orange Juice,Beverages,HH010,2026-01-22,0.16,liters,3,0,1,winter,0
ITM014,Orange Juice,Beverages,HH010,2026-01-26,0.2,liters,0,0,1,winter,1
ITM014,Orange Juice,Beverages,HH010,2026-01-28,0.14,liters,2,0,1,winter,0
ITM014,Orange Juice,Beverages,HH010,2026-02-01,0.2,liters,6,1,2,winter,0
ITM014,Orange Juice,Beverages,HH010,2026-02-06,0.17,liters,4,0,2,winter,0
ITM014,Orange Juice,Beverages,HH010,2026-02-12,0.13,liters,3,0,2,winter,0
ITM014,Orange Juice,Beverages,HH010,2026-02-26,0.17,liters,3,0,2,winter,0
ITM014,Orange Juice,Beverages,HH010,2026-03-01,0.25,liters,6,1,3,spring,0
ITM014,Orange Juice,Beverages,HH010,2026-03-05,0.11,liters,3,0,3,spring,0
ITM014,Orange Juice,Beverages,HH010,2026-03-07,0.22,liters,5,1,3,spring,0
ITM014,Orange Juice,Beverages,HH010,2026-03-15,0.22,liters,6,1,3,spring,0
ITM014,Orange Juice,Beverages,HH010,2026-03-16,0.21,liters,0,0,3,spring,0
ITM014,Orange Juice,Beverages,HH010,2026-03-27,0.11,liters,4,0,3,spring,0
ITM014,Orange Juice,Beverages,HH010,2026-03-30,0.13,liters,0,0,3,spring,0
ITM014,Orange Juice,Beverages,HH010,2026-04-03,0.15,liters,4,0,4,spring,0
ITM014,Orange Juice,Beverages,HH010,2026-04-06,0.2,liters,0,0,4,spring,0
ITM014,Orange Juice,Beverages,HH010,2026-04-20,0.15,liters,0,0,4,spring,0
ITM014,Orange Juice,Beverages,HH010,2026-04-21,0.18,liters,1,0,4,spring,0
ITM014,Orange Juice,Beverages,HH010,2026-04-22,0.14,liters,2,0,4,spring,0
ITM014,Orange Juice,Beverages,HH010,2026-04-29,0.13,liters,2,0,4,spring,0
ITM014,Orange Juice,Beverages,HH010,2026-05-02,0.27,liters,5,1,5,spring,0
ITM014,Orange Juice,Beverages,HH010,2026-05-06,0.17,liters,2,0,5,spring,0
ITM014,Orange Juice,Beverages,HH010,2026-05-09,0.2,liters,5,1,5,spring,0
ITM014,Orange Juice,Beverages,HH010,2026-05-11,0.16,liters,0,0,5,spring,0
ITM014,Orange Juice,Beverages,HH010,2026-05-12,0.12,liters,1,0,5,spring,0
ITM014,Orange Juice,Beverages,HH010,2026-05-15,0.14,liters,4,0,5,spring,0
ITM014,Orange Juice,Beverages,HH010,2026-05-23,0.17,liters,5,1,5,spring,0
ITM014,Orange Juice,Beverages,HH010,2026-05-24,0.23,liters,6,1,5,spring,0
ITM014,Orange Juice,Beverages,HH010,2026-05-25,0.21,liters,0,0,5,spring,0
ITM014,Orange Juice,Beverages,HH010,2026-06-02,0.35,liters,1,0,6,summer,0
ITM014,Orange Juice,Beverages,HH010,2026-06-03,0.36,liters,2,0,6,summer,0
ITM014,Orange Juice,Beverages,HH010,2026-06-08,0.32,liters,0,0,6,summer,0
ITM014,Orange Juice,Beverages,HH010,2026-06-09,0.38,liters,1,0,6,summer,0
ITM014,Orange Juice,Beverages,HH010,2026-06-10,0.43,liters,2,0,6,summer,0
ITM014,Orange Juice,Beverages,HH010,2026-06-14,0.37,liters,6,1,6,summer,0
ITM014,Orange Juice,Beverages,HH010,2026-06-15,0.29,liters,0,0,6,summer,0
ITM014,Orange Juice,Beverages,HH010,2026-06-17,0.46,liters,2,0,6,summer,0
ITM014,Orange Juice,Beverages,HH010,2026-06-18,0.3,liters,3,0,6,summer,0
ITM014,Orange Juice,Beverages,HH010,2026-06-19,0.3,liters,4,0,6,summer,0
ITM014,Orange Juice,Beverages,HH010,2026-06-22,0.28,liters,0,0,6,summer,0
ITM014,Orange Juice,Beverages,HH011,2026-01-01,0.29,liters,3,0,1,winter,1
ITM014,Orange Juice,Beverages,HH011,2026-01-02,0.19,liters,4,0,1,winter,0
ITM014,Orange Juice,Beverages,HH011,2026-01-10,0.3,liters,5,1,1,winter,0
ITM014,Orange Juice,Beverages,HH011,2026-01-11,0.34,liters,6,1,1,winter,0
ITM014,Orange Juice,Beverages,HH011,2026-01-15,0.21,liters,3,0,1,winter,0
ITM014,Orange Juice,Beverages,HH011,2026-01-20,0.23,liters,1,0,1,winter,0
ITM014,Orange Juice,Beverages,HH011,2026-02-03,0.2,liters,1,0,2,winter,0
ITM014,Orange Juice,Beverages,HH011,2026-02-04,0.13,liters,2,0,2,winter,0
ITM014,Orange Juice,Beverages,HH011,2026-02-08,0.27,liters,6,1,2,winter,0
ITM014,Orange Juice,Beverages,HH011,2026-02-13,0.13,liters,4,0,2,winter,0
ITM014,Orange Juice,Beverages,HH011,2026-02-19,0.23,liters,3,0,2,winter,0
ITM014,Orange Juice,Beverages,HH011,2026-02-26,0.15,liters,3,0,2,winter,0
ITM014,Orange Juice,Beverages,HH011,2026-02-27,0.22,liters,4,0,2,winter,0
ITM014,Orange Juice,Beverages,HH011,2026-02-28,0.27,liters,5,1,2,winter,0
ITM014,Orange Juice,Beverages,HH011,2026-03-05,0.18,liters,3,0,3,spring,0
ITM014,Orange Juice,Beverages,HH011,2026-03-11,0.18,liters,2,0,3,spring,0
ITM014,Orange Juice,Beverages,HH011,2026-03-13,0.22,liters,4,0,3,spring,0
ITM014,Orange Juice,Beverages,HH011,2026-03-26,0.11,liters,3,0,3,spring,0
ITM014,Orange Juice,Beverages,HH011,2026-03-27,0.2,liters,4,0,3,spring,0
ITM014,Orange Juice,Beverages,HH011,2026-03-31,0.2,liters,1,0,3,spring,0
ITM014,Orange Juice,Beverages,HH011,2026-04-03,0.2,liters,4,0,4,spring,0
ITM014,Orange Juice,Beverages,HH011,2026-04-05,0.25,liters,6,1,4,spring,0
ITM014,Orange Juice,Beverages,HH011,2026-04-10,0.22,liters,4,0,4,spring,0
ITM014,Orange Juice,Beverages,HH011,2026-04-13,0.26,liters,0,0,4,spring,0
ITM014,Orange Juice,Beverages,HH011,2026-04-16,0.25,liters,3,0,4,spring,0
ITM014,Orange Juice,Beverages,HH011,2026-04-22,0.15,liters,2,0,4,spring,0
ITM014,Orange Juice,Beverages,HH011,2026-04-24,0.19,liters,4,0,4,spring,0
ITM014,Orange Juice,Beverages,HH011,2026-04-30,0.16,liters,3,0,4,spring,0
ITM014,Orange Juice,Beverages,HH011,2026-05-09,0.21,liters,5,1,5,spring,0
ITM014,Orange Juice,Beverages,HH011,2026-05-14,0.19,liters,3,0,5,spring,0
ITM014,Orange Juice,Beverages,HH011,2026-05-15,0.22,liters,4,0,5,spring,0
ITM014,Orange Juice,Beverages,HH011,2026-05-16,0.19,liters,5,1,5,spring,0
ITM014,Orange Juice,Beverages,HH011,2026-05-17,0.19,liters,6,1,5,spring,0
ITM014,Orange Juice,Beverages,HH011,2026-05-18,0.13,liters,0,0,5,spring,0
ITM014,Orange Juice,Beverages,HH011,2026-05-25,0.24,liters,0,0,5,spring,0
ITM014,Orange Juice,Beverages,HH011,2026-05-26,0.22,liters,1,0,5,spring,0
ITM014,Orange Juice,Beverages,HH011,2026-05-29,0.13,liters,4,0,5,spring,0
ITM014,Orange Juice,Beverages,HH011,2026-06-01,0.34,liters,0,0,6,summer,0
ITM014,Orange Juice,Beverages,HH011,2026-06-05,0.46,liters,4,0,6,summer,0
ITM014,Orange Juice,Beverages,HH011,2026-06-08,0.38,liters,0,0,6,summer,0
ITM014,Orange Juice,Beverages,HH011,2026-06-09,0.47,liters,1,0,6,summer,0
ITM014,Orange Juice,Beverages,HH011,2026-06-11,0.39,liters,3,0,6,summer,0
ITM014,Orange Juice,Beverages,HH011,2026-06-12,0.48,liters,4,0,6,summer,0
ITM014,Orange Juice,Beverages,HH011,2026-06-24,0.33,liters,2,0,6,summer,0
ITM014,Orange Juice,Beverages,HH011,2026-06-25,0.53,liters,3,0,6,summer,0
ITM014,Orange Juice,Beverages,HH011,2026-06-27,0.93,liters,5,1,6,summer,0
ITM014,Orange Juice,Beverages,HH011,2026-06-29,0.39,liters,0,0,6,summer,0
ITM014,Orange Juice,Beverages,HH012,2026-01-01,0.47,liters,3,0,1,winter,1
ITM014,Orange Juice,Beverages,HH012,2026-01-03,0.37,liters,5,1,1,winter,0
ITM014,Orange Juice,Beverages,HH012,2026-01-05,0.23,liters,0,0,1,winter,0
ITM014,Orange Juice,Beverages,HH012,2026-01-08,0.23,liters,3,0,1,winter,0
ITM014,Orange Juice,Beverages,HH012,2026-01-12,0.2,liters,0,0,1,winter,0
ITM014,Orange Juice,Beverages,HH012,2026-01-13,0.25,liters,1,0,1,winter,0
ITM014,Orange Juice,Beverages,HH012,2026-01-14,0.18,liters,2,0,1,winter,0
ITM014,Orange Juice,Beverages,HH012,2026-01-15,0.22,liters,3,0,1,winter,0
ITM014,Orange Juice,Beverages,HH012,2026-01-19,0.25,liters,0,0,1,winter,0
ITM014,Orange Juice,Beverages,HH012,2026-01-26,0.42,liters,0,0,1,winter,1
ITM014,Orange Juice,Beverages,HH012,2026-01-29,0.24,liters,3,0,1,winter,0
ITM014,Orange Juice,Beverages,HH012,2026-01-31,0.25,liters,5,1,1,winter,0
ITM014,Orange Juice,Beverages,HH012,2026-02-03,0.26,liters,1,0,2,winter,0
ITM014,Orange Juice,Beverages,HH012,2026-02-06,0.24,liters,4,0,2,winter,0
ITM014,Orange Juice,Beverages,HH012,2026-02-07,0.24,liters,5,1,2,winter,0
ITM014,Orange Juice,Beverages,HH012,2026-02-11,0.18,liters,2,0,2,winter,0
ITM014,Orange Juice,Beverages,HH012,2026-02-15,0.27,liters,6,1,2,winter,0
ITM014,Orange Juice,Beverages,HH012,2026-02-26,0.23,liters,3,0,2,winter,0
ITM014,Orange Juice,Beverages,HH012,2026-03-07,0.38,liters,5,1,3,spring,0
ITM014,Orange Juice,Beverages,HH012,2026-03-08,0.53,liters,6,1,3,spring,1
ITM014,Orange Juice,Beverages,HH012,2026-03-09,0.24,liters,0,0,3,spring,0
ITM014,Orange Juice,Beverages,HH012,2026-03-10,0.19,liters,1,0,3,spring,0
ITM014,Orange Juice,Beverages,HH012,2026-03-14,0.34,liters,5,1,3,spring,0
ITM014,Orange Juice,Beverages,HH012,2026-03-29,0.5,liters,6,1,3,spring,0
ITM014,Orange Juice,Beverages,HH012,2026-04-04,0.24,liters,5,1,4,spring,0
ITM014,Orange Juice,Beverages,HH012,2026-04-05,0.25,liters,6,1,4,spring,0
ITM014,Orange Juice,Beverages,HH012,2026-04-15,0.19,liters,2,0,4,spring,0
ITM014,Orange Juice,Beverages,HH012,2026-04-19,0.38,liters,6,1,4,spring,0
ITM014,Orange Juice,Beverages,HH012,2026-04-22,0.21,liters,2,0,4,spring,0
ITM014,Orange Juice,Beverages,HH012,2026-04-28,0.29,liters,1,0,4,spring,0
ITM014,Orange Juice,Beverages,HH012,2026-05-06,0.22,liters,2,0,5,spring,0
ITM014,Orange Juice,Beverages,HH012,2026-05-12,0.14,liters,1,0,5,spring,0
ITM014,Orange Juice,Beverages,HH012,2026-05-13,0.24,liters,2,0,5,spring,0
ITM014,Orange Juice,Beverages,HH012,2026-05-14,0.23,liters,3,0,5,spring,0
ITM014,Orange Juice,Beverages,HH012,2026-05-17,0.25,liters,6,1,5,spring,0
ITM014,Orange Juice,Beverages,HH012,2026-05-24,0.32,liters,6,1,5,spring,0
ITM014,Orange Juice,Beverages,HH012,2026-05-25,0.19,liters,0,0,5,spring,0
ITM014,Orange Juice,Beverages,HH012,2026-05-28,0.26,liters,3,0,5,spring,0
ITM014,Orange Juice,Beverages,HH012,2026-05-29,0.25,liters,4,0,5,spring,0
ITM014,Orange Juice,Beverages,HH012,2026-06-06,0.87,liters,5,1,6,summer,1
ITM014,Orange Juice,Beverages,HH012,2026-06-07,0.83,liters,6,1,6,summer,0
ITM014,Orange Juice,Beverages,HH012,2026-06-10,0.59,liters,2,0,6,summer,0
ITM014,Orange Juice,Beverages,HH012,2026-06-13,0.66,liters,5,1,6,summer,0
ITM014,Orange Juice,Beverages,HH012,2026-06-15,0.46,liters,0,0,6,summer,0
ITM014,Orange Juice,Beverages,HH012,2026-06-17,0.57,liters,2,0,6,summer,0
ITM014,Orange Juice,Beverages,HH012,2026-06-19,0.51,liters,4,0,6,summer,0
ITM014,Orange Juice,Beverages,HH013,2026-01-05,0.28,liters,0,0,1,winter,0
ITM014,Orange Juice,Beverages,HH013,2026-01-07,0.24,liters,2,0,1,winter,0
ITM014,Orange Juice,Beverages,HH013,2026-01-08,0.2,liters,3,0,1,winter,0
ITM014,Orange Juice,Beverages,HH013,2026-01-10,0.44,liters,5,1,1,winter,0
ITM014,Orange Juice,Beverages,HH013,2026-01-11,0.31,liters,6,1,1,winter,0
ITM014,Orange Juice,Beverages,HH013,2026-01-20,0.23,liters,1,0,1,winter,0
ITM014,Orange Juice,Beverages,HH013,2026-01-24,0.37,liters,5,1,1,winter,0
ITM014,Orange Juice,Beverages,HH013,2026-01-27,0.16,liters,1,0,1,winter,0
ITM014,Orange Juice,Beverages,HH013,2026-02-02,0.29,liters,0,0,2,winter,0
ITM014,Orange Juice,Beverages,HH013,2026-02-03,0.24,liters,1,0,2,winter,0
ITM014,Orange Juice,Beverages,HH013,2026-02-07,0.26,liters,5,1,2,winter,0
ITM014,Orange Juice,Beverages,HH013,2026-02-08,0.34,liters,6,1,2,winter,0
ITM014,Orange Juice,Beverages,HH013,2026-02-09,0.34,liters,0,0,2,winter,0
ITM014,Orange Juice,Beverages,HH013,2026-02-11,0.2,liters,2,0,2,winter,0
ITM014,Orange Juice,Beverages,HH013,2026-02-12,0.3,liters,3,0,2,winter,0
ITM014,Orange Juice,Beverages,HH013,2026-02-14,0.35,liters,5,1,2,winter,0
ITM014,Orange Juice,Beverages,HH013,2026-02-15,0.44,liters,6,1,2,winter,0
ITM014,Orange Juice,Beverages,HH013,2026-02-17,0.27,liters,1,0,2,winter,0
ITM014,Orange Juice,Beverages,HH013,2026-02-19,0.11,liters,3,0,2,winter,0
ITM014,Orange Juice,Beverages,HH013,2026-02-22,0.34,liters,6,1,2,winter,0
ITM014,Orange Juice,Beverages,HH013,2026-02-26,0.32,liters,3,0,2,winter,0
ITM014,Orange Juice,Beverages,HH013,2026-03-02,0.22,liters,0,0,3,spring,0
ITM014,Orange Juice,Beverages,HH013,2026-03-06,0.26,liters,4,0,3,spring,0
ITM014,Orange Juice,Beverages,HH013,2026-03-09,0.22,liters,0,0,3,spring,0
ITM014,Orange Juice,Beverages,HH013,2026-03-12,0.31,liters,3,0,3,spring,0
ITM014,Orange Juice,Beverages,HH013,2026-03-13,0.27,liters,4,0,3,spring,0
ITM014,Orange Juice,Beverages,HH013,2026-03-17,0.25,liters,1,0,3,spring,0
ITM014,Orange Juice,Beverages,HH013,2026-03-19,0.26,liters,3,0,3,spring,0
ITM014,Orange Juice,Beverages,HH013,2026-03-23,0.25,liters,0,0,3,spring,0
ITM014,Orange Juice,Beverages,HH013,2026-03-24,0.27,liters,1,0,3,spring,0
ITM014,Orange Juice,Beverages,HH013,2026-03-29,0.51,liters,6,1,3,spring,0
ITM014,Orange Juice,Beverages,HH013,2026-04-04,0.31,liters,5,1,4,spring,0
ITM014,Orange Juice,Beverages,HH013,2026-04-09,0.24,liters,3,0,4,spring,0
ITM014,Orange Juice,Beverages,HH013,2026-04-10,0.24,liters,4,0,4,spring,0
ITM014,Orange Juice,Beverages,HH013,2026-04-11,0.32,liters,5,1,4,spring,0
ITM014,Orange Juice,Beverages,HH013,2026-04-12,0.35,liters,6,1,4,spring,0
ITM014,Orange Juice,Beverages,HH013,2026-04-15,0.24,liters,2,0,4,spring,0
ITM014,Orange Juice,Beverages,HH013,2026-04-18,0.24,liters,5,1,4,spring,0
ITM014,Orange Juice,Beverages,HH013,2026-04-22,0.17,liters,2,0,4,spring,0
ITM014,Orange Juice,Beverages,HH013,2026-04-24,0.2,liters,4,0,4,spring,0
ITM014,Orange Juice,Beverages,HH013,2026-04-25,0.38,liters,5,1,4,spring,0
ITM014,Orange Juice,Beverages,HH013,2026-04-26,0.29,liters,6,1,4,spring,0
ITM014,Orange Juice,Beverages,HH013,2026-05-02,0.49,liters,5,1,5,spring,0
ITM014,Orange Juice,Beverages,HH013,2026-05-04,0.23,liters,0,0,5,spring,0
ITM014,Orange Juice,Beverages,HH013,2026-05-13,0.24,liters,2,0,5,spring,0
ITM014,Orange Juice,Beverages,HH013,2026-05-16,0.4,liters,5,1,5,spring,0
ITM014,Orange Juice,Beverages,HH013,2026-05-18,0.25,liters,0,0,5,spring,0
ITM014,Orange Juice,Beverages,HH013,2026-05-19,0.35,liters,1,0,5,spring,0
ITM014,Orange Juice,Beverages,HH013,2026-05-20,0.28,liters,2,0,5,spring,0
ITM014,Orange Juice,Beverages,HH013,2026-05-21,0.22,liters,3,0,5,spring,0
ITM014,Orange Juice,Beverages,HH013,2026-05-22,0.21,liters,4,0,5,spring,0
ITM014,Orange Juice,Beverages,HH013,2026-05-26,0.23,liters,1,0,5,spring,0
ITM014,Orange Juice,Beverages,HH013,2026-05-28,0.22,liters,3,0,5,spring,0
ITM014,Orange Juice,Beverages,HH013,2026-06-02,0.46,liters,1,0,6,summer,0
ITM014,Orange Juice,Beverages,HH013,2026-06-03,0.75,liters,2,0,6,summer,0
ITM014,Orange Juice,Beverages,HH013,2026-06-04,0.51,liters,3,0,6,summer,0
ITM014,Orange Juice,Beverages,HH013,2026-06-06,0.89,liters,5,1,6,summer,1
ITM014,Orange Juice,Beverages,HH013,2026-06-17,0.52,liters,2,0,6,summer,0
ITM014,Orange Juice,Beverages,HH013,2026-06-19,0.68,liters,4,0,6,summer,0
ITM014,Orange Juice,Beverages,HH013,2026-06-21,1.03,liters,6,1,6,summer,0
ITM014,Orange Juice,Beverages,HH013,2026-06-23,0.51,liters,1,0,6,summer,0
ITM014,Orange Juice,Beverages,HH013,2026-06-27,0.67,liters,5,1,6,summer,0
ITM014,Orange Juice,Beverages,HH014,2026-01-18,0.44,liters,6,1,1,winter,0
ITM014,Orange Juice,Beverages,HH014,2026-01-20,0.42,liters,1,0,1,winter,0
ITM014,Orange Juice,Beverages,HH014,2026-01-21,0.3,liters,2,0,1,winter,0
ITM014,Orange Juice,Beverages,HH014,2026-01-25,0.29,liters,6,1,1,winter,0
ITM014,Orange Juice,Beverages,HH014,2026-01-29,0.29,liters,3,0,1,winter,0
ITM014,Orange Juice,Beverages,HH014,2026-01-30,0.38,liters,4,0,1,winter,0
ITM014,Orange Juice,Beverages,HH014,2026-02-01,0.43,liters,6,1,2,winter,0
ITM014,Orange Juice,Beverages,HH014,2026-02-02,0.25,liters,0,0,2,winter,0
ITM014,Orange Juice,Beverages,HH014,2026-02-04,0.32,liters,2,0,2,winter,0
ITM014,Orange Juice,Beverages,HH014,2026-02-05,0.37,liters,3,0,2,winter,0
ITM014,Orange Juice,Beverages,HH014,2026-02-08,0.34,liters,6,1,2,winter,0
ITM014,Orange Juice,Beverages,HH014,2026-02-20,0.32,liters,4,0,2,winter,0
ITM014,Orange Juice,Beverages,HH014,2026-02-28,0.45,liters,5,1,2,winter,0
ITM014,Orange Juice,Beverages,HH014,2026-03-10,0.24,liters,1,0,3,spring,0
ITM014,Orange Juice,Beverages,HH014,2026-03-12,0.32,liters,3,0,3,spring,0
ITM014,Orange Juice,Beverages,HH014,2026-03-19,0.24,liters,3,0,3,spring,0
ITM014,Orange Juice,Beverages,HH014,2026-03-21,0.45,liters,5,1,3,spring,0
ITM014,Orange Juice,Beverages,HH014,2026-03-26,0.17,liters,3,0,3,spring,0
ITM014,Orange Juice,Beverages,HH014,2026-04-01,0.22,liters,2,0,4,spring,0
ITM014,Orange Juice,Beverages,HH014,2026-04-02,0.32,liters,3,0,4,spring,0
ITM014,Orange Juice,Beverages,HH014,2026-04-04,0.38,liters,5,1,4,spring,0
ITM014,Orange Juice,Beverages,HH014,2026-04-06,0.33,liters,0,0,4,spring,0
ITM014,Orange Juice,Beverages,HH014,2026-04-07,0.32,liters,1,0,4,spring,0
ITM014,Orange Juice,Beverages,HH014,2026-04-08,0.28,liters,2,0,4,spring,0
ITM014,Orange Juice,Beverages,HH014,2026-04-10,0.21,liters,4,0,4,spring,0
ITM014,Orange Juice,Beverages,HH014,2026-04-15,0.32,liters,2,0,4,spring,0
ITM014,Orange Juice,Beverages,HH014,2026-04-20,0.25,liters,0,0,4,spring,0
ITM014,Orange Juice,Beverages,HH014,2026-04-21,0.3,liters,1,0,4,spring,0
ITM014,Orange Juice,Beverages,HH014,2026-04-22,0.28,liters,2,0,4,spring,0
ITM014,Orange Juice,Beverages,HH014,2026-04-23,0.2,liters,3,0,4,spring,0
ITM014,Orange Juice,Beverages,HH014,2026-04-26,0.46,liters,6,1,4,spring,0
ITM014,Orange Juice,Beverages,HH014,2026-04-29,0.3,liters,2,0,4,spring,0
ITM014,Orange Juice,Beverages,HH014,2026-05-01,0.48,liters,4,0,5,spring,1
ITM014,Orange Juice,Beverages,HH014,2026-05-02,0.22,liters,5,1,5,spring,0
ITM014,Orange Juice,Beverages,HH014,2026-05-14,0.25,liters,3,0,5,spring,0
ITM014,Orange Juice,Beverages,HH014,2026-05-17,0.39,liters,6,1,5,spring,0
ITM014,Orange Juice,Beverages,HH014,2026-05-18,0.35,liters,0,0,5,spring,0
ITM014,Orange Juice,Beverages,HH014,2026-05-19,0.31,liters,1,0,5,spring,0
ITM014,Orange Juice,Beverages,HH014,2026-05-21,0.27,liters,3,0,5,spring,0
ITM014,Orange Juice,Beverages,HH014,2026-05-29,0.21,liters,4,0,5,spring,0
ITM014,Orange Juice,Beverages,HH014,2026-05-30,0.31,liters,5,1,5,spring,0
ITM014,Orange Juice,Beverages,HH014,2026-06-02,0.59,liters,1,0,6,summer,0
ITM014,Orange Juice,Beverages,HH014,2026-06-04,0.98,liters,3,0,6,summer,0
ITM014,Orange Juice,Beverages,HH014,2026-06-08,0.42,liters,0,0,6,summer,0
ITM014,Orange Juice,Beverages,HH014,2026-06-10,0.59,liters,2,0,6,summer,0
ITM014,Orange Juice,Beverages,HH014,2026-06-11,0.74,liters,3,0,6,summer,0
ITM014,Orange Juice,Beverages,HH014,2026-06-13,0.96,liters,5,1,6,summer,0
ITM014,Orange Juice,Beverages,HH014,2026-06-17,0.64,liters,2,0,6,summer,0
ITM014,Orange Juice,Beverages,HH014,2026-06-18,0.64,liters,3,0,6,summer,0
ITM014,Orange Juice,Beverages,HH014,2026-06-24,0.73,liters,2,0,6,summer,0
ITM014,Orange Juice,Beverages,HH014,2026-06-28,1.01,liters,6,1,6,summer,0
ITM014,Orange Juice,Beverages,HH015,2026-01-02,0.19,liters,4,0,1,winter,0
ITM014,Orange Juice,Beverages,HH015,2026-01-07,0.15,liters,2,0,1,winter,0
ITM014,Orange Juice,Beverages,HH015,2026-01-12,0.12,liters,0,0,1,winter,0
ITM014,Orange Juice,Beverages,HH015,2026-01-13,0.14,liters,1,0,1,winter,0
ITM014,Orange Juice,Beverages,HH015,2026-01-16,0.15,liters,4,0,1,winter,0
ITM014,Orange Juice,Beverages,HH015,2026-01-19,0.12,liters,0,0,1,winter,0
ITM014,Orange Juice,Beverages,HH015,2026-01-20,0.18,liters,1,0,1,winter,0
ITM014,Orange Juice,Beverages,HH015,2026-01-21,0.18,liters,2,0,1,winter,0
ITM014,Orange Juice,Beverages,HH015,2026-01-26,0.27,liters,0,0,1,winter,1
ITM014,Orange Juice,Beverages,HH015,2026-01-27,0.15,liters,1,0,1,winter,0
ITM014,Orange Juice,Beverages,HH015,2026-01-30,0.13,liters,4,0,1,winter,0
ITM014,Orange Juice,Beverages,HH015,2026-02-08,0.19,liters,6,1,2,winter,0
ITM014,Orange Juice,Beverages,HH015,2026-02-13,0.21,liters,4,0,2,winter,0
ITM014,Orange Juice,Beverages,HH015,2026-02-18,0.23,liters,2,0,2,winter,0
ITM014,Orange Juice,Beverages,HH015,2026-02-24,0.14,liters,1,0,2,winter,0
ITM014,Orange Juice,Beverages,HH015,2026-02-25,0.12,liters,2,0,2,winter,0
ITM014,Orange Juice,Beverages,HH015,2026-02-27,0.19,liters,4,0,2,winter,0
ITM014,Orange Juice,Beverages,HH015,2026-03-02,0.14,liters,0,0,3,spring,0
ITM014,Orange Juice,Beverages,HH015,2026-03-04,0.17,liters,2,0,3,spring,0
ITM014,Orange Juice,Beverages,HH015,2026-03-05,0.21,liters,3,0,3,spring,0
ITM014,Orange Juice,Beverages,HH015,2026-03-11,0.1,liters,2,0,3,spring,0
ITM014,Orange Juice,Beverages,HH015,2026-03-12,0.16,liters,3,0,3,spring,0
ITM014,Orange Juice,Beverages,HH015,2026-03-18,0.14,liters,2,0,3,spring,0
ITM014,Orange Juice,Beverages,HH015,2026-03-20,0.16,liters,4,0,3,spring,0
ITM014,Orange Juice,Beverages,HH015,2026-03-22,0.24,liters,6,1,3,spring,0
ITM014,Orange Juice,Beverages,HH015,2026-03-24,0.19,liters,1,0,3,spring,0
ITM014,Orange Juice,Beverages,HH015,2026-03-27,0.16,liters,4,0,3,spring,0
ITM014,Orange Juice,Beverages,HH015,2026-03-30,0.15,liters,0,0,3,spring,0
ITM014,Orange Juice,Beverages,HH015,2026-04-01,0.16,liters,2,0,4,spring,0
ITM014,Orange Juice,Beverages,HH015,2026-04-02,0.2,liters,3,0,4,spring,0
ITM014,Orange Juice,Beverages,HH015,2026-04-03,0.11,liters,4,0,4,spring,0
ITM014,Orange Juice,Beverages,HH015,2026-04-11,0.28,liters,5,1,4,spring,0
ITM014,Orange Juice,Beverages,HH015,2026-04-19,0.17,liters,6,1,4,spring,0
ITM014,Orange Juice,Beverages,HH015,2026-04-23,0.15,liters,3,0,4,spring,0
ITM014,Orange Juice,Beverages,HH015,2026-04-27,0.22,liters,0,0,4,spring,0
ITM014,Orange Juice,Beverages,HH015,2026-04-29,0.09,liters,2,0,4,spring,0
ITM014,Orange Juice,Beverages,HH015,2026-05-02,0.2,liters,5,1,5,spring,0
ITM014,Orange Juice,Beverages,HH015,2026-05-05,0.16,liters,1,0,5,spring,0
ITM014,Orange Juice,Beverages,HH015,2026-05-11,0.24,liters,0,0,5,spring,0
ITM014,Orange Juice,Beverages,HH015,2026-05-16,0.23,liters,5,1,5,spring,0
ITM014,Orange Juice,Beverages,HH015,2026-05-18,0.1,liters,0,0,5,spring,0
ITM014,Orange Juice,Beverages,HH015,2026-05-20,0.16,liters,2,0,5,spring,0
ITM014,Orange Juice,Beverages,HH015,2026-05-26,0.21,liters,1,0,5,spring,0
ITM014,Orange Juice,Beverages,HH015,2026-05-29,0.17,liters,4,0,5,spring,0
ITM014,Orange Juice,Beverages,HH015,2026-05-30,0.2,liters,5,1,5,spring,0
ITM014,Orange Juice,Beverages,HH015,2026-06-12,0.39,liters,4,0,6,summer,0
ITM014,Orange Juice,Beverages,HH015,2026-06-13,0.5,liters,5,1,6,summer,0
ITM014,Orange Juice,Beverages,HH015,2026-06-14,0.39,liters,6,1,6,summer,0
ITM014,Orange Juice,Beverages,HH015,2026-06-16,0.3,liters,1,0,6,summer,0
ITM014,Orange Juice,Beverages,HH015,2026-06-20,0.51,liters,5,1,6,summer,0
ITM014,Orange Juice,Beverages,HH015,2026-06-26,0.29,liters,4,0,6,summer,0
ITM014,Orange Juice,Beverages,HH015,2026-06-27,0.36,liters,5,1,6,summer,0
ITM014,Orange Juice,Beverages,HH015,2026-06-28,0.52,liters,6,1,6,summer,0
ITM014,Orange Juice,Beverages,HH016,2026-01-04,0.26,liters,6,1,1,winter,0
ITM014,Orange Juice,Beverages,HH016,2026-01-08,0.14,liters,3,0,1,winter,0
ITM014,Orange Juice,Beverages,HH016,2026-01-09,0.17,liters,4,0,1,winter,0
ITM014,Orange Juice,Beverages,HH016,2026-01-14,0.19,liters,2,0,1,winter,0
ITM014,Orange Juice,Beverages,HH016,2026-01-17,0.26,liters,5,1,1,winter,0
ITM014,Orange Juice,Beverages,HH016,2026-01-21,0.26,liters,2,0,1,winter,0
ITM014,Orange Juice,Beverages,HH016,2026-01-23,0.22,liters,4,0,1,winter,0
ITM014,Orange Juice,Beverages,HH016,2026-01-26,0.22,liters,0,0,1,winter,1
ITM014,Orange Juice,Beverages,HH016,2026-01-30,0.2,liters,4,0,1,winter,0
ITM014,Orange Juice,Beverages,HH016,2026-01-31,0.35,liters,5,1,1,winter,0
ITM014,Orange Juice,Beverages,HH016,2026-02-01,0.22,liters,6,1,2,winter,0
ITM014,Orange Juice,Beverages,HH016,2026-02-02,0.13,liters,0,0,2,winter,0
ITM014,Orange Juice,Beverages,HH016,2026-02-03,0.27,liters,1,0,2,winter,0
ITM014,Orange Juice,Beverages,HH016,2026-02-04,0.18,liters,2,0,2,winter,0
ITM014,Orange Juice,Beverages,HH016,2026-02-06,0.15,liters,4,0,2,winter,0
ITM014,Orange Juice,Beverages,HH016,2026-02-10,0.19,liters,1,0,2,winter,0
ITM014,Orange Juice,Beverages,HH016,2026-02-12,0.24,liters,3,0,2,winter,0
ITM014,Orange Juice,Beverages,HH016,2026-02-17,0.15,liters,1,0,2,winter,0
ITM014,Orange Juice,Beverages,HH016,2026-02-20,0.18,liters,4,0,2,winter,0
ITM014,Orange Juice,Beverages,HH016,2026-02-21,0.26,liters,5,1,2,winter,0
ITM014,Orange Juice,Beverages,HH016,2026-02-23,0.21,liters,0,0,2,winter,0
ITM014,Orange Juice,Beverages,HH016,2026-02-26,0.22,liters,3,0,2,winter,0
ITM014,Orange Juice,Beverages,HH016,2026-02-27,0.21,liters,4,0,2,winter,0
ITM014,Orange Juice,Beverages,HH016,2026-03-03,0.16,liters,1,0,3,spring,0
ITM014,Orange Juice,Beverages,HH016,2026-03-06,0.19,liters,4,0,3,spring,0
ITM014,Orange Juice,Beverages,HH016,2026-03-08,0.36,liters,6,1,3,spring,1
ITM014,Orange Juice,Beverages,HH016,2026-03-10,0.19,liters,1,0,3,spring,0
ITM014,Orange Juice,Beverages,HH016,2026-03-14,0.17,liters,5,1,3,spring,0
ITM014,Orange Juice,Beverages,HH016,2026-03-16,0.19,liters,0,0,3,spring,0
ITM014,Orange Juice,Beverages,HH016,2026-03-18,0.2,liters,2,0,3,spring,0
ITM014,Orange Juice,Beverages,HH016,2026-03-21,0.42,liters,5,1,3,spring,0
ITM014,Orange Juice,Beverages,HH016,2026-03-22,0.14,liters,6,1,3,spring,0
ITM014,Orange Juice,Beverages,HH016,2026-03-25,0.13,liters,2,0,3,spring,0
ITM014,Orange Juice,Beverages,HH016,2026-04-10,0.14,liters,4,0,4,spring,0
ITM014,Orange Juice,Beverages,HH016,2026-04-13,0.13,liters,0,0,4,spring,0
ITM014,Orange Juice,Beverages,HH016,2026-04-14,0.18,liters,1,0,4,spring,1
ITM014,Orange Juice,Beverages,HH016,2026-04-19,0.23,liters,6,1,4,spring,0
ITM014,Orange Juice,Beverages,HH016,2026-04-20,0.17,liters,0,0,4,spring,0
ITM014,Orange Juice,Beverages,HH016,2026-04-29,0.19,liters,2,0,4,spring,0
ITM014,Orange Juice,Beverages,HH016,2026-05-02,0.19,liters,5,1,5,spring,0
ITM014,Orange Juice,Beverages,HH016,2026-05-08,0.23,liters,4,0,5,spring,0
ITM014,Orange Juice,Beverages,HH016,2026-05-13,0.17,liters,2,0,5,spring,0
ITM014,Orange Juice,Beverages,HH016,2026-05-15,0.21,liters,4,0,5,spring,0
ITM014,Orange Juice,Beverages,HH016,2026-05-17,0.2,liters,6,1,5,spring,0
ITM014,Orange Juice,Beverages,HH016,2026-05-23,0.3,liters,5,1,5,spring,0
ITM014,Orange Juice,Beverages,HH016,2026-05-26,0.23,liters,1,0,5,spring,0
ITM014,Orange Juice,Beverages,HH016,2026-05-28,0.16,liters,3,0,5,spring,0
ITM014,Orange Juice,Beverages,HH016,2026-05-29,0.21,liters,4,0,5,spring,0
ITM014,Orange Juice,Beverages,HH016,2026-05-30,0.31,liters,5,1,5,spring,0
ITM014,Orange Juice,Beverages,HH016,2026-06-01,0.51,liters,0,0,6,summer,0
ITM014,Orange Juice,Beverages,HH016,2026-06-06,1.22,liters,5,1,6,summer,1
ITM014,Orange Juice,Beverages,HH016,2026-06-10,0.55,liters,2,0,6,summer,0
ITM014,Orange Juice,Beverages,HH016,2026-06-12,0.34,liters,4,0,6,summer,0
ITM014,Orange Juice,Beverages,HH016,2026-06-15,0.47,liters,0,0,6,summer,0
ITM014,Orange Juice,Beverages,HH016,2026-06-20,0.68,liters,5,1,6,summer,0
ITM014,Orange Juice,Beverages,HH016,2026-06-21,0.49,liters,6,1,6,summer,0
ITM014,Orange Juice,Beverages,HH016,2026-06-26,0.34,liters,4,0,6,summer,0
ITM014,Orange Juice,Beverages,HH017,2026-01-02,0.28,liters,4,0,1,winter,0
ITM014,Orange Juice,Beverages,HH017,2026-01-03,0.31,liters,5,1,1,winter,0
ITM014,Orange Juice,Beverages,HH017,2026-01-07,0.26,liters,2,0,1,winter,0
ITM014,Orange Juice,Beverages,HH017,2026-01-12,0.18,liters,0,0,1,winter,0
ITM014,Orange Juice,Beverages,HH017,2026-01-13,0.21,liters,1,0,1,winter,0
ITM014,Orange Juice,Beverages,HH017,2026-01-15,0.23,liters,3,0,1,winter,0
ITM014,Orange Juice,Beverages,HH017,2026-01-25,0.33,liters,6,1,1,winter,0
ITM014,Orange Juice,Beverages,HH017,2026-01-30,0.26,liters,4,0,1,winter,0
ITM014,Orange Juice,Beverages,HH017,2026-01-31,0.32,liters,5,1,1,winter,0
ITM014,Orange Juice,Beverages,HH017,2026-02-01,0.35,liters,6,1,2,winter,0
ITM014,Orange Juice,Beverages,HH017,2026-02-05,0.26,liters,3,0,2,winter,0
ITM014,Orange Juice,Beverages,HH017,2026-02-09,0.33,liters,0,0,2,winter,0
ITM014,Orange Juice,Beverages,HH017,2026-02-13,0.19,liters,4,0,2,winter,0
ITM014,Orange Juice,Beverages,HH017,2026-02-14,0.38,liters,5,1,2,winter,0
ITM014,Orange Juice,Beverages,HH017,2026-02-16,0.2,liters,0,0,2,winter,0
ITM014,Orange Juice,Beverages,HH017,2026-02-20,0.14,liters,4,0,2,winter,0
ITM014,Orange Juice,Beverages,HH017,2026-02-25,0.23,liters,2,0,2,winter,0
ITM014,Orange Juice,Beverages,HH017,2026-02-27,0.28,liters,4,0,2,winter,0
ITM014,Orange Juice,Beverages,HH017,2026-03-01,0.29,liters,6,1,3,spring,0
ITM014,Orange Juice,Beverages,HH017,2026-03-04,0.16,liters,2,0,3,spring,0
ITM014,Orange Juice,Beverages,HH017,2026-03-07,0.36,liters,5,1,3,spring,0
ITM014,Orange Juice,Beverages,HH017,2026-03-13,0.23,liters,4,0,3,spring,0
ITM014,Orange Juice,Beverages,HH017,2026-03-15,0.34,liters,6,1,3,spring,0
ITM014,Orange Juice,Beverages,HH017,2026-03-16,0.2,liters,0,0,3,spring,0
ITM014,Orange Juice,Beverages,HH017,2026-03-17,0.18,liters,1,0,3,spring,0
ITM014,Orange Juice,Beverages,HH017,2026-03-25,0.23,liters,2,0,3,spring,0
ITM014,Orange Juice,Beverages,HH017,2026-03-27,0.26,liters,4,0,3,spring,0
ITM014,Orange Juice,Beverages,HH017,2026-04-05,0.29,liters,6,1,4,spring,0
ITM014,Orange Juice,Beverages,HH017,2026-04-06,0.27,liters,0,0,4,spring,0
ITM014,Orange Juice,Beverages,HH017,2026-04-13,0.18,liters,0,0,4,spring,0
ITM014,Orange Juice,Beverages,HH017,2026-04-18,0.36,liters,5,1,4,spring,0
ITM014,Orange Juice,Beverages,HH017,2026-04-26,0.23,liters,6,1,4,spring,0
ITM014,Orange Juice,Beverages,HH017,2026-04-30,0.19,liters,3,0,4,spring,0
ITM014,Orange Juice,Beverages,HH017,2026-05-07,0.24,liters,3,0,5,spring,0
ITM014,Orange Juice,Beverages,HH017,2026-05-11,0.17,liters,0,0,5,spring,0
ITM014,Orange Juice,Beverages,HH017,2026-05-14,0.18,liters,3,0,5,spring,0
ITM014,Orange Juice,Beverages,HH017,2026-05-17,0.43,liters,6,1,5,spring,0
ITM014,Orange Juice,Beverages,HH017,2026-05-24,0.35,liters,6,1,5,spring,0
ITM014,Orange Juice,Beverages,HH017,2026-05-28,0.16,liters,3,0,5,spring,0
ITM014,Orange Juice,Beverages,HH017,2026-05-30,0.28,liters,5,1,5,spring,0
ITM014,Orange Juice,Beverages,HH017,2026-05-31,0.3,liters,6,1,5,spring,0
ITM014,Orange Juice,Beverages,HH017,2026-06-01,0.47,liters,0,0,6,summer,0
ITM014,Orange Juice,Beverages,HH017,2026-06-03,0.54,liters,2,0,6,summer,0
ITM014,Orange Juice,Beverages,HH017,2026-06-04,0.28,liters,3,0,6,summer,0
ITM014,Orange Juice,Beverages,HH017,2026-06-09,0.45,liters,1,0,6,summer,0
ITM014,Orange Juice,Beverages,HH017,2026-06-14,0.58,liters,6,1,6,summer,0
ITM014,Orange Juice,Beverages,HH017,2026-06-15,0.43,liters,0,0,6,summer,0
ITM014,Orange Juice,Beverages,HH017,2026-06-19,0.47,liters,4,0,6,summer,0
ITM014,Orange Juice,Beverages,HH017,2026-06-21,0.69,liters,6,1,6,summer,0
ITM014,Orange Juice,Beverages,HH017,2026-06-22,0.45,liters,0,0,6,summer,0
ITM014,Orange Juice,Beverages,HH017,2026-06-25,0.52,liters,3,0,6,summer,0
ITM014,Orange Juice,Beverages,HH017,2026-06-29,0.58,liters,0,0,6,summer,0
ITM014,Orange Juice,Beverages,HH018,2026-01-06,0.26,liters,1,0,1,winter,0
ITM014,Orange Juice,Beverages,HH018,2026-01-08,0.23,liters,3,0,1,winter,0
ITM014,Orange Juice,Beverages,HH018,2026-01-10,0.47,liters,5,1,1,winter,0
ITM014,Orange Juice,Beverages,HH018,2026-01-14,0.29,liters,2,0,1,winter,0
ITM014,Orange Juice,Beverages,HH018,2026-01-19,0.21,liters,0,0,1,winter,0
ITM014,Orange Juice,Beverages,HH018,2026-01-20,0.24,liters,1,0,1,winter,0
ITM014,Orange Juice,Beverages,HH018,2026-01-22,0.22,liters,3,0,1,winter,0
ITM014,Orange Juice,Beverages,HH018,2026-01-26,0.26,liters,0,0,1,winter,1
ITM014,Orange Juice,Beverages,HH018,2026-01-27,0.21,liters,1,0,1,winter,0
ITM014,Orange Juice,Beverages,HH018,2026-01-28,0.3,liters,2,0,1,winter,0
ITM014,Orange Juice,Beverages,HH018,2026-01-30,0.19,liters,4,0,1,winter,0
ITM014,Orange Juice,Beverages,HH018,2026-01-31,0.34,liters,5,1,1,winter,0
ITM014,Orange Juice,Beverages,HH018,2026-02-03,0.24,liters,1,0,2,winter,0
ITM014,Orange Juice,Beverages,HH018,2026-02-06,0.28,liters,4,0,2,winter,0
ITM014,Orange Juice,Beverages,HH018,2026-02-10,0.3,liters,1,0,2,winter,0
ITM014,Orange Juice,Beverages,HH018,2026-02-12,0.23,liters,3,0,2,winter,0
ITM014,Orange Juice,Beverages,HH018,2026-02-14,0.3,liters,5,1,2,winter,0
ITM014,Orange Juice,Beverages,HH018,2026-02-16,0.3,liters,0,0,2,winter,0
ITM014,Orange Juice,Beverages,HH018,2026-02-18,0.29,liters,2,0,2,winter,0
ITM014,Orange Juice,Beverages,HH018,2026-02-23,0.23,liters,0,0,2,winter,0
ITM014,Orange Juice,Beverages,HH018,2026-02-24,0.29,liters,1,0,2,winter,0
ITM014,Orange Juice,Beverages,HH018,2026-02-26,0.28,liters,3,0,2,winter,0
ITM014,Orange Juice,Beverages,HH018,2026-02-28,0.28,liters,5,1,2,winter,0
ITM014,Orange Juice,Beverages,HH018,2026-03-06,0.24,liters,4,0,3,spring,0
ITM014,Orange Juice,Beverages,HH018,2026-03-07,0.5,liters,5,1,3,spring,0
ITM014,Orange Juice,Beverages,HH018,2026-03-08,0.49,liters,6,1,3,spring,1
ITM014,Orange Juice,Beverages,HH018,2026-03-09,0.21,liters,0,0,3,spring,0
ITM014,Orange Juice,Beverages,HH018,2026-03-10,0.31,liters,1,0,3,spring,0
ITM014,Orange Juice,Beverages,HH018,2026-03-14,0.45,liters,5,1,3,spring,0
ITM014,Orange Juice,Beverages,HH018,2026-03-16,0.28,liters,0,0,3,spring,0
ITM014,Orange Juice,Beverages,HH018,2026-03-19,0.23,liters,3,0,3,spring,0
ITM014,Orange Juice,Beverages,HH018,2026-03-21,0.36,liters,5,1,3,spring,0
ITM014,Orange Juice,Beverages,HH018,2026-03-26,0.35,liters,3,0,3,spring,0
ITM014,Orange Juice,Beverages,HH018,2026-04-07,0.25,liters,1,0,4,spring,0
ITM014,Orange Juice,Beverages,HH018,2026-04-12,0.33,liters,6,1,4,spring,0
ITM014,Orange Juice,Beverages,HH018,2026-04-13,0.23,liters,0,0,4,spring,0
ITM014,Orange Juice,Beverages,HH018,2026-04-16,0.26,liters,3,0,4,spring,0
ITM014,Orange Juice,Beverages,HH018,2026-04-19,0.55,liters,6,1,4,spring,0
ITM014,Orange Juice,Beverages,HH018,2026-04-25,0.31,liters,5,1,4,spring,0
ITM014,Orange Juice,Beverages,HH018,2026-04-26,0.28,liters,6,1,4,spring,0
ITM014,Orange Juice,Beverages,HH018,2026-04-30,0.26,liters,3,0,4,spring,0
ITM014,Orange Juice,Beverages,HH018,2026-05-06,0.27,liters,2,0,5,spring,0
ITM014,Orange Juice,Beverages,HH018,2026-05-08,0.26,liters,4,0,5,spring,0
ITM014,Orange Juice,Beverages,HH018,2026-05-10,0.36,liters,6,1,5,spring,0
ITM014,Orange Juice,Beverages,HH018,2026-05-13,0.29,liters,2,0,5,spring,0
ITM014,Orange Juice,Beverages,HH018,2026-05-15,0.23,liters,4,0,5,spring,0
ITM014,Orange Juice,Beverages,HH018,2026-05-16,0.39,liters,5,1,5,spring,0
ITM014,Orange Juice,Beverages,HH018,2026-05-21,0.29,liters,3,0,5,spring,0
ITM014,Orange Juice,Beverages,HH018,2026-05-23,0.35,liters,5,1,5,spring,0
ITM014,Orange Juice,Beverages,HH018,2026-05-25,0.23,liters,0,0,5,spring,0
ITM014,Orange Juice,Beverages,HH018,2026-05-26,0.34,liters,1,0,5,spring,0
ITM014,Orange Juice,Beverages,HH018,2026-06-01,0.63,liters,0,0,6,summer,0
ITM014,Orange Juice,Beverages,HH018,2026-06-02,0.68,liters,1,0,6,summer,0
ITM014,Orange Juice,Beverages,HH018,2026-06-14,0.69,liters,6,1,6,summer,0
ITM014,Orange Juice,Beverages,HH018,2026-06-16,0.75,liters,1,0,6,summer,0
ITM014,Orange Juice,Beverages,HH018,2026-06-17,0.59,liters,2,0,6,summer,0
ITM014,Orange Juice,Beverages,HH018,2026-06-29,0.6,liters,0,0,6,summer,0
ITM014,Orange Juice,Beverages,HH019,2026-01-01,0.37,liters,3,0,1,winter,1
ITM014,Orange Juice,Beverages,HH019,2026-01-02,0.31,liters,4,0,1,winter,0
ITM014,Orange Juice,Beverages,HH019,2026-01-03,0.42,liters,5,1,1,winter,0
ITM014,Orange Juice,Beverages,HH019,2026-01-05,0.25,liters,0,0,1,winter,0
ITM014,Orange Juice,Beverages,HH019,2026-01-09,0.26,liters,4,0,1,winter,0
ITM014,Orange Juice,Beverages,HH019,2026-01-18,0.43,liters,6,1,1,winter,0
ITM014,Orange Juice,Beverages,HH019,2026-01-21,0.28,liters,2,0,1,winter,0
ITM014,Orange Juice,Beverages,HH019,2026-01-22,0.26,liters,3,0,1,winter,0
ITM014,Orange Juice,Beverages,HH019,2026-01-27,0.26,liters,1,0,1,winter,0
ITM014,Orange Juice,Beverages,HH019,2026-01-29,0.29,liters,3,0,1,winter,0
ITM014,Orange Juice,Beverages,HH019,2026-01-31,0.43,liters,5,1,1,winter,0
ITM014,Orange Juice,Beverages,HH019,2026-02-02,0.18,liters,0,0,2,winter,0
ITM014,Orange Juice,Beverages,HH019,2026-02-04,0.29,liters,2,0,2,winter,0
ITM014,Orange Juice,Beverages,HH019,2026-02-05,0.26,liters,3,0,2,winter,0
ITM014,Orange Juice,Beverages,HH019,2026-02-21,0.42,liters,5,1,2,winter,0
ITM014,Orange Juice,Beverages,HH019,2026-02-22,0.56,liters,6,1,2,winter,0
ITM014,Orange Juice,Beverages,HH019,2026-02-24,0.27,liters,1,0,2,winter,0
ITM014,Orange Juice,Beverages,HH019,2026-03-08,0.55,liters,6,1,3,spring,1
ITM014,Orange Juice,Beverages,HH019,2026-03-11,0.43,liters,2,0,3,spring,0
ITM014,Orange Juice,Beverages,HH019,2026-03-12,0.25,liters,3,0,3,spring,0
ITM014,Orange Juice,Beverages,HH019,2026-03-15,0.54,liters,6,1,3,spring,0
ITM014,Orange Juice,Beverages,HH019,2026-03-16,0.25,liters,0,0,3,spring,0
ITM014,Orange Juice,Beverages,HH019,2026-03-26,0.37,liters,3,0,3,spring,0
ITM014,Orange Juice,Beverages,HH019,2026-03-28,0.52,liters,5,1,3,spring,0
ITM014,Orange Juice,Beverages,HH019,2026-03-29,0.36,liters,6,1,3,spring,0
ITM014,Orange Juice,Beverages,HH019,2026-04-02,0.29,liters,3,0,4,spring,0
ITM014,Orange Juice,Beverages,HH019,2026-04-09,0.25,liters,3,0,4,spring,0
ITM014,Orange Juice,Beverages,HH019,2026-04-12,0.49,liters,6,1,4,spring,0
ITM014,Orange Juice,Beverages,HH019,2026-04-17,0.26,liters,4,0,4,spring,0
ITM014,Orange Juice,Beverages,HH019,2026-04-19,0.53,liters,6,1,4,spring,0
ITM014,Orange Juice,Beverages,HH019,2026-04-22,0.32,liters,2,0,4,spring,0
ITM014,Orange Juice,Beverages,HH019,2026-04-26,0.37,liters,6,1,4,spring,0
ITM014,Orange Juice,Beverages,HH019,2026-04-28,0.24,liters,1,0,4,spring,0
ITM014,Orange Juice,Beverages,HH019,2026-04-29,0.31,liters,2,0,4,spring,0
ITM014,Orange Juice,Beverages,HH019,2026-05-03,0.35,liters,6,1,5,spring,0
ITM014,Orange Juice,Beverages,HH019,2026-05-04,0.33,liters,0,0,5,spring,0
ITM014,Orange Juice,Beverages,HH019,2026-05-06,0.28,liters,2,0,5,spring,0
ITM014,Orange Juice,Beverages,HH019,2026-05-08,0.25,liters,4,0,5,spring,0
ITM014,Orange Juice,Beverages,HH019,2026-05-10,0.4,liters,6,1,5,spring,0
ITM014,Orange Juice,Beverages,HH019,2026-05-14,0.35,liters,3,0,5,spring,0
ITM014,Orange Juice,Beverages,HH019,2026-05-15,0.21,liters,4,0,5,spring,0
ITM014,Orange Juice,Beverages,HH019,2026-05-16,0.36,liters,5,1,5,spring,0
ITM014,Orange Juice,Beverages,HH019,2026-05-17,0.43,liters,6,1,5,spring,0
ITM014,Orange Juice,Beverages,HH019,2026-05-18,0.26,liters,0,0,5,spring,0
ITM014,Orange Juice,Beverages,HH019,2026-05-25,0.22,liters,0,0,5,spring,0
ITM014,Orange Juice,Beverages,HH019,2026-05-31,0.36,liters,6,1,5,spring,0
ITM014,Orange Juice,Beverages,HH019,2026-06-02,0.65,liters,1,0,6,summer,0
ITM014,Orange Juice,Beverages,HH019,2026-06-13,0.73,liters,5,1,6,summer,0
ITM014,Orange Juice,Beverages,HH019,2026-06-15,0.53,liters,0,0,6,summer,0
ITM014,Orange Juice,Beverages,HH019,2026-06-16,0.62,liters,1,0,6,summer,0
ITM014,Orange Juice,Beverages,HH019,2026-06-22,0.7,liters,0,0,6,summer,0
ITM014,Orange Juice,Beverages,HH019,2026-06-27,0.64,liters,5,1,6,summer,0
ITM014,Orange Juice,Beverages,HH019,2026-06-28,0.57,liters,6,1,6,summer,0
ITM014,Orange Juice,Beverages,HH020,2026-01-02,0.16,liters,4,0,1,winter,0
ITM014,Orange Juice,Beverages,HH020,2026-01-05,0.15,liters,0,0,1,winter,0
ITM014,Orange Juice,Beverages,HH020,2026-01-08,0.2,liters,3,0,1,winter,0
ITM014,Orange Juice,Beverages,HH020,2026-01-14,0.14,liters,2,0,1,winter,0
ITM014,Orange Juice,Beverages,HH020,2026-01-17,0.28,liters,5,1,1,winter,0
ITM014,Orange Juice,Beverages,HH020,2026-01-19,0.14,liters,0,0,1,winter,0
ITM014,Orange Juice,Beverages,HH020,2026-01-21,0.11,liters,2,0,1,winter,0
ITM014,Orange Juice,Beverages,HH020,2026-01-23,0.2,liters,4,0,1,winter,0
ITM014,Orange Juice,Beverages,HH020,2026-01-25,0.22,liters,6,1,1,winter,0
ITM014,Orange Juice,Beverages,HH020,2026-01-26,0.16,liters,0,0,1,winter,1
ITM014,Orange Juice,Beverages,HH020,2026-02-01,0.33,liters,6,1,2,winter,0
ITM014,Orange Juice,Beverages,HH020,2026-02-02,0.17,liters,0,0,2,winter,0
ITM014,Orange Juice,Beverages,HH020,2026-02-09,0.11,liters,0,0,2,winter,0
ITM014,Orange Juice,Beverages,HH020,2026-02-10,0.19,liters,1,0,2,winter,0
ITM014,Orange Juice,Beverages,HH020,2026-02-15,0.24,liters,6,1,2,winter,0
ITM014,Orange Juice,Beverages,HH020,2026-02-16,0.11,liters,0,0,2,winter,0
ITM014,Orange Juice,Beverages,HH020,2026-03-01,0.26,liters,6,1,3,spring,0
ITM014,Orange Juice,Beverages,HH020,2026-03-03,0.17,liters,1,0,3,spring,0
ITM014,Orange Juice,Beverages,HH020,2026-03-08,0.27,liters,6,1,3,spring,1
ITM014,Orange Juice,Beverages,HH020,2026-03-11,0.1,liters,2,0,3,spring,0
ITM014,Orange Juice,Beverages,HH020,2026-03-13,0.15,liters,4,0,3,spring,0
ITM014,Orange Juice,Beverages,HH020,2026-03-16,0.13,liters,0,0,3,spring,0
ITM014,Orange Juice,Beverages,HH020,2026-03-19,0.14,liters,3,0,3,spring,0
ITM014,Orange Juice,Beverages,HH020,2026-03-22,0.22,liters,6,1,3,spring,0
ITM014,Orange Juice,Beverages,HH020,2026-03-23,0.14,liters,0,0,3,spring,0
ITM014,Orange Juice,Beverages,HH020,2026-03-25,0.1,liters,2,0,3,spring,0
ITM014,Orange Juice,Beverages,HH020,2026-03-28,0.23,liters,5,1,3,spring,0
ITM014,Orange Juice,Beverages,HH020,2026-04-05,0.18,liters,6,1,4,spring,0
ITM014,Orange Juice,Beverages,HH020,2026-04-11,0.28,liters,5,1,4,spring,0
ITM014,Orange Juice,Beverages,HH020,2026-04-21,0.12,liters,1,0,4,spring,0
ITM014,Orange Juice,Beverages,HH020,2026-04-22,0.16,liters,2,0,4,spring,0
ITM014,Orange Juice,Beverages,HH020,2026-04-24,0.11,liters,4,0,4,spring,0
ITM014,Orange Juice,Beverages,HH020,2026-04-26,0.16,liters,6,1,4,spring,0
ITM014,Orange Juice,Beverages,HH020,2026-05-02,0.23,liters,5,1,5,spring,0
ITM014,Orange Juice,Beverages,HH020,2026-05-04,0.18,liters,0,0,5,spring,0
ITM014,Orange Juice,Beverages,HH020,2026-05-09,0.26,liters,5,1,5,spring,0
ITM014,Orange Juice,Beverages,HH020,2026-05-12,0.18,liters,1,0,5,spring,0
ITM014,Orange Juice,Beverages,HH020,2026-05-14,0.17,liters,3,0,5,spring,0
ITM014,Orange Juice,Beverages,HH020,2026-05-16,0.26,liters,5,1,5,spring,0
ITM014,Orange Juice,Beverages,HH020,2026-05-17,0.21,liters,6,1,5,spring,0
ITM014,Orange Juice,Beverages,HH020,2026-05-18,0.19,liters,0,0,5,spring,0
ITM014,Orange Juice,Beverages,HH020,2026-05-25,0.2,liters,0,0,5,spring,0
ITM014,Orange Juice,Beverages,HH020,2026-05-27,0.18,liters,2,0,5,spring,0
ITM014,Orange Juice,Beverages,HH020,2026-06-02,0.4,liters,1,0,6,summer,0
ITM014,Orange Juice,Beverages,HH020,2026-06-05,0.35,liters,4,0,6,summer,0
ITM014,Orange Juice,Beverages,HH020,2026-06-06,0.69,liters,5,1,6,summer,1
ITM014,Orange Juice,Beverages,HH020,2026-06-08,0.46,liters,0,0,6,summer,0
ITM014,Orange Juice,Beverages,HH020,2026-06-11,0.31,liters,3,0,6,summer,0
ITM014,Orange Juice,Beverages,HH020,2026-06-13,0.56,liters,5,1,6,summer,0
ITM014,Orange Juice,Beverages,HH020,2026-06-16,0.21,liters,1,0,6,summer,0
ITM014,Orange Juice,Beverages,HH020,2026-06-19,0.35,liters,4,0,6,summer,0
ITM014,Orange Juice,Beverages,HH020,2026-06-24,0.29,liters,2,0,6,summer,0
ITM014,Orange Juice,Beverages,HH020,2026-06-26,0.24,liters,4,0,6,summer,0
ITM014,Orange Juice,Beverages,HH020,2026-06-27,0.48,liters,5,1,6,summer,0
ITM015,Butter,Dairy,HH001,2026-01-04,0.19,kg,6,1,1,winter,0
ITM015,Butter,Dairy,HH001,2026-01-06,0.16,kg,1,0,1,winter,0
ITM015,Butter,Dairy,HH001,2026-01-14,0.12,kg,2,0,1,winter,0
ITM015,Butter,Dairy,HH001,2026-01-16,0.11,kg,4,0,1,winter,0
ITM015,Butter,Dairy,HH001,2026-01-18,0.21,kg,6,1,1,winter,0
ITM015,Butter,Dairy,HH001,2026-01-22,0.13,kg,3,0,1,winter,0
ITM015,Butter,Dairy,HH001,2026-01-26,0.16,kg,0,0,1,winter,1
ITM015,Butter,Dairy,HH001,2026-01-28,0.13,kg,2,0,1,winter,0
ITM015,Butter,Dairy,HH001,2026-01-30,0.11,kg,4,0,1,winter,0
ITM015,Butter,Dairy,HH001,2026-02-04,0.11,kg,2,0,2,winter,0
ITM015,Butter,Dairy,HH001,2026-02-10,0.14,kg,1,0,2,winter,0
ITM015,Butter,Dairy,HH001,2026-02-14,0.12,kg,5,1,2,winter,0
ITM015,Butter,Dairy,HH001,2026-02-18,0.15,kg,2,0,2,winter,0
ITM015,Butter,Dairy,HH001,2026-02-19,0.09,kg,3,0,2,winter,0
ITM015,Butter,Dairy,HH001,2026-02-21,0.18,kg,5,1,2,winter,0
ITM015,Butter,Dairy,HH001,2026-02-26,0.15,kg,3,0,2,winter,0
ITM015,Butter,Dairy,HH001,2026-03-01,0.09,kg,6,1,3,spring,0
ITM015,Butter,Dairy,HH001,2026-03-12,0.04,kg,3,0,3,spring,0
ITM015,Butter,Dairy,HH001,2026-03-14,0.07,kg,5,1,3,spring,0
ITM015,Butter,Dairy,HH001,2026-03-21,0.07,kg,5,1,3,spring,0
ITM015,Butter,Dairy,HH001,2026-03-22,0.07,kg,6,1,3,spring,0
ITM015,Butter,Dairy,HH001,2026-03-24,0.07,kg,1,0,3,spring,0
ITM015,Butter,Dairy,HH001,2026-03-31,0.04,kg,1,0,3,spring,0
ITM015,Butter,Dairy,HH001,2026-04-01,0.04,kg,2,0,4,spring,0
ITM015,Butter,Dairy,HH001,2026-04-02,0.05,kg,3,0,4,spring,0
ITM015,Butter,Dairy,HH001,2026-04-03,0.07,kg,4,0,4,spring,0
ITM015,Butter,Dairy,HH001,2026-04-04,0.1,kg,5,1,4,spring,0
ITM015,Butter,Dairy,HH001,2026-04-05,0.11,kg,6,1,4,spring,0
ITM015,Butter,Dairy,HH001,2026-04-06,0.05,kg,0,0,4,spring,0
ITM015,Butter,Dairy,HH001,2026-04-15,0.05,kg,2,0,4,spring,0
ITM015,Butter,Dairy,HH001,2026-04-17,0.05,kg,4,0,4,spring,0
ITM015,Butter,Dairy,HH001,2026-04-23,0.04,kg,3,0,4,spring,0
ITM015,Butter,Dairy,HH001,2026-04-26,0.06,kg,6,1,4,spring,0
ITM015,Butter,Dairy,HH001,2026-04-29,0.07,kg,2,0,4,spring,0
ITM015,Butter,Dairy,HH001,2026-05-01,0.13,kg,4,0,5,spring,1
ITM015,Butter,Dairy,HH001,2026-05-04,0.05,kg,0,0,5,spring,0
ITM015,Butter,Dairy,HH001,2026-05-12,0.07,kg,1,0,5,spring,0
ITM015,Butter,Dairy,HH001,2026-05-13,0.05,kg,2,0,5,spring,0
ITM015,Butter,Dairy,HH001,2026-05-14,0.07,kg,3,0,5,spring,0
ITM015,Butter,Dairy,HH001,2026-05-16,0.06,kg,5,1,5,spring,0
ITM015,Butter,Dairy,HH001,2026-05-20,0.06,kg,2,0,5,spring,0
ITM015,Butter,Dairy,HH001,2026-05-23,0.07,kg,5,1,5,spring,0
ITM015,Butter,Dairy,HH001,2026-05-27,0.04,kg,2,0,5,spring,0
ITM015,Butter,Dairy,HH001,2026-05-30,0.07,kg,5,1,5,spring,0
ITM015,Butter,Dairy,HH001,2026-06-03,0.06,kg,2,0,6,summer,0
ITM015,Butter,Dairy,HH001,2026-06-09,0.05,kg,1,0,6,summer,0
ITM015,Butter,Dairy,HH001,2026-06-10,0.04,kg,2,0,6,summer,0
ITM015,Butter,Dairy,HH001,2026-06-15,0.05,kg,0,0,6,summer,0
ITM015,Butter,Dairy,HH001,2026-06-18,0.04,kg,3,0,6,summer,0
ITM015,Butter,Dairy,HH001,2026-06-20,0.07,kg,5,1,6,summer,0
ITM015,Butter,Dairy,HH001,2026-06-22,0.05,kg,0,0,6,summer,0
ITM015,Butter,Dairy,HH001,2026-06-23,0.06,kg,1,0,6,summer,0
ITM015,Butter,Dairy,HH001,2026-06-24,0.05,kg,2,0,6,summer,0
ITM015,Butter,Dairy,HH001,2026-06-25,0.06,kg,3,0,6,summer,0
ITM015,Butter,Dairy,HH002,2026-01-07,0.09,kg,2,0,1,winter,0
ITM015,Butter,Dairy,HH002,2026-01-08,0.12,kg,3,0,1,winter,0
ITM015,Butter,Dairy,HH002,2026-01-10,0.17,kg,5,1,1,winter,0
ITM015,Butter,Dairy,HH002,2026-01-13,0.13,kg,1,0,1,winter,0
ITM015,Butter,Dairy,HH002,2026-01-14,0.13,kg,2,0,1,winter,0
ITM015,Butter,Dairy,HH002,2026-01-17,0.26,kg,5,1,1,winter,0
ITM015,Butter,Dairy,HH002,2026-01-24,0.21,kg,5,1,1,winter,0
ITM015,Butter,Dairy,HH002,2026-01-26,0.16,kg,0,0,1,winter,1
ITM015,Butter,Dairy,HH002,2026-02-01,0.15,kg,6,1,2,winter,0
ITM015,Butter,Dairy,HH002,2026-02-11,0.13,kg,2,0,2,winter,0
ITM015,Butter,Dairy,HH002,2026-02-13,0.12,kg,4,0,2,winter,0
ITM015,Butter,Dairy,HH002,2026-02-17,0.14,kg,1,0,2,winter,0
ITM015,Butter,Dairy,HH002,2026-02-18,0.11,kg,2,0,2,winter,0
ITM015,Butter,Dairy,HH002,2026-03-05,0.04,kg,3,0,3,spring,0
ITM015,Butter,Dairy,HH002,2026-03-08,0.15,kg,6,1,3,spring,1
ITM015,Butter,Dairy,HH002,2026-03-09,0.06,kg,0,0,3,spring,0
ITM015,Butter,Dairy,HH002,2026-03-15,0.08,kg,6,1,3,spring,0
ITM015,Butter,Dairy,HH002,2026-03-23,0.05,kg,0,0,3,spring,0
ITM015,Butter,Dairy,HH002,2026-03-28,0.07,kg,5,1,3,spring,0
ITM015,Butter,Dairy,HH002,2026-03-30,0.06,kg,0,0,3,spring,0
ITM015,Butter,Dairy,HH002,2026-04-01,0.07,kg,2,0,4,spring,0
ITM015,Butter,Dairy,HH002,2026-04-02,0.06,kg,3,0,4,spring,0
ITM015,Butter,Dairy,HH002,2026-04-04,0.08,kg,5,1,4,spring,0
ITM015,Butter,Dairy,HH002,2026-04-09,0.06,kg,3,0,4,spring,0
ITM015,Butter,Dairy,HH002,2026-04-16,0.08,kg,3,0,4,spring,0
ITM015,Butter,Dairy,HH002,2026-04-17,0.07,kg,4,0,4,spring,0
ITM015,Butter,Dairy,HH002,2026-04-21,0.07,kg,1,0,4,spring,0
ITM015,Butter,Dairy,HH002,2026-04-23,0.07,kg,3,0,4,spring,0
ITM015,Butter,Dairy,HH002,2026-04-30,0.06,kg,3,0,4,spring,0
ITM015,Butter,Dairy,HH002,2026-05-11,0.06,kg,0,0,5,spring,0
ITM015,Butter,Dairy,HH002,2026-05-16,0.09,kg,5,1,5,spring,0
ITM015,Butter,Dairy,HH002,2026-05-17,0.1,kg,6,1,5,spring,0
ITM015,Butter,Dairy,HH002,2026-05-18,0.08,kg,0,0,5,spring,0
ITM015,Butter,Dairy,HH002,2026-05-21,0.06,kg,3,0,5,spring,0
ITM015,Butter,Dairy,HH002,2026-05-23,0.09,kg,5,1,5,spring,0
ITM015,Butter,Dairy,HH002,2026-05-31,0.09,kg,6,1,5,spring,0
ITM015,Butter,Dairy,HH002,2026-06-09,0.07,kg,1,0,6,summer,0
ITM015,Butter,Dairy,HH002,2026-06-13,0.08,kg,5,1,6,summer,0
ITM015,Butter,Dairy,HH002,2026-06-14,0.08,kg,6,1,6,summer,0
ITM015,Butter,Dairy,HH002,2026-06-17,0.05,kg,2,0,6,summer,0
ITM015,Butter,Dairy,HH002,2026-06-22,0.06,kg,0,0,6,summer,0
ITM015,Butter,Dairy,HH002,2026-06-23,0.05,kg,1,0,6,summer,0
ITM015,Butter,Dairy,HH002,2026-06-26,0.08,kg,4,0,6,summer,0
ITM015,Butter,Dairy,HH003,2026-01-01,0.14,kg,3,0,1,winter,1
ITM015,Butter,Dairy,HH003,2026-01-02,0.16,kg,4,0,1,winter,0
ITM015,Butter,Dairy,HH003,2026-01-03,0.27,kg,5,1,1,winter,0
ITM015,Butter,Dairy,HH003,2026-01-07,0.11,kg,2,0,1,winter,0
ITM015,Butter,Dairy,HH003,2026-01-14,0.17,kg,2,0,1,winter,0
ITM015,Butter,Dairy,HH003,2026-01-16,0.22,kg,4,0,1,winter,0
ITM015,Butter,Dairy,HH003,2026-01-21,0.19,kg,2,0,1,winter,0
ITM015,Butter,Dairy,HH003,2026-01-28,0.14,kg,2,0,1,winter,0
ITM015,Butter,Dairy,HH003,2026-01-29,0.14,kg,3,0,1,winter,0
ITM015,Butter,Dairy,HH003,2026-01-30,0.15,kg,4,0,1,winter,0
ITM015,Butter,Dairy,HH003,2026-01-31,0.18,kg,5,1,1,winter,0
ITM015,Butter,Dairy,HH003,2026-02-03,0.14,kg,1,0,2,winter,0
ITM015,Butter,Dairy,HH003,2026-02-05,0.22,kg,3,0,2,winter,0
ITM015,Butter,Dairy,HH003,2026-02-07,0.23,kg,5,1,2,winter,0
ITM015,Butter,Dairy,HH003,2026-02-15,0.23,kg,6,1,2,winter,0
ITM015,Butter,Dairy,HH003,2026-02-16,0.11,kg,0,0,2,winter,0
ITM015,Butter,Dairy,HH003,2026-02-18,0.13,kg,2,0,2,winter,0
ITM015,Butter,Dairy,HH003,2026-02-24,0.18,kg,1,0,2,winter,0
ITM015,Butter,Dairy,HH003,2026-03-08,0.12,kg,6,1,3,spring,1
ITM015,Butter,Dairy,HH003,2026-03-18,0.07,kg,2,0,3,spring,0
ITM015,Butter,Dairy,HH003,2026-03-19,0.04,kg,3,0,3,spring,0
ITM015,Butter,Dairy,HH003,2026-03-23,0.07,kg,0,0,3,spring,0
ITM015,Butter,Dairy,HH003,2026-03-27,0.09,kg,4,0,3,spring,0
ITM015,Butter,Dairy,HH003,2026-03-28,0.11,kg,5,1,3,spring,0
ITM015,Butter,Dairy,HH003,2026-04-01,0.09,kg,2,0,4,spring,0
ITM015,Butter,Dairy,HH003,2026-04-05,0.06,kg,6,1,4,spring,0
ITM015,Butter,Dairy,HH003,2026-04-07,0.08,kg,1,0,4,spring,0
ITM015,Butter,Dairy,HH003,2026-04-08,0.04,kg,2,0,4,spring,0
ITM015,Butter,Dairy,HH003,2026-04-12,0.1,kg,6,1,4,spring,0
ITM015,Butter,Dairy,HH003,2026-04-13,0.07,kg,0,0,4,spring,0
ITM015,Butter,Dairy,HH003,2026-04-15,0.06,kg,2,0,4,spring,0
ITM015,Butter,Dairy,HH003,2026-04-20,0.04,kg,0,0,4,spring,0
ITM015,Butter,Dairy,HH003,2026-04-21,0.07,kg,1,0,4,spring,0
ITM015,Butter,Dairy,HH003,2026-04-22,0.05,kg,2,0,4,spring,0
ITM015,Butter,Dairy,HH003,2026-04-28,0.07,kg,1,0,4,spring,0
ITM015,Butter,Dairy,HH003,2026-04-30,0.06,kg,3,0,4,spring,0
ITM015,Butter,Dairy,HH003,2026-05-04,0.07,kg,0,0,5,spring,0
ITM015,Butter,Dairy,HH003,2026-05-05,0.08,kg,1,0,5,spring,0
ITM015,Butter,Dairy,HH003,2026-05-08,0.06,kg,4,0,5,spring,0
ITM015,Butter,Dairy,HH003,2026-05-10,0.06,kg,6,1,5,spring,0
ITM015,Butter,Dairy,HH003,2026-05-12,0.07,kg,1,0,5,spring,0
ITM015,Butter,Dairy,HH003,2026-05-14,0.06,kg,3,0,5,spring,0
ITM015,Butter,Dairy,HH003,2026-05-16,0.07,kg,5,1,5,spring,0
ITM015,Butter,Dairy,HH003,2026-05-17,0.11,kg,6,1,5,spring,0
ITM015,Butter,Dairy,HH003,2026-05-19,0.08,kg,1,0,5,spring,0
ITM015,Butter,Dairy,HH003,2026-05-20,0.07,kg,2,0,5,spring,0
ITM015,Butter,Dairy,HH003,2026-05-24,0.08,kg,6,1,5,spring,0
ITM015,Butter,Dairy,HH003,2026-05-26,0.07,kg,1,0,5,spring,0
ITM015,Butter,Dairy,HH003,2026-05-30,0.07,kg,5,1,5,spring,0
ITM015,Butter,Dairy,HH003,2026-06-19,0.08,kg,4,0,6,summer,0
ITM015,Butter,Dairy,HH003,2026-06-21,0.12,kg,6,1,6,summer,0
ITM015,Butter,Dairy,HH003,2026-06-22,0.07,kg,0,0,6,summer,0
ITM015,Butter,Dairy,HH003,2026-06-26,0.05,kg,4,0,6,summer,0
ITM015,Butter,Dairy,HH003,2026-06-28,0.1,kg,6,1,6,summer,0
ITM015,Butter,Dairy,HH003,2026-06-29,0.06,kg,0,0,6,summer,0
ITM015,Butter,Dairy,HH004,2026-01-08,0.15,kg,3,0,1,winter,0
ITM015,Butter,Dairy,HH004,2026-01-10,0.26,kg,5,1,1,winter,0
ITM015,Butter,Dairy,HH004,2026-01-12,0.18,kg,0,0,1,winter,0
ITM015,Butter,Dairy,HH004,2026-01-19,0.19,kg,0,0,1,winter,0
ITM015,Butter,Dairy,HH004,2026-01-24,0.14,kg,5,1,1,winter,0
ITM015,Butter,Dairy,HH004,2026-02-06,0.24,kg,4,0,2,winter,0
ITM015,Butter,Dairy,HH004,2026-02-09,0.16,kg,0,0,2,winter,0
ITM015,Butter,Dairy,HH004,2026-02-12,0.14,kg,3,0,2,winter,0
ITM015,Butter,Dairy,HH004,2026-02-14,0.21,kg,5,1,2,winter,0
ITM015,Butter,Dairy,HH004,2026-02-15,0.28,kg,6,1,2,winter,0
ITM015,Butter,Dairy,HH004,2026-02-18,0.18,kg,2,0,2,winter,0
ITM015,Butter,Dairy,HH004,2026-02-19,0.16,kg,3,0,2,winter,0
ITM015,Butter,Dairy,HH004,2026-02-23,0.16,kg,0,0,2,winter,0
ITM015,Butter,Dairy,HH004,2026-03-03,0.07,kg,1,0,3,spring,0
ITM015,Butter,Dairy,HH004,2026-03-11,0.07,kg,2,0,3,spring,0
ITM015,Butter,Dairy,HH004,2026-03-13,0.08,kg,4,0,3,spring,0
ITM015,Butter,Dairy,HH004,2026-03-18,0.09,kg,2,0,3,spring,0
ITM015,Butter,Dairy,HH004,2026-03-22,0.1,kg,6,1,3,spring,0
ITM015,Butter,Dairy,HH004,2026-03-30,0.1,kg,0,0,3,spring,0
ITM015,Butter,Dairy,HH004,2026-04-07,0.11,kg,1,0,4,spring,0
ITM015,Butter,Dairy,HH004,2026-04-09,0.08,kg,3,0,4,spring,0
ITM015,Butter,Dairy,HH004,2026-04-10,0.07,kg,4,0,4,spring,0
ITM015,Butter,Dairy,HH004,2026-04-11,0.12,kg,5,1,4,spring,0
ITM015,Butter,Dairy,HH004,2026-04-14,0.12,kg,1,0,4,spring,1
ITM015,Butter,Dairy,HH004,2026-04-15,0.09,kg,2,0,4,spring,0
ITM015,Butter,Dairy,HH004,2026-04-16,0.08,kg,3,0,4,spring,0
ITM015,Butter,Dairy,HH004,2026-04-21,0.07,kg,1,0,4,spring,0
ITM015,Butter,Dairy,HH004,2026-04-26,0.15,kg,6,1,4,spring,0
ITM015,Butter,Dairy,HH004,2026-04-28,0.1,kg,1,0,4,spring,0
ITM015,Butter,Dairy,HH004,2026-04-30,0.08,kg,3,0,4,spring,0
ITM015,Butter,Dairy,HH004,2026-05-04,0.09,kg,0,0,5,spring,0
ITM015,Butter,Dairy,HH004,2026-05-08,0.07,kg,4,0,5,spring,0
ITM015,Butter,Dairy,HH004,2026-05-10,0.11,kg,6,1,5,spring,0
ITM015,Butter,Dairy,HH004,2026-05-11,0.09,kg,0,0,5,spring,0
ITM015,Butter,Dairy,HH004,2026-05-13,0.06,kg,2,0,5,spring,0
ITM015,Butter,Dairy,HH004,2026-05-16,0.08,kg,5,1,5,spring,0
ITM015,Butter,Dairy,HH004,2026-05-18,0.08,kg,0,0,5,spring,0
ITM015,Butter,Dairy,HH004,2026-05-20,0.09,kg,2,0,5,spring,0
ITM015,Butter,Dairy,HH004,2026-05-21,0.09,kg,3,0,5,spring,0
ITM015,Butter,Dairy,HH004,2026-05-25,0.07,kg,0,0,5,spring,0
ITM015,Butter,Dairy,HH004,2026-06-08,0.07,kg,0,0,6,summer,0
ITM015,Butter,Dairy,HH004,2026-06-09,0.07,kg,1,0,6,summer,0
ITM015,Butter,Dairy,HH004,2026-06-10,0.09,kg,2,0,6,summer,0
ITM015,Butter,Dairy,HH004,2026-06-12,0.08,kg,4,0,6,summer,0
ITM015,Butter,Dairy,HH004,2026-06-14,0.1,kg,6,1,6,summer,0
ITM015,Butter,Dairy,HH004,2026-06-19,0.07,kg,4,0,6,summer,0
ITM015,Butter,Dairy,HH004,2026-06-23,0.09,kg,1,0,6,summer,0
ITM015,Butter,Dairy,HH004,2026-06-26,0.06,kg,4,0,6,summer,0
ITM015,Butter,Dairy,HH005,2026-01-03,0.12,kg,5,1,1,winter,0
ITM015,Butter,Dairy,HH005,2026-01-15,0.11,kg,3,0,1,winter,0
ITM015,Butter,Dairy,HH005,2026-01-18,0.15,kg,6,1,1,winter,0
ITM015,Butter,Dairy,HH005,2026-01-21,0.08,kg,2,0,1,winter,0
ITM015,Butter,Dairy,HH005,2026-01-23,0.13,kg,4,0,1,winter,0
ITM015,Butter,Dairy,HH005,2026-01-31,0.17,kg,5,1,1,winter,0
ITM015,Butter,Dairy,HH005,2026-02-04,0.1,kg,2,0,2,winter,0
ITM015,Butter,Dairy,HH005,2026-02-05,0.09,kg,3,0,2,winter,0
ITM015,Butter,Dairy,HH005,2026-02-11,0.12,kg,2,0,2,winter,0
ITM015,Butter,Dairy,HH005,2026-02-12,0.07,kg,3,0,2,winter,0
ITM015,Butter,Dairy,HH005,2026-02-14,0.12,kg,5,1,2,winter,0
ITM015,Butter,Dairy,HH005,2026-02-15,0.16,kg,6,1,2,winter,0
ITM015,Butter,Dairy,HH005,2026-02-22,0.12,kg,6,1,2,winter,0
ITM015,Butter,Dairy,HH005,2026-02-24,0.1,kg,1,0,2,winter,0
ITM015,Butter,Dairy,HH005,2026-02-26,0.11,kg,3,0,2,winter,0
ITM015,Butter,Dairy,HH005,2026-02-27,0.09,kg,4,0,2,winter,0
ITM015,Butter,Dairy,HH005,2026-02-28,0.14,kg,5,1,2,winter,0
ITM015,Butter,Dairy,HH005,2026-03-03,0.03,kg,1,0,3,spring,0
ITM015,Butter,Dairy,HH005,2026-03-06,0.05,kg,4,0,3,spring,0
ITM015,Butter,Dairy,HH005,2026-03-18,0.04,kg,2,0,3,spring,0
ITM015,Butter,Dairy,HH005,2026-03-19,0.03,kg,3,0,3,spring,0
ITM015,Butter,Dairy,HH005,2026-03-28,0.06,kg,5,1,3,spring,0
ITM015,Butter,Dairy,HH005,2026-03-31,0.04,kg,1,0,3,spring,0
ITM015,Butter,Dairy,HH005,2026-04-01,0.05,kg,2,0,4,spring,0
ITM015,Butter,Dairy,HH005,2026-04-04,0.07,kg,5,1,4,spring,0
ITM015,Butter,Dairy,HH005,2026-04-05,0.05,kg,6,1,4,spring,0
ITM015,Butter,Dairy,HH005,2026-04-06,0.03,kg,0,0,4,spring,0
ITM015,Butter,Dairy,HH005,2026-04-12,0.05,kg,6,1,4,spring,0
ITM015,Butter,Dairy,HH005,2026-04-16,0.04,kg,3,0,4,spring,0
ITM015,Butter,Dairy,HH005,2026-04-30,0.04,kg,3,0,4,spring,0
ITM015,Butter,Dairy,HH005,2026-05-04,0.03,kg,0,0,5,spring,0
ITM015,Butter,Dairy,HH005,2026-05-05,0.05,kg,1,0,5,spring,0
ITM015,Butter,Dairy,HH005,2026-05-06,0.05,kg,2,0,5,spring,0
ITM015,Butter,Dairy,HH005,2026-05-07,0.03,kg,3,0,5,spring,0
ITM015,Butter,Dairy,HH005,2026-05-14,0.04,kg,3,0,5,spring,0
ITM015,Butter,Dairy,HH005,2026-05-18,0.04,kg,0,0,5,spring,0
ITM015,Butter,Dairy,HH005,2026-05-22,0.04,kg,4,0,5,spring,0
ITM015,Butter,Dairy,HH005,2026-05-24,0.05,kg,6,1,5,spring,0
ITM015,Butter,Dairy,HH005,2026-06-01,0.05,kg,0,0,6,summer,0
ITM015,Butter,Dairy,HH005,2026-06-08,0.03,kg,0,0,6,summer,0
ITM015,Butter,Dairy,HH005,2026-06-11,0.04,kg,3,0,6,summer,0
ITM015,Butter,Dairy,HH005,2026-06-27,0.07,kg,5,1,6,summer,0
ITM015,Butter,Dairy,HH006,2026-01-09,0.11,kg,4,0,1,winter,0
ITM015,Butter,Dairy,HH006,2026-01-10,0.09,kg,5,1,1,winter,0
ITM015,Butter,Dairy,HH006,2026-01-13,0.14,kg,1,0,1,winter,0
ITM015,Butter,Dairy,HH006,2026-01-25,0.18,kg,6,1,1,winter,0
ITM015,Butter,Dairy,HH006,2026-01-26,0.18,kg,0,0,1,winter,1
ITM015,Butter,Dairy,HH006,2026-01-28,0.1,kg,2,0,1,winter,0
ITM015,Butter,Dairy,HH006,2026-01-29,0.14,kg,3,0,1,winter,0
ITM015,Butter,Dairy,HH006,2026-01-30,0.13,kg,4,0,1,winter,0
ITM015,Butter,Dairy,HH006,2026-01-31,0.11,kg,5,1,1,winter,0
ITM015,Butter,Dairy,HH006,2026-02-09,0.11,kg,0,0,2,winter,0
ITM015,Butter,Dairy,HH006,2026-02-14,0.14,kg,5,1,2,winter,0
ITM015,Butter,Dairy,HH006,2026-02-19,0.13,kg,3,0,2,winter,0
ITM015,Butter,Dairy,HH006,2026-02-25,0.14,kg,2,0,2,winter,0
ITM015,Butter,Dairy,HH006,2026-03-03,0.05,kg,1,0,3,spring,0
ITM015,Butter,Dairy,HH006,2026-03-04,0.06,kg,2,0,3,spring,0
ITM015,Butter,Dairy,HH006,2026-03-06,0.04,kg,4,0,3,spring,0
ITM015,Butter,Dairy,HH006,2026-03-15,0.05,kg,6,1,3,spring,0
ITM015,Butter,Dairy,HH006,2026-03-17,0.06,kg,1,0,3,spring,0
ITM015,Butter,Dairy,HH006,2026-03-18,0.03,kg,2,0,3,spring,0
ITM015,Butter,Dairy,HH006,2026-03-27,0.05,kg,4,0,3,spring,0
ITM015,Butter,Dairy,HH006,2026-03-28,0.08,kg,5,1,3,spring,0
ITM015,Butter,Dairy,HH006,2026-03-29,0.06,kg,6,1,3,spring,0
ITM015,Butter,Dairy,HH006,2026-04-03,0.05,kg,4,0,4,spring,0
ITM015,Butter,Dairy,HH006,2026-04-05,0.05,kg,6,1,4,spring,0
ITM015,Butter,Dairy,HH006,2026-04-10,0.06,kg,4,0,4,spring,0
ITM015,Butter,Dairy,HH006,2026-04-11,0.04,kg,5,1,4,spring,0
ITM015,Butter,Dairy,HH006,2026-04-15,0.05,kg,2,0,4,spring,0
ITM015,Butter,Dairy,HH006,2026-04-18,0.07,kg,5,1,4,spring,0
ITM015,Butter,Dairy,HH006,2026-04-21,0.04,kg,1,0,4,spring,0
ITM015,Butter,Dairy,HH006,2026-04-23,0.06,kg,3,0,4,spring,0
ITM015,Butter,Dairy,HH006,2026-04-27,0.06,kg,0,0,4,spring,0
ITM015,Butter,Dairy,HH006,2026-04-30,0.04,kg,3,0,4,spring,0
ITM015,Butter,Dairy,HH006,2026-05-02,0.08,kg,5,1,5,spring,0
ITM015,Butter,Dairy,HH006,2026-05-06,0.05,kg,2,0,5,spring,0
ITM015,Butter,Dairy,HH006,2026-05-11,0.06,kg,0,0,5,spring,0
ITM015,Butter,Dairy,HH006,2026-05-16,0.08,kg,5,1,5,spring,0
ITM015,Butter,Dairy,HH006,2026-05-17,0.07,kg,6,1,5,spring,0
ITM015,Butter,Dairy,HH006,2026-05-21,0.04,kg,3,0,5,spring,0
ITM015,Butter,Dairy,HH006,2026-05-23,0.04,kg,5,1,5,spring,0
ITM015,Butter,Dairy,HH006,2026-05-31,0.09,kg,6,1,5,spring,0
ITM015,Butter,Dairy,HH006,2026-06-01,0.06,kg,0,0,6,summer,0
ITM015,Butter,Dairy,HH006,2026-06-05,0.05,kg,4,0,6,summer,0
ITM015,Butter,Dairy,HH006,2026-06-14,0.06,kg,6,1,6,summer,0
ITM015,Butter,Dairy,HH006,2026-06-17,0.05,kg,2,0,6,summer,0
ITM015,Butter,Dairy,HH006,2026-06-19,0.03,kg,4,0,6,summer,0
ITM015,Butter,Dairy,HH006,2026-06-21,0.07,kg,6,1,6,summer,0
ITM015,Butter,Dairy,HH006,2026-06-23,0.04,kg,1,0,6,summer,0
ITM015,Butter,Dairy,HH006,2026-06-27,0.08,kg,5,1,6,summer,0
ITM015,Butter,Dairy,HH006,2026-06-29,0.04,kg,0,0,6,summer,0
ITM015,Butter,Dairy,HH007,2026-01-04,0.16,kg,6,1,1,winter,0
ITM015,Butter,Dairy,HH007,2026-01-05,0.12,kg,0,0,1,winter,0
ITM015,Butter,Dairy,HH007,2026-01-13,0.14,kg,1,0,1,winter,0
ITM015,Butter,Dairy,HH007,2026-01-21,0.16,kg,2,0,1,winter,0
ITM015,Butter,Dairy,HH007,2026-01-22,0.15,kg,3,0,1,winter,0
ITM015,Butter,Dairy,HH007,2026-01-26,0.25,kg,0,0,1,winter,1
ITM015,Butter,Dairy,HH007,2026-01-29,0.13,kg,3,0,1,winter,0
ITM015,Butter,Dairy,HH007,2026-01-30,0.11,kg,4,0,1,winter,0
ITM015,Butter,Dairy,HH007,2026-01-31,0.17,kg,5,1,1,winter,0
ITM015,Butter,Dairy,HH007,2026-02-01,0.15,kg,6,1,2,winter,0
ITM015,Butter,Dairy,HH007,2026-02-03,0.13,kg,1,0,2,winter,0
ITM015,Butter,Dairy,HH007,2026-02-06,0.14,kg,4,0,2,winter,0
ITM015,Butter,Dairy,HH007,2026-02-07,0.2,kg,5,1,2,winter,0
ITM015,Butter,Dairy,HH007,2026-02-09,0.14,kg,0,0,2,winter,0
ITM015,Butter,Dairy,HH007,2026-02-10,0.17,kg,1,0,2,winter,0
ITM015,Butter,Dairy,HH007,2026-02-12,0.14,kg,3,0,2,winter,0
ITM015,Butter,Dairy,HH007,2026-02-13,0.15,kg,4,0,2,winter,0
ITM015,Butter,Dairy,HH007,2026-02-14,0.28,kg,5,1,2,winter,0
ITM015,Butter,Dairy,HH007,2026-02-19,0.17,kg,3,0,2,winter,0
ITM015,Butter,Dairy,HH007,2026-02-20,0.12,kg,4,0,2,winter,0
ITM015,Butter,Dairy,HH007,2026-02-21,0.21,kg,5,1,2,winter,0
ITM015,Butter,Dairy,HH007,2026-02-22,0.22,kg,6,1,2,winter,0
ITM015,Butter,Dairy,HH007,2026-02-23,0.16,kg,0,0,2,winter,0
ITM015,Butter,Dairy,HH007,2026-02-24,0.13,kg,1,0,2,winter,0
ITM015,Butter,Dairy,HH007,2026-03-10,0.06,kg,1,0,3,spring,0
ITM015,Butter,Dairy,HH007,2026-03-11,0.08,kg,2,0,3,spring,0
ITM015,Butter,Dairy,HH007,2026-03-12,0.07,kg,3,0,3,spring,0
ITM015,Butter,Dairy,HH007,2026-03-15,0.08,kg,6,1,3,spring,0
ITM015,Butter,Dairy,HH007,2026-03-21,0.09,kg,5,1,3,spring,0
ITM015,Butter,Dairy,HH007,2026-03-22,0.05,kg,6,1,3,spring,0
ITM015,Butter,Dairy,HH007,2026-03-25,0.07,kg,2,0,3,spring,0
ITM015,Butter,Dairy,HH007,2026-03-26,0.07,kg,3,0,3,spring,0
ITM015,Butter,Dairy,HH007,2026-03-29,0.09,kg,6,1,3,spring,0
ITM015,Butter,Dairy,HH007,2026-03-31,0.07,kg,1,0,3,spring,0
ITM015,Butter,Dairy,HH007,2026-04-01,0.07,kg,2,0,4,spring,0
ITM015,Butter,Dairy,HH007,2026-04-03,0.04,kg,4,0,4,spring,0
ITM015,Butter,Dairy,HH007,2026-04-04,0.07,kg,5,1,4,spring,0
ITM015,Butter,Dairy,HH007,2026-04-06,0.06,kg,0,0,4,spring,0
ITM015,Butter,Dairy,HH007,2026-04-08,0.08,kg,2,0,4,spring,0
ITM015,Butter,Dairy,HH007,2026-04-10,0.09,kg,4,0,4,spring,0
ITM015,Butter,Dairy,HH007,2026-04-11,0.07,kg,5,1,4,spring,0
ITM015,Butter,Dairy,HH007,2026-04-12,0.06,kg,6,1,4,spring,0
ITM015,Butter,Dairy,HH007,2026-04-13,0.05,kg,0,0,4,spring,0
ITM015,Butter,Dairy,HH007,2026-04-16,0.05,kg,3,0,4,spring,0
ITM015,Butter,Dairy,HH007,2026-04-22,0.09,kg,2,0,4,spring,0
ITM015,Butter,Dairy,HH007,2026-04-23,0.07,kg,3,0,4,spring,0
ITM015,Butter,Dairy,HH007,2026-04-25,0.06,kg,5,1,4,spring,0
ITM015,Butter,Dairy,HH007,2026-05-05,0.06,kg,1,0,5,spring,0
ITM015,Butter,Dairy,HH007,2026-05-06,0.07,kg,2,0,5,spring,0
ITM015,Butter,Dairy,HH007,2026-05-07,0.05,kg,3,0,5,spring,0
ITM015,Butter,Dairy,HH007,2026-05-08,0.06,kg,4,0,5,spring,0
ITM015,Butter,Dairy,HH007,2026-05-09,0.09,kg,5,1,5,spring,0
ITM015,Butter,Dairy,HH007,2026-05-11,0.08,kg,0,0,5,spring,0
ITM015,Butter,Dairy,HH007,2026-05-19,0.07,kg,1,0,5,spring,0
ITM015,Butter,Dairy,HH007,2026-05-22,0.05,kg,4,0,5,spring,0
ITM015,Butter,Dairy,HH007,2026-05-24,0.09,kg,6,1,5,spring,0
ITM015,Butter,Dairy,HH007,2026-06-01,0.05,kg,0,0,6,summer,0
ITM015,Butter,Dairy,HH007,2026-06-06,0.15,kg,5,1,6,summer,1
ITM015,Butter,Dairy,HH007,2026-06-09,0.05,kg,1,0,6,summer,0
ITM015,Butter,Dairy,HH007,2026-06-16,0.03,kg,1,0,6,summer,0
ITM015,Butter,Dairy,HH007,2026-06-18,0.07,kg,3,0,6,summer,0
ITM015,Butter,Dairy,HH007,2026-06-19,0.05,kg,4,0,6,summer,0
ITM015,Butter,Dairy,HH007,2026-06-20,0.11,kg,5,1,6,summer,0
ITM015,Butter,Dairy,HH007,2026-06-21,0.08,kg,6,1,6,summer,0
ITM015,Butter,Dairy,HH007,2026-06-22,0.08,kg,0,0,6,summer,0
ITM015,Butter,Dairy,HH007,2026-06-26,0.04,kg,4,0,6,summer,0
ITM015,Butter,Dairy,HH007,2026-06-28,0.07,kg,6,1,6,summer,0
ITM015,Butter,Dairy,HH008,2026-01-04,0.23,kg,6,1,1,winter,0
ITM015,Butter,Dairy,HH008,2026-01-05,0.16,kg,0,0,1,winter,0
ITM015,Butter,Dairy,HH008,2026-01-09,0.19,kg,4,0,1,winter,0
ITM015,Butter,Dairy,HH008,2026-01-10,0.26,kg,5,1,1,winter,0
ITM015,Butter,Dairy,HH008,2026-01-11,0.3,kg,6,1,1,winter,0
ITM015,Butter,Dairy,HH008,2026-01-13,0.15,kg,1,0,1,winter,0
ITM015,Butter,Dairy,HH008,2026-01-25,0.19,kg,6,1,1,winter,0
ITM015,Butter,Dairy,HH008,2026-02-01,0.21,kg,6,1,2,winter,0
ITM015,Butter,Dairy,HH008,2026-02-04,0.18,kg,2,0,2,winter,0
ITM015,Butter,Dairy,HH008,2026-02-05,0.19,kg,3,0,2,winter,0
ITM015,Butter,Dairy,HH008,2026-02-09,0.15,kg,0,0,2,winter,0
ITM015,Butter,Dairy,HH008,2026-02-15,0.19,kg,6,1,2,winter,0
ITM015,Butter,Dairy,HH008,2026-02-16,0.1,kg,0,0,2,winter,0
ITM015,Butter,Dairy,HH008,2026-02-20,0.17,kg,4,0,2,winter,0
ITM015,Butter,Dairy,HH008,2026-02-21,0.27,kg,5,1,2,winter,0
ITM015,Butter,Dairy,HH008,2026-02-27,0.15,kg,4,0,2,winter,0
ITM015,Butter,Dairy,HH008,2026-03-01,0.12,kg,6,1,3,spring,0
ITM015,Butter,Dairy,HH008,2026-03-03,0.07,kg,1,0,3,spring,0
ITM015,Butter,Dairy,HH008,2026-03-07,0.1,kg,5,1,3,spring,0
ITM015,Butter,Dairy,HH008,2026-03-08,0.11,kg,6,1,3,spring,1
ITM015,Butter,Dairy,HH008,2026-03-17,0.07,kg,1,0,3,spring,0
ITM015,Butter,Dairy,HH008,2026-03-22,0.08,kg,6,1,3,spring,0
ITM015,Butter,Dairy,HH008,2026-04-02,0.07,kg,3,0,4,spring,0
ITM015,Butter,Dairy,HH008,2026-04-06,0.09,kg,0,0,4,spring,0
ITM015,Butter,Dairy,HH008,2026-04-09,0.06,kg,3,0,4,spring,0
ITM015,Butter,Dairy,HH008,2026-04-17,0.04,kg,4,0,4,spring,0
ITM015,Butter,Dairy,HH008,2026-04-20,0.06,kg,0,0,4,spring,0
ITM015,Butter,Dairy,HH008,2026-04-24,0.07,kg,4,0,4,spring,0
ITM015,Butter,Dairy,HH008,2026-04-25,0.08,kg,5,1,4,spring,0
ITM015,Butter,Dairy,HH008,2026-04-26,0.09,kg,6,1,4,spring,0
ITM015,Butter,Dairy,HH008,2026-04-28,0.08,kg,1,0,4,spring,0
ITM015,Butter,Dairy,HH008,2026-05-03,0.08,kg,6,1,5,spring,0
ITM015,Butter,Dairy,HH008,2026-05-04,0.07,kg,0,0,5,spring,0
ITM015,Butter,Dairy,HH008,2026-05-07,0.08,kg,3,0,5,spring,0
ITM015,Butter,Dairy,HH008,2026-05-13,0.07,kg,2,0,5,spring,0
ITM015,Butter,Dairy,HH008,2026-05-14,0.06,kg,3,0,5,spring,0
ITM015,Butter,Dairy,HH008,2026-05-19,0.07,kg,1,0,5,spring,0
ITM015,Butter,Dairy,HH008,2026-05-21,0.08,kg,3,0,5,spring,0
ITM015,Butter,Dairy,HH008,2026-05-22,0.07,kg,4,0,5,spring,0
ITM015,Butter,Dairy,HH008,2026-05-24,0.07,kg,6,1,5,spring,0
ITM015,Butter,Dairy,HH008,2026-05-25,0.07,kg,0,0,5,spring,0
ITM015,Butter,Dairy,HH008,2026-05-26,0.07,kg,1,0,5,spring,0
ITM015,Butter,Dairy,HH008,2026-06-04,0.08,kg,3,0,6,summer,0
ITM015,Butter,Dairy,HH008,2026-06-06,0.12,kg,5,1,6,summer,1
ITM015,Butter,Dairy,HH008,2026-06-08,0.07,kg,0,0,6,summer,0
ITM015,Butter,Dairy,HH008,2026-06-09,0.06,kg,1,0,6,summer,0
ITM015,Butter,Dairy,HH008,2026-06-10,0.07,kg,2,0,6,summer,0
ITM015,Butter,Dairy,HH008,2026-06-18,0.07,kg,3,0,6,summer,0
ITM015,Butter,Dairy,HH008,2026-06-24,0.06,kg,2,0,6,summer,0
ITM015,Butter,Dairy,HH008,2026-06-25,0.06,kg,3,0,6,summer,0
ITM015,Butter,Dairy,HH008,2026-06-26,0.07,kg,4,0,6,summer,0
ITM015,Butter,Dairy,HH008,2026-06-27,0.08,kg,5,1,6,summer,0
ITM015,Butter,Dairy,HH008,2026-06-29,0.06,kg,0,0,6,summer,0
ITM015,Butter,Dairy,HH009,2026-01-06,0.24,kg,1,0,1,winter,0
ITM015,Butter,Dairy,HH009,2026-01-08,0.15,kg,3,0,1,winter,0
ITM015,Butter,Dairy,HH009,2026-01-14,0.15,kg,2,0,1,winter,0
ITM015,Butter,Dairy,HH009,2026-01-15,0.15,kg,3,0,1,winter,0
ITM015,Butter,Dairy,HH009,2026-01-17,0.24,kg,5,1,1,winter,0
ITM015,Butter,Dairy,HH009,2026-01-27,0.18,kg,1,0,1,winter,0
ITM015,Butter,Dairy,HH009,2026-02-02,0.23,kg,0,0,2,winter,0
ITM015,Butter,Dairy,HH009,2026-02-07,0.27,kg,5,1,2,winter,0
ITM015,Butter,Dairy,HH009,2026-02-09,0.16,kg,0,0,2,winter,0
ITM015,Butter,Dairy,HH009,2026-02-10,0.17,kg,1,0,2,winter,0
ITM015,Butter,Dairy,HH009,2026-02-16,0.19,kg,0,0,2,winter,0
ITM015,Butter,Dairy,HH009,2026-02-18,0.14,kg,2,0,2,winter,0
ITM015,Butter,Dairy,HH009,2026-02-23,0.19,kg,0,0,2,winter,0
ITM015,Butter,Dairy,HH009,2026-03-01,0.1,kg,6,1,3,spring,0
ITM015,Butter,Dairy,HH009,2026-03-04,0.05,kg,2,0,3,spring,0
ITM015,Butter,Dairy,HH009,2026-03-14,0.13,kg,5,1,3,spring,0
ITM015,Butter,Dairy,HH009,2026-03-18,0.08,kg,2,0,3,spring,0
ITM015,Butter,Dairy,HH009,2026-03-28,0.14,kg,5,1,3,spring,0
ITM015,Butter,Dairy,HH009,2026-04-03,0.11,kg,4,0,4,spring,0
ITM015,Butter,Dairy,HH009,2026-04-07,0.07,kg,1,0,4,spring,0
ITM015,Butter,Dairy,HH009,2026-04-16,0.11,kg,3,0,4,spring,0
ITM015,Butter,Dairy,HH009,2026-04-19,0.14,kg,6,1,4,spring,0
ITM015,Butter,Dairy,HH009,2026-04-20,0.1,kg,0,0,4,spring,0
ITM015,Butter,Dairy,HH009,2026-04-22,0.11,kg,2,0,4,spring,0
ITM015,Butter,Dairy,HH009,2026-04-23,0.06,kg,3,0,4,spring,0
ITM015,Butter,Dairy,HH009,2026-04-27,0.1,kg,0,0,4,spring,0
ITM015,Butter,Dairy,HH009,2026-04-29,0.08,kg,2,0,4,spring,0
ITM015,Butter,Dairy,HH009,2026-05-01,0.13,kg,4,0,5,spring,1
ITM015,Butter,Dairy,HH009,2026-05-02,0.11,kg,5,1,5,spring,0
ITM015,Butter,Dairy,HH009,2026-05-05,0.09,kg,1,0,5,spring,0
ITM015,Butter,Dairy,HH009,2026-05-09,0.12,kg,5,1,5,spring,0
ITM015,Butter,Dairy,HH009,2026-05-10,0.13,kg,6,1,5,spring,0
ITM015,Butter,Dairy,HH009,2026-05-17,0.08,kg,6,1,5,spring,0
ITM015,Butter,Dairy,HH009,2026-05-20,0.08,kg,2,0,5,spring,0
ITM015,Butter,Dairy,HH009,2026-05-21,0.07,kg,3,0,5,spring,0
ITM015,Butter,Dairy,HH009,2026-05-22,0.09,kg,4,0,5,spring,0
ITM015,Butter,Dairy,HH009,2026-05-24,0.09,kg,6,1,5,spring,0
ITM015,Butter,Dairy,HH009,2026-05-28,0.06,kg,3,0,5,spring,0
ITM015,Butter,Dairy,HH009,2026-06-03,0.08,kg,2,0,6,summer,0
ITM015,Butter,Dairy,HH009,2026-06-05,0.05,kg,4,0,6,summer,0
ITM015,Butter,Dairy,HH009,2026-06-08,0.12,kg,0,0,6,summer,0
ITM015,Butter,Dairy,HH009,2026-06-17,0.06,kg,2,0,6,summer,0
ITM015,Butter,Dairy,HH009,2026-06-21,0.1,kg,6,1,6,summer,0
ITM015,Butter,Dairy,HH009,2026-06-27,0.1,kg,5,1,6,summer,0
ITM015,Butter,Dairy,HH010,2026-01-01,0.14,kg,3,0,1,winter,1
ITM015,Butter,Dairy,HH010,2026-01-06,0.12,kg,1,0,1,winter,0
ITM015,Butter,Dairy,HH010,2026-01-08,0.09,kg,3,0,1,winter,0
ITM015,Butter,Dairy,HH010,2026-01-11,0.14,kg,6,1,1,winter,0
ITM015,Butter,Dairy,HH010,2026-01-12,0.12,kg,0,0,1,winter,0
ITM015,Butter,Dairy,HH010,2026-01-16,0.07,kg,4,0,1,winter,0
ITM015,Butter,Dairy,HH010,2026-01-20,0.08,kg,1,0,1,winter,0
ITM015,Butter,Dairy,HH010,2026-01-22,0.08,kg,3,0,1,winter,0
ITM015,Butter,Dairy,HH010,2026-01-23,0.07,kg,4,0,1,winter,0
ITM015,Butter,Dairy,HH010,2026-01-26,0.16,kg,0,0,1,winter,1
ITM015,Butter,Dairy,HH010,2026-01-31,0.17,kg,5,1,1,winter,0
ITM015,Butter,Dairy,HH010,2026-02-01,0.19,kg,6,1,2,winter,0
ITM015,Butter,Dairy,HH010,2026-02-02,0.09,kg,0,0,2,winter,0
ITM015,Butter,Dairy,HH010,2026-02-03,0.08,kg,1,0,2,winter,0
ITM015,Butter,Dairy,HH010,2026-02-04,0.09,kg,2,0,2,winter,0
ITM015,Butter,Dairy,HH010,2026-02-08,0.11,kg,6,1,2,winter,0
ITM015,Butter,Dairy,HH010,2026-02-10,0.1,kg,1,0,2,winter,0
ITM015,Butter,Dairy,HH010,2026-02-12,0.09,kg,3,0,2,winter,0
ITM015,Butter,Dairy,HH010,2026-02-13,0.12,kg,4,0,2,winter,0
ITM015,Butter,Dairy,HH010,2026-02-16,0.1,kg,0,0,2,winter,0
ITM015,Butter,Dairy,HH010,2026-02-24,0.11,kg,1,0,2,winter,0
ITM015,Butter,Dairy,HH010,2026-02-27,0.08,kg,4,0,2,winter,0
ITM015,Butter,Dairy,HH010,2026-03-01,0.06,kg,6,1,3,spring,0
ITM015,Butter,Dairy,HH010,2026-03-16,0.06,kg,0,0,3,spring,0
ITM015,Butter,Dairy,HH010,2026-03-18,0.04,kg,2,0,3,spring,0
ITM015,Butter,Dairy,HH010,2026-03-24,0.05,kg,1,0,3,spring,0
ITM015,Butter,Dairy,HH010,2026-03-25,0.03,kg,2,0,3,spring,0
ITM015,Butter,Dairy,HH010,2026-04-01,0.04,kg,2,0,4,spring,0
ITM015,Butter,Dairy,HH010,2026-04-07,0.04,kg,1,0,4,spring,0
ITM015,Butter,Dairy,HH010,2026-04-15,0.05,kg,2,0,4,spring,0
ITM015,Butter,Dairy,HH010,2026-04-19,0.07,kg,6,1,4,spring,0
ITM015,Butter,Dairy,HH010,2026-04-20,0.03,kg,0,0,4,spring,0
ITM015,Butter,Dairy,HH010,2026-04-26,0.06,kg,6,1,4,spring,0
ITM015,Butter,Dairy,HH010,2026-05-03,0.05,kg,6,1,5,spring,0
ITM015,Butter,Dairy,HH010,2026-05-06,0.04,kg,2,0,5,spring,0
ITM015,Butter,Dairy,HH010,2026-05-07,0.05,kg,3,0,5,spring,0
ITM015,Butter,Dairy,HH010,2026-05-15,0.03,kg,4,0,5,spring,0
ITM015,Butter,Dairy,HH010,2026-05-17,0.05,kg,6,1,5,spring,0
ITM015,Butter,Dairy,HH010,2026-05-22,0.03,kg,4,0,5,spring,0
ITM015,Butter,Dairy,HH010,2026-05-25,0.03,kg,0,0,5,spring,0
ITM015,Butter,Dairy,HH010,2026-05-26,0.04,kg,1,0,5,spring,0
ITM015,Butter,Dairy,HH010,2026-05-31,0.08,kg,6,1,5,spring,0
ITM015,Butter,Dairy,HH010,2026-06-01,0.04,kg,0,0,6,summer,0
ITM015,Butter,Dairy,HH010,2026-06-06,0.08,kg,5,1,6,summer,1
ITM015,Butter,Dairy,HH010,2026-06-09,0.05,kg,1,0,6,summer,0
ITM015,Butter,Dairy,HH010,2026-06-13,0.05,kg,5,1,6,summer,0
ITM015,Butter,Dairy,HH010,2026-06-14,0.05,kg,6,1,6,summer,0
ITM015,Butter,Dairy,HH010,2026-06-15,0.05,kg,0,0,6,summer,0
ITM015,Butter,Dairy,HH010,2026-06-22,0.04,kg,0,0,6,summer,0
ITM015,Butter,Dairy,HH010,2026-06-24,0.03,kg,2,0,6,summer,0
ITM015,Butter,Dairy,HH010,2026-06-29,0.05,kg,0,0,6,summer,0
ITM015,Butter,Dairy,HH011,2026-01-02,0.14,kg,4,0,1,winter,0
ITM015,Butter,Dairy,HH011,2026-01-03,0.13,kg,5,1,1,winter,0
ITM015,Butter,Dairy,HH011,2026-01-04,0.14,kg,6,1,1,winter,0
ITM015,Butter,Dairy,HH011,2026-01-06,0.13,kg,1,0,1,winter,0
ITM015,Butter,Dairy,HH011,2026-01-15,0.15,kg,3,0,1,winter,0
ITM015,Butter,Dairy,HH011,2026-01-22,0.09,kg,3,0,1,winter,0
ITM015,Butter,Dairy,HH011,2026-02-04,0.13,kg,2,0,2,winter,0
ITM015,Butter,Dairy,HH011,2026-02-07,0.11,kg,5,1,2,winter,0
ITM015,Butter,Dairy,HH011,2026-02-08,0.19,kg,6,1,2,winter,0
ITM015,Butter,Dairy,HH011,2026-02-11,0.09,kg,2,0,2,winter,0
ITM015,Butter,Dairy,HH011,2026-02-12,0.14,kg,3,0,2,winter,0
ITM015,Butter,Dairy,HH011,2026-02-15,0.17,kg,6,1,2,winter,0
ITM015,Butter,Dairy,HH011,2026-02-16,0.12,kg,0,0,2,winter,0
ITM015,Butter,Dairy,HH011,2026-02-21,0.18,kg,5,1,2,winter,0
ITM015,Butter,Dairy,HH011,2026-02-25,0.08,kg,2,0,2,winter,0
ITM015,Butter,Dairy,HH011,2026-03-01,0.11,kg,6,1,3,spring,0
ITM015,Butter,Dairy,HH011,2026-03-02,0.06,kg,0,0,3,spring,0
ITM015,Butter,Dairy,HH011,2026-03-06,0.06,kg,4,0,3,spring,0
ITM015,Butter,Dairy,HH011,2026-03-10,0.07,kg,1,0,3,spring,0
ITM015,Butter,Dairy,HH011,2026-03-11,0.07,kg,2,0,3,spring,0
ITM015,Butter,Dairy,HH011,2026-03-14,0.09,kg,5,1,3,spring,0
ITM015,Butter,Dairy,HH011,2026-03-16,0.05,kg,0,0,3,spring,0
ITM015,Butter,Dairy,HH011,2026-03-17,0.08,kg,1,0,3,spring,0
ITM015,Butter,Dairy,HH011,2026-03-20,0.07,kg,4,0,3,spring,0
ITM015,Butter,Dairy,HH011,2026-03-21,0.09,kg,5,1,3,spring,0
ITM015,Butter,Dairy,HH011,2026-03-23,0.07,kg,0,0,3,spring,0
ITM015,Butter,Dairy,HH011,2026-03-30,0.05,kg,0,0,3,spring,0
ITM015,Butter,Dairy,HH011,2026-04-02,0.04,kg,3,0,4,spring,0
ITM015,Butter,Dairy,HH011,2026-04-07,0.05,kg,1,0,4,spring,0
ITM015,Butter,Dairy,HH011,2026-04-13,0.04,kg,0,0,4,spring,0
ITM015,Butter,Dairy,HH011,2026-04-18,0.1,kg,5,1,4,spring,0
ITM015,Butter,Dairy,HH011,2026-04-19,0.07,kg,6,1,4,spring,0
ITM015,Butter,Dairy,HH011,2026-04-21,0.03,kg,1,0,4,spring,0
ITM015,Butter,Dairy,HH011,2026-04-22,0.04,kg,2,0,4,spring,0
ITM015,Butter,Dairy,HH011,2026-04-28,0.06,kg,1,0,4,spring,0
ITM015,Butter,Dairy,HH011,2026-05-08,0.05,kg,4,0,5,spring,0
ITM015,Butter,Dairy,HH011,2026-05-13,0.05,kg,2,0,5,spring,0
ITM015,Butter,Dairy,HH011,2026-05-19,0.05,kg,1,0,5,spring,0
ITM015,Butter,Dairy,HH011,2026-05-20,0.06,kg,2,0,5,spring,0
ITM015,Butter,Dairy,HH011,2026-05-30,0.06,kg,5,1,5,spring,0
ITM015,Butter,Dairy,HH011,2026-06-06,0.1,kg,5,1,6,summer,1
ITM015,Butter,Dairy,HH011,2026-06-07,0.07,kg,6,1,6,summer,0
ITM015,Butter,Dairy,HH011,2026-06-16,0.04,kg,1,0,6,summer,0
ITM015,Butter,Dairy,HH011,2026-06-20,0.09,kg,5,1,6,summer,0
ITM015,Butter,Dairy,HH011,2026-06-21,0.05,kg,6,1,6,summer,0
ITM015,Butter,Dairy,HH011,2026-06-24,0.04,kg,2,0,6,summer,0
ITM015,Butter,Dairy,HH011,2026-06-28,0.06,kg,6,1,6,summer,0
ITM015,Butter,Dairy,HH011,2026-06-29,0.06,kg,0,0,6,summer,0
ITM015,Butter,Dairy,HH012,2026-01-05,0.13,kg,0,0,1,winter,0
ITM015,Butter,Dairy,HH012,2026-01-08,0.13,kg,3,0,1,winter,0
ITM015,Butter,Dairy,HH012,2026-01-10,0.24,kg,5,1,1,winter,0
ITM015,Butter,Dairy,HH012,2026-01-11,0.2,kg,6,1,1,winter,0
ITM015,Butter,Dairy,HH012,2026-01-19,0.15,kg,0,0,1,winter,0
ITM015,Butter,Dairy,HH012,2026-01-21,0.13,kg,2,0,1,winter,0
ITM015,Butter,Dairy,HH012,2026-01-28,0.12,kg,2,0,1,winter,0
ITM015,Butter,Dairy,HH012,2026-02-04,0.17,kg,2,0,2,winter,0
ITM015,Butter,Dairy,HH012,2026-02-09,0.16,kg,0,0,2,winter,0
ITM015,Butter,Dairy,HH012,2026-02-16,0.11,kg,0,0,2,winter,0
ITM015,Butter,Dairy,HH012,2026-02-27,0.15,kg,4,0,2,winter,0
ITM015,Butter,Dairy,HH012,2026-03-03,0.08,kg,1,0,3,spring,0
ITM015,Butter,Dairy,HH012,2026-03-05,0.06,kg,3,0,3,spring,0
ITM015,Butter,Dairy,HH012,2026-03-13,0.07,kg,4,0,3,spring,0
ITM015,Butter,Dairy,HH012,2026-03-19,0.07,kg,3,0,3,spring,0
ITM015,Butter,Dairy,HH012,2026-03-22,0.07,kg,6,1,3,spring,0
ITM015,Butter,Dairy,HH012,2026-03-24,0.06,kg,1,0,3,spring,0
ITM015,Butter,Dairy,HH012,2026-03-25,0.06,kg,2,0,3,spring,0
ITM015,Butter,Dairy,HH012,2026-04-03,0.04,kg,4,0,4,spring,0
ITM015,Butter,Dairy,HH012,2026-04-04,0.1,kg,5,1,4,spring,0
ITM015,Butter,Dairy,HH012,2026-04-05,0.12,kg,6,1,4,spring,0
ITM015,Butter,Dairy,HH012,2026-04-09,0.05,kg,3,0,4,spring,0
ITM015,Butter,Dairy,HH012,2026-04-12,0.09,kg,6,1,4,spring,0
ITM015,Butter,Dairy,HH012,2026-04-19,0.11,kg,6,1,4,spring,0
ITM015,Butter,Dairy,HH012,2026-04-26,0.07,kg,6,1,4,spring,0
ITM015,Butter,Dairy,HH012,2026-04-30,0.07,kg,3,0,4,spring,0
ITM015,Butter,Dairy,HH012,2026-05-01,0.14,kg,4,0,5,spring,1
ITM015,Butter,Dairy,HH012,2026-05-03,0.06,kg,6,1,5,spring,0
ITM015,Butter,Dairy,HH012,2026-05-09,0.08,kg,5,1,5,spring,0
ITM015,Butter,Dairy,HH012,2026-05-11,0.05,kg,0,0,5,spring,0
ITM015,Butter,Dairy,HH012,2026-05-17,0.08,kg,6,1,5,spring,0
ITM015,Butter,Dairy,HH012,2026-05-27,0.05,kg,2,0,5,spring,0
ITM015,Butter,Dairy,HH012,2026-05-28,0.06,kg,3,0,5,spring,0
ITM015,Butter,Dairy,HH012,2026-05-30,0.09,kg,5,1,5,spring,0
ITM015,Butter,Dairy,HH012,2026-05-31,0.06,kg,6,1,5,spring,0
ITM015,Butter,Dairy,HH012,2026-06-05,0.06,kg,4,0,6,summer,0
ITM015,Butter,Dairy,HH012,2026-06-06,0.14,kg,5,1,6,summer,1
ITM015,Butter,Dairy,HH012,2026-06-12,0.07,kg,4,0,6,summer,0
ITM015,Butter,Dairy,HH012,2026-06-14,0.08,kg,6,1,6,summer,0
ITM015,Butter,Dairy,HH012,2026-06-15,0.05,kg,0,0,6,summer,0
ITM015,Butter,Dairy,HH012,2026-06-18,0.08,kg,3,0,6,summer,0
ITM015,Butter,Dairy,HH012,2026-06-20,0.1,kg,5,1,6,summer,0
ITM015,Butter,Dairy,HH013,2026-01-02,0.16,kg,4,0,1,winter,0
ITM015,Butter,Dairy,HH013,2026-01-04,0.24,kg,6,1,1,winter,0
ITM015,Butter,Dairy,HH013,2026-01-15,0.14,kg,3,0,1,winter,0
ITM015,Butter,Dairy,HH013,2026-01-19,0.14,kg,0,0,1,winter,0
ITM015,Butter,Dairy,HH013,2026-01-20,0.16,kg,1,0,1,winter,0
ITM015,Butter,Dairy,HH013,2026-01-21,0.13,kg,2,0,1,winter,0
ITM015,Butter,Dairy,HH013,2026-01-22,0.17,kg,3,0,1,winter,0
ITM015,Butter,Dairy,HH013,2026-01-24,0.26,kg,5,1,1,winter,0
ITM015,Butter,Dairy,HH013,2026-01-25,0.24,kg,6,1,1,winter,0
ITM015,Butter,Dairy,HH013,2026-01-26,0.25,kg,0,0,1,winter,1
ITM015,Butter,Dairy,HH013,2026-01-27,0.12,kg,1,0,1,winter,0
ITM015,Butter,Dairy,HH013,2026-01-28,0.13,kg,2,0,1,winter,0
ITM015,Butter,Dairy,HH013,2026-01-29,0.18,kg,3,0,1,winter,0
ITM015,Butter,Dairy,HH013,2026-01-31,0.33,kg,5,1,1,winter,0
ITM015,Butter,Dairy,HH013,2026-02-02,0.22,kg,0,0,2,winter,0
ITM015,Butter,Dairy,HH013,2026-02-03,0.16,kg,1,0,2,winter,0
ITM015,Butter,Dairy,HH013,2026-02-06,0.18,kg,4,0,2,winter,0
ITM015,Butter,Dairy,HH013,2026-02-18,0.18,kg,2,0,2,winter,0
ITM015,Butter,Dairy,HH013,2026-02-20,0.16,kg,4,0,2,winter,0
ITM015,Butter,Dairy,HH013,2026-02-23,0.15,kg,0,0,2,winter,0
ITM015,Butter,Dairy,HH013,2026-02-25,0.14,kg,2,0,2,winter,0
ITM015,Butter,Dairy,HH013,2026-03-02,0.1,kg,0,0,3,spring,0
ITM015,Butter,Dairy,HH013,2026-03-06,0.09,kg,4,0,3,spring,0
ITM015,Butter,Dairy,HH013,2026-03-17,0.08,kg,1,0,3,spring,0
ITM015,Butter,Dairy,HH013,2026-03-19,0.1,kg,3,0,3,spring,0
ITM015,Butter,Dairy,HH013,2026-03-24,0.06,kg,1,0,3,spring,0
ITM015,Butter,Dairy,HH013,2026-03-27,0.1,kg,4,0,3,spring,0
ITM015,Butter,Dairy,HH013,2026-04-12,0.13,kg,6,1,4,spring,0
ITM015,Butter,Dairy,HH013,2026-04-13,0.05,kg,0,0,4,spring,0
ITM015,Butter,Dairy,HH013,2026-04-14,0.13,kg,1,0,4,spring,1
ITM015,Butter,Dairy,HH013,2026-04-17,0.07,kg,4,0,4,spring,0
ITM015,Butter,Dairy,HH013,2026-04-20,0.05,kg,0,0,4,spring,0
ITM015,Butter,Dairy,HH013,2026-04-22,0.07,kg,2,0,4,spring,0
ITM015,Butter,Dairy,HH013,2026-04-23,0.06,kg,3,0,4,spring,0
ITM015,Butter,Dairy,HH013,2026-04-25,0.07,kg,5,1,4,spring,0
ITM015,Butter,Dairy,HH013,2026-04-27,0.06,kg,0,0,4,spring,0
ITM015,Butter,Dairy,HH013,2026-04-29,0.08,kg,2,0,4,spring,0
ITM015,Butter,Dairy,HH013,2026-04-30,0.07,kg,3,0,4,spring,0
ITM015,Butter,Dairy,HH013,2026-05-02,0.09,kg,5,1,5,spring,0
ITM015,Butter,Dairy,HH013,2026-05-05,0.06,kg,1,0,5,spring,0
ITM015,Butter,Dairy,HH013,2026-05-07,0.05,kg,3,0,5,spring,0
ITM015,Butter,Dairy,HH013,2026-05-09,0.09,kg,5,1,5,spring,0
ITM015,Butter,Dairy,HH013,2026-05-14,0.07,kg,3,0,5,spring,0
ITM015,Butter,Dairy,HH013,2026-05-15,0.07,kg,4,0,5,spring,0
ITM015,Butter,Dairy,HH013,2026-05-21,0.05,kg,3,0,5,spring,0
ITM015,Butter,Dairy,HH013,2026-05-24,0.07,kg,6,1,5,spring,0
ITM015,Butter,Dairy,HH013,2026-05-29,0.06,kg,4,0,5,spring,0
ITM015,Butter,Dairy,HH013,2026-05-31,0.14,kg,6,1,5,spring,0
ITM015,Butter,Dairy,HH013,2026-06-05,0.05,kg,4,0,6,summer,0
ITM015,Butter,Dairy,HH013,2026-06-13,0.12,kg,5,1,6,summer,0
ITM015,Butter,Dairy,HH013,2026-06-17,0.08,kg,2,0,6,summer,0
ITM015,Butter,Dairy,HH013,2026-06-20,0.08,kg,5,1,6,summer,0
ITM015,Butter,Dairy,HH013,2026-06-23,0.08,kg,1,0,6,summer,0
ITM015,Butter,Dairy,HH013,2026-06-25,0.06,kg,3,0,6,summer,0
ITM015,Butter,Dairy,HH014,2026-01-01,0.24,kg,3,0,1,winter,1
ITM015,Butter,Dairy,HH014,2026-01-04,0.31,kg,6,1,1,winter,0
ITM015,Butter,Dairy,HH014,2026-01-05,0.19,kg,0,0,1,winter,0
ITM015,Butter,Dairy,HH014,2026-01-07,0.14,kg,2,0,1,winter,0
ITM015,Butter,Dairy,HH014,2026-01-11,0.32,kg,6,1,1,winter,0
ITM015,Butter,Dairy,HH014,2026-01-13,0.25,kg,1,0,1,winter,0
ITM015,Butter,Dairy,HH014,2026-01-16,0.17,kg,4,0,1,winter,0
ITM015,Butter,Dairy,HH014,2026-01-18,0.2,kg,6,1,1,winter,0
ITM015,Butter,Dairy,HH014,2026-01-19,0.14,kg,0,0,1,winter,0
ITM015,Butter,Dairy,HH014,2026-01-22,0.19,kg,3,0,1,winter,0
ITM015,Butter,Dairy,HH014,2026-01-23,0.14,kg,4,0,1,winter,0
ITM015,Butter,Dairy,HH014,2026-01-25,0.3,kg,6,1,1,winter,0
ITM015,Butter,Dairy,HH014,2026-01-28,0.22,kg,2,0,1,winter,0
ITM015,Butter,Dairy,HH014,2026-02-10,0.17,kg,1,0,2,winter,0
ITM015,Butter,Dairy,HH014,2026-02-12,0.19,kg,3,0,2,winter,0
ITM015,Butter,Dairy,HH014,2026-02-13,0.17,kg,4,0,2,winter,0
ITM015,Butter,Dairy,HH014,2026-02-14,0.3,kg,5,1,2,winter,0
ITM015,Butter,Dairy,HH014,2026-02-16,0.24,kg,0,0,2,winter,0
ITM015,Butter,Dairy,HH014,2026-02-17,0.16,kg,1,0,2,winter,0
ITM015,Butter,Dairy,HH014,2026-02-24,0.18,kg,1,0,2,winter,0
ITM015,Butter,Dairy,HH014,2026-02-27,0.24,kg,4,0,2,winter,0
ITM015,Butter,Dairy,HH014,2026-03-01,0.09,kg,6,1,3,spring,0
ITM015,Butter,Dairy,HH014,2026-03-09,0.08,kg,0,0,3,spring,0
ITM015,Butter,Dairy,HH014,2026-03-11,0.08,kg,2,0,3,spring,0
ITM015,Butter,Dairy,HH014,2026-03-13,0.06,kg,4,0,3,spring,0
ITM015,Butter,Dairy,HH014,2026-03-14,0.12,kg,5,1,3,spring,0
ITM015,Butter,Dairy,HH014,2026-03-15,0.14,kg,6,1,3,spring,0
ITM015,Butter,Dairy,HH014,2026-03-20,0.07,kg,4,0,3,spring,0
ITM015,Butter,Dairy,HH014,2026-03-22,0.1,kg,6,1,3,spring,0
ITM015,Butter,Dairy,HH014,2026-03-24,0.09,kg,1,0,3,spring,0
ITM015,Butter,Dairy,HH014,2026-03-29,0.08,kg,6,1,3,spring,0
ITM015,Butter,Dairy,HH014,2026-03-31,0.08,kg,1,0,3,spring,0
ITM015,Butter,Dairy,HH014,2026-04-06,0.08,kg,0,0,4,spring,0
ITM015,Butter,Dairy,HH014,2026-04-08,0.05,kg,2,0,4,spring,0
ITM015,Butter,Dairy,HH014,2026-04-11,0.11,kg,5,1,4,spring,0
ITM015,Butter,Dairy,HH014,2026-04-14,0.15,kg,1,0,4,spring,1
ITM015,Butter,Dairy,HH014,2026-04-15,0.08,kg,2,0,4,spring,0
ITM015,Butter,Dairy,HH014,2026-04-18,0.09,kg,5,1,4,spring,0
ITM015,Butter,Dairy,HH014,2026-04-20,0.09,kg,0,0,4,spring,0
ITM015,Butter,Dairy,HH014,2026-04-24,0.07,kg,4,0,4,spring,0
ITM015,Butter,Dairy,HH014,2026-05-09,0.13,kg,5,1,5,spring,0
ITM015,Butter,Dairy,HH014,2026-05-11,0.09,kg,0,0,5,spring,0
ITM015,Butter,Dairy,HH014,2026-05-13,0.07,kg,2,0,5,spring,0
ITM015,Butter,Dairy,HH014,2026-05-14,0.1,kg,3,0,5,spring,0
ITM015,Butter,Dairy,HH014,2026-05-15,0.1,kg,4,0,5,spring,0
ITM015,Butter,Dairy,HH014,2026-05-20,0.05,kg,2,0,5,spring,0
ITM015,Butter,Dairy,HH014,2026-05-22,0.09,kg,4,0,5,spring,0
ITM015,Butter,Dairy,HH014,2026-05-26,0.11,kg,1,0,5,spring,0
ITM015,Butter,Dairy,HH014,2026-05-28,0.05,kg,3,0,5,spring,0
ITM015,Butter,Dairy,HH014,2026-05-29,0.08,kg,4,0,5,spring,0
ITM015,Butter,Dairy,HH014,2026-06-01,0.1,kg,0,0,6,summer,0
ITM015,Butter,Dairy,HH014,2026-06-02,0.08,kg,1,0,6,summer,0
ITM015,Butter,Dairy,HH014,2026-06-10,0.07,kg,2,0,6,summer,0
ITM015,Butter,Dairy,HH014,2026-06-13,0.1,kg,5,1,6,summer,0
ITM015,Butter,Dairy,HH014,2026-06-15,0.1,kg,0,0,6,summer,0
ITM015,Butter,Dairy,HH014,2026-06-19,0.05,kg,4,0,6,summer,0
ITM015,Butter,Dairy,HH014,2026-06-23,0.08,kg,1,0,6,summer,0
ITM015,Butter,Dairy,HH014,2026-06-26,0.08,kg,4,0,6,summer,0
ITM015,Butter,Dairy,HH015,2026-01-16,0.12,kg,4,0,1,winter,0
ITM015,Butter,Dairy,HH015,2026-01-17,0.15,kg,5,1,1,winter,0
ITM015,Butter,Dairy,HH015,2026-01-20,0.1,kg,1,0,1,winter,0
ITM015,Butter,Dairy,HH015,2026-01-24,0.14,kg,5,1,1,winter,0
ITM015,Butter,Dairy,HH015,2026-02-03,0.12,kg,1,0,2,winter,0
ITM015,Butter,Dairy,HH015,2026-02-09,0.08,kg,0,0,2,winter,0
ITM015,Butter,Dairy,HH015,2026-02-10,0.11,kg,1,0,2,winter,0
ITM015,Butter,Dairy,HH015,2026-02-11,0.1,kg,2,0,2,winter,0
ITM015,Butter,Dairy,HH015,2026-02-12,0.09,kg,3,0,2,winter,0
ITM015,Butter,Dairy,HH015,2026-02-13,0.08,kg,4,0,2,winter,0
ITM015,Butter,Dairy,HH015,2026-02-22,0.11,kg,6,1,2,winter,0
ITM015,Butter,Dairy,HH015,2026-02-26,0.12,kg,3,0,2,winter,0
ITM015,Butter,Dairy,HH015,2026-02-28,0.15,kg,5,1,2,winter,0
ITM015,Butter,Dairy,HH015,2026-03-01,0.07,kg,6,1,3,spring,0
ITM015,Butter,Dairy,HH015,2026-03-02,0.04,kg,0,0,3,spring,0
ITM015,Butter,Dairy,HH015,2026-03-06,0.04,kg,4,0,3,spring,0
ITM015,Butter,Dairy,HH015,2026-03-10,0.04,kg,1,0,3,spring,0
ITM015,Butter,Dairy,HH015,2026-03-20,0.05,kg,4,0,3,spring,0
ITM015,Butter,Dairy,HH015,2026-03-23,0.04,kg,0,0,3,spring,0
ITM015,Butter,Dairy,HH015,2026-03-29,0.06,kg,6,1,3,spring,0
ITM015,Butter,Dairy,HH015,2026-04-03,0.03,kg,4,0,4,spring,0
ITM015,Butter,Dairy,HH015,2026-04-07,0.03,kg,1,0,4,spring,0
ITM015,Butter,Dairy,HH015,2026-04-08,0.04,kg,2,0,4,spring,0
ITM015,Butter,Dairy,HH015,2026-04-12,0.07,kg,6,1,4,spring,0
ITM015,Butter,Dairy,HH015,2026-04-16,0.04,kg,3,0,4,spring,0
ITM015,Butter,Dairy,HH015,2026-04-19,0.06,kg,6,1,4,spring,0
ITM015,Butter,Dairy,HH015,2026-04-22,0.04,kg,2,0,4,spring,0
ITM015,Butter,Dairy,HH015,2026-04-24,0.03,kg,4,0,4,spring,0
ITM015,Butter,Dairy,HH015,2026-04-28,0.05,kg,1,0,4,spring,0
ITM015,Butter,Dairy,HH015,2026-05-05,0.04,kg,1,0,5,spring,0
ITM015,Butter,Dairy,HH015,2026-05-08,0.04,kg,4,0,5,spring,0
ITM015,Butter,Dairy,HH015,2026-05-13,0.04,kg,2,0,5,spring,0
ITM015,Butter,Dairy,HH015,2026-05-17,0.06,kg,6,1,5,spring,0
ITM015,Butter,Dairy,HH015,2026-05-21,0.04,kg,3,0,5,spring,0
ITM015,Butter,Dairy,HH015,2026-05-26,0.04,kg,1,0,5,spring,0
ITM015,Butter,Dairy,HH015,2026-05-27,0.03,kg,2,0,5,spring,0
ITM015,Butter,Dairy,HH015,2026-05-30,0.05,kg,5,1,5,spring,0
ITM015,Butter,Dairy,HH015,2026-05-31,0.05,kg,6,1,5,spring,0
ITM015,Butter,Dairy,HH015,2026-06-04,0.04,kg,3,0,6,summer,0
ITM015,Butter,Dairy,HH015,2026-06-05,0.05,kg,4,0,6,summer,0
ITM015,Butter,Dairy,HH015,2026-06-07,0.05,kg,6,1,6,summer,0
ITM015,Butter,Dairy,HH015,2026-06-10,0.03,kg,2,0,6,summer,0
ITM015,Butter,Dairy,HH015,2026-06-13,0.06,kg,5,1,6,summer,0
ITM015,Butter,Dairy,HH015,2026-06-15,0.05,kg,0,0,6,summer,0
ITM015,Butter,Dairy,HH015,2026-06-17,0.05,kg,2,0,6,summer,0
ITM015,Butter,Dairy,HH015,2026-06-20,0.05,kg,5,1,6,summer,0
ITM015,Butter,Dairy,HH015,2026-06-24,0.04,kg,2,0,6,summer,0
ITM015,Butter,Dairy,HH015,2026-06-26,0.03,kg,4,0,6,summer,0
ITM015,Butter,Dairy,HH015,2026-06-29,0.03,kg,0,0,6,summer,0
ITM015,Butter,Dairy,HH016,2026-01-01,0.21,kg,3,0,1,winter,1
ITM015,Butter,Dairy,HH016,2026-01-07,0.11,kg,2,0,1,winter,0
ITM015,Butter,Dairy,HH016,2026-01-10,0.14,kg,5,1,1,winter,0
ITM015,Butter,Dairy,HH016,2026-01-11,0.2,kg,6,1,1,winter,0
ITM015,Butter,Dairy,HH016,2026-01-20,0.09,kg,1,0,1,winter,0
ITM015,Butter,Dairy,HH016,2026-01-21,0.12,kg,2,0,1,winter,0
ITM015,Butter,Dairy,HH016,2026-01-25,0.13,kg,6,1,1,winter,0
ITM015,Butter,Dairy,HH016,2026-01-29,0.18,kg,3,0,1,winter,0
ITM015,Butter,Dairy,HH016,2026-01-31,0.21,kg,5,1,1,winter,0
ITM015,Butter,Dairy,HH016,2026-02-08,0.25,kg,6,1,2,winter,0
ITM015,Butter,Dairy,HH016,2026-02-14,0.16,kg,5,1,2,winter,0
ITM015,Butter,Dairy,HH016,2026-02-15,0.15,kg,6,1,2,winter,0
ITM015,Butter,Dairy,HH016,2026-02-20,0.12,kg,4,0,2,winter,0
ITM015,Butter,Dairy,HH016,2026-02-22,0.15,kg,6,1,2,winter,0
ITM015,Butter,Dairy,HH016,2026-03-06,0.07,kg,4,0,3,spring,0
ITM015,Butter,Dairy,HH016,2026-03-13,0.03,kg,4,0,3,spring,0
ITM015,Butter,Dairy,HH016,2026-03-14,0.07,kg,5,1,3,spring,0
ITM015,Butter,Dairy,HH016,2026-03-15,0.06,kg,6,1,3,spring,0
ITM015,Butter,Dairy,HH016,2026-03-24,0.05,kg,1,0,3,spring,0
ITM015,Butter,Dairy,HH016,2026-03-26,0.05,kg,3,0,3,spring,0
ITM015,Butter,Dairy,HH016,2026-03-28,0.07,kg,5,1,3,spring,0
ITM015,Butter,Dairy,HH016,2026-03-30,0.04,kg,0,0,3,spring,0
ITM015,Butter,Dairy,HH016,2026-04-03,0.05,kg,4,0,4,spring,0
ITM015,Butter,Dairy,HH016,2026-04-04,0.07,kg,5,1,4,spring,0
ITM015,Butter,Dairy,HH016,2026-04-05,0.05,kg,6,1,4,spring,0
ITM015,Butter,Dairy,HH016,2026-04-06,0.05,kg,0,0,4,spring,0
ITM015,Butter,Dairy,HH016,2026-04-07,0.05,kg,1,0,4,spring,0
ITM015,Butter,Dairy,HH016,2026-04-08,0.05,kg,2,0,4,spring,0
ITM015,Butter,Dairy,HH016,2026-04-09,0.05,kg,3,0,4,spring,0
ITM015,Butter,Dairy,HH016,2026-04-16,0.04,kg,3,0,4,spring,0
ITM015,Butter,Dairy,HH016,2026-04-21,0.04,kg,1,0,4,spring,0
ITM015,Butter,Dairy,HH016,2026-05-02,0.06,kg,5,1,5,spring,0
ITM015,Butter,Dairy,HH016,2026-05-12,0.06,kg,1,0,5,spring,0
ITM015,Butter,Dairy,HH016,2026-05-13,0.04,kg,2,0,5,spring,0
ITM015,Butter,Dairy,HH016,2026-05-20,0.06,kg,2,0,5,spring,0
ITM015,Butter,Dairy,HH016,2026-05-24,0.08,kg,6,1,5,spring,0
ITM015,Butter,Dairy,HH016,2026-05-27,0.05,kg,2,0,5,spring,0
ITM015,Butter,Dairy,HH016,2026-06-02,0.06,kg,1,0,6,summer,0
ITM015,Butter,Dairy,HH016,2026-06-06,0.1,kg,5,1,6,summer,1
ITM015,Butter,Dairy,HH016,2026-06-14,0.09,kg,6,1,6,summer,0
ITM015,Butter,Dairy,HH016,2026-06-20,0.09,kg,5,1,6,summer,0
ITM015,Butter,Dairy,HH016,2026-06-27,0.08,kg,5,1,6,summer,0
ITM015,Butter,Dairy,HH016,2026-06-28,0.09,kg,6,1,6,summer,0
ITM015,Butter,Dairy,HH017,2026-01-01,0.14,kg,3,0,1,winter,1
ITM015,Butter,Dairy,HH017,2026-01-04,0.2,kg,6,1,1,winter,0
ITM015,Butter,Dairy,HH017,2026-01-12,0.17,kg,0,0,1,winter,0
ITM015,Butter,Dairy,HH017,2026-01-17,0.17,kg,5,1,1,winter,0
ITM015,Butter,Dairy,HH017,2026-01-20,0.12,kg,1,0,1,winter,0
ITM015,Butter,Dairy,HH017,2026-01-22,0.19,kg,3,0,1,winter,0
ITM015,Butter,Dairy,HH017,2026-01-24,0.24,kg,5,1,1,winter,0
ITM015,Butter,Dairy,HH017,2026-01-27,0.18,kg,1,0,1,winter,0
ITM015,Butter,Dairy,HH017,2026-02-01,0.17,kg,6,1,2,winter,0
ITM015,Butter,Dairy,HH017,2026-02-04,0.12,kg,2,0,2,winter,0
ITM015,Butter,Dairy,HH017,2026-02-05,0.09,kg,3,0,2,winter,0
ITM015,Butter,Dairy,HH017,2026-02-06,0.14,kg,4,0,2,winter,0
ITM015,Butter,Dairy,HH017,2026-02-08,0.22,kg,6,1,2,winter,0
ITM015,Butter,Dairy,HH017,2026-02-09,0.21,kg,0,0,2,winter,0
ITM015,Butter,Dairy,HH017,2026-02-17,0.14,kg,1,0,2,winter,0
ITM015,Butter,Dairy,HH017,2026-02-21,0.24,kg,5,1,2,winter,0
ITM015,Butter,Dairy,HH017,2026-02-26,0.14,kg,3,0,2,winter,0
ITM015,Butter,Dairy,HH017,2026-03-05,0.05,kg,3,0,3,spring,0
ITM015,Butter,Dairy,HH017,2026-03-12,0.06,kg,3,0,3,spring,0
ITM015,Butter,Dairy,HH017,2026-03-14,0.08,kg,5,1,3,spring,0
ITM015,Butter,Dairy,HH017,2026-03-26,0.07,kg,3,0,3,spring,0
ITM015,Butter,Dairy,HH017,2026-03-27,0.08,kg,4,0,3,spring,0
ITM015,Butter,Dairy,HH017,2026-03-28,0.09,kg,5,1,3,spring,0
ITM015,Butter,Dairy,HH017,2026-03-30,0.04,kg,0,0,3,spring,0
ITM015,Butter,Dairy,HH017,2026-04-01,0.07,kg,2,0,4,spring,0
ITM015,Butter,Dairy,HH017,2026-04-11,0.07,kg,5,1,4,spring,0
ITM015,Butter,Dairy,HH017,2026-04-15,0.04,kg,2,0,4,spring,0
ITM015,Butter,Dairy,HH017,2026-04-16,0.06,kg,3,0,4,spring,0
ITM015,Butter,Dairy,HH017,2026-04-19,0.08,kg,6,1,4,spring,0
ITM015,Butter,Dairy,HH017,2026-04-25,0.07,kg,5,1,4,spring,0
ITM015,Butter,Dairy,HH017,2026-04-26,0.08,kg,6,1,4,spring,0
ITM015,Butter,Dairy,HH017,2026-04-28,0.06,kg,1,0,4,spring,0
ITM015,Butter,Dairy,HH017,2026-04-30,0.06,kg,3,0,4,spring,0
ITM015,Butter,Dairy,HH017,2026-05-05,0.06,kg,1,0,5,spring,0
ITM015,Butter,Dairy,HH017,2026-05-10,0.09,kg,6,1,5,spring,0
ITM015,Butter,Dairy,HH017,2026-05-11,0.05,kg,0,0,5,spring,0
ITM015,Butter,Dairy,HH017,2026-05-14,0.04,kg,3,0,5,spring,0
ITM015,Butter,Dairy,HH017,2026-05-17,0.09,kg,6,1,5,spring,0
ITM015,Butter,Dairy,HH017,2026-05-18,0.06,kg,0,0,5,spring,0
ITM015,Butter,Dairy,HH017,2026-05-19,0.06,kg,1,0,5,spring,0
ITM015,Butter,Dairy,HH017,2026-05-26,0.05,kg,1,0,5,spring,0
ITM015,Butter,Dairy,HH017,2026-05-27,0.05,kg,2,0,5,spring,0
ITM015,Butter,Dairy,HH017,2026-05-30,0.08,kg,5,1,5,spring,0
ITM015,Butter,Dairy,HH017,2026-06-01,0.08,kg,0,0,6,summer,0
ITM015,Butter,Dairy,HH017,2026-06-06,0.14,kg,5,1,6,summer,1
ITM015,Butter,Dairy,HH017,2026-06-07,0.05,kg,6,1,6,summer,0
ITM015,Butter,Dairy,HH017,2026-06-08,0.05,kg,0,0,6,summer,0
ITM015,Butter,Dairy,HH017,2026-06-11,0.05,kg,3,0,6,summer,0
ITM015,Butter,Dairy,HH017,2026-06-15,0.07,kg,0,0,6,summer,0
ITM015,Butter,Dairy,HH017,2026-06-17,0.05,kg,2,0,6,summer,0
ITM015,Butter,Dairy,HH017,2026-06-21,0.12,kg,6,1,6,summer,0
ITM015,Butter,Dairy,HH017,2026-06-24,0.07,kg,2,0,6,summer,0
ITM015,Butter,Dairy,HH018,2026-01-01,0.32,kg,3,0,1,winter,1
ITM015,Butter,Dairy,HH018,2026-01-06,0.21,kg,1,0,1,winter,0
ITM015,Butter,Dairy,HH018,2026-01-07,0.16,kg,2,0,1,winter,0
ITM015,Butter,Dairy,HH018,2026-01-09,0.13,kg,4,0,1,winter,0
ITM015,Butter,Dairy,HH018,2026-01-15,0.16,kg,3,0,1,winter,0
ITM015,Butter,Dairy,HH018,2026-01-17,0.25,kg,5,1,1,winter,0
ITM015,Butter,Dairy,HH018,2026-01-19,0.1,kg,0,0,1,winter,0
ITM015,Butter,Dairy,HH018,2026-01-23,0.14,kg,4,0,1,winter,0
ITM015,Butter,Dairy,HH018,2026-01-28,0.15,kg,2,0,1,winter,0
ITM015,Butter,Dairy,HH018,2026-02-02,0.15,kg,0,0,2,winter,0
ITM015,Butter,Dairy,HH018,2026-02-03,0.14,kg,1,0,2,winter,0
ITM015,Butter,Dairy,HH018,2026-02-10,0.19,kg,1,0,2,winter,0
ITM015,Butter,Dairy,HH018,2026-02-11,0.15,kg,2,0,2,winter,0
ITM015,Butter,Dairy,HH018,2026-02-13,0.2,kg,4,0,2,winter,0
ITM015,Butter,Dairy,HH018,2026-02-21,0.3,kg,5,1,2,winter,0
ITM015,Butter,Dairy,HH018,2026-02-28,0.22,kg,5,1,2,winter,0
ITM015,Butter,Dairy,HH018,2026-03-03,0.08,kg,1,0,3,spring,0
ITM015,Butter,Dairy,HH018,2026-03-07,0.09,kg,5,1,3,spring,0
ITM015,Butter,Dairy,HH018,2026-03-13,0.08,kg,4,0,3,spring,0
ITM015,Butter,Dairy,HH018,2026-03-15,0.09,kg,6,1,3,spring,0
ITM015,Butter,Dairy,HH018,2026-03-16,0.06,kg,0,0,3,spring,0
ITM015,Butter,Dairy,HH018,2026-03-20,0.07,kg,4,0,3,spring,0
ITM015,Butter,Dairy,HH018,2026-03-31,0.06,kg,1,0,3,spring,0
ITM015,Butter,Dairy,HH018,2026-04-01,0.07,kg,2,0,4,spring,0
ITM015,Butter,Dairy,HH018,2026-04-04,0.07,kg,5,1,4,spring,0
ITM015,Butter,Dairy,HH018,2026-04-07,0.08,kg,1,0,4,spring,0
ITM015,Butter,Dairy,HH018,2026-04-08,0.08,kg,2,0,4,spring,0
ITM015,Butter,Dairy,HH018,2026-04-09,0.05,kg,3,0,4,spring,0
ITM015,Butter,Dairy,HH018,2026-04-11,0.1,kg,5,1,4,spring,0
ITM015,Butter,Dairy,HH018,2026-04-12,0.14,kg,6,1,4,spring,0
ITM015,Butter,Dairy,HH018,2026-04-24,0.09,kg,4,0,4,spring,0
ITM015,Butter,Dairy,HH018,2026-04-26,0.08,kg,6,1,4,spring,0
ITM015,Butter,Dairy,HH018,2026-05-01,0.11,kg,4,0,5,spring,1
ITM015,Butter,Dairy,HH018,2026-05-02,0.08,kg,5,1,5,spring,0
ITM015,Butter,Dairy,HH018,2026-05-04,0.1,kg,0,0,5,spring,0
ITM015,Butter,Dairy,HH018,2026-05-07,0.07,kg,3,0,5,spring,0
ITM015,Butter,Dairy,HH018,2026-05-19,0.06,kg,1,0,5,spring,0
ITM015,Butter,Dairy,HH018,2026-05-22,0.06,kg,4,0,5,spring,0
ITM015,Butter,Dairy,HH018,2026-05-26,0.07,kg,1,0,5,spring,0
ITM015,Butter,Dairy,HH018,2026-05-31,0.15,kg,6,1,5,spring,0
ITM015,Butter,Dairy,HH018,2026-06-01,0.07,kg,0,0,6,summer,0
ITM015,Butter,Dairy,HH018,2026-06-03,0.07,kg,2,0,6,summer,0
ITM015,Butter,Dairy,HH018,2026-06-14,0.11,kg,6,1,6,summer,0
ITM015,Butter,Dairy,HH018,2026-06-17,0.06,kg,2,0,6,summer,0
ITM015,Butter,Dairy,HH018,2026-06-24,0.06,kg,2,0,6,summer,0
ITM015,Butter,Dairy,HH018,2026-06-25,0.05,kg,3,0,6,summer,0
ITM015,Butter,Dairy,HH019,2026-01-05,0.21,kg,0,0,1,winter,0
ITM015,Butter,Dairy,HH019,2026-01-06,0.18,kg,1,0,1,winter,0
ITM015,Butter,Dairy,HH019,2026-01-08,0.16,kg,3,0,1,winter,0
ITM015,Butter,Dairy,HH019,2026-01-10,0.23,kg,5,1,1,winter,0
ITM015,Butter,Dairy,HH019,2026-01-17,0.21,kg,5,1,1,winter,0
ITM015,Butter,Dairy,HH019,2026-01-20,0.21,kg,1,0,1,winter,0
ITM015,Butter,Dairy,HH019,2026-01-21,0.13,kg,2,0,1,winter,0
ITM015,Butter,Dairy,HH019,2026-01-22,0.14,kg,3,0,1,winter,0
ITM015,Butter,Dairy,HH019,2026-01-24,0.32,kg,5,1,1,winter,0
ITM015,Butter,Dairy,HH019,2026-01-26,0.36,kg,0,0,1,winter,1
ITM015,Butter,Dairy,HH019,2026-01-28,0.23,kg,2,0,1,winter,0
ITM015,Butter,Dairy,HH019,2026-02-15,0.19,kg,6,1,2,winter,0
ITM015,Butter,Dairy,HH019,2026-02-16,0.12,kg,0,0,2,winter,0
ITM015,Butter,Dairy,HH019,2026-02-18,0.14,kg,2,0,2,winter,0
ITM015,Butter,Dairy,HH019,2026-02-20,0.21,kg,4,0,2,winter,0
ITM015,Butter,Dairy,HH019,2026-02-21,0.25,kg,5,1,2,winter,0
ITM015,Butter,Dairy,HH019,2026-02-22,0.22,kg,6,1,2,winter,0
ITM015,Butter,Dairy,HH019,2026-02-25,0.19,kg,2,0,2,winter,0
ITM015,Butter,Dairy,HH019,2026-03-03,0.11,kg,1,0,3,spring,0
ITM015,Butter,Dairy,HH019,2026-03-04,0.1,kg,2,0,3,spring,0
ITM015,Butter,Dairy,HH019,2026-03-08,0.17,kg,6,1,3,spring,1
ITM015,Butter,Dairy,HH019,2026-03-13,0.06,kg,4,0,3,spring,0
ITM015,Butter,Dairy,HH019,2026-03-14,0.11,kg,5,1,3,spring,0
ITM015,Butter,Dairy,HH019,2026-03-15,0.13,kg,6,1,3,spring,0
ITM015,Butter,Dairy,HH019,2026-03-17,0.07,kg,1,0,3,spring,0
ITM015,Butter,Dairy,HH019,2026-03-19,0.1,kg,3,0,3,spring,0
ITM015,Butter,Dairy,HH019,2026-03-22,0.09,kg,6,1,3,spring,0
ITM015,Butter,Dairy,HH019,2026-03-23,0.08,kg,0,0,3,spring,0
ITM015,Butter,Dairy,HH019,2026-03-30,0.08,kg,0,0,3,spring,0
ITM015,Butter,Dairy,HH019,2026-04-09,0.06,kg,3,0,4,spring,0
ITM015,Butter,Dairy,HH019,2026-04-11,0.12,kg,5,1,4,spring,0
ITM015,Butter,Dairy,HH019,2026-04-12,0.17,kg,6,1,4,spring,0
ITM015,Butter,Dairy,HH019,2026-04-15,0.07,kg,2,0,4,spring,0
ITM015,Butter,Dairy,HH019,2026-04-21,0.09,kg,1,0,4,spring,0
ITM015,Butter,Dairy,HH019,2026-04-22,0.08,kg,2,0,4,spring,0
ITM015,Butter,Dairy,HH019,2026-05-08,0.11,kg,4,0,5,spring,0
ITM015,Butter,Dairy,HH019,2026-05-11,0.09,kg,0,0,5,spring,0
ITM015,Butter,Dairy,HH019,2026-05-14,0.07,kg,3,0,5,spring,0
ITM015,Butter,Dairy,HH019,2026-05-20,0.05,kg,2,0,5,spring,0
ITM015,Butter,Dairy,HH019,2026-05-21,0.07,kg,3,0,5,spring,0
ITM015,Butter,Dairy,HH019,2026-05-29,0.05,kg,4,0,5,spring,0
ITM015,Butter,Dairy,HH019,2026-06-01,0.08,kg,0,0,6,summer,0
ITM015,Butter,Dairy,HH019,2026-06-02,0.08,kg,1,0,6,summer,0
ITM015,Butter,Dairy,HH019,2026-06-04,0.07,kg,3,0,6,summer,0
ITM015,Butter,Dairy,HH019,2026-06-08,0.09,kg,0,0,6,summer,0
ITM015,Butter,Dairy,HH019,2026-06-12,0.1,kg,4,0,6,summer,0
ITM015,Butter,Dairy,HH019,2026-06-14,0.12,kg,6,1,6,summer,0
ITM015,Butter,Dairy,HH019,2026-06-16,0.06,kg,1,0,6,summer,0
ITM015,Butter,Dairy,HH019,2026-06-17,0.1,kg,2,0,6,summer,0
ITM015,Butter,Dairy,HH019,2026-06-21,0.12,kg,6,1,6,summer,0
ITM015,Butter,Dairy,HH019,2026-06-23,0.09,kg,1,0,6,summer,0
ITM015,Butter,Dairy,HH019,2026-06-26,0.06,kg,4,0,6,summer,0
ITM015,Butter,Dairy,HH019,2026-06-29,0.09,kg,0,0,6,summer,0
ITM015,Butter,Dairy,HH020,2026-01-02,0.1,kg,4,0,1,winter,0
ITM015,Butter,Dairy,HH020,2026-01-06,0.1,kg,1,0,1,winter,0
ITM015,Butter,Dairy,HH020,2026-01-07,0.1,kg,2,0,1,winter,0
ITM015,Butter,Dairy,HH020,2026-01-11,0.12,kg,6,1,1,winter,0
ITM015,Butter,Dairy,HH020,2026-01-13,0.08,kg,1,0,1,winter,0
ITM015,Butter,Dairy,HH020,2026-01-14,0.09,kg,2,0,1,winter,0
ITM015,Butter,Dairy,HH020,2026-01-20,0.07,kg,1,0,1,winter,0
ITM015,Butter,Dairy,HH020,2026-01-21,0.12,kg,2,0,1,winter,0
ITM015,Butter,Dairy,HH020,2026-01-25,0.14,kg,6,1,1,winter,0
ITM015,Butter,Dairy,HH020,2026-01-30,0.09,kg,4,0,1,winter,0
ITM015,Butter,Dairy,HH020,2026-02-02,0.05,kg,0,0,2,winter,0
ITM015,Butter,Dairy,HH020,2026-02-06,0.07,kg,4,0,2,winter,0
ITM015,Butter,Dairy,HH020,2026-02-10,0.07,kg,1,0,2,winter,0
ITM015,Butter,Dairy,HH020,2026-02-14,0.13,kg,5,1,2,winter,0
ITM015,Butter,Dairy,HH020,2026-02-21,0.14,kg,5,1,2,winter,0
ITM015,Butter,Dairy,HH020,2026-02-25,0.09,kg,2,0,2,winter,0
ITM015,Butter,Dairy,HH020,2026-02-26,0.08,kg,3,0,2,winter,0
ITM015,Butter,Dairy,HH020,2026-03-01,0.06,kg,6,1,3,spring,0
ITM015,Butter,Dairy,HH020,2026-03-03,0.04,kg,1,0,3,spring,0
ITM015,Butter,Dairy,HH020,2026-03-07,0.05,kg,5,1,3,spring,0
ITM015,Butter,Dairy,HH020,2026-03-09,0.06,kg,0,0,3,spring,0
ITM015,Butter,Dairy,HH020,2026-03-14,0.06,kg,5,1,3,spring,0
ITM015,Butter,Dairy,HH020,2026-03-24,0.05,kg,1,0,3,spring,0
ITM015,Butter,Dairy,HH020,2026-03-26,0.04,kg,3,0,3,spring,0
ITM015,Butter,Dairy,HH020,2026-03-27,0.05,kg,4,0,3,spring,0
ITM015,Butter,Dairy,HH020,2026-04-13,0.05,kg,0,0,4,spring,0
ITM015,Butter,Dairy,HH020,2026-04-21,0.04,kg,1,0,4,spring,0
ITM015,Butter,Dairy,HH020,2026-04-24,0.03,kg,4,0,4,spring,0
ITM015,Butter,Dairy,HH020,2026-04-28,0.04,kg,1,0,4,spring,0
ITM015,Butter,Dairy,HH020,2026-04-29,0.05,kg,2,0,4,spring,0
ITM015,Butter,Dairy,HH020,2026-05-02,0.07,kg,5,1,5,spring,0
ITM015,Butter,Dairy,HH020,2026-05-04,0.03,kg,0,0,5,spring,0
ITM015,Butter,Dairy,HH020,2026-05-05,0.05,kg,1,0,5,spring,0
ITM015,Butter,Dairy,HH020,2026-05-08,0.04,kg,4,0,5,spring,0
ITM015,Butter,Dairy,HH020,2026-05-13,0.04,kg,2,0,5,spring,0
ITM015,Butter,Dairy,HH020,2026-05-15,0.05,kg,4,0,5,spring,0
ITM015,Butter,Dairy,HH020,2026-05-18,0.03,kg,0,0,5,spring,0
ITM015,Butter,Dairy,HH020,2026-05-25,0.04,kg,0,0,5,spring,0
ITM015,Butter,Dairy,HH020,2026-05-30,0.06,kg,5,1,5,spring,0
ITM015,Butter,Dairy,HH020,2026-05-31,0.06,kg,6,1,5,spring,0
ITM015,Butter,Dairy,HH020,2026-06-03,0.04,kg,2,0,6,summer,0
ITM015,Butter,Dairy,HH020,2026-06-04,0.04,kg,3,0,6,summer,0
ITM015,Butter,Dairy,HH020,2026-06-08,0.04,kg,0,0,6,summer,0
ITM015,Butter,Dairy,HH020,2026-06-10,0.04,kg,2,0,6,summer,0
ITM015,Butter,Dairy,HH020,2026-06-11,0.05,kg,3,0,6,summer,0
ITM015,Butter,Dairy,HH020,2026-06-13,0.06,kg,5,1,6,summer,0
ITM015,Butter,Dairy,HH020,2026-06-19,0.04,kg,4,0,6,summer,0
ITM015,Butter,Dairy,HH020,2026-06-20,0.07,kg,5,1,6,summer,0
ITM015,Butter,Dairy,HH020,2026-06-21,0.07,kg,6,1,6,summer,0
ITM015,Butter,Dairy,HH020,2026-06-22,0.04,kg,0,0,6,summer,0
ITM015,Butter,Dairy,HH020,2026-06-23,0.04,kg,1,0,6,summer,0
ITM015,Butter,Dairy,HH020,2026-06-24,0.03,kg,2,0,6,summer,0
ITM015,Butter,Dairy,HH020,2026-06-28,0.06,kg,6,1,6,summer,0
ITM015,Butter,Dairy,HH020,2026-06-29,0.04,kg,0,0,6,summer,0
