item_id,item_name,category,household_id,purchase_date,expiry_date,purchase_quantity,unit,daily_usage_rate,shelf_life_days,wasted_quantity,wasted_pct,target_label
ITM004,Rice,Grains,HH013,2026-01-27,2027-01-27,1.26,kg,0.207,365,0.0,0.0,Low Risk
ITM011,Cereal,Pantry,HH010,2026-01-27,2026-05-27,0.83,boxes,0.049,120,0.12,0.145,Medium Risk
ITM008,Yogurt,Dairy,HH003,2026-01-04,2026-01-18,3.28,cups,0.419,14,0.0,0.0,Low Risk
ITM004,Rice,Grains,HH018,2026-05-25,2027-05-25,0.5,kg,0.109,365,0.0,0.0,Low Risk
ITM010,Bananas,Produce,HH004,2026-05-14,2026-05-19,1.62,kg,0.602,5,0.28,0.173,Medium Risk
ITM003,Bread,Bakery,HH007,2026-02-16,2026-02-21,3.07,loaves,0.501,5,0.13,0.042,Low Risk
ITM001,Milk,Dairy,HH015,2026-04-30,2026-05-07,5.91,liters,0.29,7,5.91,1.0,High Risk
ITM013,Frozen Peas,Frozen,HH017,2026-04-23,2026-09-20,0.58,bags,0.128,150,0.0,0.0,Low Risk
ITM013,Frozen Peas,Frozen,HH012,2026-01-25,2026-06-24,0.99,bags,0.104,150,0.13,0.131,Medium Risk
ITM006,Chicken Breast,Meat,HH020,2026-03-03,2026-03-07,1.02,kg,0.231,4,0.01,0.01,Low Risk
ITM006,Chicken Breast,Meat,HH018,2026-04-06,2026-04-10,1.84,kg,0.301,4,0.69,0.375,Medium Risk
ITM015,Butter,Dairy,HH012,2026-01-06,2026-03-07,0.51,kg,0.057,60,0.0,0.0,Low Risk
ITM009,Cheese,Dairy,HH017,2026-02-07,2026-03-09,0.58,kg,0.094,30,0.0,0.0,Low Risk
ITM010,Bananas,Produce,HH020,2026-04-06,2026-04-11,3.78,kg,0.168,5,3.78,1.0,High Risk
ITM002,Eggs,Dairy,HH004,2026-04-09,2026-04-30,3.73,dozen,0.426,21,0.1,0.027,Low Risk
ITM011,Cereal,Pantry,HH019,2026-05-26,2026-09-23,0.4,boxes,0.169,120,0.07,0.175,Medium Risk
ITM005,Ice Cream,Frozen,HH016,2026-04-12,2026-07-11,1.52,tubs,0.117,90,0.0,0.0,Low Risk
ITM006,Chicken Breast,Meat,HH004,2026-01-17,2026-01-21,0.92,kg,0.539,4,0.0,0.0,Low Risk
ITM004,Rice,Grains,HH007,2026-03-08,2027-03-08,1.1,kg,0.097,365,0.0,0.0,Low Risk
ITM009,Cheese,Dairy,HH002,2026-03-24,2026-04-23,0.89,kg,0.06,30,0.0,0.0,Low Risk
ITM010,Bananas,Produce,HH013,2026-03-11,2026-03-16,1.6,kg,0.451,5,0.0,0.0,Low Risk
ITM008,Yogurt,Dairy,HH013,2026-01-29,2026-02-12,4.58,cups,0.521,14,0.0,0.0,Low Risk
ITM010,Bananas,Produce,HH007,2026-02-11,2026-02-16,3.83,kg,0.278,5,3.76,0.982,High Risk
ITM003,Bread,Bakery,HH016,2026-04-22,2026-04-27,2.05,loaves,0.34,5,0.29,0.141,Medium Risk
ITM012,Cooking Oil,Pantry,HH018,2026-04-14,2026-10-11,0.18,liters,0.045,180,0.0,0.0,Low Risk
ITM010,Bananas,Produce,HH007,2026-02-28,2026-03-05,3.84,kg,0.211,5,3.84,1.0,High Risk
ITM013,Frozen Peas,Frozen,HH010,2026-04-06,2026-09-03,0.96,bags,0.053,150,0.14,0.146,Medium Risk
ITM002,Eggs,Dairy,HH005,2026-02-10,2026-03-03,2.66,dozen,0.239,21,0.0,0.0,Low Risk
ITM003,Bread,Bakery,HH008,2026-04-07,2026-04-12,4.32,loaves,0.517,5,3.14,0.727,High Risk
ITM008,Yogurt,Dairy,HH003,2026-03-31,2026-04-14,2.99,cups,0.649,14,0.05,0.017,Low Risk
ITM001,Milk,Dairy,HH010,2026-01-17,2026-01-24,4.39,liters,0.32,7,3.51,0.8,High Risk
ITM014,Orange Juice,Beverages,HH010,2026-02-28,2026-03-10,1.88,liters,0.118,10,0.54,0.287,Medium Risk
ITM010,Bananas,Produce,HH001,2026-04-29,2026-05-04,2.51,kg,0.4,5,0.37,0.147,Medium Risk
ITM011,Cereal,Pantry,HH006,2026-02-06,2026-06-06,0.75,boxes,0.043,120,0.0,0.0,Low Risk
ITM011,Cereal,Pantry,HH003,2026-04-14,2026-08-12,0.66,boxes,0.115,120,0.07,0.106,Medium Risk
ITM003,Bread,Bakery,HH012,2026-02-10,2026-02-15,2.49,loaves,0.307,5,0.92,0.369,Medium Risk
ITM005,Ice Cream,Frozen,HH014,2026-01-02,2026-04-02,1.1,tubs,0.179,90,0.22,0.2,Medium Risk
ITM002,Eggs,Dairy,HH016,2026-05-21,2026-06-11,1.58,dozen,0.385,21,0.22,0.139,Medium Risk
ITM001,Milk,Dairy,HH015,2026-05-22,2026-05-29,2.89,liters,0.419,7,0.0,0.0,Low Risk
ITM008,Yogurt,Dairy,HH002,2026-03-20,2026-04-03,1.67,cups,0.327,14,0.0,0.0,Low Risk
ITM012,Cooking Oil,Pantry,HH004,2026-03-19,2026-09-15,0.45,liters,0.072,180,0.12,0.267,Medium Risk
ITM008,Yogurt,Dairy,HH005,2026-04-23,2026-05-07,3.74,cups,0.256,14,0.75,0.201,Medium Risk
ITM005,Ice Cream,Frozen,HH007,2026-04-16,2026-07-15,0.76,tubs,0.202,90,0.0,0.0,Low Risk
ITM014,Orange Juice,Beverages,HH007,2026-03-05,2026-03-15,1.8,liters,0.16,10,0.18,0.1,Low Risk
ITM003,Bread,Bakery,HH008,2026-02-12,2026-02-17,4.47,loaves,0.577,5,2.59,0.579,High Risk
ITM008,Yogurt,Dairy,HH013,2026-01-21,2026-02-04,2.49,cups,0.409,14,0.03,0.012,Low Risk
ITM002,Eggs,Dairy,HH016,2026-05-24,2026-06-14,2.79,dozen,0.217,21,0.0,0.0,Low Risk
ITM013,Frozen Peas,Frozen,HH006,2026-03-24,2026-08-21,0.47,bags,0.121,150,0.0,0.0,Low Risk
ITM002,Eggs,Dairy,HH007,2026-02-28,2026-03-21,2.55,dozen,0.201,21,0.19,0.075,Low Risk
ITM011,Cereal,Pantry,HH001,2026-03-21,2026-07-19,0.81,boxes,0.066,120,0.12,0.148,Medium Risk
ITM006,Chicken Breast,Meat,HH002,2026-04-07,2026-04-11,1.67,kg,0.305,4,0.26,0.156,Medium Risk
ITM011,Cereal,Pantry,HH017,2026-04-24,2026-08-22,0.54,boxes,0.054,120,0.0,0.0,Low Risk
ITM013,Frozen Peas,Frozen,HH015,2026-05-29,2026-10-26,1.47,bags,0.078,150,0.0,0.0,Low Risk
ITM014,Orange Juice,Beverages,HH020,2026-03-25,2026-04-04,2.02,liters,0.106,10,1.56,0.772,High Risk
ITM008,Yogurt,Dairy,HH020,2026-03-29,2026-04-12,2.59,cups,0.168,14,0.34,0.131,Medium Risk
ITM002,Eggs,Dairy,HH017,2026-03-14,2026-04-04,2.2,dozen,0.353,21,0.0,0.0,Low Risk
ITM014,Orange Juice,Beverages,HH005,2026-01-08,2026-01-18,2.57,liters,0.174,10,1.17,0.455,Medium Risk
ITM012,Cooking Oil,Pantry,HH013,2026-05-21,2026-11-17,0.28,liters,0.032,180,0.0,0.0,Low Risk
ITM011,Cereal,Pantry,HH018,2026-05-18,2026-09-15,0.61,boxes,0.126,120,0.0,0.0,Low Risk
ITM003,Bread,Bakery,HH012,2026-04-09,2026-04-14,2.72,loaves,0.515,5,0.06,0.022,Low Risk
ITM005,Ice Cream,Frozen,HH006,2026-04-08,2026-07-07,1.24,tubs,0.099,90,0.0,0.0,Low Risk
ITM002,Eggs,Dairy,HH015,2026-01-28,2026-02-18,2.36,dozen,0.134,21,0.0,0.0,Low Risk
ITM001,Milk,Dairy,HH017,2026-04-14,2026-04-21,4.77,liters,0.504,7,2.38,0.499,Medium Risk
ITM005,Ice Cream,Frozen,HH016,2026-02-15,2026-05-16,1.02,tubs,0.175,90,0.0,0.0,Low Risk
ITM005,Ice Cream,Frozen,HH020,2026-03-28,2026-06-26,1.16,tubs,0.156,90,0.0,0.0,Low Risk
ITM011,Cereal,Pantry,HH014,2026-03-23,2026-07-21,0.34,boxes,0.165,120,0.09,0.265,Medium Risk
ITM011,Cereal,Pantry,HH012,2026-02-09,2026-06-09,0.32,boxes,0.127,120,0.0,0.0,Low Risk
ITM014,Orange Juice,Beverages,HH010,2026-04-28,2026-05-08,1.89,liters,0.207,10,0.0,0.0,Low Risk
ITM011,Cereal,Pantry,HH008,2026-03-25,2026-07-23,1.0,boxes,0.133,120,0.08,0.08,Low Risk
ITM011,Cereal,Pantry,HH014,2026-04-21,2026-08-19,0.53,boxes,0.163,120,0.03,0.057,Low Risk
ITM008,Yogurt,Dairy,HH001,2026-03-12,2026-03-26,2.41,cups,0.438,14,0.19,0.079,Low Risk
ITM003,Bread,Bakery,HH005,2026-05-05,2026-05-10,1.74,loaves,0.167,5,1.57,0.902,High Risk
ITM001,Milk,Dairy,HH014,2026-05-08,2026-05-15,5.45,liters,0.559,7,1.65,0.303,Medium Risk
ITM013,Frozen Peas,Frozen,HH006,2026-04-07,2026-09-04,1.42,bags,0.134,150,0.0,0.0,Low Risk
ITM003,Bread,Bakery,HH016,2026-04-23,2026-04-28,4.25,loaves,0.45,5,2.02,0.475,Medium Risk
ITM005,Ice Cream,Frozen,HH008,2026-02-06,2026-05-07,1.79,tubs,0.152,90,0.01,0.006,Low Risk
ITM008,Yogurt,Dairy,HH001,2026-01-11,2026-01-25,3.81,cups,0.461,14,0.0,0.0,Low Risk
ITM010,Bananas,Produce,HH007,2026-05-17,2026-05-22,3.98,kg,0.415,5,2.73,0.686,High Risk
ITM006,Chicken Breast,Meat,HH013,2026-04-11,2026-04-15,2.48,kg,0.2,4,2.48,1.0,High Risk
ITM001,Milk,Dairy,HH016,2026-01-21,2026-01-28,4.85,liters,0.468,7,1.04,0.214,Medium Risk
ITM001,Milk,Dairy,HH002,2026-04-11,2026-04-18,3.51,liters,0.589,7,0.75,0.214,Medium Risk
ITM006,Chicken Breast,Meat,HH014,2026-04-08,2026-04-12,1.73,kg,0.514,4,0.0,0.0,Low Risk
ITM010,Bananas,Produce,HH003,2026-02-14,2026-02-19,1.91,kg,0.332,5,0.29,0.152,Medium Risk
ITM002,Eggs,Dairy,HH001,2026-04-19,2026-05-10,1.41,dozen,0.378,21,0.23,0.163,Medium Risk
ITM010,Bananas,Produce,HH016,2026-03-06,2026-03-11,2.25,kg,0.352,5,0.48,0.213,Medium Risk
ITM002,Eggs,Dairy,HH014,2026-01-17,2026-02-07,3.4,dozen,0.59,21,0.0,0.0,Low Risk
ITM006,Chicken Breast,Meat,HH013,2026-04-13,2026-04-17,2.24,kg,0.417,4,0.97,0.433,Medium Risk
ITM002,Eggs,Dairy,HH014,2026-01-21,2026-02-11,3.1,dozen,0.635,21,0.67,0.216,Medium Risk
ITM002,Eggs,Dairy,HH015,2026-01-25,2026-02-15,2.44,dozen,0.264,21,0.0,0.0,Low Risk
ITM003,Bread,Bakery,HH013,2026-02-22,2026-02-27,3.7,loaves,0.466,5,1.79,0.484,Medium Risk
ITM011,Cereal,Pantry,HH016,2026-04-12,2026-08-10,0.79,boxes,0.089,120,0.1,0.127,Medium Risk
ITM014,Orange Juice,Beverages,HH018,2026-05-04,2026-05-14,1.48,liters,0.2,10,0.0,0.0,Low Risk
ITM012,Cooking Oil,Pantry,HH002,2026-01-10,2026-07-09,0.18,liters,0.06,180,0.0,0.0,Low Risk
ITM010,Bananas,Produce,HH001,2026-04-21,2026-04-26,2.01,kg,0.304,5,0.61,0.303,Medium Risk
ITM013,Frozen Peas,Frozen,HH013,2026-05-29,2026-10-26,0.93,bags,0.116,150,0.22,0.237,Medium Risk
ITM004,Rice,Grains,HH017,2026-02-01,2027-02-01,0.89,kg,0.106,365,0.04,0.045,Low Risk
ITM002,Eggs,Dairy,HH019,2026-01-05,2026-01-26,1.59,dozen,0.313,21,0.16,0.101,Medium Risk
ITM003,Bread,Bakery,HH007,2026-04-01,2026-04-06,4.37,loaves,0.584,5,2.38,0.545,High Risk
ITM012,Cooking Oil,Pantry,HH019,2026-01-30,2026-07-29,0.38,liters,0.054,180,0.07,0.184,Medium Risk
ITM013,Frozen Peas,Frozen,HH009,2026-04-04,2026-09-01,0.82,bags,0.107,150,0.0,0.0,Low Risk
ITM011,Cereal,Pantry,HH012,2026-03-13,2026-07-11,0.93,boxes,0.063,120,0.06,0.065,Low Risk
ITM003,Bread,Bakery,HH015,2026-02-25,2026-03-02,3.89,loaves,0.17,5,3.89,1.0,High Risk
ITM011,Cereal,Pantry,HH009,2026-02-02,2026-06-02,0.38,boxes,0.116,120,0.03,0.079,Low Risk
ITM003,Bread,Bakery,HH011,2026-01-21,2026-01-26,3.19,loaves,0.361,5,2.5,0.784,High Risk
ITM002,Eggs,Dairy,HH015,2026-01-25,2026-02-15,2.54,dozen,0.124,21,0.0,0.0,Low Risk
ITM001,Milk,Dairy,HH002,2026-02-20,2026-02-27,5.59,liters,0.537,7,1.14,0.204,Medium Risk
ITM006,Chicken Breast,Meat,HH012,2026-04-19,2026-04-23,1.38,kg,0.194,4,0.95,0.688,High Risk
ITM006,Chicken Breast,Meat,HH010,2026-05-13,2026-05-17,1.58,kg,0.161,4,1.58,1.0,High Risk
ITM001,Milk,Dairy,HH010,2026-04-11,2026-04-18,2.38,liters,0.264,7,0.58,0.244,Medium Risk
ITM014,Orange Juice,Beverages,HH009,2026-01-13,2026-01-23,1.69,liters,0.437,10,0.0,0.0,Low Risk
ITM012,Cooking Oil,Pantry,HH018,2026-02-15,2026-08-14,0.42,liters,0.057,180,0.03,0.071,Low Risk
ITM009,Cheese,Dairy,HH006,2026-01-26,2026-02-25,0.5,kg,0.069,30,0.04,0.08,Low Risk
ITM005,Ice Cream,Frozen,HH013,2026-04-23,2026-07-22,0.96,tubs,0.133,90,0.0,0.0,Low Risk
ITM015,Butter,Dairy,HH001,2026-02-19,2026-04-20,0.54,kg,0.036,60,0.0,0.0,Low Risk
ITM005,Ice Cream,Frozen,HH001,2026-01-15,2026-04-15,0.83,tubs,0.103,90,0.06,0.072,Low Risk
ITM014,Orange Juice,Beverages,HH016,2026-02-27,2026-03-09,1.44,liters,0.235,10,0.0,0.0,Low Risk
ITM015,Butter,Dairy,HH006,2026-04-13,2026-06-12,0.54,kg,0.039,60,0.0,0.0,Low Risk
ITM001,Milk,Dairy,HH005,2026-04-23,2026-04-30,3.0,liters,0.334,7,0.0,0.0,Low Risk
ITM012,Cooking Oil,Pantry,HH014,2026-01-31,2026-07-30,0.38,liters,0.044,180,0.0,0.0,Low Risk
ITM007,Tomatoes,Produce,HH002,2026-01-15,2026-01-21,3.36,kg,0.287,6,2.82,0.839,High Risk
ITM009,Cheese,Dairy,HH010,2026-05-02,2026-06-01,0.34,kg,0.043,30,0.0,0.0,Low Risk
ITM001,Milk,Dairy,HH005,2026-04-07,2026-04-14,2.59,liters,0.321,7,0.0,0.0,Low Risk
ITM011,Cereal,Pantry,HH012,2026-02-18,2026-06-18,0.93,boxes,0.088,120,0.0,0.0,Low Risk
ITM006,Chicken Breast,Meat,HH018,2026-04-16,2026-04-20,2.54,kg,0.306,4,1.9,0.748,High Risk
ITM009,Cheese,Dairy,HH002,2026-01-02,2026-02-01,0.81,kg,0.102,30,0.05,0.062,Low Risk
ITM005,Ice Cream,Frozen,HH014,2026-01-01,2026-04-01,1.5,tubs,0.266,90,0.1,0.067,Low Risk
ITM006,Chicken Breast,Meat,HH014,2026-05-19,2026-05-23,2.44,kg,0.373,4,0.96,0.393,Medium Risk
ITM004,Rice,Grains,HH010,2026-02-23,2027-02-23,1.28,kg,0.059,365,0.13,0.102,Medium Risk
ITM003,Bread,Bakery,HH005,2026-01-24,2026-01-29,4.05,loaves,0.215,5,4.05,1.0,High Risk
ITM012,Cooking Oil,Pantry,HH001,2026-01-05,2026-07-04,0.39,liters,0.037,180,0.0,0.0,Low Risk
ITM011,Cereal,Pantry,HH015,2026-03-18,2026-07-16,0.59,boxes,0.07,120,0.0,0.0,Low Risk
ITM013,Frozen Peas,Frozen,HH004,2026-04-17,2026-09-14,1.03,bags,0.26,150,0.0,0.0,Low Risk
ITM005,Ice Cream,Frozen,HH014,2026-05-30,2026-08-28,2.0,tubs,0.157,90,0.0,0.0,Low Risk
ITM009,Cheese,Dairy,HH018,2026-02-04,2026-03-06,0.92,kg,0.136,30,0.03,0.033,Low Risk
ITM009,Cheese,Dairy,HH010,2026-04-17,2026-05-17,0.69,kg,0.044,30,0.0,0.0,Low Risk
ITM011,Cereal,Pantry,HH016,2026-03-18,2026-07-16,0.48,boxes,0.083,120,0.03,0.062,Low Risk
ITM009,Cheese,Dairy,HH015,2026-05-28,2026-06-27,0.74,kg,0.038,30,0.0,0.0,Low Risk
ITM008,Yogurt,Dairy,HH002,2026-04-19,2026-05-03,4.1,cups,0.437,14,0.06,0.015,Low Risk
ITM003,Bread,Bakery,HH011,2026-04-23,2026-04-28,1.58,loaves,0.332,5,0.04,0.025,Low Risk
ITM004,Rice,Grains,HH020,2026-02-18,2027-02-18,1.24,kg,0.091,365,0.23,0.185,Medium Risk
ITM002,Eggs,Dairy,HH001,2026-01-30,2026-02-20,2.3,dozen,0.196,21,0.0,0.0,Low Risk
ITM007,Tomatoes,Produce,HH015,2026-05-24,2026-05-30,1.35,kg,0.144,6,0.65,0.481,Medium Risk
ITM013,Frozen Peas,Frozen,HH020,2026-04-14,2026-09-11,1.43,bags,0.077,150,0.0,0.0,Low Risk
ITM015,Butter,Dairy,HH018,2026-02-24,2026-04-25,0.29,kg,0.102,60,0.0,0.0,Low Risk
ITM004,Rice,Grains,HH016,2026-01-13,2027-01-13,1.31,kg,0.093,365,0.04,0.031,Low Risk
ITM010,Bananas,Produce,HH015,2026-04-24,2026-04-29,2.59,kg,0.154,5,2.59,1.0,High Risk
ITM004,Rice,Grains,HH017,2026-02-08,2027-02-08,1.25,kg,0.161,365,0.14,0.112,Medium Risk
ITM014,Orange Juice,Beverages,HH004,2026-01-31,2026-02-10,2.12,liters,0.41,10,0.14,0.066,Low Risk
ITM009,Cheese,Dairy,HH001,2026-02-12,2026-03-14,0.81,kg,0.041,30,0.0,0.0,Low Risk
ITM015,Butter,Dairy,HH013,2026-01-11,2026-03-12,0.58,kg,0.083,60,0.0,0.0,Low Risk
ITM002,Eggs,Dairy,HH012,2026-03-20,2026-04-10,2.23,dozen,0.474,21,0.0,0.0,Low Risk
ITM012,Cooking Oil,Pantry,HH003,2026-04-09,2026-10-06,0.24,liters,0.078,180,0.0,0.0,Low Risk
ITM005,Ice Cream,Frozen,HH018,2026-03-22,2026-06-20,1.76,tubs,0.162,90,0.04,0.023,Low Risk
ITM001,Milk,Dairy,HH002,2026-04-16,2026-04-23,3.52,liters,0.417,7,0.58,0.165,Medium Risk
ITM011,Cereal,Pantry,HH006,2026-01-07,2026-05-07,0.38,boxes,0.066,120,0.0,0.0,Low Risk
ITM010,Bananas,Produce,HH009,2026-05-29,2026-06-03,2.59,kg,0.471,5,0.0,0.0,Low Risk
ITM005,Ice Cream,Frozen,HH019,2026-05-07,2026-08-05,1.36,tubs,0.201,90,0.2,0.147,Medium Risk
ITM011,Cereal,Pantry,HH017,2026-05-06,2026-09-03,0.99,boxes,0.064,120,0.0,0.0,Low Risk
ITM015,Butter,Dairy,HH018,2026-04-19,2026-06-18,0.64,kg,0.056,60,0.11,0.172,Medium Risk
ITM013,Frozen Peas,Frozen,HH012,2026-03-12,2026-08-09,0.84,bags,0.105,150,0.0,0.0,Low Risk
ITM003,Bread,Bakery,HH011,2026-03-03,2026-03-08,3.28,loaves,0.215,5,3.22,0.982,High Risk
ITM003,Bread,Bakery,HH005,2026-05-25,2026-05-30,4.09,loaves,0.166,5,3.6,0.88,High Risk
ITM012,Cooking Oil,Pantry,HH004,2026-02-14,2026-08-13,0.25,liters,0.087,180,0.03,0.12,Medium Risk
ITM008,Yogurt,Dairy,HH008,2026-05-13,2026-05-27,3.95,cups,0.474,14,0.0,0.0,Low Risk
ITM004,Rice,Grains,HH009,2026-05-12,2027-05-12,1.28,kg,0.153,365,0.0,0.0,Low Risk
ITM011,Cereal,Pantry,HH004,2026-05-11,2026-09-08,0.46,boxes,0.174,120,0.0,0.0,Low Risk
ITM003,Bread,Bakery,HH009,2026-02-17,2026-02-22,3.14,loaves,0.889,5,0.0,0.0,Low Risk
ITM007,Tomatoes,Produce,HH007,2026-04-02,2026-04-08,1.77,kg,0.212,6,0.45,0.254,Medium Risk
ITM011,Cereal,Pantry,HH012,2026-03-11,2026-07-09,0.48,boxes,0.129,120,0.08,0.167,Medium Risk
ITM010,Bananas,Produce,HH018,2026-05-05,2026-05-10,1.3,kg,0.507,5,0.13,0.1,Medium Risk
ITM011,Cereal,Pantry,HH011,2026-02-12,2026-06-12,0.81,boxes,0.063,120,0.11,0.136,Medium Risk
ITM013,Frozen Peas,Frozen,HH012,2026-03-04,2026-08-01,0.52,bags,0.155,150,0.05,0.096,Low Risk
ITM008,Yogurt,Dairy,HH002,2026-04-09,2026-04-23,4.44,cups,0.489,14,0.0,0.0,Low Risk
ITM011,Cereal,Pantry,HH020,2026-02-05,2026-06-05,0.44,boxes,0.049,120,0.0,0.0,Low Risk
ITM008,Yogurt,Dairy,HH007,2026-02-04,2026-02-18,3.6,cups,0.334,14,1.09,0.303,Medium Risk
ITM008,Yogurt,Dairy,HH008,2026-04-05,2026-04-19,3.57,cups,0.529,14,0.0,0.0,Low Risk
ITM006,Chicken Breast,Meat,HH011,2026-01-23,2026-01-27,2.38,kg,0.262,4,2.38,1.0,High Risk
ITM012,Cooking Oil,Pantry,HH006,2026-04-27,2026-10-24,0.27,liters,0.027,180,0.0,0.0,Low Risk
ITM014,Orange Juice,Beverages,HH017,2026-05-23,2026-06-02,2.67,liters,0.285,10,0.0,0.0,Low Risk
ITM010,Bananas,Produce,HH007,2026-03-25,2026-03-30,3.01,kg,0.218,5,3.01,1.0,High Risk
ITM013,Frozen Peas,Frozen,HH012,2026-04-09,2026-09-06,0.57,bags,0.117,150,0.05,0.088,Low Risk
ITM004,Rice,Grains,HH007,2026-04-01,2027-04-01,1.02,kg,0.185,365,0.03,0.029,Low Risk
ITM013,Frozen Peas,Frozen,HH015,2026-03-24,2026-08-21,1.18,bags,0.068,150,0.09,0.076,Low Risk
ITM010,Bananas,Produce,HH011,2026-01-18,2026-01-23,3.02,kg,0.237,5,2.83,0.937,High Risk
ITM006,Chicken Breast,Meat,HH019,2026-01-07,2026-01-11,1.46,kg,0.383,4,0.12,0.082,Low Risk
ITM011,Cereal,Pantry,HH004,2026-05-08,2026-09-05,0.86,boxes,0.105,120,0.0,0.0,Low Risk
ITM009,Cheese,Dairy,HH003,2026-01-06,2026-02-05,0.32,kg,0.09,30,0.0,0.0,Low Risk
ITM005,Ice Cream,Frozen,HH003,2026-02-06,2026-05-07,0.62,tubs,0.122,90,0.0,0.0,Low Risk
ITM015,Butter,Dairy,HH015,2026-01-14,2026-03-15,0.68,kg,0.051,60,0.02,0.029,Low Risk
ITM011,Cereal,Pantry,HH017,2026-05-19,2026-09-16,0.6,boxes,0.086,120,0.01,0.017,Low Risk
ITM014,Orange Juice,Beverages,HH005,2026-02-11,2026-02-21,2.7,liters,0.165,10,1.54,0.57,High Risk
ITM005,Ice Cream,Frozen,HH020,2026-05-24,2026-08-22,1.84,tubs,0.145,90,0.4,0.217,Medium Risk
ITM014,Orange Juice,Beverages,HH017,2026-01-21,2026-01-31,2.35,liters,0.161,10,0.78,0.332,Medium Risk
ITM010,Bananas,Produce,HH017,2026-02-02,2026-02-07,3.8,kg,0.38,5,3.41,0.897,High Risk
ITM003,Bread,Bakery,HH005,2026-03-23,2026-03-28,3.35,loaves,0.345,5,1.91,0.57,High Risk
ITM007,Tomatoes,Produce,HH012,2026-01-17,2026-01-23,2.15,kg,0.258,6,0.73,0.34,Medium Risk
ITM005,Ice Cream,Frozen,HH010,2026-04-17,2026-07-16,0.89,tubs,0.123,90,0.0,0.0,Low Risk
ITM001,Milk,Dairy,HH008,2026-01-08,2026-01-15,4.31,liters,0.65,7,0.0,0.0,Low Risk
ITM013,Frozen Peas,Frozen,HH001,2026-05-10,2026-10-07,1.27,bags,0.073,150,0.03,0.024,Low Risk
ITM006,Chicken Breast,Meat,HH007,2026-03-23,2026-03-27,2.49,kg,0.384,4,1.26,0.506,High Risk
ITM014,Orange Juice,Beverages,HH012,2026-02-19,2026-03-01,1.08,liters,0.34,10,0.0,0.0,Low Risk
ITM006,Chicken Breast,Meat,HH001,2026-05-11,2026-05-15,2.57,kg,0.243,4,1.84,0.716,High Risk
ITM010,Bananas,Produce,HH017,2026-03-21,2026-03-26,3.26,kg,0.258,5,3.26,1.0,High Risk
ITM001,Milk,Dairy,HH015,2026-02-16,2026-02-23,3.17,liters,0.235,7,2.1,0.662,High Risk
ITM014,Orange Juice,Beverages,HH012,2026-04-01,2026-04-11,2.5,liters,0.348,10,0.04,0.016,Low Risk
ITM014,Orange Juice,Beverages,HH012,2026-05-01,2026-05-11,1.15,liters,0.195,10,0.01,0.009,Low Risk
ITM013,Frozen Peas,Frozen,HH007,2026-04-29,2026-09-26,1.0,bags,0.18,150,0.0,0.0,Low Risk
ITM014,Orange Juice,Beverages,HH016,2026-05-16,2026-05-26,1.05,liters,0.206,10,0.01,0.01,Low Risk
ITM006,Chicken Breast,Meat,HH009,2026-05-08,2026-05-12,1.66,kg,0.489,4,0.0,0.0,Low Risk
ITM011,Cereal,Pantry,HH018,2026-05-02,2026-08-30,0.68,boxes,0.121,120,0.0,0.0,Low Risk
ITM011,Cereal,Pantry,HH012,2026-04-08,2026-08-06,0.38,boxes,0.111,120,0.0,0.0,Low Risk
ITM011,Cereal,Pantry,HH002,2026-01-02,2026-05-02,0.75,boxes,0.099,120,0.13,0.173,Medium Risk
ITM005,Ice Cream,Frozen,HH020,2026-04-26,2026-07-25,1.96,tubs,0.115,90,0.36,0.184,Medium Risk
ITM007,Tomatoes,Produce,HH020,2026-04-12,2026-04-18,1.53,kg,0.267,6,0.0,0.0,Low Risk
ITM015,Butter,Dairy,HH001,2026-01-31,2026-04-01,0.31,kg,0.037,60,0.01,0.032,Low Risk
ITM010,Bananas,Produce,HH020,2026-05-13,2026-05-18,1.29,kg,0.223,5,0.0,0.0,Low Risk
ITM001,Milk,Dairy,HH019,2026-05-12,2026-05-19,5.67,liters,0.689,7,0.02,0.004,Low Risk
ITM014,Orange Juice,Beverages,HH001,2026-05-04,2026-05-14,1.15,liters,0.142,10,0.0,0.0,Low Risk
ITM002,Eggs,Dairy,HH001,2026-05-13,2026-06-03,1.75,dozen,0.182,21,0.0,0.0,Low Risk
ITM006,Chicken Breast,Meat,HH009,2026-01-25,2026-01-29,1.81,kg,0.296,4,0.27,0.149,Medium Risk
ITM008,Yogurt,Dairy,HH016,2026-02-24,2026-03-10,3.5,cups,0.363,14,0.0,0.0,Low Risk
ITM010,Bananas,Produce,HH019,2026-03-02,2026-03-07,3.73,kg,0.648,5,0.12,0.032,Low Risk
ITM014,Orange Juice,Beverages,HH017,2026-03-26,2026-04-05,2.58,liters,0.346,10,0.0,0.0,Low Risk
ITM013,Frozen Peas,Frozen,HH020,2026-01-09,2026-06-08,0.85,bags,0.115,150,0.09,0.106,Medium Risk
ITM005,Ice Cream,Frozen,HH014,2026-02-07,2026-05-08,0.9,tubs,0.359,90,0.32,0.356,Medium Risk
ITM006,Chicken Breast,Meat,HH004,2026-03-26,2026-03-30,1.41,kg,0.535,4,0.0,0.0,Low Risk
ITM006,Chicken Breast,Meat,HH019,2026-02-23,2026-02-27,2.89,kg,0.333,4,2.89,1.0,High Risk
ITM005,Ice Cream,Frozen,HH015,2026-03-31,2026-06-29,0.76,tubs,0.088,90,0.01,0.013,Low Risk
ITM012,Cooking Oil,Pantry,HH014,2026-03-19,2026-09-15,0.22,liters,0.081,180,0.02,0.091,Low Risk
ITM006,Chicken Breast,Meat,HH016,2026-03-13,2026-03-17,1.64,kg,0.193,4,1.6,0.976,High Risk
ITM005,Ice Cream,Frozen,HH019,2026-03-28,2026-06-26,1.28,tubs,0.22,90,0.0,0.0,Low Risk
ITM006,Chicken Breast,Meat,HH018,2026-04-13,2026-04-17,2.31,kg,0.413,4,0.43,0.186,Medium Risk
ITM006,Chicken Breast,Meat,HH018,2026-02-08,2026-02-12,2.98,kg,0.217,4,2.62,0.879,High Risk
ITM015,Butter,Dairy,HH008,2026-05-21,2026-07-20,0.67,kg,0.053,60,0.0,0.0,Low Risk
ITM015,Butter,Dairy,HH017,2026-05-02,2026-07-01,0.47,kg,0.08,60,0.03,0.064,Low Risk
ITM012,Cooking Oil,Pantry,HH001,2026-03-01,2026-08-28,0.42,liters,0.029,180,0.05,0.119,Medium Risk
ITM015,Butter,Dairy,HH018,2026-04-19,2026-06-18,0.27,kg,0.112,60,0.03,0.111,Medium Risk
ITM006,Chicken Breast,Meat,HH004,2026-05-01,2026-05-05,1.62,kg,0.413,4,0.03,0.019,Low Risk
ITM005,Ice Cream,Frozen,HH001,2026-02-26,2026-05-27,1.34,tubs,0.157,90,0.0,0.0,Low Risk
ITM004,Rice,Grains,HH004,2026-05-11,2027-05-11,1.46,kg,0.125,365,0.11,0.075,Low Risk
ITM009,Cheese,Dairy,HH013,2026-02-05,2026-03-07,0.64,kg,0.132,30,0.05,0.078,Low Risk
ITM008,Yogurt,Dairy,HH019,2026-04-02,2026-04-16,2.41,cups,0.398,14,0.12,0.05,Low Risk
ITM005,Ice Cream,Frozen,HH006,2026-05-03,2026-08-01,1.51,tubs,0.109,90,0.0,0.0,Low Risk
ITM012,Cooking Oil,Pantry,HH007,2026-02-22,2026-08-21,0.4,liters,0.036,180,0.03,0.075,Low Risk
ITM002,Eggs,Dairy,HH018,2026-01-06,2026-01-27,2.19,dozen,0.361,21,0.0,0.0,Low Risk
ITM014,Orange Juice,Beverages,HH019,2026-02-04,2026-02-14,2.71,liters,0.213,10,0.63,0.232,Medium Risk
ITM015,Butter,Dairy,HH003,2026-04-21,2026-06-20,0.73,kg,0.097,60,0.08,0.11,Medium Risk
ITM005,Ice Cream,Frozen,HH006,2026-01-12,2026-04-12,1.0,tubs,0.159,90,0.0,0.0,Low Risk
ITM012,Cooking Oil,Pantry,HH003,2026-02-11,2026-08-10,0.37,liters,0.077,180,0.0,0.0,Low Risk
ITM012,Cooking Oil,Pantry,HH019,2026-02-19,2026-08-18,0.19,liters,0.086,180,0.01,0.053,Low Risk
ITM007,Tomatoes,Produce,HH007,2026-05-17,2026-05-23,2.45,kg,0.338,6,0.79,0.322,Medium Risk
ITM008,Yogurt,Dairy,HH007,2026-01-20,2026-02-03,4.02,cups,0.606,14,0.13,0.032,Low Risk
ITM013,Frozen Peas,Frozen,HH001,2026-04-14,2026-09-11,0.78,bags,0.104,150,0.0,0.0,Low Risk
ITM015,Butter,Dairy,HH004,2026-03-25,2026-05-24,0.64,kg,0.124,60,0.0,0.0,Low Risk
ITM011,Cereal,Pantry,HH006,2026-02-12,2026-06-12,0.57,boxes,0.08,120,0.05,0.088,Low Risk
ITM009,Cheese,Dairy,HH005,2026-05-15,2026-06-14,0.3,kg,0.035,30,0.03,0.1,Medium Risk
ITM004,Rice,Grains,HH012,2026-02-07,2027-02-07,1.44,kg,0.153,365,0.19,0.132,Medium Risk
ITM001,Milk,Dairy,HH014,2026-04-27,2026-05-04,4.3,liters,0.671,7,0.29,0.067,Low Risk
ITM011,Cereal,Pantry,HH010,2026-03-28,2026-07-26,0.8,boxes,0.053,120,0.0,0.0,Low Risk
ITM008,Yogurt,Dairy,HH018,2026-04-13,2026-04-27,1.74,cups,0.706,14,0.16,0.092,Low Risk
ITM013,Frozen Peas,Frozen,HH012,2026-01-01,2026-05-31,0.63,bags,0.154,150,0.1,0.159,Medium Risk
ITM007,Tomatoes,Produce,HH020,2026-04-01,2026-04-07,1.5,kg,0.205,6,0.34,0.227,Medium Risk
ITM010,Bananas,Produce,HH002,2026-01-11,2026-01-16,3.19,kg,0.276,5,2.49,0.781,High Risk
ITM008,Yogurt,Dairy,HH012,2026-04-30,2026-05-14,3.42,cups,0.489,14,0.63,0.184,Medium Risk
ITM008,Yogurt,Dairy,HH003,2026-02-06,2026-02-20,4.9,cups,0.342,14,0.0,0.0,Low Risk
ITM003,Bread,Bakery,HH019,2026-01-31,2026-02-05,4.26,loaves,0.573,5,1.83,0.43,Medium Risk
ITM013,Frozen Peas,Frozen,HH009,2026-04-28,2026-09-25,1.39,bags,0.18,150,0.29,0.209,Medium Risk
ITM012,Cooking Oil,Pantry,HH009,2026-05-20,2026-11-16,0.16,liters,0.067,180,0.01,0.062,Low Risk
ITM001,Milk,Dairy,HH017,2026-03-06,2026-03-13,4.69,liters,0.439,7,1.41,0.301,Medium Risk
ITM011,Cereal,Pantry,HH007,2026-01-10,2026-05-10,0.76,boxes,0.066,120,0.0,0.0,Low Risk
ITM008,Yogurt,Dairy,HH016,2026-04-12,2026-04-26,4.28,cups,0.468,14,0.1,0.023,Low Risk
ITM003,Bread,Bakery,HH005,2026-03-06,2026-03-11,2.17,loaves,0.18,5,2.17,1.0,High Risk
ITM006,Chicken Breast,Meat,HH006,2026-03-24,2026-03-28,0.91,kg,0.135,4,0.61,0.67,High Risk
ITM010,Bananas,Produce,HH004,2026-02-25,2026-03-02,3.66,kg,0.317,5,3.66,1.0,High Risk
ITM008,Yogurt,Dairy,HH015,2026-05-10,2026-05-24,3.88,cups,0.21,14,0.88,0.227,Medium Risk
ITM010,Bananas,Produce,HH018,2026-03-25,2026-03-30,3.41,kg,0.287,5,3.39,0.994,High Risk
ITM003,Bread,Bakery,HH008,2026-04-28,2026-05-03,1.95,loaves,0.339,5,0.04,0.021,Low Risk
ITM006,Chicken Breast,Meat,HH017,2026-01-08,2026-01-12,0.97,kg,0.344,4,0.1,0.103,Medium Risk
ITM010,Bananas,Produce,HH009,2026-05-24,2026-05-29,2.12,kg,0.647,5,0.0,0.0,Low Risk
ITM003,Bread,Bakery,HH013,2026-02-05,2026-02-10,1.61,loaves,0.448,5,0.05,0.031,Low Risk
ITM002,Eggs,Dairy,HH001,2026-04-20,2026-05-11,1.55,dozen,0.181,21,0.0,0.0,Low Risk
ITM011,Cereal,Pantry,HH004,2026-04-26,2026-08-24,0.43,boxes,0.156,120,0.0,0.0,Low Risk
ITM015,Butter,Dairy,HH007,2026-02-07,2026-04-08,0.37,kg,0.042,60,0.0,0.0,Low Risk
ITM002,Eggs,Dairy,HH014,2026-05-08,2026-05-29,1.34,dozen,0.394,21,0.3,0.224,Medium Risk
ITM001,Milk,Dairy,HH008,2026-03-09,2026-03-16,1.98,liters,0.714,7,0.0,0.0,Low Risk
ITM013,Frozen Peas,Frozen,HH018,2026-05-06,2026-10-03,0.77,bags,0.105,150,0.0,0.0,Low Risk
ITM001,Milk,Dairy,HH013,2026-03-27,2026-04-03,4.29,liters,0.439,7,1.05,0.245,Medium Risk
ITM009,Cheese,Dairy,HH002,2026-03-26,2026-04-25,0.36,kg,0.124,30,0.0,0.0,Low Risk
ITM010,Bananas,Produce,HH004,2026-02-28,2026-03-05,1.57,kg,0.699,5,0.0,0.0,Low Risk
ITM009,Cheese,Dairy,HH003,2026-02-17,2026-03-19,0.78,kg,0.06,30,0.0,0.0,Low Risk
ITM010,Bananas,Produce,HH005,2026-04-29,2026-05-04,1.44,kg,0.306,5,0.22,0.153,Medium Risk
ITM006,Chicken Breast,Meat,HH014,2026-05-09,2026-05-13,1.02,kg,0.494,4,0.05,0.049,Low Risk
ITM001,Milk,Dairy,HH014,2026-05-23,2026-05-30,4.01,liters,0.846,7,0.17,0.042,Low Risk
ITM013,Frozen Peas,Frozen,HH001,2026-01-19,2026-06-18,0.51,bags,0.154,150,0.0,0.0,Low Risk
ITM009,Cheese,Dairy,HH011,2026-05-19,2026-06-18,0.92,kg,0.07,30,0.0,0.0,Low Risk
ITM012,Cooking Oil,Pantry,HH006,2026-03-14,2026-09-10,0.27,liters,0.021,180,0.01,0.037,Low Risk
ITM005,Ice Cream,Frozen,HH015,2026-04-02,2026-07-01,1.44,tubs,0.086,90,0.23,0.16,Medium Risk
ITM012,Cooking Oil,Pantry,HH015,2026-04-13,2026-10-10,0.36,liters,0.018,180,0.02,0.056,Low Risk
ITM007,Tomatoes,Produce,HH006,2026-04-23,2026-04-29,2.4,kg,0.359,6,0.18,0.075,Low Risk
ITM006,Chicken Breast,Meat,HH017,2026-01-07,2026-01-11,2.94,kg,0.38,4,2.6,0.884,High Risk
ITM013,Frozen Peas,Frozen,HH017,2026-05-28,2026-10-25,0.46,bags,0.166,150,0.06,0.13,Medium Risk
ITM014,Orange Juice,Beverages,HH015,2026-05-05,2026-05-15,0.94,liters,0.19,10,0.0,0.0,Low Risk
ITM015,Butter,Dairy,HH001,2026-04-21,2026-06-20,0.31,kg,0.036,60,0.0,0.0,Low Risk
ITM012,Cooking Oil,Pantry,HH015,2026-05-19,2026-11-15,0.41,liters,0.036,180,0.0,0.0,Low Risk
ITM006,Chicken Breast,Meat,HH011,2026-03-28,2026-04-01,2.77,kg,0.19,4,2.33,0.841,High Risk
ITM014,Orange Juice,Beverages,HH017,2026-04-15,2026-04-25,1.03,liters,0.337,10,0.23,0.223,Medium Risk
ITM006,Chicken Breast,Meat,HH004,2026-04-11,2026-04-15,2.91,kg,0.392,4,2.27,0.78,High Risk
ITM012,Cooking Oil,Pantry,HH009,2026-03-02,2026-08-29,0.25,liters,0.082,180,0.01,0.04,Low Risk
ITM013,Frozen Peas,Frozen,HH006,2026-04-28,2026-09-25,0.65,bags,0.145,150,0.06,0.092,Low Risk
ITM011,Cereal,Pantry,HH018,2026-02-06,2026-06-06,0.56,boxes,0.087,120,0.05,0.089,Low Risk
ITM011,Cereal,Pantry,HH003,2026-01-14,2026-05-14,0.4,boxes,0.087,120,0.0,0.0,Low Risk
ITM013,Frozen Peas,Frozen,HH013,2026-02-23,2026-07-23,0.99,bags,0.172,150,0.0,0.0,Low Risk
ITM001,Milk,Dairy,HH011,2026-03-25,2026-04-01,1.81,liters,0.469,7,0.0,0.0,Low Risk
ITM015,Butter,Dairy,HH020,2026-05-10,2026-07-09,0.29,kg,0.026,60,0.01,0.034,Low Risk
ITM012,Cooking Oil,Pantry,HH014,2026-03-13,2026-09-09,0.43,liters,0.054,180,0.04,0.093,Low Risk
ITM001,Milk,Dairy,HH001,2026-05-16,2026-05-23,5.01,liters,0.523,7,0.63,0.126,Medium Risk
ITM015,Butter,Dairy,HH016,2026-04-30,2026-06-29,0.7,kg,0.061,60,0.0,0.0,Low Risk
ITM003,Bread,Bakery,HH009,2026-03-16,2026-03-21,3.71,loaves,0.541,5,0.94,0.253,Medium Risk
ITM004,Rice,Grains,HH008,2026-02-13,2027-02-13,0.66,kg,0.224,365,0.0,0.0,Low Risk
ITM012,Cooking Oil,Pantry,HH015,2026-05-10,2026-11-06,0.47,liters,0.025,180,0.01,0.021,Low Risk
ITM013,Frozen Peas,Frozen,HH009,2026-05-17,2026-10-14,0.5,bags,0.116,150,0.04,0.08,Low Risk
ITM002,Eggs,Dairy,HH008,2026-02-23,2026-03-16,3.94,dozen,0.333,21,0.34,0.086,Low Risk
ITM005,Ice Cream,Frozen,HH017,2026-04-29,2026-07-28,1.7,tubs,0.256,90,0.0,0.0,Low Risk
ITM013,Frozen Peas,Frozen,HH010,2026-03-13,2026-08-10,0.81,bags,0.065,150,0.0,0.0,Low Risk
ITM010,Bananas,Produce,HH010,2026-05-26,2026-05-31,1.94,kg,0.295,5,0.39,0.201,Medium Risk
ITM015,Butter,Dairy,HH002,2026-04-10,2026-06-09,0.41,kg,0.101,60,0.0,0.0,Low Risk
ITM014,Orange Juice,Beverages,HH002,2026-04-03,2026-04-13,1.52,liters,0.373,10,0.01,0.007,Low Risk
ITM014,Orange Juice,Beverages,HH014,2026-02-02,2026-02-12,1.48,liters,0.441,10,0.16,0.108,Medium Risk
ITM014,Orange Juice,Beverages,HH013,2026-04-24,2026-05-04,1.81,liters,0.322,10,0.26,0.144,Medium Risk
ITM001,Milk,Dairy,HH002,2026-03-04,2026-03-11,3.83,liters,0.566,7,0.04,0.01,Low Risk
ITM015,Butter,Dairy,HH005,2026-01-13,2026-03-14,0.7,kg,0.054,60,0.04,0.057,Low Risk
ITM014,Orange Juice,Beverages,HH016,2026-03-20,2026-03-30,2.9,liters,0.19,10,1.42,0.49,Medium Risk
ITM004,Rice,Grains,HH017,2026-03-07,2027-03-07,0.92,kg,0.177,365,0.0,0.0,Low Risk
ITM014,Orange Juice,Beverages,HH017,2026-02-28,2026-03-10,2.8,liters,0.271,10,0.22,0.079,Low Risk
ITM007,Tomatoes,Produce,HH017,2026-01-09,2026-01-15,3.18,kg,0.22,6,2.86,0.899,High Risk
ITM002,Eggs,Dairy,HH004,2026-04-24,2026-05-15,3.26,dozen,0.693,21,0.6,0.184,Medium Risk
ITM007,Tomatoes,Produce,HH007,2026-04-22,2026-04-28,2.76,kg,0.277,6,1.48,0.536,High Risk
ITM009,Cheese,Dairy,HH006,2026-03-15,2026-04-14,0.93,kg,0.08,30,0.0,0.0,Low Risk
ITM013,Frozen Peas,Frozen,HH010,2026-02-21,2026-07-21,1.28,bags,0.071,150,0.09,0.07,Low Risk
ITM015,Butter,Dairy,HH011,2026-05-30,2026-07-29,0.77,kg,0.053,60,0.04,0.052,Low Risk
ITM003,Bread,Bakery,HH019,2026-05-22,2026-05-27,3.31,loaves,0.774,5,0.21,0.063,Low Risk
ITM004,Rice,Grains,HH017,2026-05-01,2027-05-01,0.67,kg,0.132,365,0.0,0.0,Low Risk
ITM007,Tomatoes,Produce,HH015,2026-01-31,2026-02-06,2.19,kg,0.15,6,2.05,0.936,High Risk
ITM004,Rice,Grains,HH011,2026-05-07,2027-05-07,0.69,kg,0.082,365,0.04,0.058,Low Risk
ITM008,Yogurt,Dairy,HH011,2026-01-04,2026-01-18,3.48,cups,0.432,14,0.0,0.0,Low Risk
ITM005,Ice Cream,Frozen,HH010,2026-01-31,2026-05-01,1.15,tubs,0.144,90,0.07,0.061,Low Risk
ITM004,Rice,Grains,HH015,2026-03-12,2027-03-12,0.53,kg,0.069,365,0.01,0.019,Low Risk
ITM015,Butter,Dairy,HH001,2026-05-21,2026-07-20,0.38,kg,0.065,60,0.0,0.0,Low Risk
ITM015,Butter,Dairy,HH009,2026-05-28,2026-07-27,0.55,kg,0.14,60,0.02,0.036,Low Risk
ITM011,Cereal,Pantry,HH004,2026-03-19,2026-07-17,0.77,boxes,0.087,120,0.01,0.013,Low Risk
ITM007,Tomatoes,Produce,HH002,2026-05-14,2026-05-20,2.36,kg,0.41,6,0.39,0.165,Medium Risk
ITM010,Bananas,Produce,HH001,2026-03-06,2026-03-11,3.05,kg,0.238,5,3.05,1.0,High Risk
ITM011,Cereal,Pantry,HH002,2026-04-23,2026-08-21,0.87,boxes,0.128,120,0.2,0.23,Medium Risk
ITM002,Eggs,Dairy,HH019,2026-01-20,2026-02-10,1.45,dozen,0.3,21,0.0,0.0,Low Risk
ITM004,Rice,Grains,HH009,2026-05-01,2027-05-01,0.83,kg,0.204,365,0.06,0.072,Low Risk
ITM014,Orange Juice,Beverages,HH017,2026-01-08,2026-01-18,2.33,liters,0.342,10,0.0,0.0,Low Risk
ITM002,Eggs,Dairy,HH002,2026-03-03,2026-03-24,3.92,dozen,0.511,21,0.52,0.133,Medium Risk
ITM008,Yogurt,Dairy,HH010,2026-04-25,2026-05-09,4.28,cups,0.36,14,0.0,0.0,Low Risk
ITM008,Yogurt,Dairy,HH020,2026-04-19,2026-05-03,3.63,cups,0.166,14,0.93,0.256,Medium Risk
ITM013,Frozen Peas,Frozen,HH015,2026-02-21,2026-07-21,1.35,bags,0.1,150,0.18,0.133,Medium Risk
ITM015,Butter,Dairy,HH009,2026-04-28,2026-06-27,0.74,kg,0.058,60,0.19,0.257,Medium Risk
ITM014,Orange Juice,Beverages,HH012,2026-04-30,2026-05-10,2.3,liters,0.203,10,0.32,0.139,Medium Risk
ITM001,Milk,Dairy,HH007,2026-01-12,2026-01-19,5.73,liters,0.415,7,3.68,0.642,High Risk
ITM010,Bananas,Produce,HH007,2026-04-10,2026-04-15,3.24,kg,0.3,5,3.24,1.0,High Risk
ITM015,Butter,Dairy,HH011,2026-03-31,2026-05-30,0.63,kg,0.046,60,0.0,0.0,Low Risk
ITM013,Frozen Peas,Frozen,HH013,2026-02-18,2026-07-18,0.6,bags,0.109,150,0.08,0.133,Medium Risk
ITM002,Eggs,Dairy,HH017,2026-03-02,2026-03-23,3.58,dozen,0.383,21,0.44,0.123,Medium Risk
ITM004,Rice,Grains,HH015,2026-05-13,2027-05-13,0.77,kg,0.093,365,0.14,0.182,Medium Risk
ITM004,Rice,Grains,HH019,2026-05-29,2027-05-29,1.11,kg,0.137,365,0.16,0.144,Medium Risk
ITM005,Ice Cream,Frozen,HH001,2026-02-22,2026-05-23,1.65,tubs,0.117,90,0.19,0.115,Medium Risk
ITM010,Bananas,Produce,HH001,2026-03-03,2026-03-08,1.96,kg,0.299,5,0.58,0.296,Medium Risk
ITM005,Ice Cream,Frozen,HH018,2026-05-28,2026-08-26,1.36,tubs,0.134,90,0.14,0.103,Medium Risk
ITM011,Cereal,Pantry,HH002,2026-01-21,2026-05-21,0.58,boxes,0.055,120,0.07,0.121,Medium Risk
ITM013,Frozen Peas,Frozen,HH009,2026-03-16,2026-08-13,1.35,bags,0.176,150,0.18,0.133,Medium Risk
ITM007,Tomatoes,Produce,HH008,2026-05-06,2026-05-12,2.99,kg,0.22,6,2.54,0.849,High Risk
ITM006,Chicken Breast,Meat,HH014,2026-02-09,2026-02-13,2.07,kg,0.282,4,1.05,0.507,High Risk
ITM014,Orange Juice,Beverages,HH011,2026-04-21,2026-05-01,2.89,liters,0.167,10,2.39,0.827,High Risk
ITM012,Cooking Oil,Pantry,HH005,2026-02-22,2026-08-21,0.36,liters,0.024,180,0.0,0.0,Low Risk
ITM015,Butter,Dairy,HH013,2026-02-08,2026-04-09,0.26,kg,0.116,60,0.02,0.077,Low Risk
ITM001,Milk,Dairy,HH012,2026-03-26,2026-04-02,1.88,liters,0.465,7,0.0,0.0,Low Risk
ITM014,Orange Juice,Beverages,HH015,2026-05-17,2026-05-27,1.64,liters,0.151,10,0.0,0.0,Low Risk
ITM013,Frozen Peas,Frozen,HH018,2026-04-20,2026-09-17,0.82,bags,0.192,150,0.0,0.0,Low Risk
ITM005,Ice Cream,Frozen,HH004,2026-01-14,2026-04-14,1.75,tubs,0.271,90,0.0,0.0,Low Risk
ITM014,Orange Juice,Beverages,HH015,2026-01-26,2026-02-05,1.09,liters,0.157,10,0.0,0.0,Low Risk
ITM011,Cereal,Pantry,HH017,2026-03-13,2026-07-11,0.62,boxes,0.124,120,0.0,0.0,Low Risk
ITM007,Tomatoes,Produce,HH001,2026-02-28,2026-03-06,3.46,kg,0.244,6,3.46,1.0,High Risk
ITM001,Milk,Dairy,HH008,2026-02-18,2026-02-25,5.06,liters,0.722,7,0.86,0.17,Medium Risk
ITM011,Cereal,Pantry,HH015,2026-05-22,2026-09-19,0.66,boxes,0.07,120,0.0,0.0,Low Risk
ITM013,Frozen Peas,Frozen,HH011,2026-04-15,2026-09-12,1.17,bags,0.071,150,0.0,0.0,Low Risk
ITM015,Butter,Dairy,HH004,2026-01-03,2026-03-04,0.45,kg,0.077,60,0.0,0.0,Low Risk
ITM002,Eggs,Dairy,HH001,2026-02-08,2026-03-01,3.28,dozen,0.235,21,0.38,0.116,Medium Risk
ITM010,Bananas,Produce,HH013,2026-03-16,2026-03-21,3.98,kg,0.552,5,2.01,0.505,High Risk
ITM012,Cooking Oil,Pantry,HH017,2026-02-17,2026-08-16,0.17,liters,0.059,180,0.0,0.0,Low Risk
ITM010,Bananas,Produce,HH018,2026-02-12,2026-02-17,1.95,kg,0.441,5,0.08,0.041,Low Risk
ITM005,Ice Cream,Frozen,HH020,2026-05-16,2026-08-14,0.81,tubs,0.064,90,0.03,0.037,Low Risk
ITM003,Bread,Bakery,HH018,2026-04-22,2026-04-27,3.55,loaves,0.4,5,2.58,0.727,High Risk
ITM001,Milk,Dairy,HH008,2026-01-29,2026-02-05,2.6,liters,0.612,7,0.0,0.0,Low Risk
ITM003,Bread,Bakery,HH011,2026-04-01,2026-04-06,1.76,loaves,0.478,5,0.0,0.0,Low Risk
ITM012,Cooking Oil,Pantry,HH006,2026-02-15,2026-08-14,0.36,liters,0.052,180,0.0,0.0,Low Risk
ITM011,Cereal,Pantry,HH010,2026-01-28,2026-05-28,0.98,boxes,0.053,120,0.07,0.071,Low Risk
ITM009,Cheese,Dairy,HH001,2026-03-09,2026-04-08,0.99,kg,0.102,30,0.0,0.0,Low Risk
ITM006,Chicken Breast,Meat,HH005,2026-05-04,2026-05-08,1.95,kg,0.172,4,1.9,0.974,High Risk
ITM007,Tomatoes,Produce,HH016,2026-05-18,2026-05-24,2.79,kg,0.226,6,2.33,0.835,High Risk
ITM012,Cooking Oil,Pantry,HH015,2026-05-02,2026-10-29,0.49,liters,0.025,180,0.0,0.0,Low Risk
ITM011,Cereal,Pantry,HH019,2026-02-05,2026-06-05,0.77,boxes,0.176,120,0.02,0.026,Low Risk
ITM011,Cereal,Pantry,HH016,2026-04-03,2026-08-01,0.8,boxes,0.071,120,0.0,0.0,Low Risk
ITM012,Cooking Oil,Pantry,HH006,2026-01-25,2026-07-24,0.23,liters,0.05,180,0.01,0.043,Low Risk
ITM011,Cereal,Pantry,HH014,2026-04-06,2026-08-04,0.33,boxes,0.12,120,0.0,0.0,Low Risk
ITM002,Eggs,Dairy,HH016,2026-03-06,2026-03-27,2.33,dozen,0.38,21,0.16,0.069,Low Risk
ITM001,Milk,Dairy,HH003,2026-04-27,2026-05-04,5.01,liters,0.741,7,0.0,0.0,Low Risk
ITM004,Rice,Grains,HH008,2026-04-29,2027-04-29,0.65,kg,0.17,365,0.0,0.0,Low Risk
ITM001,Milk,Dairy,HH014,2026-04-02,2026-04-09,3.43,liters,0.979,7,0.41,0.12,Medium Risk
ITM002,Eggs,Dairy,HH006,2026-03-29,2026-04-19,3.52,dozen,0.318,21,0.34,0.097,Low Risk
ITM002,Eggs,Dairy,HH004,2026-04-19,2026-05-10,2.89,dozen,0.437,21,0.76,0.263,Medium Risk
ITM011,Cereal,Pantry,HH003,2026-01-29,2026-05-29,0.68,boxes,0.067,120,0.0,0.0,Low Risk
ITM005,Ice Cream,Frozen,HH012,2026-01-07,2026-04-07,1.12,tubs,0.173,90,0.11,0.098,Low Risk
ITM006,Chicken Breast,Meat,HH004,2026-02-03,2026-02-07,1.79,kg,0.294,4,1.02,0.57,High Risk
ITM013,Frozen Peas,Frozen,HH003,2026-05-19,2026-10-16,0.87,bags,0.145,150,0.05,0.057,Low Risk
ITM010,Bananas,Produce,HH011,2026-05-18,2026-05-23,1.66,kg,0.353,5,0.02,0.012,Low Risk
ITM005,Ice Cream,Frozen,HH002,2026-02-22,2026-05-23,1.0,tubs,0.16,90,0.05,0.05,Low Risk
ITM005,Ice Cream,Frozen,HH012,2026-04-29,2026-07-28,1.49,tubs,0.164,90,0.0,0.0,Low Risk
ITM003,Bread,Bakery,HH015,2026-05-26,2026-05-31,1.9,loaves,0.249,5,0.65,0.342,Medium Risk
ITM014,Orange Juice,Beverages,HH012,2026-02-10,2026-02-20,2.18,liters,0.325,10,0.0,0.0,Low Risk
ITM001,Milk,Dairy,HH018,2026-01-28,2026-02-04,1.95,liters,0.904,7,0.12,0.062,Low Risk
ITM009,Cheese,Dairy,HH010,2026-01-25,2026-02-24,0.41,kg,0.076,30,0.02,0.049,Low Risk
ITM011,Cereal,Pantry,HH020,2026-05-12,2026-09-09,0.69,boxes,0.068,120,0.03,0.043,Low Risk
ITM005,Ice Cream,Frozen,HH003,2026-01-02,2026-04-02,1.86,tubs,0.254,90,0.0,0.0,Low Risk
ITM006,Chicken Breast,Meat,HH017,2026-02-05,2026-02-09,2.16,kg,0.292,4,1.43,0.662,High Risk
ITM003,Bread,Bakery,HH015,2026-05-06,2026-05-11,3.29,loaves,0.224,5,3.29,1.0,High Risk
ITM004,Rice,Grains,HH008,2026-02-19,2027-02-19,1.29,kg,0.106,365,0.04,0.031,Low Risk
ITM014,Orange Juice,Beverages,HH011,2026-05-19,2026-05-29,2.64,liters,0.27,10,0.0,0.0,Low Risk
ITM007,Tomatoes,Produce,HH019,2026-02-12,2026-02-18,1.1,kg,0.368,6,0.0,0.0,Low Risk
ITM014,Orange Juice,Beverages,HH003,2026-04-23,2026-05-03,2.97,liters,0.392,10,0.0,0.0,Low Risk
ITM013,Frozen Peas,Frozen,HH013,2026-04-30,2026-09-27,0.74,bags,0.227,150,0.0,0.0,Low Risk
ITM009,Cheese,Dairy,HH014,2026-01-06,2026-02-05,0.74,kg,0.103,30,0.0,0.0,Low Risk
ITM001,Milk,Dairy,HH013,2026-03-07,2026-03-14,2.24,liters,0.467,7,0.0,0.0,Low Risk
ITM012,Cooking Oil,Pantry,HH002,2026-05-28,2026-11-24,0.17,liters,0.054,180,0.03,0.176,Medium Risk
ITM010,Bananas,Produce,HH017,2026-03-06,2026-03-11,3.91,kg,0.405,5,3.09,0.79,High Risk
ITM007,Tomatoes,Produce,HH004,2026-03-11,2026-03-17,3.16,kg,0.297,6,2.23,0.706,High Risk
ITM015,Butter,Dairy,HH015,2026-02-23,2026-04-24,0.33,kg,0.037,60,0.0,0.0,Low Risk
ITM004,Rice,Grains,HH018,2026-01-10,2027-01-10,0.74,kg,0.173,365,0.0,0.0,Low Risk
ITM007,Tomatoes,Produce,HH017,2026-04-29,2026-05-05,3.18,kg,0.388,6,0.95,0.299,Medium Risk
ITM013,Frozen Peas,Frozen,HH003,2026-05-08,2026-10-05,1.13,bags,0.201,150,0.0,0.0,Low Risk
ITM013,Frozen Peas,Frozen,HH014,2026-02-06,2026-07-06,0.75,bags,0.249,150,0.0,0.0,Low Risk
ITM010,Bananas,Produce,HH004,2026-03-19,2026-03-24,2.04,kg,0.568,5,0.69,0.338,Medium Risk
ITM010,Bananas,Produce,HH020,2026-04-10,2026-04-15,3.98,kg,0.173,5,2.94,0.739,High Risk
ITM011,Cereal,Pantry,HH016,2026-04-10,2026-08-08,0.86,boxes,0.041,120,0.0,0.0,Low Risk
ITM013,Frozen Peas,Frozen,HH008,2026-01-16,2026-06-15,1.16,bags,0.099,150,0.0,0.0,Low Risk
ITM006,Chicken Breast,Meat,HH019,2026-04-24,2026-04-28,2.21,kg,0.365,4,0.7,0.317,Medium Risk
ITM014,Orange Juice,Beverages,HH014,2026-05-25,2026-06-04,1.01,liters,0.245,10,0.0,0.0,Low Risk
ITM014,Orange Juice,Beverages,HH002,2026-05-09,2026-05-19,2.06,liters,0.275,10,0.42,0.204,Medium Risk
ITM011,Cereal,Pantry,HH014,2026-04-20,2026-08-18,0.72,boxes,0.174,120,0.14,0.194,Medium Risk
ITM001,Milk,Dairy,HH019,2026-04-10,2026-04-17,2.66,liters,1.058,7,0.0,0.0,Low Risk
ITM003,Bread,Bakery,HH004,2026-02-05,2026-02-10,1.99,loaves,0.747,5,0.06,0.03,Low Risk
ITM003,Bread,Bakery,HH019,2026-02-26,2026-03-03,2.63,loaves,0.528,5,0.45,0.171,Medium Risk
ITM003,Bread,Bakery,HH001,2026-03-29,2026-04-03,2.68,loaves,0.296,5,1.38,0.515,High Risk
ITM006,Chicken Breast,Meat,HH015,2026-02-13,2026-02-17,2.21,kg,0.158,4,2.1,0.95,High Risk
ITM009,Cheese,Dairy,HH015,2026-04-14,2026-05-14,0.81,kg,0.039,30,0.0,0.0,Low Risk
ITM002,Eggs,Dairy,HH018,2026-02-22,2026-03-15,3.07,dozen,0.509,21,0.29,0.094,Low Risk
ITM010,Bananas,Produce,HH001,2026-01-24,2026-01-29,2.52,kg,0.219,5,2.18,0.865,High Risk
ITM001,Milk,Dairy,HH015,2026-03-19,2026-03-26,5.81,liters,0.446,7,4.1,0.706,High Risk
ITM001,Milk,Dairy,HH015,2026-03-13,2026-03-20,2.68,liters,0.458,7,0.19,0.071,Low Risk
ITM001,Milk,Dairy,HH015,2026-05-14,2026-05-21,4.63,liters,0.431,7,0.63,0.136,Medium Risk
ITM015,Butter,Dairy,HH001,2026-02-04,2026-04-05,0.49,kg,0.077,60,0.02,0.041,Low Risk
ITM002,Eggs,Dairy,HH009,2026-04-02,2026-04-23,1.7,dozen,0.556,21,0.15,0.088,Low Risk
ITM013,Frozen Peas,Frozen,HH001,2026-01-02,2026-06-01,0.78,bags,0.137,150,0.12,0.154,Medium Risk
ITM009,Cheese,Dairy,HH008,2026-05-06,2026-06-05,0.56,kg,0.106,30,0.0,0.0,Low Risk
ITM011,Cereal,Pantry,HH007,2026-05-17,2026-09-14,0.91,boxes,0.055,120,0.13,0.143,Medium Risk
ITM014,Orange Juice,Beverages,HH011,2026-01-03,2026-01-13,1.93,liters,0.289,10,0.1,0.052,Low Risk
ITM006,Chicken Breast,Meat,HH001,2026-03-27,2026-03-31,1.27,kg,0.239,4,0.0,0.0,Low Risk
ITM007,Tomatoes,Produce,HH009,2026-05-02,2026-05-08,3.48,kg,0.618,6,0.0,0.0,Low Risk
ITM015,Butter,Dairy,HH005,2026-03-31,2026-05-30,0.42,kg,0.06,60,0.04,0.095,Low Risk
ITM006,Chicken Breast,Meat,HH005,2026-03-13,2026-03-17,2.66,kg,0.137,4,2.66,1.0,High Risk
ITM002,Eggs,Dairy,HH018,2026-04-05,2026-04-26,1.99,dozen,0.567,21,0.0,0.0,Low Risk
ITM010,Bananas,Produce,HH004,2026-03-04,2026-03-09,2.88,kg,0.385,5,0.87,0.302,Medium Risk
ITM002,Eggs,Dairy,HH014,2026-05-21,2026-06-11,1.69,dozen,0.491,21,0.16,0.095,Low Risk
ITM008,Yogurt,Dairy,HH007,2026-05-16,2026-05-30,2.41,cups,0.555,14,0.0,0.0,Low Risk
ITM006,Chicken Breast,Meat,HH006,2026-03-22,2026-03-26,2.79,kg,0.146,4,2.76,0.989,High Risk
ITM001,Milk,Dairy,HH017,2026-03-16,2026-03-23,5.94,liters,0.586,7,3.13,0.527,High Risk
ITM010,Bananas,Produce,HH013,2026-01-15,2026-01-20,1.32,kg,0.377,5,0.26,0.197,Medium Risk
ITM002,Eggs,Dairy,HH002,2026-05-16,2026-06-06,3.96,dozen,0.405,21,0.0,0.0,Low Risk
ITM004,Rice,Grains,HH011,2026-01-12,2027-01-12,1.24,kg,0.149,365,0.23,0.185,Medium Risk
ITM005,Ice Cream,Frozen,HH003,2026-04-15,2026-07-14,1.16,tubs,0.294,90,0.02,0.017,Low Risk
ITM008,Yogurt,Dairy,HH001,2026-05-01,2026-05-15,2.95,cups,0.208,14,0.1,0.034,Low Risk
ITM004,Rice,Grains,HH013,2026-02-09,2027-02-09,1.24,kg,0.111,365,0.0,0.0,Low Risk
ITM003,Bread,Bakery,HH006,2026-04-18,2026-04-23,1.53,loaves,0.448,5,0.07,0.046,Low Risk
ITM015,Butter,Dairy,HH011,2026-01-02,2026-03-03,0.76,kg,0.052,60,0.09,0.118,Medium Risk
ITM015,Butter,Dairy,HH007,2026-03-18,2026-05-17,0.7,kg,0.06,60,0.0,0.0,Low Risk
ITM011,Cereal,Pantry,HH003,2026-03-18,2026-07-16,0.93,boxes,0.087,120,0.16,0.172,Medium Risk
ITM014,Orange Juice,Beverages,HH015,2026-02-26,2026-03-08,1.23,liters,0.096,10,0.17,0.138,Medium Risk
ITM013,Frozen Peas,Frozen,HH006,2026-01-15,2026-06-14,1.4,bags,0.062,150,0.0,0.0,Low Risk
ITM008,Yogurt,Dairy,HH004,2026-05-24,2026-06-07,4.33,cups,0.473,14,0.0,0.0,Low Risk
ITM012,Cooking Oil,Pantry,HH016,2026-04-11,2026-10-08,0.36,liters,0.027,180,0.0,0.0,Low Risk
ITM002,Eggs,Dairy,HH010,2026-02-26,2026-03-19,2.36,dozen,0.273,21,0.0,0.0,Low Risk
ITM002,Eggs,Dairy,HH013,2026-05-06,2026-05-27,3.02,dozen,0.271,21,0.0,0.0,Low Risk
ITM015,Butter,Dairy,HH009,2026-01-20,2026-03-21,0.45,kg,0.072,60,0.06,0.133,Medium Risk
ITM013,Frozen Peas,Frozen,HH006,2026-04-30,2026-09-27,0.88,bags,0.087,150,0.0,0.0,Low Risk
ITM004,Rice,Grains,HH002,2026-03-25,2027-03-25,0.62,kg,0.185,365,0.11,0.177,Medium Risk
ITM011,Cereal,Pantry,HH008,2026-01-23,2026-05-23,0.97,boxes,0.118,120,0.0,0.0,Low Risk
ITM004,Rice,Grains,HH013,2026-01-29,2027-01-29,0.95,kg,0.117,365,0.0,0.0,Low Risk
ITM006,Chicken Breast,Meat,HH007,2026-01-16,2026-01-20,2.55,kg,0.276,4,2.04,0.8,High Risk
ITM006,Chicken Breast,Meat,HH018,2026-02-25,2026-03-01,2.78,kg,0.424,4,1.46,0.525,High Risk
ITM003,Bread,Bakery,HH017,2026-02-11,2026-02-16,1.93,loaves,0.257,5,0.78,0.404,Medium Risk
ITM002,Eggs,Dairy,HH014,2026-05-04,2026-05-25,1.31,dozen,0.488,21,0.14,0.107,Medium Risk
ITM008,Yogurt,Dairy,HH017,2026-05-07,2026-05-21,4.18,cups,0.401,14,0.0,0.0,Low Risk
ITM013,Frozen Peas,Frozen,HH004,2026-05-15,2026-10-12,1.13,bags,0.208,150,0.18,0.159,Medium Risk
ITM002,Eggs,Dairy,HH015,2026-03-14,2026-04-04,2.09,dozen,0.175,21,0.03,0.014,Low Risk
ITM015,Butter,Dairy,HH015,2026-05-28,2026-07-27,0.54,kg,0.061,60,0.0,0.0,Low Risk
ITM007,Tomatoes,Produce,HH006,2026-02-15,2026-02-21,1.43,kg,0.24,6,0.13,0.091,Low Risk
ITM009,Cheese,Dairy,HH004,2026-03-28,2026-04-27,0.57,kg,0.121,30,0.0,0.0,Low Risk
ITM015,Butter,Dairy,HH004,2026-04-04,2026-06-03,0.54,kg,0.112,60,0.07,0.13,Medium Risk
ITM014,Orange Juice,Beverages,HH012,2026-01-22,2026-02-01,2.44,liters,0.366,10,0.07,0.029,Low Risk
ITM007,Tomatoes,Produce,HH004,2026-04-28,2026-05-04,3.3,kg,0.508,6,0.0,0.0,Low Risk
ITM012,Cooking Oil,Pantry,HH013,2026-03-03,2026-08-30,0.48,liters,0.039,180,0.03,0.062,Low Risk
ITM011,Cereal,Pantry,HH015,2026-04-22,2026-08-20,0.44,boxes,0.06,120,0.01,0.023,Low Risk
ITM009,Cheese,Dairy,HH009,2026-05-09,2026-06-08,0.3,kg,0.168,30,0.0,0.0,Low Risk
ITM011,Cereal,Pantry,HH006,2026-01-23,2026-05-23,0.98,boxes,0.042,120,0.07,0.071,Low Risk
ITM002,Eggs,Dairy,HH011,2026-04-11,2026-05-02,3.32,dozen,0.228,21,0.0,0.0,Low Risk
ITM009,Cheese,Dairy,HH016,2026-04-22,2026-05-22,0.83,kg,0.042,30,0.01,0.012,Low Risk
ITM013,Frozen Peas,Frozen,HH002,2026-03-26,2026-08-23,0.9,bags,0.078,150,0.0,0.0,Low Risk
ITM011,Cereal,Pantry,HH004,2026-03-12,2026-07-10,0.43,boxes,0.147,120,0.03,0.07,Low Risk
ITM009,Cheese,Dairy,HH003,2026-04-01,2026-05-01,0.75,kg,0.098,30,0.0,0.0,Low Risk
ITM011,Cereal,Pantry,HH011,2026-03-25,2026-07-23,0.61,boxes,0.091,120,0.03,0.049,Low Risk
ITM012,Cooking Oil,Pantry,HH006,2026-03-03,2026-08-30,0.49,liters,0.025,180,0.0,0.0,Low Risk
ITM002,Eggs,Dairy,HH011,2026-03-13,2026-04-03,2.95,dozen,0.194,21,0.01,0.003,Low Risk
ITM003,Bread,Bakery,HH016,2026-05-03,2026-05-08,3.79,loaves,0.275,5,3.63,0.958,High Risk
ITM004,Rice,Grains,HH018,2026-04-06,2027-04-06,0.83,kg,0.16,365,0.0,0.0,Low Risk
ITM011,Cereal,Pantry,HH018,2026-05-08,2026-09-05,0.52,boxes,0.083,120,0.0,0.0,Low Risk
ITM014,Orange Juice,Beverages,HH009,2026-02-12,2026-02-22,2.65,liters,0.521,10,0.0,0.0,Low Risk
ITM010,Bananas,Produce,HH018,2026-01-08,2026-01-13,2.22,kg,0.551,5,0.12,0.054,Low Risk
ITM001,Milk,Dairy,HH004,2026-02-23,2026-03-02,5.59,liters,0.807,7,0.0,0.0,Low Risk
ITM005,Ice Cream,Frozen,HH007,2026-02-06,2026-05-07,0.76,tubs,0.117,90,0.06,0.079,Low Risk
ITM008,Yogurt,Dairy,HH015,2026-03-28,2026-04-11,3.62,cups,0.187,14,1.24,0.343,Medium Risk
ITM006,Chicken Breast,Meat,HH004,2026-01-15,2026-01-19,1.12,kg,0.541,4,0.0,0.0,Low Risk
ITM013,Frozen Peas,Frozen,HH003,2026-02-04,2026-07-04,0.83,bags,0.12,150,0.0,0.0,Low Risk
ITM012,Cooking Oil,Pantry,HH016,2026-01-21,2026-07-20,0.18,liters,0.042,180,0.01,0.056,Low Risk
ITM005,Ice Cream,Frozen,HH003,2026-05-12,2026-08-10,0.63,tubs,0.203,90,0.0,0.0,Low Risk
ITM012,Cooking Oil,Pantry,HH020,2026-01-05,2026-07-04,0.34,liters,0.019,180,0.0,0.0,Low Risk
ITM015,Butter,Dairy,HH010,2026-04-21,2026-06-20,0.51,kg,0.027,60,0.05,0.098,Low Risk
ITM013,Frozen Peas,Frozen,HH018,2026-03-08,2026-08-05,0.75,bags,0.139,150,0.0,0.0,Low Risk
ITM001,Milk,Dairy,HH019,2026-01-31,2026-02-07,2.66,liters,0.948,7,0.0,0.0,Low Risk
ITM013,Frozen Peas,Frozen,HH009,2026-05-03,2026-09-30,1.1,bags,0.219,150,0.0,0.0,Low Risk
ITM014,Orange Juice,Beverages,HH015,2026-03-25,2026-04-04,2.2,liters,0.169,10,0.46,0.209,Medium Risk
ITM009,Cheese,Dairy,HH003,2026-03-13,2026-04-12,0.34,kg,0.076,30,0.06,0.176,Medium Risk
ITM002,Eggs,Dairy,HH009,2026-05-20,2026-06-10,1.58,dozen,0.488,21,0.23,0.146,Medium Risk
ITM001,Milk,Dairy,HH002,2026-03-14,2026-03-21,5.04,liters,0.513,7,2.01,0.399,Medium Risk
ITM014,Orange Juice,Beverages,HH001,2026-01-20,2026-01-30,2.83,liters,0.182,10,1.87,0.661,High Risk
ITM006,Chicken Breast,Meat,HH006,2026-04-14,2026-04-18,2.45,kg,0.237,4,1.92,0.784,High Risk
ITM015,Butter,Dairy,HH019,2026-01-09,2026-03-10,0.4,kg,0.132,60,0.03,0.075,Low Risk
ITM006,Chicken Breast,Meat,HH013,2026-05-24,2026-05-28,2.02,kg,0.43,4,0.43,0.213,Medium Risk
ITM012,Cooking Oil,Pantry,HH018,2026-05-27,2026-11-23,0.29,liters,0.042,180,0.0,0.0,Low Risk
ITM012,Cooking Oil,Pantry,HH009,2026-03-06,2026-09-02,0.49,liters,0.083,180,0.0,0.0,Low Risk
ITM015,Butter,Dairy,HH007,2026-05-02,2026-07-01,0.66,kg,0.066,60,0.0,0.0,Low Risk
ITM011,Cereal,Pantry,HH004,2026-04-21,2026-08-19,0.51,boxes,0.085,120,0.0,0.0,Low Risk
ITM014,Orange Juice,Beverages,HH007,2026-05-16,2026-05-26,0.98,liters,0.285,10,0.01,0.01,Low Risk
ITM008,Yogurt,Dairy,HH004,2026-03-31,2026-04-14,3.34,cups,0.48,14,0.59,0.177,Medium Risk
ITM002,Eggs,Dairy,HH013,2026-03-02,2026-03-23,3.67,dozen,0.414,21,0.0,0.0,Low Risk
ITM013,Frozen Peas,Frozen,HH005,2026-04-17,2026-09-14,1.45,bags,0.114,150,0.0,0.0,Low Risk
ITM015,Butter,Dairy,HH006,2026-01-24,2026-03-25,0.27,kg,0.033,60,0.01,0.037,Low Risk
ITM013,Frozen Peas,Frozen,HH001,2026-01-18,2026-06-17,0.86,bags,0.061,150,0.0,0.0,Low Risk
ITM003,Bread,Bakery,HH005,2026-04-16,2026-04-21,2.66,loaves,0.285,5,1.91,0.718,High Risk
ITM009,Cheese,Dairy,HH005,2026-01-01,2026-01-31,0.89,kg,0.033,30,0.0,0.0,Low Risk
ITM007,Tomatoes,Produce,HH020,2026-03-17,2026-03-23,2.38,kg,0.234,6,1.51,0.634,High Risk
ITM014,Orange Juice,Beverages,HH005,2026-05-21,2026-05-31,0.95,liters,0.169,10,0.08,0.084,Low Risk
ITM012,Cooking Oil,Pantry,HH016,2026-03-18,2026-09-14,0.27,liters,0.025,180,0.0,0.0,Low Risk
ITM012,Cooking Oil,Pantry,HH011,2026-05-27,2026-11-23,0.18,liters,0.043,180,0.01,0.056,Low Risk
ITM007,Tomatoes,Produce,HH007,2026-02-23,2026-03-01,2.82,kg,0.212,6,2.49,0.883,High Risk
ITM001,Milk,Dairy,HH020,2026-02-09,2026-02-16,4.29,liters,0.262,7,3.37,0.786,High Risk
ITM013,Frozen Peas,Frozen,HH003,2026-04-12,2026-09-09,0.98,bags,0.174,150,0.0,0.0,Low Risk
ITM006,Chicken Breast,Meat,HH018,2026-01-12,2026-01-16,0.97,kg,0.248,4,0.0,0.0,Low Risk
ITM002,Eggs,Dairy,HH005,2026-04-09,2026-04-30,2.68,dozen,0.14,21,0.0,0.0,Low Risk
ITM001,Milk,Dairy,HH012,2026-04-26,2026-05-03,5.04,liters,0.57,7,0.83,0.165,Medium Risk
ITM007,Tomatoes,Produce,HH011,2026-02-16,2026-02-22,2.44,kg,0.343,6,0.0,0.0,Low Risk
ITM004,Rice,Grains,HH020,2026-05-22,2027-05-22,0.67,kg,0.064,365,0.0,0.0,Low Risk
ITM007,Tomatoes,Produce,HH002,2026-05-27,2026-06-02,3.32,kg,0.301,6,2.02,0.608,High Risk
ITM001,Milk,Dairy,HH017,2026-05-10,2026-05-17,4.92,liters,0.741,7,0.06,0.012,Low Risk
ITM005,Ice Cream,Frozen,HH018,2026-01-29,2026-04-29,1.44,tubs,0.239,90,0.05,0.035,Low Risk
ITM011,Cereal,Pantry,HH018,2026-05-20,2026-09-17,0.42,boxes,0.068,120,0.0,0.0,Low Risk
ITM003,Bread,Bakery,HH017,2026-04-09,2026-04-14,3.82,loaves,0.41,5,2.45,0.641,High Risk
ITM002,Eggs,Dairy,HH012,2026-05-04,2026-05-25,2.62,dozen,0.322,21,0.0,0.0,Low Risk
ITM005,Ice Cream,Frozen,HH005,2026-05-08,2026-08-06,1.9,tubs,0.118,90,0.0,0.0,Low Risk
ITM009,Cheese,Dairy,HH009,2026-03-08,2026-04-07,0.74,kg,0.175,30,0.0,0.0,Low Risk
ITM010,Bananas,Produce,HH017,2026-01-07,2026-01-12,1.92,kg,0.437,5,0.07,0.036,Low Risk
ITM002,Eggs,Dairy,HH005,2026-05-01,2026-05-22,2.08,dozen,0.239,21,0.0,0.0,Low Risk
ITM002,Eggs,Dairy,HH009,2026-03-01,2026-03-22,3.96,dozen,0.524,21,0.16,0.04,Low Risk
ITM009,Cheese,Dairy,HH004,2026-03-17,2026-04-16,0.42,kg,0.147,30,0.0,0.0,Low Risk
ITM008,Yogurt,Dairy,HH014,2026-03-21,2026-04-04,4.05,cups,0.595,14,0.24,0.059,Low Risk
ITM014,Orange Juice,Beverages,HH013,2026-03-21,2026-03-31,1.72,liters,0.207,10,0.0,0.0,Low Risk
ITM003,Bread,Bakery,HH001,2026-04-25,2026-04-30,3.09,loaves,0.516,5,0.69,0.223,Medium Risk
ITM004,Rice,Grains,HH011,2026-04-30,2027-04-30,0.89,kg,0.081,365,0.05,0.056,Low Risk
ITM013,Frozen Peas,Frozen,HH002,2026-05-04,2026-10-01,0.87,bags,0.15,150,0.0,0.0,Low Risk
ITM007,Tomatoes,Produce,HH001,2026-02-12,2026-02-18,1.11,kg,0.335,6,0.0,0.0,Low Risk
ITM014,Orange Juice,Beverages,HH012,2026-01-20,2026-01-30,1.46,liters,0.182,10,0.0,0.0,Low Risk
ITM011,Cereal,Pantry,HH006,2026-05-16,2026-09-13,0.92,boxes,0.06,120,0.0,0.0,Low Risk
ITM008,Yogurt,Dairy,HH008,2026-05-13,2026-05-27,4.88,cups,0.317,14,0.0,0.0,Low Risk
ITM004,Rice,Grains,HH014,2026-01-05,2027-01-05,1.35,kg,0.184,365,0.14,0.104,Medium Risk
ITM002,Eggs,Dairy,HH008,2026-02-24,2026-03-17,1.5,dozen,0.604,21,0.0,0.0,Low Risk
ITM002,Eggs,Dairy,HH010,2026-04-06,2026-04-27,2.52,dozen,0.214,21,0.09,0.036,Low Risk
ITM006,Chicken Breast,Meat,HH002,2026-02-10,2026-02-14,2.06,kg,0.224,4,2.0,0.971,High Risk
ITM011,Cereal,Pantry,HH020,2026-05-10,2026-09-07,0.95,boxes,0.035,120,0.0,0.0,Low Risk
ITM011,Cereal,Pantry,HH014,2026-02-02,2026-06-02,0.64,boxes,0.174,120,0.0,0.0,Low Risk
ITM012,Cooking Oil,Pantry,HH017,2026-01-19,2026-07-18,0.2,liters,0.028,180,0.0,0.0,Low Risk
ITM005,Ice Cream,Frozen,HH012,2026-01-13,2026-04-13,1.62,tubs,0.217,90,0.0,0.0,Low Risk
ITM015,Butter,Dairy,HH012,2026-01-17,2026-03-18,0.76,kg,0.071,60,0.0,0.0,Low Risk
ITM007,Tomatoes,Produce,HH007,2026-01-29,2026-02-04,2.45,kg,0.194,6,2.3,0.939,High Risk
ITM010,Bananas,Produce,HH015,2026-05-19,2026-05-24,2.47,kg,0.211,5,2.47,1.0,High Risk
ITM013,Frozen Peas,Frozen,HH016,2026-02-24,2026-07-24,0.92,bags,0.103,150,0.08,0.087,Low Risk
ITM013,Frozen Peas,Frozen,HH016,2026-05-26,2026-10-23,1.43,bags,0.12,150,0.0,0.0,Low Risk
ITM010,Bananas,Produce,HH019,2026-01-11,2026-01-16,1.5,kg,0.466,5,0.0,0.0,Low Risk
ITM003,Bread,Bakery,HH010,2026-01-08,2026-01-13,2.6,loaves,0.338,5,0.96,0.369,Medium Risk
ITM010,Bananas,Produce,HH002,2026-05-05,2026-05-10,3.23,kg,0.237,5,3.19,0.988,High Risk
ITM004,Rice,Grains,HH005,2026-05-29,2027-05-29,1.09,kg,0.076,365,0.14,0.128,Medium Risk
ITM006,Chicken Breast,Meat,HH014,2026-04-29,2026-05-03,2.28,kg,0.448,4,0.63,0.276,Medium Risk
ITM008,Yogurt,Dairy,HH003,2026-03-05,2026-03-19,2.57,cups,0.683,14,0.08,0.031,Low Risk
ITM015,Butter,Dairy,HH017,2026-01-24,2026-03-25,0.56,kg,0.085,60,0.1,0.179,Medium Risk
ITM007,Tomatoes,Produce,HH020,2026-05-27,2026-06-02,1.98,kg,0.195,6,0.84,0.424,Medium Risk
ITM003,Bread,Bakery,HH015,2026-01-05,2026-01-10,2.93,loaves,0.303,5,2.02,0.689,High Risk
ITM008,Yogurt,Dairy,HH009,2026-03-30,2026-04-13,4.3,cups,0.418,14,0.0,0.0,Low Risk
ITM009,Cheese,Dairy,HH002,2026-01-03,2026-02-02,0.45,kg,0.089,30,0.01,0.022,Low Risk
ITM012,Cooking Oil,Pantry,HH020,2026-02-18,2026-08-17,0.37,liters,0.025,180,0.0,0.0,Low Risk
ITM015,Butter,Dairy,HH020,2026-03-03,2026-05-02,0.46,kg,0.044,60,0.0,0.0,Low Risk
ITM002,Eggs,Dairy,HH004,2026-02-12,2026-03-05,2.3,dozen,0.648,21,0.1,0.043,Low Risk
ITM002,Eggs,Dairy,HH018,2026-01-13,2026-02-03,2.0,dozen,0.454,21,0.0,0.0,Low Risk
ITM001,Milk,Dairy,HH012,2026-01-03,2026-01-10,3.92,liters,0.742,7,0.0,0.0,Low Risk
ITM008,Yogurt,Dairy,HH007,2026-04-17,2026-05-01,4.69,cups,0.477,14,0.0,0.0,Low Risk
ITM001,Milk,Dairy,HH019,2026-05-03,2026-05-10,3.45,liters,0.702,7,0.0,0.0,Low Risk
ITM002,Eggs,Dairy,HH010,2026-02-26,2026-03-19,3.73,dozen,0.196,21,0.0,0.0,Low Risk
ITM012,Cooking Oil,Pantry,HH007,2026-02-19,2026-08-18,0.48,liters,0.037,180,0.09,0.188,Medium Risk
ITM007,Tomatoes,Produce,HH015,2026-03-17,2026-03-23,2.93,kg,0.229,6,2.93,1.0,High Risk
ITM014,Orange Juice,Beverages,HH007,2026-03-25,2026-04-04,2.76,liters,0.159,10,1.57,0.569,High Risk
ITM005,Ice Cream,Frozen,HH006,2026-01-16,2026-04-16,0.88,tubs,0.129,90,0.0,0.0,Low Risk
ITM015,Butter,Dairy,HH018,2026-01-12,2026-03-13,0.57,kg,0.056,60,0.03,0.053,Low Risk
ITM009,Cheese,Dairy,HH018,2026-02-22,2026-03-24,0.58,kg,0.145,30,0.0,0.0,Low Risk
ITM010,Bananas,Produce,HH004,2026-01-29,2026-02-03,2.17,kg,0.443,5,0.24,0.111,Medium Risk
ITM005,Ice Cream,Frozen,HH009,2026-03-11,2026-06-09,1.48,tubs,0.196,90,0.11,0.074,Low Risk
ITM013,Frozen Peas,Frozen,HH009,2026-04-19,2026-09-16,0.7,bags,0.12,150,0.0,0.0,Low Risk
ITM003,Bread,Bakery,HH009,2026-02-11,2026-02-16,3.18,loaves,0.664,5,0.17,0.053,Low Risk
ITM002,Eggs,Dairy,HH003,2026-04-29,2026-05-20,2.58,dozen,0.25,21,0.75,0.291,Medium Risk
ITM002,Eggs,Dairy,HH012,2026-03-27,2026-04-17,1.99,dozen,0.332,21,0.0,0.0,Low Risk
ITM015,Butter,Dairy,HH020,2026-05-18,2026-07-17,0.68,kg,0.049,60,0.0,0.0,Low Risk
ITM009,Cheese,Dairy,HH002,2026-01-20,2026-02-19,0.71,kg,0.072,30,0.0,0.0,Low Risk
ITM011,Cereal,Pantry,HH009,2026-02-13,2026-06-13,0.39,boxes,0.101,120,0.02,0.051,Low Risk
ITM010,Bananas,Produce,HH014,2026-04-19,2026-04-24,1.56,kg,0.592,5,0.11,0.071,Low Risk
ITM008,Yogurt,Dairy,HH006,2026-03-16,2026-03-30,4.72,cups,0.443,14,0.0,0.0,Low Risk
ITM012,Cooking Oil,Pantry,HH012,2026-04-26,2026-10-23,0.3,liters,0.037,180,0.04,0.133,Medium Risk
ITM001,Milk,Dairy,HH008,2026-05-23,2026-05-30,5.1,liters,0.711,7,0.0,0.0,Low Risk
ITM001,Milk,Dairy,HH015,2026-01-02,2026-01-09,5.44,liters,0.358,7,4.36,0.801,High Risk
ITM007,Tomatoes,Produce,HH004,2026-01-02,2026-01-08,2.37,kg,0.388,6,0.0,0.0,Low Risk
ITM007,Tomatoes,Produce,HH013,2026-03-11,2026-03-17,2.85,kg,0.237,6,2.04,0.716,High Risk
ITM014,Orange Juice,Beverages,HH013,2026-02-21,2026-03-03,1.4,liters,0.188,10,0.0,0.0,Low Risk
ITM011,Cereal,Pantry,HH007,2026-05-22,2026-09-19,0.44,boxes,0.12,120,0.0,0.0,Low Risk
ITM003,Bread,Bakery,HH004,2026-05-01,2026-05-06,2.31,loaves,0.448,5,0.44,0.19,Medium Risk
ITM003,Bread,Bakery,HH016,2026-03-26,2026-03-31,4.31,loaves,0.356,5,3.12,0.724,High Risk
ITM010,Bananas,Produce,HH011,2026-04-29,2026-05-04,1.34,kg,0.253,5,0.24,0.179,Medium Risk
ITM012,Cooking Oil,Pantry,HH005,2026-05-26,2026-11-22,0.37,liters,0.028,180,0.0,0.0,Low Risk
ITM007,Tomatoes,Produce,HH006,2026-02-09,2026-02-15,3.31,kg,0.212,6,3.31,1.0,High Risk
ITM015,Butter,Dairy,HH005,2026-02-02,2026-04-03,0.76,kg,0.035,60,0.16,0.211,Medium Risk
ITM008,Yogurt,Dairy,HH019,2026-03-17,2026-03-31,2.97,cups,0.722,14,0.0,0.0,Low Risk
ITM005,Ice Cream,Frozen,HH014,2026-04-27,2026-07-26,1.6,tubs,0.277,90,0.0,0.0,Low Risk
ITM003,Bread,Bakery,HH003,2026-01-16,2026-01-21,3.63,loaves,0.358,5,2.99,0.824,High Risk
ITM014,Orange Juice,Beverages,HH020,2026-05-29,2026-06-08,1.9,liters,0.223,10,0.0,0.0,Low Risk
ITM002,Eggs,Dairy,HH001,2026-01-05,2026-01-26,3.46,dozen,0.221,21,0.0,0.0,Low Risk
ITM012,Cooking Oil,Pantry,HH008,2026-01-09,2026-07-08,0.31,liters,0.038,180,0.03,0.097,Low Risk
ITM004,Rice,Grains,HH005,2026-03-01,2027-03-01,1.46,kg,0.084,365,0.1,0.068,Low Risk
ITM011,Cereal,Pantry,HH004,2026-03-24,2026-07-22,0.65,boxes,0.078,120,0.0,0.0,Low Risk
ITM015,Butter,Dairy,HH011,2026-02-17,2026-04-18,0.4,kg,0.048,60,0.05,0.125,Medium Risk
ITM006,Chicken Breast,Meat,HH006,2026-03-22,2026-03-26,1.28,kg,0.147,4,1.28,1.0,High Risk
ITM012,Cooking Oil,Pantry,HH004,2026-03-03,2026-08-30,0.19,liters,0.036,180,0.0,0.0,Low Risk
ITM005,Ice Cream,Frozen,HH020,2026-05-18,2026-08-16,0.69,tubs,0.116,90,0.0,0.0,Low Risk
ITM001,Milk,Dairy,HH014,2026-01-16,2026-01-23,5.56,liters,0.873,7,0.0,0.0,Low Risk
ITM002,Eggs,Dairy,HH011,2026-02-21,2026-03-14,1.47,dozen,0.399,21,0.2,0.136,Medium Risk
ITM012,Cooking Oil,Pantry,HH019,2026-03-10,2026-09-06,0.24,liters,0.072,180,0.05,0.208,Medium Risk
ITM014,Orange Juice,Beverages,HH013,2026-02-09,2026-02-19,2.54,liters,0.451,10,0.14,0.055,Low Risk
ITM004,Rice,Grains,HH014,2026-02-08,2027-02-08,1.01,kg,0.229,365,0.0,0.0,Low Risk
ITM002,Eggs,Dairy,HH002,2026-04-26,2026-05-17,3.43,dozen,0.295,21,0.0,0.0,Low Risk
ITM009,Cheese,Dairy,HH014,2026-05-01,2026-05-31,0.32,kg,0.108,30,0.0,0.0,Low Risk
ITM012,Cooking Oil,Pantry,HH015,2026-04-17,2026-10-14,0.44,liters,0.028,180,0.04,0.091,Low Risk
ITM010,Bananas,Produce,HH008,2026-03-06,2026-03-11,2.31,kg,0.496,5,0.11,0.048,Low Risk
ITM015,Butter,Dairy,HH010,2026-03-01,2026-04-30,0.34,kg,0.046,60,0.0,0.0,Low Risk
ITM010,Bananas,Produce,HH007,2026-04-25,2026-04-30,3.93,kg,0.516,5,1.6,0.407,Medium Risk
ITM012,Cooking Oil,Pantry,HH018,2026-02-01,2026-07-31,0.33,liters,0.031,180,0.04,0.121,Medium Risk
ITM012,Cooking Oil,Pantry,HH013,2026-05-25,2026-11-21,0.33,liters,0.047,180,0.02,0.061,Low Risk
ITM013,Frozen Peas,Frozen,HH002,2026-01-14,2026-06-13,0.88,bags,0.143,150,0.0,0.0,Low Risk
ITM013,Frozen Peas,Frozen,HH001,2026-04-03,2026-08-31,1.25,bags,0.146,150,0.2,0.16,Medium Risk
ITM007,Tomatoes,Produce,HH007,2026-01-11,2026-01-17,3.14,kg,0.414,6,1.67,0.532,High Risk
ITM002,Eggs,Dairy,HH019,2026-02-01,2026-02-22,3.09,dozen,0.619,21,0.73,0.236,Medium Risk
ITM012,Cooking Oil,Pantry,HH002,2026-02-19,2026-08-18,0.34,liters,0.049,180,0.0,0.0,Low Risk
ITM015,Butter,Dairy,HH007,2026-01-02,2026-03-03,0.31,kg,0.065,60,0.02,0.065,Low Risk
ITM005,Ice Cream,Frozen,HH015,2026-01-08,2026-04-08,1.55,tubs,0.07,90,0.0,0.0,Low Risk
ITM015,Butter,Dairy,HH005,2026-04-07,2026-06-06,0.74,kg,0.045,60,0.14,0.189,Medium Risk
ITM014,Orange Juice,Beverages,HH015,2026-04-12,2026-04-22,1.98,liters,0.104,10,1.31,0.662,High Risk
ITM012,Cooking Oil,Pantry,HH005,2026-05-06,2026-11-02,0.26,liters,0.033,180,0.0,0.0,Low Risk
ITM003,Bread,Bakery,HH007,2026-02-13,2026-02-18,1.97,loaves,0.39,5,0.15,0.076,Low Risk
ITM006,Chicken Breast,Meat,HH005,2026-03-02,2026-03-06,1.53,kg,0.191,4,1.17,0.765,High Risk
ITM013,Frozen Peas,Frozen,HH009,2026-01-24,2026-06-23,0.85,bags,0.196,150,0.0,0.0,Low Risk
ITM012,Cooking Oil,Pantry,HH010,2026-02-20,2026-08-19,0.23,liters,0.036,180,0.01,0.043,Low Risk
ITM006,Chicken Breast,Meat,HH015,2026-01-12,2026-01-16,1.6,kg,0.127,4,1.6,1.0,High Risk
ITM012,Cooking Oil,Pantry,HH007,2026-02-11,2026-08-10,0.47,liters,0.027,180,0.0,0.0,Low Risk
ITM015,Butter,Dairy,HH006,2026-03-25,2026-05-24,0.43,kg,0.05,60,0.03,0.07,Low Risk
ITM011,Cereal,Pantry,HH020,2026-05-17,2026-09-14,0.67,boxes,0.033,120,0.0,0.0,Low Risk
ITM010,Bananas,Produce,HH016,2026-02-03,2026-02-08,3.94,kg,0.218,5,3.94,1.0,High Risk
ITM007,Tomatoes,Produce,HH016,2026-05-07,2026-05-13,2.33,kg,0.261,6,1.11,0.476,Medium Risk
ITM002,Eggs,Dairy,HH003,2026-02-19,2026-03-12,3.77,dozen,0.322,21,0.62,0.164,Medium Risk
ITM007,Tomatoes,Produce,HH013,2026-01-10,2026-01-16,1.78,kg,0.335,6,0.0,0.0,Low Risk
ITM011,Cereal,Pantry,HH004,2026-03-30,2026-07-28,0.34,boxes,0.128,120,0.01,0.029,Low Risk
ITM002,Eggs,Dairy,HH019,2026-01-30,2026-02-20,1.89,dozen,0.423,21,0.0,0.0,Low Risk
ITM011,Cereal,Pantry,HH017,2026-02-21,2026-06-21,0.52,boxes,0.096,120,0.07,0.135,Medium Risk
ITM012,Cooking Oil,Pantry,HH009,2026-01-05,2026-07-04,0.36,liters,0.075,180,0.0,0.0,Low Risk
ITM013,Frozen Peas,Frozen,HH005,2026-01-02,2026-06-01,0.82,bags,0.079,150,0.0,0.0,Low Risk
ITM004,Rice,Grains,HH003,2026-01-30,2027-01-30,1.19,kg,0.229,365,0.14,0.118,Medium Risk
ITM004,Rice,Grains,HH011,2026-03-18,2027-03-18,1.08,kg,0.145,365,0.0,0.0,Low Risk
ITM006,Chicken Breast,Meat,HH017,2026-03-08,2026-03-12,2.49,kg,0.273,4,2.39,0.96,High Risk
ITM003,Bread,Bakery,HH018,2026-05-04,2026-05-09,1.71,loaves,0.418,5,0.09,0.053,Low Risk
ITM011,Cereal,Pantry,HH004,2026-01-03,2026-05-03,0.66,boxes,0.138,120,0.0,0.0,Low Risk
ITM004,Rice,Grains,HH017,2026-05-26,2027-05-26,1.16,kg,0.17,365,0.19,0.164,Medium Risk
ITM002,Eggs,Dairy,HH007,2026-03-14,2026-04-04,3.02,dozen,0.31,21,0.0,0.0,Low Risk
ITM008,Yogurt,Dairy,HH003,2026-01-25,2026-02-08,2.33,cups,0.509,14,0.0,0.0,Low Risk
ITM012,Cooking Oil,Pantry,HH002,2026-01-14,2026-07-13,0.3,liters,0.031,180,0.07,0.233,Medium Risk
ITM004,Rice,Grains,HH008,2026-01-21,2027-01-21,0.91,kg,0.1,365,0.11,0.121,Medium Risk
ITM008,Yogurt,Dairy,HH008,2026-01-06,2026-01-20,2.38,cups,0.341,14,0.0,0.0,Low Risk
ITM015,Butter,Dairy,HH011,2026-02-18,2026-04-19,0.35,kg,0.069,60,0.0,0.0,Low Risk
ITM014,Orange Juice,Beverages,HH015,2026-02-20,2026-03-02,1.74,liters,0.106,10,0.86,0.494,Medium Risk
ITM011,Cereal,Pantry,HH003,2026-02-06,2026-06-06,0.71,boxes,0.131,120,0.0,0.0,Low Risk
ITM013,Frozen Peas,Frozen,HH017,2026-02-17,2026-07-17,1.19,bags,0.129,150,0.02,0.017,Low Risk
ITM003,Bread,Bakery,HH009,2026-02-22,2026-02-27,3.75,loaves,0.518,5,1.31,0.349,Medium Risk
ITM011,Cereal,Pantry,HH015,2026-04-20,2026-08-18,0.35,boxes,0.032,120,0.0,0.0,Low Risk
ITM015,Butter,Dairy,HH013,2026-04-21,2026-06-20,0.62,kg,0.064,60,0.0,0.0,Low Risk
ITM014,Orange Juice,Beverages,HH010,2026-03-21,2026-03-31,1.94,liters,0.225,10,0.31,0.16,Medium Risk
ITM007,Tomatoes,Produce,HH019,2026-03-26,2026-04-01,2.67,kg,0.466,6,0.28,0.105,Medium Risk
ITM012,Cooking Oil,Pantry,HH004,2026-03-18,2026-09-14,0.44,liters,0.048,180,0.02,0.045,Low Risk
ITM013,Frozen Peas,Frozen,HH012,2026-02-10,2026-07-10,0.67,bags,0.108,150,0.1,0.149,Medium Risk
ITM007,Tomatoes,Produce,HH006,2026-01-23,2026-01-29,1.06,kg,0.198,6,0.0,0.0,Low Risk
ITM004,Rice,Grains,HH019,2026-02-21,2027-02-21,0.88,kg,0.27,365,0.0,0.0,Low Risk
ITM009,Cheese,Dairy,HH012,2026-05-24,2026-06-23,0.96,kg,0.105,30,0.03,0.031,Low Risk
ITM010,Bananas,Produce,HH017,2026-04-22,2026-04-27,2.23,kg,0.266,5,1.19,0.534,High Risk
ITM005,Ice Cream,Frozen,HH003,2026-01-21,2026-04-21,1.79,tubs,0.12,90,0.0,0.0,Low Risk
ITM003,Bread,Bakery,HH008,2026-05-19,2026-05-24,4.45,loaves,0.694,5,1.08,0.243,Medium Risk
ITM006,Chicken Breast,Meat,HH020,2026-04-14,2026-04-18,2.59,kg,0.145,4,2.59,1.0,High Risk
ITM013,Frozen Peas,Frozen,HH005,2026-04-07,2026-09-04,1.43,bags,0.1,150,0.27,0.189,Medium Risk
ITM004,Rice,Grains,HH007,2026-01-06,2027-01-06,1.23,kg,0.189,365,0.0,0.0,Low Risk
ITM005,Ice Cream,Frozen,HH015,2026-04-22,2026-07-21,0.77,tubs,0.068,90,0.0,0.0,Low Risk
ITM010,Bananas,Produce,HH004,2026-03-26,2026-03-31,3.76,kg,0.67,5,0.0,0.0,Low Risk
ITM009,Cheese,Dairy,HH008,2026-02-05,2026-03-07,0.67,kg,0.138,30,0.06,0.09,Low Risk
ITM005,Ice Cream,Frozen,HH019,2026-05-13,2026-08-11,1.33,tubs,0.287,90,0.0,0.0,Low Risk
ITM012,Cooking Oil,Pantry,HH014,2026-05-29,2026-11-25,0.26,liters,0.039,180,0.0,0.0,Low Risk
ITM003,Bread,Bakery,HH019,2026-03-15,2026-03-20,4.08,loaves,0.456,5,2.07,0.507,High Risk
ITM004,Rice,Grains,HH007,2026-02-04,2027-02-04,0.64,kg,0.079,365,0.21,0.328,Medium Risk
ITM013,Frozen Peas,Frozen,HH007,2026-01-01,2026-05-31,1.25,bags,0.126,150,0.0,0.0,Low Risk
ITM005,Ice Cream,Frozen,HH014,2026-03-03,2026-06-01,0.84,tubs,0.244,90,0.0,0.0,Low Risk
ITM001,Milk,Dairy,HH019,2026-01-18,2026-01-25,3.16,liters,0.707,7,0.0,0.0,Low Risk
ITM001,Milk,Dairy,HH012,2026-03-19,2026-03-26,3.72,liters,0.527,7,0.3,0.081,Low Risk
ITM014,Orange Juice,Beverages,HH016,2026-01-13,2026-01-23,1.26,liters,0.133,10,0.0,0.0,Low Risk
ITM012,Cooking Oil,Pantry,HH007,2026-01-09,2026-07-08,0.41,liters,0.035,180,0.0,0.0,Low Risk
ITM001,Milk,Dairy,HH014,2026-05-04,2026-05-11,3.08,liters,0.578,7,0.35,0.114,Medium Risk
ITM005,Ice Cream,Frozen,HH017,2026-02-21,2026-05-22,0.62,tubs,0.196,90,0.0,0.0,Low Risk
ITM014,Orange Juice,Beverages,HH017,2026-02-26,2026-03-08,1.09,liters,0.33,10,0.04,0.037,Low Risk
ITM012,Cooking Oil,Pantry,HH016,2026-03-05,2026-09-01,0.5,liters,0.031,180,0.0,0.0,Low Risk
ITM002,Eggs,Dairy,HH010,2026-04-12,2026-05-03,1.5,dozen,0.27,21,0.07,0.047,Low Risk
ITM013,Frozen Peas,Frozen,HH004,2026-03-27,2026-08-24,1.45,bags,0.273,150,0.0,0.0,Low Risk
ITM003,Bread,Bakery,HH002,2026-01-29,2026-02-03,2.69,loaves,0.335,5,0.94,0.349,Medium Risk
ITM007,Tomatoes,Produce,HH009,2026-03-26,2026-04-01,3.01,kg,0.623,6,0.0,0.0,Low Risk
ITM006,Chicken Breast,Meat,HH018,2026-03-04,2026-03-08,2.03,kg,0.251,4,1.63,0.803,High Risk
ITM008,Yogurt,Dairy,HH002,2026-02-25,2026-03-11,4.25,cups,0.386,14,0.0,0.0,Low Risk
ITM001,Milk,Dairy,HH016,2026-01-13,2026-01-20,4.62,liters,0.491,7,1.62,0.351,Medium Risk
ITM008,Yogurt,Dairy,HH005,2026-02-17,2026-03-03,4.65,cups,0.203,14,2.93,0.63,High Risk
ITM009,Cheese,Dairy,HH007,2026-01-24,2026-02-23,0.38,kg,0.13,30,0.01,0.026,Low Risk
ITM010,Bananas,Produce,HH003,2026-01-07,2026-01-12,1.24,kg,0.403,5,0.0,0.0,Low Risk
ITM009,Cheese,Dairy,HH018,2026-03-26,2026-04-25,0.74,kg,0.06,30,0.0,0.0,Low Risk
ITM012,Cooking Oil,Pantry,HH019,2026-01-14,2026-07-13,0.48,liters,0.089,180,0.0,0.0,Low Risk
ITM006,Chicken Breast,Meat,HH017,2026-03-28,2026-04-01,2.64,kg,0.32,4,2.26,0.856,High Risk
ITM003,Bread,Bakery,HH006,2026-02-04,2026-02-09,2.32,loaves,0.406,5,0.28,0.121,Medium Risk
ITM014,Orange Juice,Beverages,HH019,2026-02-23,2026-03-05,2.06,liters,0.442,10,0.1,0.049,Low Risk
ITM009,Cheese,Dairy,HH009,2026-02-21,2026-03-23,0.4,kg,0.077,30,0.0,0.0,Low Risk
ITM010,Bananas,Produce,HH005,2026-03-13,2026-03-18,2.73,kg,0.137,5,2.73,1.0,High Risk
ITM012,Cooking Oil,Pantry,HH006,2026-04-05,2026-10-02,0.18,liters,0.036,180,0.0,0.0,Low Risk
ITM014,Orange Juice,Beverages,HH003,2026-05-11,2026-05-21,2.36,liters,0.256,10,0.58,0.246,Medium Risk
ITM014,Orange Juice,Beverages,HH004,2026-04-04,2026-04-14,1.52,liters,0.324,10,0.0,0.0,Low Risk
ITM012,Cooking Oil,Pantry,HH015,2026-03-07,2026-09-03,0.27,liters,0.024,180,0.0,0.0,Low Risk
ITM005,Ice Cream,Frozen,HH010,2026-02-02,2026-05-03,1.35,tubs,0.124,90,0.0,0.0,Low Risk
ITM002,Eggs,Dairy,HH001,2026-01-22,2026-02-12,2.93,dozen,0.266,21,0.26,0.089,Low Risk
ITM013,Frozen Peas,Frozen,HH003,2026-03-09,2026-08-06,0.86,bags,0.156,150,0.12,0.14,Medium Risk
ITM015,Butter,Dairy,HH017,2026-04-12,2026-06-11,0.4,kg,0.087,60,0.0,0.0,Low Risk
ITM005,Ice Cream,Frozen,HH006,2026-04-04,2026-07-03,1.15,tubs,0.084,90,0.0,0.0,Low Risk
ITM012,Cooking Oil,Pantry,HH016,2026-05-25,2026-11-21,0.28,liters,0.04,180,0.0,0.0,Low Risk
ITM002,Eggs,Dairy,HH012,2026-04-21,2026-05-12,2.97,dozen,0.301,21,0.34,0.114,Medium Risk
ITM012,Cooking Oil,Pantry,HH003,2026-03-23,2026-09-19,0.38,liters,0.058,180,0.0,0.0,Low Risk
ITM001,Milk,Dairy,HH008,2026-01-04,2026-01-11,2.42,liters,0.869,7,0.34,0.14,Medium Risk
ITM012,Cooking Oil,Pantry,HH004,2026-04-29,2026-10-26,0.27,liters,0.055,180,0.0,0.0,Low Risk
ITM007,Tomatoes,Produce,HH012,2026-05-06,2026-05-12,3.4,kg,0.28,6,1.96,0.576,High Risk
ITM002,Eggs,Dairy,HH010,2026-01-20,2026-02-10,3.59,dozen,0.304,21,0.0,0.0,Low Risk
ITM002,Eggs,Dairy,HH003,2026-01-02,2026-01-23,1.65,dozen,0.41,21,0.0,0.0,Low Risk
ITM009,Cheese,Dairy,HH009,2026-01-21,2026-02-20,0.96,kg,0.149,30,0.1,0.104,Medium Risk
ITM008,Yogurt,Dairy,HH009,2026-03-29,2026-04-12,3.17,cups,0.903,14,0.23,0.073,Low Risk
ITM013,Frozen Peas,Frozen,HH015,2026-02-10,2026-07-10,0.99,bags,0.055,150,0.24,0.242,Medium Risk
ITM003,Bread,Bakery,HH011,2026-05-25,2026-05-30,2.08,loaves,0.286,5,0.47,0.226,Medium Risk
ITM004,Rice,Grains,HH015,2026-01-30,2027-01-30,0.51,kg,0.114,365,0.05,0.098,Low Risk
ITM013,Frozen Peas,Frozen,HH001,2026-02-17,2026-07-17,1.25,bags,0.086,150,0.01,0.008,Low Risk
ITM015,Butter,Dairy,HH009,2026-05-11,2026-07-10,0.65,kg,0.109,60,0.0,0.0,Low Risk
ITM011,Cereal,Pantry,HH020,2026-04-28,2026-08-26,0.87,boxes,0.035,120,0.09,0.103,Medium Risk
ITM007,Tomatoes,Produce,HH005,2026-05-29,2026-06-04,1.07,kg,0.148,6,0.1,0.093,Low Risk
ITM011,Cereal,Pantry,HH015,2026-04-30,2026-08-28,0.99,boxes,0.035,120,0.0,0.0,Low Risk
ITM012,Cooking Oil,Pantry,HH018,2026-04-07,2026-10-04,0.22,liters,0.04,180,0.01,0.045,Low Risk
ITM008,Yogurt,Dairy,HH014,2026-03-11,2026-03-25,3.12,cups,0.735,14,0.38,0.122,Medium Risk
ITM010,Bananas,Produce,HH012,2026-02-05,2026-02-10,2.87,kg,0.398,5,0.66,0.23,Medium Risk
ITM005,Ice Cream,Frozen,HH009,2026-03-23,2026-06-21,1.88,tubs,0.235,90,0.1,0.053,Low Risk
ITM012,Cooking Oil,Pantry,HH006,2026-05-17,2026-11-13,0.26,liters,0.043,180,0.0,0.0,Low Risk
ITM014,Orange Juice,Beverages,HH009,2026-04-14,2026-04-24,1.23,liters,0.222,10,0.14,0.114,Medium Risk
ITM013,Frozen Peas,Frozen,HH015,2026-05-12,2026-10-09,0.81,bags,0.094,150,0.11,0.136,Medium Risk
ITM005,Ice Cream,Frozen,HH010,2026-04-21,2026-07-20,0.94,tubs,0.097,90,0.0,0.0,Low Risk
ITM008,Yogurt,Dairy,HH001,2026-01-16,2026-01-30,3.01,cups,0.38,14,0.45,0.15,Medium Risk
ITM012,Cooking Oil,Pantry,HH008,2026-03-31,2026-09-27,0.48,liters,0.059,180,0.03,0.062,Low Risk
ITM007,Tomatoes,Produce,HH006,2026-03-20,2026-03-26,3.02,kg,0.162,6,3.02,1.0,High Risk
ITM005,Ice Cream,Frozen,HH008,2026-01-12,2026-04-12,1.83,tubs,0.257,90,0.05,0.027,Low Risk
ITM011,Cereal,Pantry,HH013,2026-04-04,2026-08-02,0.82,boxes,0.063,120,0.07,0.085,Low Risk
ITM011,Cereal,Pantry,HH014,2026-05-01,2026-08-29,0.34,boxes,0.17,120,0.0,0.0,Low Risk
ITM005,Ice Cream,Frozen,HH002,2026-02-26,2026-05-27,1.99,tubs,0.237,90,0.14,0.07,Low Risk
ITM011,Cereal,Pantry,HH015,2026-03-17,2026-07-15,0.81,boxes,0.046,120,0.0,0.0,Low Risk
ITM015,Butter,Dairy,HH017,2026-03-06,2026-05-05,0.34,kg,0.041,60,0.0,0.0,Low Risk
ITM002,Eggs,Dairy,HH007,2026-01-07,2026-01-28,3.64,dozen,0.239,21,0.02,0.005,Low Risk
ITM002,Eggs,Dairy,HH007,2026-03-27,2026-04-17,3.94,dozen,0.281,21,0.0,0.0,Low Risk
ITM014,Orange Juice,Beverages,HH013,2026-05-16,2026-05-26,2.6,liters,0.23,10,0.45,0.173,Medium Risk
ITM009,Cheese,Dairy,HH017,2026-01-01,2026-01-31,0.81,kg,0.076,30,0.0,0.0,Low Risk
ITM012,Cooking Oil,Pantry,HH013,2026-04-09,2026-10-06,0.17,liters,0.041,180,0.03,0.176,Medium Risk
ITM004,Rice,Grains,HH006,2026-03-31,2027-03-31,0.94,kg,0.107,365,0.0,0.0,Low Risk
ITM004,Rice,Grains,HH004,2026-05-12,2027-05-12,1.01,kg,0.272,365,0.04,0.04,Low Risk
ITM013,Frozen Peas,Frozen,HH010,2026-04-19,2026-09-16,1.06,bags,0.046,150,0.0,0.0,Low Risk
ITM015,Butter,Dairy,HH011,2026-05-26,2026-07-25,0.36,kg,0.05,60,0.03,0.083,Low Risk
ITM001,Milk,Dairy,HH011,2026-01-05,2026-01-12,2.98,liters,0.584,7,0.0,0.0,Low Risk
ITM009,Cheese,Dairy,HH007,2026-02-10,2026-03-12,0.83,kg,0.107,30,0.0,0.0,Low Risk
ITM002,Eggs,Dairy,HH014,2026-05-30,2026-06-20,1.94,dozen,0.398,21,0.0,0.0,Low Risk
ITM006,Chicken Breast,Meat,HH020,2026-03-12,2026-03-16,2.24,kg,0.161,4,2.24,1.0,High Risk
ITM013,Frozen Peas,Frozen,HH010,2026-02-20,2026-07-20,0.79,bags,0.107,150,0.1,0.127,Medium Risk
ITM012,Cooking Oil,Pantry,HH009,2026-03-21,2026-09-17,0.21,liters,0.039,180,0.03,0.143,Medium Risk
ITM015,Butter,Dairy,HH015,2026-05-28,2026-07-27,0.25,kg,0.027,60,0.0,0.0,Low Risk
ITM015,Butter,Dairy,HH020,2026-02-18,2026-04-19,0.62,kg,0.057,60,0.0,0.0,Low Risk
ITM006,Chicken Breast,Meat,HH007,2026-01-14,2026-01-18,1.21,kg,0.212,4,0.38,0.314,Medium Risk
ITM006,Chicken Breast,Meat,HH017,2026-01-08,2026-01-12,1.7,kg,0.184,4,1.46,0.859,High Risk
ITM003,Bread,Bakery,HH009,2026-02-24,2026-03-01,4.97,loaves,0.568,5,3.3,0.664,High Risk
ITM009,Cheese,Dairy,HH011,2026-04-19,2026-05-19,0.56,kg,0.092,30,0.01,0.018,Low Risk
ITM014,Orange Juice,Beverages,HH006,2026-03-27,2026-04-06,1.95,liters,0.288,10,0.0,0.0,Low Risk
ITM015,Butter,Dairy,HH008,2026-01-04,2026-03-05,0.27,kg,0.069,60,0.02,0.074,Low Risk
ITM012,Cooking Oil,Pantry,HH015,2026-03-27,2026-09-23,0.44,liters,0.028,180,0.0,0.0,Low Risk
ITM015,Butter,Dairy,HH002,2026-05-18,2026-07-17,0.41,kg,0.048,60,0.07,0.171,Medium Risk
ITM015,Butter,Dairy,HH016,2026-05-14,2026-07-13,0.41,kg,0.06,60,0.0,0.0,Low Risk
ITM002,Eggs,Dairy,HH001,2026-05-19,2026-06-09,2.11,dozen,0.283,21,0.17,0.081,Low Risk
ITM015,Butter,Dairy,HH014,2026-01-08,2026-03-09,0.3,kg,0.085,60,0.0,0.0,Low Risk
ITM001,Milk,Dairy,HH011,2026-04-25,2026-05-02,3.69,liters,0.342,7,0.83,0.225,Medium Risk
ITM005,Ice Cream,Frozen,HH004,2026-03-18,2026-06-16,1.13,tubs,0.294,90,0.0,0.0,Low Risk
ITM013,Frozen Peas,Frozen,HH017,2026-01-16,2026-06-15,0.66,bags,0.095,150,0.01,0.015,Low Risk
ITM009,Cheese,Dairy,HH015,2026-05-18,2026-06-17,0.88,kg,0.077,30,0.05,0.057,Low Risk
ITM006,Chicken Breast,Meat,HH008,2026-01-03,2026-01-07,1.72,kg,0.429,4,0.0,0.0,Low Risk
ITM010,Bananas,Produce,HH010,2026-04-22,2026-04-27,3.39,kg,0.289,5,3.39,1.0,High Risk
ITM003,Bread,Bakery,HH010,2026-05-22,2026-05-27,3.62,loaves,0.28,5,3.62,1.0,High Risk
ITM011,Cereal,Pantry,HH011,2026-02-03,2026-06-03,0.95,boxes,0.087,120,0.32,0.337,Medium Risk
ITM002,Eggs,Dairy,HH002,2026-04-18,2026-05-09,2.41,dozen,0.24,21,0.0,0.0,Low Risk
ITM002,Eggs,Dairy,HH010,2026-01-13,2026-02-03,2.02,dozen,0.122,21,0.0,0.0,Low Risk
ITM007,Tomatoes,Produce,HH012,2026-05-09,2026-05-15,3.47,kg,0.31,6,2.16,0.622,High Risk
ITM008,Yogurt,Dairy,HH016,2026-01-29,2026-02-12,2.43,cups,0.305,14,0.42,0.173,Medium Risk
ITM007,Tomatoes,Produce,HH017,2026-02-26,2026-03-04,2.5,kg,0.22,6,2.13,0.852,High Risk
ITM004,Rice,Grains,HH020,2026-02-03,2027-02-03,1.07,kg,0.076,365,0.0,0.0,Low Risk
ITM013,Frozen Peas,Frozen,HH004,2026-04-18,2026-09-15,0.78,bags,0.129,150,0.0,0.0,Low Risk
ITM008,Yogurt,Dairy,HH006,2026-01-21,2026-02-04,3.0,cups,0.303,14,0.29,0.097,Low Risk
ITM007,Tomatoes,Produce,HH010,2026-02-08,2026-02-14,1.73,kg,0.199,6,0.55,0.318,Medium Risk
ITM003,Bread,Bakery,HH004,2026-01-09,2026-01-14,1.82,loaves,0.796,5,0.03,0.016,Low Risk
ITM003,Bread,Bakery,HH005,2026-01-31,2026-02-05,3.29,loaves,0.189,5,3.29,1.0,High Risk
ITM015,Butter,Dairy,HH011,2026-02-09,2026-04-10,0.33,kg,0.082,60,0.05,0.152,Medium Risk
ITM006,Chicken Breast,Meat,HH014,2026-04-22,2026-04-26,1.33,kg,0.253,4,0.31,0.233,Medium Risk
ITM014,Orange Juice,Beverages,HH007,2026-04-17,2026-04-27,1.7,liters,0.267,10,0.02,0.012,Low Risk
ITM007,Tomatoes,Produce,HH001,2026-01-10,2026-01-16,1.42,kg,0.317,6,0.0,0.0,Low Risk
ITM007,Tomatoes,Produce,HH002,2026-05-19,2026-05-25,2.19,kg,0.255,6,1.07,0.489,Medium Risk
ITM004,Rice,Grains,HH003,2026-04-15,2027-04-15,1.15,kg,0.131,365,0.0,0.0,Low Risk
ITM015,Butter,Dairy,HH013,2026-02-06,2026-04-07,0.66,kg,0.079,60,0.0,0.0,Low Risk
ITM011,Cereal,Pantry,HH020,2026-05-27,2026-09-24,0.69,boxes,0.041,120,0.0,0.0,Low Risk
ITM005,Ice Cream,Frozen,HH005,2026-03-15,2026-06-13,1.98,tubs,0.145,90,0.07,0.035,Low Risk
ITM007,Tomatoes,Produce,HH003,2026-01-01,2026-01-07,1.83,kg,0.295,6,0.0,0.0,Low Risk
ITM010,Bananas,Produce,HH016,2026-03-22,2026-03-27,2.71,kg,0.235,5,2.71,1.0,High Risk
ITM008,Yogurt,Dairy,HH004,2026-04-04,2026-04-18,3.14,cups,0.613,14,0.0,0.0,Low Risk
ITM011,Cereal,Pantry,HH011,2026-05-18,2026-09-15,0.35,boxes,0.091,120,0.04,0.114,Medium Risk
ITM007,Tomatoes,Produce,HH003,2026-02-14,2026-02-20,2.42,kg,0.327,6,0.53,0.219,Medium Risk
ITM015,Butter,Dairy,HH001,2026-02-13,2026-04-14,0.28,kg,0.052,60,0.0,0.0,Low Risk
ITM015,Butter,Dairy,HH014,2026-04-03,2026-06-02,0.53,kg,0.103,60,0.1,0.189,Medium Risk
ITM008,Yogurt,Dairy,HH017,2026-01-24,2026-02-07,4.03,cups,0.574,14,0.0,0.0,Low Risk
ITM006,Chicken Breast,Meat,HH007,2026-05-06,2026-05-10,0.95,kg,0.287,4,0.15,0.158,Medium Risk
ITM010,Bananas,Produce,HH005,2026-03-08,2026-03-13,1.2,kg,0.301,5,0.06,0.05,Low Risk
ITM015,Butter,Dairy,HH003,2026-03-12,2026-05-11,0.68,kg,0.107,60,0.0,0.0,Low Risk
ITM006,Chicken Breast,Meat,HH012,2026-03-24,2026-03-28,1.86,kg,0.156,4,1.86,1.0,High Risk
ITM010,Bananas,Produce,HH008,2026-01-21,2026-01-26,3.05,kg,0.619,5,0.0,0.0,Low Risk
ITM009,Cheese,Dairy,HH006,2026-04-11,2026-05-11,0.97,kg,0.058,30,0.0,0.0,Low Risk
ITM010,Bananas,Produce,HH015,2026-04-09,2026-04-14,3.7,kg,0.229,5,3.7,1.0,High Risk
ITM009,Cheese,Dairy,HH012,2026-01-23,2026-02-22,0.86,kg,0.067,30,0.06,0.07,Low Risk
ITM007,Tomatoes,Produce,HH003,2026-04-25,2026-05-01,1.76,kg,0.258,6,0.2,0.114,Medium Risk
ITM009,Cheese,Dairy,HH010,2026-03-15,2026-04-14,0.57,kg,0.056,30,0.12,0.211,Medium Risk
ITM003,Bread,Bakery,HH015,2026-03-09,2026-03-14,4.38,loaves,0.357,5,4.38,1.0,High Risk
ITM008,Yogurt,Dairy,HH017,2026-01-23,2026-02-06,1.9,cups,0.506,14,0.13,0.068,Low Risk
ITM011,Cereal,Pantry,HH001,2026-02-01,2026-06-01,0.44,boxes,0.074,120,0.09,0.205,Medium Risk
ITM008,Yogurt,Dairy,HH008,2026-04-29,2026-05-13,4.9,cups,0.533,14,0.0,0.0,Low Risk
ITM008,Yogurt,Dairy,HH018,2026-03-31,2026-04-14,4.87,cups,0.418,14,0.02,0.004,Low Risk
ITM011,Cereal,Pantry,HH017,2026-01-23,2026-05-23,0.9,boxes,0.054,120,0.0,0.0,Low Risk
ITM012,Cooking Oil,Pantry,HH010,2026-04-25,2026-10-22,0.41,liters,0.025,180,0.0,0.0,Low Risk
ITM011,Cereal,Pantry,HH009,2026-04-03,2026-08-01,0.97,boxes,0.073,120,0.0,0.0,Low Risk
ITM009,Cheese,Dairy,HH018,2026-04-02,2026-05-02,0.31,kg,0.144,30,0.0,0.0,Low Risk
ITM002,Eggs,Dairy,HH001,2026-02-08,2026-03-01,3.91,dozen,0.342,21,0.0,0.0,Low Risk
ITM015,Butter,Dairy,HH010,2026-02-16,2026-04-17,0.61,kg,0.046,60,0.0,0.0,Low Risk
ITM013,Frozen Peas,Frozen,HH010,2026-02-07,2026-07-07,1.09,bags,0.056,150,0.05,0.046,Low Risk
ITM003,Bread,Bakery,HH005,2026-05-19,2026-05-24,1.75,loaves,0.346,5,0.22,0.126,Medium Risk
ITM002,Eggs,Dairy,HH019,2026-03-01,2026-03-22,2.66,dozen,0.543,21,0.0,0.0,Low Risk
ITM015,Butter,Dairy,HH007,2026-01-27,2026-03-28,0.73,kg,0.071,60,0.07,0.096,Low Risk
ITM003,Bread,Bakery,HH015,2026-01-24,2026-01-29,4.52,loaves,0.375,5,4.2,0.929,High Risk
ITM007,Tomatoes,Produce,HH001,2026-05-21,2026-05-27,1.79,kg,0.25,6,0.46,0.257,Medium Risk
ITM001,Milk,Dairy,HH015,2026-03-27,2026-04-03,2.88,liters,0.24,7,2.28,0.792,High Risk
ITM009,Cheese,Dairy,HH006,2026-04-11,2026-05-11,0.7,kg,0.044,30,0.12,0.171,Medium Risk
ITM015,Butter,Dairy,HH010,2026-05-28,2026-07-27,0.71,kg,0.036,60,0.14,0.197,Medium Risk
ITM011,Cereal,Pantry,HH010,2026-04-19,2026-08-17,0.51,boxes,0.074,120,0.0,0.0,Low Risk
ITM002,Eggs,Dairy,HH003,2026-04-28,2026-05-19,2.71,dozen,0.305,21,0.21,0.077,Low Risk
ITM006,Chicken Breast,Meat,HH016,2026-01-23,2026-01-27,1.95,kg,0.154,4,1.61,0.826,High Risk
ITM007,Tomatoes,Produce,HH012,2026-01-20,2026-01-26,1.55,kg,0.424,6,0.0,0.0,Low Risk
ITM009,Cheese,Dairy,HH018,2026-05-19,2026-06-18,0.71,kg,0.089,30,0.0,0.0,Low Risk
ITM014,Orange Juice,Beverages,HH017,2026-01-03,2026-01-13,2.62,liters,0.343,10,0.03,0.011,Low Risk
ITM015,Butter,Dairy,HH008,2026-04-07,2026-06-06,0.28,kg,0.073,60,0.04,0.143,Medium Risk
ITM003,Bread,Bakery,HH002,2026-01-11,2026-01-16,4.82,loaves,0.461,5,4.47,0.927,High Risk
ITM012,Cooking Oil,Pantry,HH003,2026-01-09,2026-07-08,0.34,liters,0.059,180,0.0,0.0,Low Risk
ITM002,Eggs,Dairy,HH003,2026-02-13,2026-03-06,1.24,dozen,0.342,21,0.0,0.0,Low Risk
ITM014,Orange Juice,Beverages,HH013,2026-03-03,2026-03-13,2.57,liters,0.223,10,0.52,0.202,Medium Risk
ITM003,Bread,Bakery,HH002,2026-03-18,2026-03-23,4.01,loaves,0.283,5,4.01,1.0,High Risk
ITM011,Cereal,Pantry,HH015,2026-03-28,2026-07-26,0.4,boxes,0.066,120,0.02,0.05,Low Risk
ITM003,Bread,Bakery,HH003,2026-04-08,2026-04-13,1.53,loaves,0.388,5,0.0,0.0,Low Risk
ITM014,Orange Juice,Beverages,HH004,2026-03-26,2026-04-05,1.27,liters,0.49,10,0.0,0.0,Low Risk
ITM002,Eggs,Dairy,HH009,2026-03-21,2026-04-11,2.82,dozen,0.447,21,0.66,0.234,Medium Risk
ITM007,Tomatoes,Produce,HH006,2026-02-06,2026-02-12,3.28,kg,0.306,6,1.68,0.512,High Risk
ITM003,Bread,Bakery,HH003,2026-05-02,2026-05-07,1.51,loaves,0.66,5,0.19,0.126,Medium Risk
ITM012,Cooking Oil,Pantry,HH016,2026-04-10,2026-10-07,0.28,liters,0.039,180,0.0,0.0,Low Risk
ITM015,Butter,Dairy,HH015,2026-05-15,2026-07-14,0.38,kg,0.037,60,0.0,0.0,Low Risk
ITM007,Tomatoes,Produce,HH003,2026-02-18,2026-02-24,2.47,kg,0.405,6,0.0,0.0,Low Risk
ITM008,Yogurt,Dairy,HH019,2026-01-06,2026-01-20,2.96,cups,0.604,14,0.22,0.074,Low Risk
ITM006,Chicken Breast,Meat,HH016,2026-01-05,2026-01-09,1.34,kg,0.293,4,0.0,0.0,Low Risk
ITM009,Cheese,Dairy,HH003,2026-05-23,2026-06-22,0.96,kg,0.154,30,0.03,0.031,Low Risk
ITM008,Yogurt,Dairy,HH003,2026-01-30,2026-02-13,2.98,cups,0.486,14,0.34,0.114,Medium Risk
ITM010,Bananas,Produce,HH008,2026-04-14,2026-04-19,2.13,kg,0.369,5,0.0,0.0,Low Risk
ITM007,Tomatoes,Produce,HH002,2026-05-19,2026-05-25,3.01,kg,0.421,6,0.45,0.15,Medium Risk
ITM011,Cereal,Pantry,HH020,2026-03-18,2026-07-16,0.91,boxes,0.054,120,0.04,0.044,Low Risk
ITM002,Eggs,Dairy,HH002,2026-04-17,2026-05-08,1.44,dozen,0.209,21,0.0,0.0,Low Risk
ITM011,Cereal,Pantry,HH008,2026-01-18,2026-05-18,0.53,boxes,0.134,120,0.03,0.057,Low Risk
ITM002,Eggs,Dairy,HH015,2026-03-23,2026-04-13,2.54,dozen,0.309,21,0.0,0.0,Low Risk
ITM012,Cooking Oil,Pantry,HH020,2026-01-13,2026-07-12,0.26,liters,0.033,180,0.04,0.154,Medium Risk
ITM004,Rice,Grains,HH010,2026-04-20,2027-04-20,1.3,kg,0.106,365,0.0,0.0,Low Risk
ITM009,Cheese,Dairy,HH009,2026-02-11,2026-03-13,0.78,kg,0.166,30,0.07,0.09,Low Risk
ITM014,Orange Juice,Beverages,HH015,2026-03-07,2026-03-17,1.28,liters,0.139,10,0.04,0.031,Low Risk
ITM004,Rice,Grains,HH008,2026-04-22,2027-04-22,0.95,kg,0.193,365,0.04,0.042,Low Risk
ITM015,Butter,Dairy,HH005,2026-04-17,2026-06-16,0.27,kg,0.059,60,0.02,0.074,Low Risk
ITM013,Frozen Peas,Frozen,HH001,2026-04-19,2026-09-16,1.05,bags,0.138,150,0.05,0.048,Low Risk
ITM003,Bread,Bakery,HH012,2026-04-01,2026-04-06,3.74,loaves,0.52,5,0.77,0.206,Medium Risk
ITM004,Rice,Grains,HH016,2026-01-24,2027-01-24,1.07,kg,0.15,365,0.0,0.0,Low Risk
ITM008,Yogurt,Dairy,HH010,2026-03-25,2026-04-08,4.37,cups,0.326,14,0.0,0.0,Low Risk
ITM015,Butter,Dairy,HH013,2026-03-15,2026-05-14,0.39,kg,0.111,60,0.0,0.0,Low Risk
ITM015,Butter,Dairy,HH015,2026-02-21,2026-04-22,0.55,kg,0.03,60,0.0,0.0,Low Risk
ITM014,Orange Juice,Beverages,HH009,2026-04-11,2026-04-21,1.37,liters,0.223,10,0.14,0.102,Medium Risk
ITM005,Ice Cream,Frozen,HH012,2026-01-30,2026-04-30,0.83,tubs,0.197,90,0.0,0.0,Low Risk
ITM009,Cheese,Dairy,HH001,2026-03-13,2026-04-12,0.91,kg,0.045,30,0.0,0.0,Low Risk
ITM005,Ice Cream,Frozen,HH004,2026-01-28,2026-04-28,1.45,tubs,0.29,90,0.29,0.2,Medium Risk
ITM003,Bread,Bakery,HH004,2026-05-19,2026-05-24,4.28,loaves,0.461,5,2.81,0.657,High Risk
ITM001,Milk,Dairy,HH013,2026-04-12,2026-04-19,3.6,liters,0.906,7,0.64,0.178,Medium Risk
ITM010,Bananas,Produce,HH009,2026-04-29,2026-05-04,2.55,kg,0.633,5,0.0,0.0,Low Risk
ITM011,Cereal,Pantry,HH001,2026-04-28,2026-08-26,0.68,boxes,0.047,120,0.0,0.0,Low Risk
ITM008,Yogurt,Dairy,HH004,2026-05-09,2026-05-23,4.54,cups,0.561,14,0.0,0.0,Low Risk
ITM013,Frozen Peas,Frozen,HH018,2026-03-13,2026-08-10,0.51,bags,0.099,150,0.08,0.157,Medium Risk
ITM015,Butter,Dairy,HH016,2026-03-11,2026-05-10,0.68,kg,0.037,60,0.05,0.074,Low Risk
ITM015,Butter,Dairy,HH004,2026-04-06,2026-06-05,0.57,kg,0.109,60,0.0,0.0,Low Risk
ITM001,Milk,Dairy,HH016,2026-02-18,2026-02-25,3.29,liters,0.597,7,0.32,0.097,Low Risk
ITM001,Milk,Dairy,HH011,2026-03-18,2026-03-25,4.24,liters,0.279,7,4.24,1.0,High Risk
ITM015,Butter,Dairy,HH009,2026-05-15,2026-07-14,0.61,kg,0.141,60,0.0,0.0,Low Risk
ITM006,Chicken Breast,Meat,HH019,2026-02-06,2026-02-10,2.63,kg,0.543,4,0.65,0.247,Medium Risk
ITM012,Cooking Oil,Pantry,HH018,2026-04-05,2026-10-02,0.24,liters,0.071,180,0.0,0.0,Low Risk
ITM004,Rice,Grains,HH004,2026-04-26,2027-04-26,0.64,kg,0.182,365,0.08,0.125,Medium Risk
ITM007,Tomatoes,Produce,HH010,2026-05-25,2026-05-31,2.51,kg,0.271,6,1.19,0.474,Medium Risk
ITM008,Yogurt,Dairy,HH008,2026-01-22,2026-02-05,3.92,cups,0.334,14,0.05,0.013,Low Risk
ITM014,Orange Juice,Beverages,HH005,2026-01-29,2026-02-08,1.45,liters,0.195,10,0.11,0.076,Low Risk
ITM003,Bread,Bakery,HH014,2026-01-26,2026-01-31,2.37,loaves,0.543,5,0.04,0.017,Low Risk
ITM001,Milk,Dairy,HH009,2026-01-12,2026-01-19,4.64,liters,1.019,7,1.04,0.224,Medium Risk
ITM010,Bananas,Produce,HH016,2026-01-23,2026-01-28,2.63,kg,0.394,5,1.07,0.407,Medium Risk
ITM004,Rice,Grains,HH011,2026-02-04,2027-02-04,0.73,kg,0.119,365,0.05,0.068,Low Risk
ITM001,Milk,Dairy,HH010,2026-05-18,2026-05-25,4.49,liters,0.425,7,2.11,0.47,Medium Risk
ITM009,Cheese,Dairy,HH002,2026-04-04,2026-05-04,0.95,kg,0.125,30,0.0,0.0,Low Risk
ITM013,Frozen Peas,Frozen,HH003,2026-05-14,2026-10-11,1.42,bags,0.104,150,0.08,0.056,Low Risk
ITM014,Orange Juice,Beverages,HH005,2026-01-28,2026-02-07,2.26,liters,0.134,10,1.66,0.735,High Risk
ITM006,Chicken Breast,Meat,HH016,2026-03-01,2026-03-05,2.92,kg,0.204,4,2.92,1.0,High Risk
ITM004,Rice,Grains,HH016,2026-05-22,2027-05-22,0.58,kg,0.071,365,0.1,0.172,Medium Risk
ITM004,Rice,Grains,HH012,2026-05-23,2027-05-23,1.45,kg,0.194,365,0.0,0.0,Low Risk
ITM008,Yogurt,Dairy,HH019,2026-01-25,2026-02-08,3.44,cups,0.882,14,0.0,0.0,Low Risk
ITM006,Chicken Breast,Meat,HH008,2026-02-13,2026-02-17,2.93,kg,0.224,4,2.93,1.0,High Risk
ITM004,Rice,Grains,HH009,2026-01-04,2027-01-04,1.08,kg,0.171,365,0.0,0.0,Low Risk
ITM010,Bananas,Produce,HH002,2026-03-22,2026-03-27,1.46,kg,0.467,5,0.0,0.0,Low Risk
ITM002,Eggs,Dairy,HH016,2026-01-20,2026-02-10,2.08,dozen,0.272,21,0.0,0.0,Low Risk
ITM013,Frozen Peas,Frozen,HH014,2026-05-06,2026-10-03,1.41,bags,0.23,150,0.0,0.0,Low Risk
ITM010,Bananas,Produce,HH018,2026-01-24,2026-01-29,2.45,kg,0.276,5,1.59,0.649,High Risk
ITM002,Eggs,Dairy,HH020,2026-02-01,2026-02-22,3.17,dozen,0.17,21,0.07,0.022,Low Risk
ITM004,Rice,Grains,HH013,2026-01-15,2027-01-15,0.56,kg,0.133,365,0.0,0.0,Low Risk
ITM001,Milk,Dairy,HH013,2026-05-17,2026-05-24,2.1,liters,0.919,7,0.19,0.09,Low Risk
ITM002,Eggs,Dairy,HH018,2026-02-10,2026-03-03,3.56,dozen,0.453,21,0.6,0.169,Medium Risk
ITM012,Cooking Oil,Pantry,HH014,2026-03-27,2026-09-23,0.35,liters,0.04,180,0.0,0.0,Low Risk
ITM006,Chicken Breast,Meat,HH018,2026-03-31,2026-04-04,0.91,kg,0.341,4,0.23,0.253,Medium Risk
ITM013,Frozen Peas,Frozen,HH019,2026-04-06,2026-09-03,0.8,bags,0.233,150,0.07,0.088,Low Risk
ITM003,Bread,Bakery,HH007,2026-02-16,2026-02-21,4.2,loaves,0.535,5,1.08,0.257,Medium Risk
ITM008,Yogurt,Dairy,HH010,2026-05-27,2026-06-10,4.61,cups,0.309,14,0.0,0.0,Low Risk
ITM009,Cheese,Dairy,HH008,2026-05-02,2026-06-01,0.51,kg,0.103,30,0.0,0.0,Low Risk
ITM004,Rice,Grains,HH009,2026-03-22,2027-03-22,0.62,kg,0.207,365,0.0,0.0,Low Risk
ITM008,Yogurt,Dairy,HH012,2026-05-09,2026-05-23,1.8,cups,0.61,14,0.0,0.0,Low Risk
ITM003,Bread,Bakery,HH015,2026-02-04,2026-02-09,2.92,loaves,0.372,5,1.87,0.64,High Risk
ITM009,Cheese,Dairy,HH005,2026-01-04,2026-02-03,0.66,kg,0.056,30,0.09,0.136,Medium Risk
ITM002,Eggs,Dairy,HH008,2026-03-29,2026-04-19,2.18,dozen,0.471,21,0.25,0.115,Medium Risk
ITM002,Eggs,Dairy,HH011,2026-05-08,2026-05-29,1.96,dozen,0.306,21,0.15,0.077,Low Risk
ITM011,Cereal,Pantry,HH007,2026-02-09,2026-06-09,1.0,boxes,0.062,120,0.0,0.0,Low Risk
ITM007,Tomatoes,Produce,HH013,2026-02-25,2026-03-03,1.16,kg,0.466,6,0.0,0.0,Low Risk
ITM011,Cereal,Pantry,HH018,2026-01-28,2026-05-28,0.4,boxes,0.084,120,0.06,0.15,Medium Risk
ITM007,Tomatoes,Produce,HH009,2026-02-26,2026-03-04,1.68,kg,0.343,6,0.09,0.054,Low Risk
ITM015,Butter,Dairy,HH006,2026-01-11,2026-03-12,0.27,kg,0.04,60,0.02,0.074,Low Risk
ITM015,Butter,Dairy,HH014,2026-02-01,2026-04-02,0.68,kg,0.138,60,0.03,0.044,Low Risk
ITM012,Cooking Oil,Pantry,HH018,2026-03-29,2026-09-25,0.21,liters,0.034,180,0.0,0.0,Low Risk
ITM013,Frozen Peas,Frozen,HH008,2026-05-28,2026-10-25,1.32,bags,0.179,150,0.0,0.0,Low Risk
ITM015,Butter,Dairy,HH016,2026-02-13,2026-04-14,0.76,kg,0.068,60,0.09,0.118,Medium Risk
ITM011,Cereal,Pantry,HH019,2026-04-02,2026-07-31,0.58,boxes,0.117,120,0.0,0.0,Low Risk
ITM004,Rice,Grains,HH018,2026-05-22,2027-05-22,0.47,kg,0.111,365,0.0,0.0,Low Risk
ITM012,Cooking Oil,Pantry,HH004,2026-04-13,2026-10-10,0.37,liters,0.063,180,0.03,0.081,Low Risk
ITM010,Bananas,Produce,HH016,2026-03-06,2026-03-11,2.87,kg,0.367,5,1.36,0.474,Medium Risk
ITM002,Eggs,Dairy,HH001,2026-01-31,2026-02-21,3.09,dozen,0.205,21,0.48,0.155,Medium Risk
ITM011,Cereal,Pantry,HH019,2026-01-13,2026-05-13,0.94,boxes,0.091,120,0.0,0.0,Low Risk
ITM001,Milk,Dairy,HH001,2026-01-20,2026-01-27,4.78,liters,0.623,7,0.98,0.205,Medium Risk
ITM005,Ice Cream,Frozen,HH019,2026-01-29,2026-04-29,1.95,tubs,0.29,90,0.0,0.0,Low Risk
ITM011,Cereal,Pantry,HH017,2026-05-22,2026-09-19,0.81,boxes,0.118,120,0.0,0.0,Low Risk
ITM010,Bananas,Produce,HH004,2026-05-06,2026-05-11,1.91,kg,0.473,5,0.21,0.11,Medium Risk
ITM010,Bananas,Produce,HH020,2026-04-05,2026-04-10,3.84,kg,0.188,5,3.65,0.951,High Risk
ITM005,Ice Cream,Frozen,HH005,2026-04-12,2026-07-11,1.2,tubs,0.148,90,0.15,0.125,Medium Risk
ITM015,Butter,Dairy,HH007,2026-02-13,2026-04-14,0.67,kg,0.08,60,0.01,0.015,Low Risk
ITM011,Cereal,Pantry,HH009,2026-04-17,2026-08-15,0.88,boxes,0.087,120,0.09,0.102,Medium Risk
ITM007,Tomatoes,Produce,HH002,2026-01-01,2026-01-07,2.26,kg,0.404,6,0.19,0.084,Low Risk
ITM010,Bananas,Produce,HH020,2026-05-11,2026-05-16,2.63,kg,0.232,5,2.63,1.0,High Risk
ITM010,Bananas,Produce,HH005,2026-01-03,2026-01-08,2.51,kg,0.199,5,2.51,1.0,High Risk
ITM007,Tomatoes,Produce,HH004,2026-03-03,2026-03-09,2.6,kg,0.49,6,0.0,0.0,Low Risk
ITM001,Milk,Dairy,HH012,2026-03-22,2026-03-29,4.31,liters,0.469,7,0.82,0.19,Medium Risk
ITM012,Cooking Oil,Pantry,HH003,2026-03-26,2026-09-22,0.29,liters,0.061,180,0.0,0.0,Low Risk
ITM012,Cooking Oil,Pantry,HH001,2026-01-25,2026-07-24,0.4,liters,0.033,180,0.0,0.0,Low Risk
ITM014,Orange Juice,Beverages,HH019,2026-05-28,2026-06-07,2.43,liters,0.404,10,0.0,0.0,Low Risk
ITM014,Orange Juice,Beverages,HH009,2026-02-24,2026-03-06,1.45,liters,0.409,10,0.21,0.145,Medium Risk
ITM009,Cheese,Dairy,HH010,2026-03-12,2026-04-11,0.57,kg,0.048,30,0.06,0.105,Medium Risk
ITM014,Orange Juice,Beverages,HH018,2026-04-16,2026-04-26,0.96,liters,0.282,10,0.07,0.073,Low Risk
ITM008,Yogurt,Dairy,HH012,2026-04-06,2026-04-20,3.8,cups,0.61,14,0.0,0.0,Low Risk
ITM005,Ice Cream,Frozen,HH016,2026-04-21,2026-07-20,0.88,tubs,0.141,90,0.0,0.0,Low Risk
ITM006,Chicken Breast,Meat,HH020,2026-01-17,2026-01-21,2.89,kg,0.149,4,2.51,0.869,High Risk
ITM004,Rice,Grains,HH016,2026-03-20,2027-03-20,0.7,kg,0.083,365,0.0,0.0,Low Risk
ITM007,Tomatoes,Produce,HH015,2026-02-06,2026-02-12,3.49,kg,0.12,6,3.49,1.0,High Risk
ITM011,Cereal,Pantry,HH001,2026-01-30,2026-05-30,0.66,boxes,0.053,120,0.0,0.0,Low Risk
ITM011,Cereal,Pantry,HH011,2026-02-19,2026-06-19,0.52,boxes,0.069,120,0.0,0.0,Low Risk
ITM008,Yogurt,Dairy,HH018,2026-04-13,2026-04-27,3.5,cups,0.348,14,0.5,0.143,Medium Risk
ITM009,Cheese,Dairy,HH006,2026-03-07,2026-04-06,0.46,kg,0.048,30,0.0,0.0,Low Risk
ITM008,Yogurt,Dairy,HH011,2026-02-15,2026-03-01,3.7,cups,0.417,14,0.15,0.041,Low Risk
ITM013,Frozen Peas,Frozen,HH009,2026-01-06,2026-06-05,0.83,bags,0.269,150,0.03,0.036,Low Risk
ITM010,Bananas,Produce,HH018,2026-03-28,2026-04-02,2.59,kg,0.429,5,0.67,0.259,Medium Risk
ITM004,Rice,Grains,HH002,2026-01-24,2027-01-24,1.4,kg,0.192,365,0.02,0.014,Low Risk
ITM013,Frozen Peas,Frozen,HH004,2026-05-22,2026-10-19,1.19,bags,0.176,150,0.01,0.008,Low Risk
ITM010,Bananas,Produce,HH020,2026-05-06,2026-05-11,3.38,kg,0.269,5,2.24,0.663,High Risk
ITM009,Cheese,Dairy,HH014,2026-03-05,2026-04-04,0.39,kg,0.182,30,0.03,0.077,Low Risk
ITM012,Cooking Oil,Pantry,HH003,2026-03-11,2026-09-07,0.29,liters,0.043,180,0.03,0.103,Medium Risk
ITM006,Chicken Breast,Meat,HH006,2026-05-15,2026-05-19,1.98,kg,0.306,4,0.99,0.5,Medium Risk
ITM008,Yogurt,Dairy,HH010,2026-02-04,2026-02-18,2.39,cups,0.388,14,0.0,0.0,Low Risk
ITM006,Chicken Breast,Meat,HH006,2026-05-07,2026-05-11,2.97,kg,0.163,4,2.97,1.0,High Risk
ITM002,Eggs,Dairy,HH016,2026-03-17,2026-04-07,3.86,dozen,0.311,21,0.0,0.0,Low Risk
ITM007,Tomatoes,Produce,HH003,2026-01-24,2026-01-30,2.83,kg,0.47,6,0.15,0.053,Low Risk
ITM006,Chicken Breast,Meat,HH008,2026-03-25,2026-03-29,2.07,kg,0.353,4,0.7,0.338,Medium Risk
ITM001,Milk,Dairy,HH007,2026-01-04,2026-01-11,2.3,liters,0.315,7,0.0,0.0,Low Risk
ITM004,Rice,Grains,HH011,2026-05-12,2027-05-12,0.47,kg,0.069,365,0.04,0.085,Low Risk
ITM004,Rice,Grains,HH007,2026-03-14,2027-03-14,1.22,kg,0.107,365,0.0,0.0,Low Risk
ITM008,Yogurt,Dairy,HH013,2026-05-06,2026-05-20,2.51,cups,0.368,14,0.0,0.0,Low Risk
ITM004,Rice,Grains,HH017,2026-03-29,2027-03-29,0.92,kg,0.143,365,0.0,0.0,Low Risk
ITM008,Yogurt,Dairy,HH017,2026-01-23,2026-02-06,2.14,cups,0.604,14,0.09,0.042,Low Risk
ITM012,Cooking Oil,Pantry,HH009,2026-03-11,2026-09-07,0.34,liters,0.079,180,0.02,0.059,Low Risk
ITM013,Frozen Peas,Frozen,HH006,2026-03-21,2026-08-18,1.43,bags,0.138,150,0.07,0.049,Low Risk
ITM015,Butter,Dairy,HH004,2026-03-31,2026-05-30,0.49,kg,0.063,60,0.09,0.184,Medium Risk
ITM005,Ice Cream,Frozen,HH018,2026-01-06,2026-04-06,0.98,tubs,0.149,90,0.1,0.102,Medium Risk
ITM002,Eggs,Dairy,HH020,2026-04-25,2026-05-16,1.94,dozen,0.27,21,0.0,0.0,Low Risk
ITM007,Tomatoes,Produce,HH008,2026-05-10,2026-05-16,2.16,kg,0.54,6,0.29,0.134,Medium Risk
ITM004,Rice,Grains,HH010,2026-01-31,2027-01-31,1.46,kg,0.094,365,0.0,0.0,Low Risk
ITM002,Eggs,Dairy,HH019,2026-01-16,2026-02-06,3.24,dozen,0.37,21,0.01,0.003,Low Risk
ITM012,Cooking Oil,Pantry,HH005,2026-05-10,2026-11-06,0.39,liters,0.035,180,0.0,0.0,Low Risk
ITM013,Frozen Peas,Frozen,HH019,2026-05-01,2026-09-28,0.82,bags,0.145,150,0.11,0.134,Medium Risk
ITM006,Chicken Breast,Meat,HH020,2026-03-14,2026-03-18,1.95,kg,0.106,4,1.95,1.0,High Risk
ITM003,Bread,Bakery,HH008,2026-03-27,2026-04-01,3.29,loaves,0.449,5,0.72,0.219,Medium Risk
ITM007,Tomatoes,Produce,HH002,2026-03-18,2026-03-24,2.13,kg,0.29,6,0.43,0.202,Medium Risk
ITM008,Yogurt,Dairy,HH016,2026-04-08,2026-04-22,1.96,cups,0.293,14,0.0,0.0,Low Risk
ITM015,Butter,Dairy,HH015,2026-04-17,2026-06-16,0.41,kg,0.049,60,0.04,0.098,Low Risk
ITM012,Cooking Oil,Pantry,HH005,2026-02-13,2026-08-12,0.43,liters,0.017,180,0.03,0.07,Low Risk
ITM011,Cereal,Pantry,HH007,2026-05-24,2026-09-21,0.81,boxes,0.091,120,0.0,0.0,Low Risk
ITM013,Frozen Peas,Frozen,HH013,2026-05-12,2026-10-09,0.76,bags,0.105,150,0.0,0.0,Low Risk
ITM003,Bread,Bakery,HH011,2026-04-22,2026-04-27,4.6,loaves,0.319,5,4.6,1.0,High Risk
ITM013,Frozen Peas,Frozen,HH012,2026-05-24,2026-10-21,1.18,bags,0.093,150,0.0,0.0,Low Risk
ITM008,Yogurt,Dairy,HH009,2026-02-22,2026-03-08,4.89,cups,0.884,14,0.02,0.004,Low Risk
ITM013,Frozen Peas,Frozen,HH012,2026-05-26,2026-10-23,0.9,bags,0.11,150,0.0,0.0,Low Risk
ITM010,Bananas,Produce,HH015,2026-01-03,2026-01-08,3.92,kg,0.263,5,3.36,0.857,High Risk
ITM002,Eggs,Dairy,HH017,2026-02-05,2026-02-26,3.07,dozen,0.453,21,0.0,0.0,Low Risk
ITM010,Bananas,Produce,HH019,2026-01-29,2026-02-03,2.76,kg,0.323,5,1.6,0.58,High Risk
ITM002,Eggs,Dairy,HH017,2026-02-10,2026-03-03,2.11,dozen,0.265,21,0.0,0.0,Low Risk
ITM013,Frozen Peas,Frozen,HH018,2026-05-17,2026-10-14,0.78,bags,0.219,150,0.01,0.013,Low Risk
ITM002,Eggs,Dairy,HH007,2026-04-18,2026-05-09,3.81,dozen,0.437,21,0.51,0.134,Medium Risk
ITM006,Chicken Breast,Meat,HH015,2026-05-23,2026-05-27,2.72,kg,0.101,4,2.15,0.79,High Risk
ITM005,Ice Cream,Frozen,HH018,2026-01-04,2026-04-04,0.7,tubs,0.285,90,0.0,0.0,Low Risk
ITM002,Eggs,Dairy,HH007,2026-01-26,2026-02-16,1.71,dozen,0.466,21,0.22,0.129,Medium Risk
ITM004,Rice,Grains,HH003,2026-05-10,2027-05-10,1.3,kg,0.148,365,0.0,0.0,Low Risk
ITM014,Orange Juice,Beverages,HH017,2026-03-06,2026-03-16,1.48,liters,0.387,10,0.06,0.041,Low Risk
ITM005,Ice Cream,Frozen,HH013,2026-03-10,2026-06-08,1.3,tubs,0.175,90,0.1,0.077,Low Risk
ITM007,Tomatoes,Produce,HH013,2026-04-05,2026-04-11,3.04,kg,0.48,6,0.09,0.03,Low Risk
ITM001,Milk,Dairy,HH011,2026-05-06,2026-05-13,4.35,liters,0.579,7,0.42,0.097,Low Risk
ITM006,Chicken Breast,Meat,HH013,2026-02-19,2026-02-23,2.45,kg,0.209,4,2.45,1.0,High Risk
ITM003,Bread,Bakery,HH005,2026-05-16,2026-05-21,3.29,loaves,0.245,5,3.27,0.994,High Risk
ITM006,Chicken Breast,Meat,HH008,2026-01-19,2026-01-23,2.0,kg,0.258,4,0.86,0.43,Medium Risk
ITM004,Rice,Grains,HH011,2026-03-17,2027-03-17,0.86,kg,0.133,365,0.0,0.0,Low Risk
ITM002,Eggs,Dairy,HH019,2026-04-25,2026-05-16,1.85,dozen,0.618,21,0.14,0.076,Low Risk
ITM004,Rice,Grains,HH020,2026-03-26,2027-03-26,1.5,kg,0.061,365,0.0,0.0,Low Risk
ITM003,Bread,Bakery,HH009,2026-02-15,2026-02-20,1.79,loaves,0.364,5,0.07,0.039,Low Risk
ITM014,Orange Juice,Beverages,HH009,2026-01-16,2026-01-26,1.9,liters,0.422,10,0.0,0.0,Low Risk
ITM009,Cheese,Dairy,HH016,2026-04-12,2026-05-12,0.85,kg,0.055,30,0.0,0.0,Low Risk
ITM015,Butter,Dairy,HH006,2026-04-03,2026-06-02,0.69,kg,0.067,60,0.0,0.0,Low Risk
ITM007,Tomatoes,Produce,HH006,2026-02-25,2026-03-03,2.43,kg,0.256,6,1.2,0.494,Medium Risk
ITM004,Rice,Grains,HH003,2026-02-01,2027-02-01,1.07,kg,0.192,365,0.09,0.084,Low Risk
ITM007,Tomatoes,Produce,HH020,2026-05-05,2026-05-11,2.59,kg,0.116,6,2.32,0.896,High Risk
ITM003,Bread,Bakery,HH014,2026-01-13,2026-01-18,2.59,loaves,0.441,5,0.65,0.251,Medium Risk
ITM012,Cooking Oil,Pantry,HH004,2026-02-28,2026-08-27,0.37,liters,0.046,180,0.0,0.0,Low Risk
ITM009,Cheese,Dairy,HH005,2026-03-21,2026-04-20,0.95,kg,0.038,30,0.04,0.042,Low Risk
ITM013,Frozen Peas,Frozen,HH004,2026-04-16,2026-09-13,1.38,bags,0.163,150,0.16,0.116,Medium Risk
ITM013,Frozen Peas,Frozen,HH010,2026-02-25,2026-07-25,1.5,bags,0.113,150,0.0,0.0,Low Risk
ITM003,Bread,Bakery,HH003,2026-03-24,2026-03-29,3.24,loaves,0.394,5,1.8,0.556,High Risk
ITM012,Cooking Oil,Pantry,HH010,2026-04-01,2026-09-28,0.31,liters,0.03,180,0.06,0.194,Medium Risk
ITM011,Cereal,Pantry,HH017,2026-04-25,2026-08-23,0.3,boxes,0.101,120,0.0,0.0,Low Risk
ITM009,Cheese,Dairy,HH016,2026-02-05,2026-03-07,0.89,kg,0.045,30,0.0,0.0,Low Risk
ITM003,Bread,Bakery,HH016,2026-05-04,2026-05-09,2.14,loaves,0.343,5,0.15,0.07,Low Risk
ITM013,Frozen Peas,Frozen,HH005,2026-02-20,2026-07-20,1.06,bags,0.074,150,0.31,0.292,Medium Risk
ITM012,Cooking Oil,Pantry,HH018,2026-03-03,2026-08-30,0.44,liters,0.069,180,0.09,0.205,Medium Risk
ITM002,Eggs,Dairy,HH014,2026-02-13,2026-03-06,3.3,dozen,0.302,21,0.0,0.0,Low Risk
ITM008,Yogurt,Dairy,HH020,2026-02-20,2026-03-06,3.59,cups,0.2,14,0.66,0.184,Medium Risk
ITM014,Orange Juice,Beverages,HH020,2026-02-17,2026-02-27,1.96,liters,0.11,10,1.4,0.714,High Risk
ITM001,Milk,Dairy,HH006,2026-02-06,2026-02-13,5.59,liters,0.362,7,4.35,0.778,High Risk
ITM005,Ice Cream,Frozen,HH001,2026-02-04,2026-05-05,0.97,tubs,0.106,90,0.0,0.0,Low Risk
ITM013,Frozen Peas,Frozen,HH017,2026-02-15,2026-07-15,1.06,bags,0.163,150,0.06,0.057,Low Risk
ITM007,Tomatoes,Produce,HH003,2026-04-15,2026-04-21,2.64,kg,0.51,6,0.1,0.038,Low Risk
ITM014,Orange Juice,Beverages,HH003,2026-04-27,2026-05-07,2.14,liters,0.182,10,0.35,0.164,Medium Risk
ITM002,Eggs,Dairy,HH017,2026-04-24,2026-05-15,3.66,dozen,0.259,21,0.0,0.0,Low Risk
ITM011,Cereal,Pantry,HH010,2026-01-24,2026-05-24,0.75,boxes,0.051,120,0.1,0.133,Medium Risk
ITM004,Rice,Grains,HH012,2026-01-07,2027-01-07,0.97,kg,0.106,365,0.03,0.031,Low Risk
ITM006,Chicken Breast,Meat,HH016,2026-03-09,2026-03-13,1.37,kg,0.198,4,0.79,0.577,High Risk
ITM012,Cooking Oil,Pantry,HH019,2026-03-10,2026-09-06,0.25,liters,0.079,180,0.01,0.04,Low Risk
ITM003,Bread,Bakery,HH010,2026-03-14,2026-03-19,4.17,loaves,0.151,5,3.44,0.825,High Risk
ITM007,Tomatoes,Produce,HH010,2026-04-25,2026-05-01,3.31,kg,0.252,6,2.96,0.894,High Risk
ITM012,Cooking Oil,Pantry,HH003,2026-03-25,2026-09-21,0.29,liters,0.056,180,0.01,0.034,Low Risk
ITM011,Cereal,Pantry,HH008,2026-03-03,2026-07-01,0.73,boxes,0.086,120,0.11,0.151,Medium Risk
ITM008,Yogurt,Dairy,HH016,2026-01-23,2026-02-06,3.68,cups,0.246,14,0.25,0.068,Low Risk
ITM004,Rice,Grains,HH004,2026-03-04,2027-03-04,1.06,kg,0.176,365,0.0,0.0,Low Risk
ITM010,Bananas,Produce,HH015,2026-05-07,2026-05-12,1.54,kg,0.25,5,0.36,0.234,Medium Risk
ITM012,Cooking Oil,Pantry,HH014,2026-05-18,2026-11-14,0.38,liters,0.044,180,0.03,0.079,Low Risk
ITM014,Orange Juice,Beverages,HH005,2026-03-24,2026-04-03,1.17,liters,0.183,10,0.06,0.051,Low Risk
ITM014,Orange Juice,Beverages,HH016,2026-05-02,2026-05-12,2.38,liters,0.19,10,0.15,0.063,Low Risk
ITM002,Eggs,Dairy,HH018,2026-03-20,2026-04-10,2.8,dozen,0.415,21,0.0,0.0,Low Risk
ITM013,Frozen Peas,Frozen,HH004,2026-02-18,2026-07-18,0.73,bags,0.113,150,0.0,0.0,Low Risk
ITM007,Tomatoes,Produce,HH006,2026-04-18,2026-04-24,2.33,kg,0.234,6,0.98,0.421,Medium Risk
ITM003,Bread,Bakery,HH007,2026-04-01,2026-04-06,3.57,loaves,0.576,5,0.43,0.12,Medium Risk
ITM002,Eggs,Dairy,HH015,2026-02-05,2026-02-26,2.42,dozen,0.226,21,0.25,0.103,Medium Risk
ITM011,Cereal,Pantry,HH004,2026-05-01,2026-08-29,0.95,boxes,0.086,120,0.0,0.0,Low Risk
ITM002,Eggs,Dairy,HH009,2026-03-31,2026-04-21,2.6,dozen,0.365,21,0.0,0.0,Low Risk
ITM002,Eggs,Dairy,HH004,2026-04-07,2026-04-28,1.33,dozen,0.29,21,0.15,0.113,Medium Risk
ITM007,Tomatoes,Produce,HH007,2026-02-01,2026-02-07,2.52,kg,0.378,6,0.56,0.222,Medium Risk
ITM003,Bread,Bakery,HH014,2026-02-10,2026-02-15,4.36,loaves,0.465,5,3.89,0.892,High Risk
ITM004,Rice,Grains,HH013,2026-05-06,2027-05-06,1.28,kg,0.097,365,0.16,0.125,Medium Risk
ITM012,Cooking Oil,Pantry,HH018,2026-04-18,2026-10-15,0.37,liters,0.035,180,0.0,0.0,Low Risk
ITM013,Frozen Peas,Frozen,HH015,2026-05-25,2026-10-22,0.56,bags,0.103,150,0.0,0.0,Low Risk
ITM010,Bananas,Produce,HH015,2026-01-28,2026-02-02,1.23,kg,0.178,5,0.12,0.098,Low Risk
ITM001,Milk,Dairy,HH019,2026-04-12,2026-04-19,4.37,liters,1.09,7,0.82,0.188,Medium Risk
ITM001,Milk,Dairy,HH018,2026-01-05,2026-01-12,2.52,liters,0.635,7,0.27,0.107,Medium Risk
ITM002,Eggs,Dairy,HH009,2026-04-16,2026-05-07,1.52,dozen,0.708,21,0.0,0.0,Low Risk
ITM011,Cereal,Pantry,HH015,2026-05-26,2026-09-23,0.58,boxes,0.035,120,0.0,0.0,Low Risk
ITM009,Cheese,Dairy,HH009,2026-01-20,2026-02-19,0.71,kg,0.13,30,0.08,0.113,Medium Risk
ITM001,Milk,Dairy,HH017,2026-03-01,2026-03-08,3.63,liters,0.329,7,1.43,0.394,Medium Risk
ITM007,Tomatoes,Produce,HH008,2026-01-13,2026-01-19,1.4,kg,0.353,6,0.0,0.0,Low Risk
ITM010,Bananas,Produce,HH019,2026-02-08,2026-02-13,1.62,kg,0.616,5,0.0,0.0,Low Risk
ITM002,Eggs,Dairy,HH012,2026-04-08,2026-04-29,3.29,dozen,0.401,21,0.0,0.0,Low Risk
ITM009,Cheese,Dairy,HH003,2026-03-03,2026-04-02,0.9,kg,0.13,30,0.07,0.078,Low Risk
ITM015,Butter,Dairy,HH005,2026-03-06,2026-05-05,0.64,kg,0.028,60,0.05,0.078,Low Risk
ITM003,Bread,Bakery,HH020,2026-05-07,2026-05-12,2.19,loaves,0.237,5,1.28,0.584,High Risk
ITM003,Bread,Bakery,HH017,2026-03-08,2026-03-13,3.91,loaves,0.438,5,2.84,0.726,High Risk
ITM012,Cooking Oil,Pantry,HH006,2026-01-08,2026-07-07,0.33,liters,0.05,180,0.04,0.121,Medium Risk
ITM007,Tomatoes,Produce,HH011,2026-05-01,2026-05-07,1.81,kg,0.303,6,0.0,0.0,Low Risk
ITM002,Eggs,Dairy,HH008,2026-05-11,2026-06-01,3.3,dozen,0.304,21,0.56,0.17,Medium Risk
ITM007,Tomatoes,Produce,HH004,2026-03-21,2026-03-27,2.66,kg,0.275,6,1.23,0.462,Medium Risk
ITM009,Cheese,Dairy,HH008,2026-02-05,2026-03-07,0.48,kg,0.117,30,0.0,0.0,Low Risk
ITM003,Bread,Bakery,HH006,2026-04-20,2026-04-25,4.29,loaves,0.395,5,4.29,1.0,High Risk
ITM014,Orange Juice,Beverages,HH020,2026-04-17,2026-04-27,2.6,liters,0.127,10,1.8,0.692,High Risk
ITM002,Eggs,Dairy,HH016,2026-05-28,2026-06-18,3.56,dozen,0.378,21,0.16,0.045,Low Risk
ITM011,Cereal,Pantry,HH010,2026-05-18,2026-09-15,0.66,boxes,0.044,120,0.08,0.121,Medium Risk
ITM006,Chicken Breast,Meat,HH018,2026-01-20,2026-01-24,2.77,kg,0.392,4,2.22,0.801,High Risk
ITM004,Rice,Grains,HH014,2026-05-13,2027-05-13,1.35,kg,0.16,365,0.0,0.0,Low Risk
ITM012,Cooking Oil,Pantry,HH004,2026-02-11,2026-08-10,0.45,liters,0.084,180,0.06,0.133,Medium Risk
ITM015,Butter,Dairy,HH006,2026-04-19,2026-06-18,0.46,kg,0.032,60,0.02,0.043,Low Risk
ITM002,Eggs,Dairy,HH003,2026-03-06,2026-03-27,2.7,dozen,0.525,21,0.0,0.0,Low Risk
ITM015,Butter,Dairy,HH007,2026-01-08,2026-03-09,0.6,kg,0.054,60,0.02,0.033,Low Risk
ITM012,Cooking Oil,Pantry,HH010,2026-04-24,2026-10-21,0.21,liters,0.018,180,0.0,0.0,Low Risk
ITM009,Cheese,Dairy,HH019,2026-05-13,2026-06-12,0.86,kg,0.1,30,0.0,0.0,Low Risk
ITM011,Cereal,Pantry,HH008,2026-03-04,2026-07-02,0.99,boxes,0.115,120,0.11,0.111,Medium Risk
ITM015,Butter,Dairy,HH019,2026-02-07,2026-04-08,0.25,kg,0.077,60,0.07,0.28,Medium Risk
ITM015,Butter,Dairy,HH007,2026-01-01,2026-03-02,0.42,kg,0.053,60,0.02,0.048,Low Risk
ITM011,Cereal,Pantry,HH012,2026-04-19,2026-08-17,0.68,boxes,0.082,120,0.15,0.221,Medium Risk
ITM003,Bread,Bakery,HH002,2026-01-10,2026-01-15,4.44,loaves,0.65,5,1.12,0.252,Medium Risk
ITM011,Cereal,Pantry,HH014,2026-01-06,2026-05-06,0.55,boxes,0.09,120,0.0,0.0,Low Risk
ITM002,Eggs,Dairy,HH011,2026-05-22,2026-06-12,1.28,dozen,0.287,21,0.15,0.117,Medium Risk
ITM015,Butter,Dairy,HH009,2026-04-19,2026-06-18,0.49,kg,0.11,60,0.0,0.0,Low Risk
ITM009,Cheese,Dairy,HH015,2026-03-24,2026-04-23,0.66,kg,0.039,30,0.0,0.0,Low Risk
ITM014,Orange Juice,Beverages,HH010,2026-03-04,2026-03-14,2.08,liters,0.148,10,0.8,0.385,Medium Risk
ITM009,Cheese,Dairy,HH014,2026-02-23,2026-03-25,0.63,kg,0.118,30,0.15,0.238,Medium Risk
ITM005,Ice Cream,Frozen,HH017,2026-04-05,2026-07-04,0.66,tubs,0.179,90,0.1,0.152,Medium Risk
ITM011,Cereal,Pantry,HH011,2026-04-03,2026-08-01,0.57,boxes,0.045,120,0.0,0.0,Low Risk
ITM006,Chicken Breast,Meat,HH011,2026-05-26,2026-05-30,1.98,kg,0.309,4,0.63,0.318,Medium Risk
ITM014,Orange Juice,Beverages,HH016,2026-01-01,2026-01-11,2.22,liters,0.162,10,0.37,0.167,Medium Risk
ITM001,Milk,Dairy,HH001,2026-05-17,2026-05-24,2.84,liters,0.622,7,0.0,0.0,Low Risk
ITM008,Yogurt,Dairy,HH009,2026-04-19,2026-05-03,2.74,cups,0.39,14,0.0,0.0,Low Risk
ITM011,Cereal,Pantry,HH001,2026-02-09,2026-06-09,0.34,boxes,0.076,120,0.0,0.0,Low Risk
ITM007,Tomatoes,Produce,HH015,2026-03-21,2026-03-27,2.8,kg,0.143,6,2.28,0.814,High Risk
ITM014,Orange Juice,Beverages,HH009,2026-01-13,2026-01-23,1.15,liters,0.508,10,0.0,0.0,Low Risk
ITM011,Cereal,Pantry,HH008,2026-03-31,2026-07-29,0.49,boxes,0.099,120,0.03,0.061,Low Risk
ITM003,Bread,Bakery,HH010,2026-04-29,2026-05-04,2.09,loaves,0.243,5,1.27,0.608,High Risk
ITM005,Ice Cream,Frozen,HH003,2026-04-25,2026-07-24,1.1,tubs,0.307,90,0.0,0.0,Low Risk
ITM013,Frozen Peas,Frozen,HH018,2026-02-15,2026-07-15,1.05,bags,0.099,150,0.0,0.0,Low Risk
ITM015,Butter,Dairy,HH008,2026-03-07,2026-05-06,0.34,kg,0.116,60,0.0,0.0,Low Risk
ITM011,Cereal,Pantry,HH010,2026-04-23,2026-08-21,0.93,boxes,0.054,120,0.0,0.0,Low Risk
ITM009,Cheese,Dairy,HH009,2026-01-26,2026-02-25,0.73,kg,0.129,30,0.0,0.0,Low Risk
ITM010,Bananas,Produce,HH005,2026-04-15,2026-04-20,1.93,kg,0.251,5,0.91,0.472,Medium Risk
ITM002,Eggs,Dairy,HH006,2026-04-20,2026-05-11,3.65,dozen,0.338,21,0.19,0.052,Low Risk
ITM012,Cooking Oil,Pantry,HH012,2026-05-11,2026-11-07,0.42,liters,0.038,180,0.0,0.0,Low Risk
ITM015,Butter,Dairy,HH013,2026-04-11,2026-06-10,0.66,kg,0.073,60,0.01,0.015,Low Risk
ITM013,Frozen Peas,Frozen,HH018,2026-01-02,2026-06-01,0.83,bags,0.16,150,0.12,0.145,Medium Risk
ITM015,Butter,Dairy,HH007,2026-04-18,2026-06-17,0.26,kg,0.101,60,0.02,0.077,Low Risk
ITM012,Cooking Oil,Pantry,HH006,2026-05-01,2026-10-28,0.35,liters,0.039,180,0.0,0.0,Low Risk
ITM001,Milk,Dairy,HH003,2026-03-20,2026-03-27,3.97,liters,0.535,7,0.0,0.0,Low Risk
ITM007,Tomatoes,Produce,HH006,2026-01-21,2026-01-27,2.94,kg,0.166,6,2.94,1.0,High Risk
ITM006,Chicken Breast,Meat,HH009,2026-01-06,2026-01-10,0.99,kg,0.302,4,0.19,0.192,Medium Risk
ITM009,Cheese,Dairy,HH004,2026-03-14,2026-04-13,0.51,kg,0.122,30,0.0,0.0,Low Risk
ITM014,Orange Juice,Beverages,HH003,2026-02-08,2026-02-18,2.2,liters,0.395,10,0.0,0.0,Low Risk
ITM006,Chicken Breast,Meat,HH002,2026-04-10,2026-04-14,1.51,kg,0.227,4,0.71,0.47,Medium Risk
ITM012,Cooking Oil,Pantry,HH003,2026-01-06,2026-07-05,0.45,liters,0.071,180,0.06,0.133,Medium Risk
ITM010,Bananas,Produce,HH004,2026-05-02,2026-05-07,3.05,kg,0.546,5,0.53,0.174,Medium Risk
ITM015,Butter,Dairy,HH011,2026-04-24,2026-06-23,0.47,kg,0.062,60,0.11,0.234,Medium Risk
ITM014,Orange Juice,Beverages,HH001,2026-04-21,2026-05-01,1.89,liters,0.227,10,0.26,0.138,Medium Risk
ITM001,Milk,Dairy,HH002,2026-04-23,2026-04-30,4.26,liters,0.437,7,0.78,0.183,Medium Risk
ITM008,Yogurt,Dairy,HH006,2026-04-23,2026-05-07,2.98,cups,0.486,14,0.02,0.007,Low Risk
ITM013,Frozen Peas,Frozen,HH016,2026-04-16,2026-09-13,0.9,bags,0.072,150,0.05,0.056,Low Risk
ITM014,Orange Juice,Beverages,HH005,2026-01-07,2026-01-17,1.86,liters,0.142,10,0.39,0.21,Medium Risk
ITM005,Ice Cream,Frozen,HH020,2026-03-01,2026-05-30,0.62,tubs,0.095,90,0.02,0.032,Low Risk
ITM005,Ice Cream,Frozen,HH012,2026-02-09,2026-05-10,0.84,tubs,0.194,90,0.05,0.06,Low Risk
ITM008,Yogurt,Dairy,HH016,2026-02-19,2026-03-05,3.67,cups,0.4,14,0.0,0.0,Low Risk
ITM015,Butter,Dairy,HH007,2026-01-02,2026-03-03,0.47,kg,0.084,60,0.0,0.0,Low Risk
ITM007,Tomatoes,Produce,HH005,2026-01-07,2026-01-13,2.88,kg,0.253,6,1.98,0.688,High Risk
ITM006,Chicken Breast,Meat,HH002,2026-02-05,2026-02-09,1.24,kg,0.231,4,0.33,0.266,Medium Risk
ITM014,Orange Juice,Beverages,HH016,2026-02-14,2026-02-24,1.52,liters,0.153,10,0.0,0.0,Low Risk
ITM001,Milk,Dairy,HH012,2026-04-28,2026-05-05,3.99,liters,0.406,7,0.81,0.203,Medium Risk
ITM010,Bananas,Produce,HH009,2026-04-09,2026-04-14,1.35,kg,0.723,5,0.0,0.0,Low Risk
ITM006,Chicken Breast,Meat,HH013,2026-03-30,2026-04-03,2.35,kg,0.369,4,1.32,0.562,High Risk
ITM009,Cheese,Dairy,HH005,2026-01-25,2026-02-24,0.41,kg,0.041,30,0.08,0.195,Medium Risk
ITM011,Cereal,Pantry,HH008,2026-02-27,2026-06-27,0.46,boxes,0.106,120,0.04,0.087,Low Risk
ITM005,Ice Cream,Frozen,HH008,2026-04-12,2026-07-11,0.86,tubs,0.281,90,0.03,0.035,Low Risk
ITM001,Milk,Dairy,HH015,2026-04-14,2026-04-21,4.62,liters,0.392,7,1.2,0.26,Medium Risk
ITM009,Cheese,Dairy,HH008,2026-04-09,2026-05-09,0.67,kg,0.078,30,0.13,0.194,Medium Risk
ITM014,Orange Juice,Beverages,HH002,2026-02-03,2026-02-13,2.98,liters,0.173,10,1.5,0.503,High Risk
ITM011,Cereal,Pantry,HH017,2026-04-16,2026-08-14,0.32,boxes,0.085,120,0.01,0.031,Low Risk
ITM013,Frozen Peas,Frozen,HH006,2026-01-30,2026-06-29,1.09,bags,0.127,150,0.0,0.0,Low Risk
ITM010,Bananas,Produce,HH016,2026-01-26,2026-01-31,1.25,kg,0.283,5,0.1,0.08,Low Risk
ITM007,Tomatoes,Produce,HH014,2026-02-13,2026-02-19,3.09,kg,0.559,6,0.35,0.113,Medium Risk
ITM009,Cheese,Dairy,HH016,2026-02-14,2026-03-16,0.36,kg,0.088,30,0.0,0.0,Low Risk
ITM006,Chicken Breast,Meat,HH007,2026-02-16,2026-02-20,1.48,kg,0.265,4,0.56,0.378,Medium Risk
ITM011,Cereal,Pantry,HH017,2026-02-10,2026-06-10,0.85,boxes,0.107,120,0.0,0.0,Low Risk
ITM009,Cheese,Dairy,HH014,2026-01-19,2026-02-18,0.6,kg,0.137,30,0.0,0.0,Low Risk
ITM002,Eggs,Dairy,HH017,2026-04-18,2026-05-09,2.66,dozen,0.323,21,0.22,0.083,Low Risk
ITM011,Cereal,Pantry,HH015,2026-02-03,2026-06-03,0.89,boxes,0.033,120,0.0,0.0,Low Risk
ITM001,Milk,Dairy,HH010,2026-05-02,2026-05-09,3.37,liters,0.312,7,1.07,0.318,Medium Risk
ITM013,Frozen Peas,Frozen,HH002,2026-02-22,2026-07-22,1.17,bags,0.098,150,0.01,0.009,Low Risk
ITM010,Bananas,Produce,HH006,2026-01-15,2026-01-20,3.37,kg,0.34,5,2.57,0.763,High Risk
ITM002,Eggs,Dairy,HH017,2026-05-26,2026-06-16,3.88,dozen,0.47,21,0.11,0.028,Low Risk
ITM013,Frozen Peas,Frozen,HH018,2026-01-30,2026-06-29,1.24,bags,0.181,150,0.0,0.0,Low Risk
ITM006,Chicken Breast,Meat,HH015,2026-05-24,2026-05-28,1.24,kg,0.131,4,1.11,0.895,High Risk
ITM004,Rice,Grains,HH018,2026-04-08,2027-04-08,0.68,kg,0.124,365,0.0,0.0,Low Risk
ITM015,Butter,Dairy,HH017,2026-02-05,2026-04-06,0.28,kg,0.075,60,0.0,0.0,Low Risk
ITM006,Chicken Breast,Meat,HH019,2026-04-12,2026-04-16,2.67,kg,0.266,4,2.35,0.88,High Risk
ITM002,Eggs,Dairy,HH014,2026-05-02,2026-05-23,1.84,dozen,0.382,21,0.0,0.0,Low Risk
ITM002,Eggs,Dairy,HH011,2026-02-20,2026-03-13,3.74,dozen,0.217,21,0.4,0.107,Medium Risk
ITM013,Frozen Peas,Frozen,HH011,2026-03-24,2026-08-21,1.16,bags,0.137,150,0.18,0.155,Medium Risk
ITM008,Yogurt,Dairy,HH009,2026-01-01,2026-01-15,2.89,cups,0.45,14,0.04,0.014,Low Risk
ITM011,Cereal,Pantry,HH003,2026-04-06,2026-08-04,0.34,boxes,0.14,120,0.0,0.0,Low Risk
ITM011,Cereal,Pantry,HH019,2026-03-03,2026-07-01,0.6,boxes,0.146,120,0.01,0.017,Low Risk
ITM014,Orange Juice,Beverages,HH008,2026-05-10,2026-05-20,1.28,liters,0.339,10,0.14,0.109,Medium Risk
ITM003,Bread,Bakery,HH007,2026-02-26,2026-03-03,4.01,loaves,0.498,5,1.6,0.399,Medium Risk
ITM001,Milk,Dairy,HH001,2026-03-30,2026-04-06,3.85,liters,0.402,7,1.42,0.369,Medium Risk
ITM001,Milk,Dairy,HH008,2026-01-13,2026-01-20,5.37,liters,0.482,7,3.11,0.579,High Risk
ITM001,Milk,Dairy,HH018,2026-04-21,2026-04-28,3.96,liters,0.407,7,0.95,0.24,Medium Risk
ITM013,Frozen Peas,Frozen,HH010,2026-04-25,2026-09-22,0.73,bags,0.058,150,0.0,0.0,Low Risk
ITM006,Chicken Breast,Meat,HH015,2026-03-11,2026-03-15,1.4,kg,0.215,4,0.43,0.307,Medium Risk
ITM008,Yogurt,Dairy,HH005,2026-04-09,2026-04-23,1.76,cups,0.206,14,0.0,0.0,Low Risk
ITM011,Cereal,Pantry,HH016,2026-03-29,2026-07-27,0.51,boxes,0.097,120,0.01,0.02,Low Risk
ITM008,Yogurt,Dairy,HH018,2026-05-18,2026-06-01,3.36,cups,0.595,14,0.0,0.0,Low Risk
ITM006,Chicken Breast,Meat,HH015,2026-04-29,2026-05-03,1.99,kg,0.103,4,1.99,1.0,High Risk
ITM008,Yogurt,Dairy,HH018,2026-01-11,2026-01-25,2.85,cups,0.497,14,0.51,0.179,Medium Risk
ITM014,Orange Juice,Beverages,HH009,2026-04-24,2026-05-04,2.58,liters,0.532,10,0.06,0.023,Low Risk
ITM015,Butter,Dairy,HH003,2026-02-15,2026-04-16,0.79,kg,0.054,60,0.08,0.101,Medium Risk
ITM004,Rice,Grains,HH002,2026-05-23,2027-05-23,1.27,kg,0.154,365,0.0,0.0,Low Risk
ITM013,Frozen Peas,Frozen,HH002,2026-01-14,2026-06-13,0.84,bags,0.115,150,0.17,0.202,Medium Risk
ITM015,Butter,Dairy,HH010,2026-03-21,2026-05-20,0.39,kg,0.056,60,0.0,0.0,Low Risk
ITM001,Milk,Dairy,HH001,2026-05-20,2026-05-27,2.41,liters,0.504,7,0.15,0.062,Low Risk
ITM010,Bananas,Produce,HH015,2026-03-05,2026-03-10,1.93,kg,0.216,5,1.02,0.528,High Risk
ITM013,Frozen Peas,Frozen,HH007,2026-03-10,2026-08-07,0.76,bags,0.116,150,0.01,0.013,Low Risk
ITM013,Frozen Peas,Frozen,HH006,2026-04-08,2026-09-05,1.08,bags,0.148,150,0.02,0.019,Low Risk
ITM009,Cheese,Dairy,HH008,2026-04-09,2026-05-09,0.98,kg,0.105,30,0.04,0.041,Low Risk
ITM013,Frozen Peas,Frozen,HH020,2026-03-24,2026-08-21,0.53,bags,0.059,150,0.04,0.075,Low Risk
ITM012,Cooking Oil,Pantry,HH001,2026-04-13,2026-10-10,0.39,liters,0.024,180,0.08,0.205,Medium Risk
ITM004,Rice,Grains,HH009,2026-03-11,2027-03-11,0.72,kg,0.145,365,0.0,0.0,Low Risk
ITM011,Cereal,Pantry,HH017,2026-01-13,2026-05-13,0.77,boxes,0.085,120,0.0,0.0,Low Risk
ITM013,Frozen Peas,Frozen,HH017,2026-05-07,2026-10-04,0.67,bags,0.183,150,0.25,0.373,Medium Risk
ITM003,Bread,Bakery,HH007,2026-02-09,2026-02-14,4.02,loaves,0.433,5,3.35,0.833,High Risk
ITM015,Butter,Dairy,HH016,2026-04-24,2026-06-23,0.58,kg,0.049,60,0.02,0.034,Low Risk
ITM001,Milk,Dairy,HH005,2026-02-24,2026-03-03,5.75,liters,0.352,7,5.75,1.0,High Risk
ITM006,Chicken Breast,Meat,HH006,2026-05-17,2026-05-21,2.55,kg,0.165,4,2.48,0.973,High Risk
ITM006,Chicken Breast,Meat,HH018,2026-01-16,2026-01-20,1.77,kg,0.277,4,0.73,0.412,Medium Risk
ITM011,Cereal,Pantry,HH003,2026-04-04,2026-08-02,0.74,boxes,0.142,120,0.05,0.068,Low Risk
ITM012,Cooking Oil,Pantry,HH005,2026-05-01,2026-10-28,0.24,liters,0.035,180,0.01,0.042,Low Risk
ITM013,Frozen Peas,Frozen,HH014,2026-05-02,2026-09-29,1.31,bags,0.18,150,0.0,0.0,Low Risk
ITM005,Ice Cream,Frozen,HH016,2026-03-06,2026-06-04,1.46,tubs,0.093,90,0.0,0.0,Low Risk
ITM001,Milk,Dairy,HH020,2026-02-12,2026-02-19,2.53,liters,0.352,7,0.17,0.067,Low Risk
ITM011,Cereal,Pantry,HH017,2026-03-31,2026-07-29,0.61,boxes,0.117,120,0.0,0.0,Low Risk
ITM015,Butter,Dairy,HH013,2026-03-25,2026-05-24,0.6,kg,0.07,60,0.04,0.067,Low Risk
ITM008,Yogurt,Dairy,HH007,2026-05-27,2026-06-10,4.52,cups,0.614,14,0.0,0.0,Low Risk
ITM006,Chicken Breast,Meat,HH002,2026-02-23,2026-02-27,1.7,kg,0.23,4,0.92,0.541,High Risk
ITM010,Bananas,Produce,HH002,2026-01-21,2026-01-26,1.54,kg,0.428,5,0.0,0.0,Low Risk
ITM006,Chicken Breast,Meat,HH008,2026-01-08,2026-01-12,1.36,kg,0.395,4,0.21,0.154,Medium Risk
ITM002,Eggs,Dairy,HH008,2026-04-10,2026-05-01,1.78,dozen,0.531,21,0.0,0.0,Low Risk
ITM015,Butter,Dairy,HH005,2026-02-02,2026-04-03,0.53,kg,0.032,60,0.0,0.0,Low Risk
ITM014,Orange Juice,Beverages,HH004,2026-03-04,2026-03-14,2.83,liters,0.314,10,0.0,0.0,Low Risk
ITM010,Bananas,Produce,HH015,2026-03-07,2026-03-12,1.71,kg,0.137,5,1.71,1.0,High Risk
ITM011,Cereal,Pantry,HH011,2026-03-27,2026-07-25,0.98,boxes,0.073,120,0.13,0.133,Medium Risk
ITM012,Cooking Oil,Pantry,HH020,2026-04-10,2026-10-07,0.28,liters,0.035,180,0.01,0.036,Low Risk
ITM011,Cereal,Pantry,HH014,2026-03-20,2026-07-18,0.47,boxes,0.181,120,0.03,0.064,Low Risk
ITM013,Frozen Peas,Frozen,HH018,2026-03-08,2026-08-05,1.21,bags,0.128,150,0.03,0.025,Low Risk
ITM007,Tomatoes,Produce,HH014,2026-05-01,2026-05-07,1.19,kg,0.264,6,0.08,0.067,Low Risk
ITM004,Rice,Grains,HH016,2026-03-31,2027-03-31,1.16,kg,0.147,365,0.18,0.155,Medium Risk
ITM006,Chicken Breast,Meat,HH005,2026-05-05,2026-05-09,2.12,kg,0.151,4,1.91,0.901,High Risk
ITM010,Bananas,Produce,HH008,2026-02-23,2026-02-28,2.72,kg,0.308,5,1.92,0.706,High Risk
ITM012,Cooking Oil,Pantry,HH002,2026-05-08,2026-11-04,0.3,liters,0.029,180,0.0,0.0,Low Risk
ITM012,Cooking Oil,Pantry,HH016,2026-02-12,2026-08-11,0.24,liters,0.031,180,0.02,0.083,Low Risk
ITM001,Milk,Dairy,HH002,2026-04-23,2026-04-30,3.09,liters,0.678,7,0.0,0.0,Low Risk
ITM011,Cereal,Pantry,HH011,2026-05-14,2026-09-11,0.66,boxes,0.051,120,0.0,0.0,Low Risk
ITM008,Yogurt,Dairy,HH010,2026-05-08,2026-05-22,4.35,cups,0.339,14,0.08,0.018,Low Risk
ITM006,Chicken Breast,Meat,HH019,2026-05-13,2026-05-17,2.64,kg,0.479,4,0.64,0.242,Medium Risk
ITM010,Bananas,Produce,HH004,2026-03-26,2026-03-31,3.24,kg,0.326,5,2.67,0.824,High Risk
ITM011,Cereal,Pantry,HH001,2026-03-25,2026-07-23,0.64,boxes,0.06,120,0.02,0.031,Low Risk
ITM004,Rice,Grains,HH006,2026-04-06,2027-04-06,0.73,kg,0.062,365,0.0,0.0,Low Risk
ITM012,Cooking Oil,Pantry,HH011,2026-01-09,2026-07-08,0.36,liters,0.022,180,0.04,0.111,Medium Risk
ITM012,Cooking Oil,Pantry,HH018,2026-05-24,2026-11-20,0.47,liters,0.066,180,0.03,0.064,Low Risk
ITM010,Bananas,Produce,HH001,2026-01-27,2026-02-01,2.25,kg,0.333,5,0.79,0.351,Medium Risk
ITM007,Tomatoes,Produce,HH006,2026-05-19,2026-05-25,2.85,kg,0.358,6,1.45,0.509,High Risk
ITM005,Ice Cream,Frozen,HH009,2026-03-15,2026-06-13,1.78,tubs,0.186,90,0.0,0.0,Low Risk
ITM010,Bananas,Produce,HH008,2026-02-16,2026-02-21,2.42,kg,0.48,5,0.0,0.0,Low Risk
ITM007,Tomatoes,Produce,HH009,2026-05-07,2026-05-13,3.07,kg,0.334,6,1.19,0.388,Medium Risk
ITM010,Bananas,Produce,HH001,2026-05-21,2026-05-26,2.35,kg,0.301,5,1.01,0.43,Medium Risk
ITM009,Cheese,Dairy,HH015,2026-01-06,2026-02-05,0.31,kg,0.07,30,0.01,0.032,Low Risk
ITM014,Orange Juice,Beverages,HH008,2026-05-07,2026-05-17,2.04,liters,0.287,10,0.0,0.0,Low Risk
ITM006,Chicken Breast,Meat,HH013,2026-04-24,2026-04-28,2.51,kg,0.233,4,2.32,0.924,High Risk
ITM001,Milk,Dairy,HH018,2026-01-25,2026-02-01,3.85,liters,0.661,7,0.0,0.0,Low Risk
ITM001,Milk,Dairy,HH011,2026-01-23,2026-01-30,4.79,liters,0.3,7,4.79,1.0,High Risk
ITM007,Tomatoes,Produce,HH007,2026-01-06,2026-01-12,3.11,kg,0.385,6,0.56,0.18,Medium Risk
ITM015,Butter,Dairy,HH006,2026-03-12,2026-05-11,0.63,kg,0.082,60,0.02,0.032,Low Risk
ITM013,Frozen Peas,Frozen,HH009,2026-04-29,2026-09-26,1.1,bags,0.271,150,0.11,0.1,Low Risk
ITM001,Milk,Dairy,HH006,2026-01-03,2026-01-10,3.17,liters,0.51,7,0.0,0.0,Low Risk
ITM014,Orange Juice,Beverages,HH006,2026-05-22,2026-06-01,2.0,liters,0.181,10,0.0,0.0,Low Risk
ITM014,Orange Juice,Beverages,HH002,2026-02-26,2026-03-08,2.66,liters,0.228,10,0.3,0.113,Medium Risk
ITM002,Eggs,Dairy,HH003,2026-03-30,2026-04-20,1.91,dozen,0.619,21,0.0,0.0,Low Risk
ITM011,Cereal,Pantry,HH018,2026-02-20,2026-06-20,0.92,boxes,0.092,120,0.0,0.0,Low Risk
ITM013,Frozen Peas,Frozen,HH002,2026-05-17,2026-10-14,1.17,bags,0.195,150,0.23,0.197,Medium Risk
ITM006,Chicken Breast,Meat,HH002,2026-04-22,2026-04-26,1.48,kg,0.36,4,0.0,0.0,Low Risk
ITM008,Yogurt,Dairy,HH012,2026-03-26,2026-04-09,1.7,cups,0.389,14,0.0,0.0,Low Risk
ITM008,Yogurt,Dairy,HH011,2026-03-18,2026-04-01,2.7,cups,0.435,14,0.0,0.0,Low Risk
ITM015,Butter,Dairy,HH011,2026-05-05,2026-07-04,0.32,kg,0.044,60,0.0,0.0,Low Risk
ITM003,Bread,Bakery,HH006,2026-05-18,2026-05-23,3.39,loaves,0.437,5,1.55,0.457,Medium Risk
ITM001,Milk,Dairy,HH018,2026-04-06,2026-04-13,4.09,liters,0.417,7,0.54,0.132,Medium Risk
ITM013,Frozen Peas,Frozen,HH005,2026-04-01,2026-08-29,1.11,bags,0.067,150,0.0,0.0,Low Risk
ITM008,Yogurt,Dairy,HH011,2026-02-10,2026-02-24,1.64,cups,0.44,14,0.0,0.0,Low Risk
ITM001,Milk,Dairy,HH014,2026-02-19,2026-02-26,3.05,liters,0.498,7,0.0,0.0,Low Risk
ITM010,Bananas,Produce,HH001,2026-04-20,2026-04-25,3.47,kg,0.346,5,3.08,0.888,High Risk
ITM011,Cereal,Pantry,HH017,2026-03-27,2026-07-25,0.96,boxes,0.05,120,0.03,0.031,Low Risk
ITM012,Cooking Oil,Pantry,HH002,2026-03-28,2026-09-24,0.29,liters,0.039,180,0.0,0.0,Low Risk
ITM014,Orange Juice,Beverages,HH001,2026-04-29,2026-05-09,2.18,liters,0.174,10,0.26,0.119,Medium Risk
ITM007,Tomatoes,Produce,HH017,2026-03-24,2026-03-30,3.28,kg,0.208,6,3.28,1.0,High Risk
ITM004,Rice,Grains,HH002,2026-05-28,2027-05-28,1.18,kg,0.113,365,0.06,0.051,Low Risk
ITM005,Ice Cream,Frozen,HH008,2026-05-21,2026-08-19,1.09,tubs,0.224,90,0.02,0.018,Low Risk
ITM008,Yogurt,Dairy,HH011,2026-05-10,2026-05-24,2.0,cups,0.488,14,0.0,0.0,Low Risk
ITM003,Bread,Bakery,HH011,2026-02-07,2026-02-12,3.68,loaves,0.253,5,3.68,1.0,High Risk
ITM007,Tomatoes,Produce,HH019,2026-05-30,2026-06-05,1.56,kg,0.45,6,0.07,0.045,Low Risk
ITM007,Tomatoes,Produce,HH006,2026-05-05,2026-05-11,2.67,kg,0.322,6,0.7,0.262,Medium Risk
ITM004,Rice,Grains,HH020,2026-03-05,2027-03-05,1.08,kg,0.11,365,0.1,0.093,Low Risk
ITM010,Bananas,Produce,HH009,2026-03-15,2026-03-20,3.61,kg,0.719,5,0.42,0.116,Medium Risk
ITM009,Cheese,Dairy,HH012,2026-01-26,2026-02-25,0.66,kg,0.082,30,0.07,0.106,Medium Risk
ITM013,Frozen Peas,Frozen,HH008,2026-02-01,2026-07-01,0.8,bags,0.148,150,0.0,0.0,Low Risk
ITM011,Cereal,Pantry,HH004,2026-01-25,2026-05-25,0.71,boxes,0.071,120,0.0,0.0,Low Risk
ITM002,Eggs,Dairy,HH010,2026-02-08,2026-03-01,3.53,dozen,0.193,21,0.0,0.0,Low Risk
ITM014,Orange Juice,Beverages,HH011,2026-04-28,2026-05-08,1.88,liters,0.257,10,0.18,0.096,Low Risk
ITM015,Butter,Dairy,HH007,2026-03-08,2026-05-07,0.39,kg,0.091,60,0.0,0.0,Low Risk
ITM012,Cooking Oil,Pantry,HH013,2026-02-03,2026-08-02,0.19,liters,0.063,180,0.03,0.158,Medium Risk
ITM004,Rice,Grains,HH002,2026-03-04,2027-03-04,1.46,kg,0.089,365,0.0,0.0,Low Risk
ITM007,Tomatoes,Produce,HH002,2026-02-24,2026-03-02,2.42,kg,0.379,6,0.12,0.05,Low Risk
ITM011,Cereal,Pantry,HH019,2026-01-20,2026-05-20,0.49,boxes,0.098,120,0.0,0.0,Low Risk
ITM007,Tomatoes,Produce,HH006,2026-03-21,2026-03-27,2.13,kg,0.271,6,0.17,0.08,Low Risk
ITM008,Yogurt,Dairy,HH002,2026-05-19,2026-06-02,4.88,cups,0.39,14,0.0,0.0,Low Risk
ITM002,Eggs,Dairy,HH016,2026-04-09,2026-04-30,2.78,dozen,0.257,21,0.0,0.0,Low Risk
ITM004,Rice,Grains,HH020,2026-05-15,2027-05-15,1.1,kg,0.09,365,0.0,0.0,Low Risk
ITM009,Cheese,Dairy,HH010,2026-01-06,2026-02-05,0.69,kg,0.069,30,0.0,0.0,Low Risk
ITM008,Yogurt,Dairy,HH001,2026-01-22,2026-02-05,1.99,cups,0.333,14,0.05,0.025,Low Risk
ITM008,Yogurt,Dairy,HH008,2026-02-06,2026-02-20,4.63,cups,0.717,14,0.0,0.0,Low Risk
ITM006,Chicken Breast,Meat,HH008,2026-04-18,2026-04-22,1.85,kg,0.354,4,0.39,0.211,Medium Risk
ITM011,Cereal,Pantry,HH010,2026-04-14,2026-08-12,0.61,boxes,0.066,120,0.01,0.016,Low Risk
ITM010,Bananas,Produce,HH011,2026-01-02,2026-01-07,3.76,kg,0.252,5,3.76,1.0,High Risk
ITM004,Rice,Grains,HH010,2026-04-10,2027-04-10,1.22,kg,0.067,365,0.21,0.172,Medium Risk
ITM004,Rice,Grains,HH017,2026-02-11,2027-02-11,0.83,kg,0.14,365,0.0,0.0,Low Risk
ITM001,Milk,Dairy,HH001,2026-05-07,2026-05-14,2.14,liters,0.532,7,0.62,0.29,Medium Risk
ITM004,Rice,Grains,HH005,2026-03-03,2027-03-03,0.99,kg,0.089,365,0.0,0.0,Low Risk
ITM015,Butter,Dairy,HH010,2026-01-14,2026-03-15,0.36,kg,0.027,60,0.0,0.0,Low Risk
ITM015,Butter,Dairy,HH007,2026-03-24,2026-05-23,0.73,kg,0.063,60,0.09,0.123,Medium Risk
ITM014,Orange Juice,Beverages,HH007,2026-04-08,2026-04-18,1.89,liters,0.23,10,0.29,0.153,Medium Risk
ITM013,Frozen Peas,Frozen,HH019,2026-01-19,2026-06-18,1.47,bags,0.187,150,0.12,0.082,Low Risk
ITM005,Ice Cream,Frozen,HH019,2026-01-21,2026-04-21,0.93,tubs,0.211,90,0.08,0.086,Low Risk
ITM015,Butter,Dairy,HH016,2026-01-03,2026-03-04,0.42,kg,0.054,60,0.01,0.024,Low Risk
ITM004,Rice,Grains,HH008,2026-01-07,2027-01-07,1.22,kg,0.212,365,0.12,0.098,Low Risk
ITM006,Chicken Breast,Meat,HH014,2026-01-22,2026-01-26,2.29,kg,0.316,4,1.33,0.581,High Risk
ITM005,Ice Cream,Frozen,HH004,2026-02-04,2026-05-05,1.05,tubs,0.215,90,0.08,0.076,Low Risk
ITM013,Frozen Peas,Frozen,HH019,2026-02-01,2026-07-01,1.08,bags,0.203,150,0.0,0.0,Low Risk
ITM006,Chicken Breast,Meat,HH013,2026-03-27,2026-03-31,2.59,kg,0.185,4,2.59,1.0,High Risk
ITM007,Tomatoes,Produce,HH011,2026-03-23,2026-03-29,1.59,kg,0.283,6,0.0,0.0,Low Risk
ITM014,Orange Juice,Beverages,HH007,2026-01-27,2026-02-06,1.82,liters,0.244,10,0.0,0.0,Low Risk
ITM010,Bananas,Produce,HH018,2026-02-04,2026-02-09,1.86,kg,0.537,5,0.17,0.091,Low Risk
ITM015,Butter,Dairy,HH011,2026-01-27,2026-03-28,0.36,kg,0.062,60,0.05,0.139,Medium Risk
ITM004,Rice,Grains,HH002,2026-03-17,2027-03-17,1.18,kg,0.151,365,0.23,0.195,Medium Risk
ITM011,Cereal,Pantry,HH002,2026-03-14,2026-07-12,0.6,boxes,0.067,120,0.0,0.0,Low Risk
ITM005,Ice Cream,Frozen,HH006,2026-01-06,2026-04-06,1.27,tubs,0.125,90,0.0,0.0,Low Risk
ITM008,Yogurt,Dairy,HH018,2026-02-21,2026-03-07,3.81,cups,0.767,14,0.0,0.0,Low Risk
ITM015,Butter,Dairy,HH002,2026-03-21,2026-05-20,0.66,kg,0.071,60,0.1,0.152,Medium Risk
ITM004,Rice,Grains,HH014,2026-04-28,2027-04-28,1.0,kg,0.147,365,0.06,0.06,Low Risk
ITM015,Butter,Dairy,HH019,2026-01-16,2026-03-17,0.68,kg,0.099,60,0.0,0.0,Low Risk
ITM005,Ice Cream,Frozen,HH018,2026-02-08,2026-05-09,1.71,tubs,0.276,90,0.23,0.135,Medium Risk
ITM007,Tomatoes,Produce,HH003,2026-05-26,2026-06-01,3.25,kg,0.252,6,2.62,0.806,High Risk
ITM015,Butter,Dairy,HH020,2026-05-20,2026-07-19,0.49,kg,0.057,60,0.0,0.0,Low Risk
ITM010,Bananas,Produce,HH011,2026-02-25,2026-03-02,1.96,kg,0.378,5,0.0,0.0,Low Risk
ITM013,Frozen Peas,Frozen,HH019,2026-05-18,2026-10-15,0.64,bags,0.17,150,0.06,0.094,Low Risk
ITM012,Cooking Oil,Pantry,HH006,2026-02-08,2026-08-07,0.43,liters,0.024,180,0.0,0.0,Low Risk
ITM012,Cooking Oil,Pantry,HH018,2026-02-19,2026-08-18,0.24,liters,0.032,180,0.01,0.042,Low Risk
ITM012,Cooking Oil,Pantry,HH020,2026-03-31,2026-09-27,0.45,liters,0.028,180,0.01,0.022,Low Risk
ITM014,Orange Juice,Beverages,HH014,2026-01-20,2026-01-30,2.63,liters,0.218,10,0.48,0.183,Medium Risk
ITM007,Tomatoes,Produce,HH004,2026-03-05,2026-03-11,2.49,kg,0.386,6,0.24,0.096,Low Risk
ITM003,Bread,Bakery,HH015,2026-02-09,2026-02-14,2.33,loaves,0.175,5,2.33,1.0,High Risk
ITM003,Bread,Bakery,HH008,2026-03-17,2026-03-22,2.16,loaves,0.335,5,0.8,0.37,Medium Risk
ITM010,Bananas,Produce,HH010,2026-05-02,2026-05-07,3.27,kg,0.152,5,3.23,0.988,High Risk
ITM013,Frozen Peas,Frozen,HH017,2026-03-27,2026-08-24,0.62,bags,0.088,150,0.0,0.0,Low Risk
ITM011,Cereal,Pantry,HH006,2026-04-27,2026-08-25,0.48,boxes,0.075,120,0.01,0.021,Low Risk
ITM005,Ice Cream,Frozen,HH004,2026-04-26,2026-07-25,0.67,tubs,0.279,90,0.0,0.0,Low Risk
ITM001,Milk,Dairy,HH009,2026-05-17,2026-05-24,3.07,liters,0.64,7,0.2,0.065,Low Risk
ITM005,Ice Cream,Frozen,HH019,2026-03-29,2026-06-27,1.47,tubs,0.227,90,0.0,0.0,Low Risk
ITM013,Frozen Peas,Frozen,HH019,2026-05-19,2026-10-16,1.22,bags,0.125,150,0.0,0.0,Low Risk
ITM005,Ice Cream,Frozen,HH010,2026-04-21,2026-07-20,1.1,tubs,0.097,90,0.13,0.118,Medium Risk
ITM007,Tomatoes,Produce,HH006,2026-02-27,2026-03-05,3.22,kg,0.24,6,3.13,0.972,High Risk
ITM009,Cheese,Dairy,HH003,2026-04-08,2026-05-08,0.67,kg,0.062,30,0.0,0.0,Low Risk
ITM005,Ice Cream,Frozen,HH001,2026-05-13,2026-08-11,1.18,tubs,0.188,90,0.0,0.0,Low Risk
ITM007,Tomatoes,Produce,HH002,2026-04-27,2026-05-03,3.06,kg,0.236,6,2.34,0.765,High Risk
ITM015,Butter,Dairy,HH015,2026-05-07,2026-07-06,0.69,kg,0.03,60,0.0,0.0,Low Risk
ITM012,Cooking Oil,Pantry,HH012,2026-04-28,2026-10-25,0.2,liters,0.03,180,0.01,0.05,Low Risk
ITM007,Tomatoes,Produce,HH020,2026-04-05,2026-04-11,1.07,kg,0.172,6,0.06,0.056,Low Risk
ITM006,Chicken Breast,Meat,HH019,2026-01-22,2026-01-26,1.37,kg,0.492,4,0.0,0.0,Low Risk
ITM003,Bread,Bakery,HH001,2026-01-31,2026-02-05,1.75,loaves,0.486,5,0.27,0.154,Medium Risk
ITM010,Bananas,Produce,HH009,2026-02-05,2026-02-10,2.31,kg,0.328,5,0.86,0.372,Medium Risk
ITM013,Frozen Peas,Frozen,HH019,2026-03-06,2026-08-03,1.41,bags,0.219,150,0.03,0.021,Low Risk
ITM013,Frozen Peas,Frozen,HH006,2026-05-26,2026-10-23,1.19,bags,0.1,150,0.0,0.0,Low Risk
ITM004,Rice,Grains,HH012,2026-04-04,2027-04-04,1.32,kg,0.187,365,0.0,0.0,Low Risk
ITM011,Cereal,Pantry,HH003,2026-05-15,2026-09-12,0.7,boxes,0.092,120,0.0,0.0,Low Risk
ITM014,Orange Juice,Beverages,HH012,2026-04-17,2026-04-27,2.11,liters,0.25,10,0.0,0.0,Low Risk
ITM001,Milk,Dairy,HH020,2026-04-19,2026-04-26,5.52,liters,0.237,7,5.52,1.0,High Risk
ITM009,Cheese,Dairy,HH004,2026-02-14,2026-03-16,0.89,kg,0.171,30,0.08,0.09,Low Risk
ITM009,Cheese,Dairy,HH001,2026-05-03,2026-06-02,0.92,kg,0.051,30,0.0,0.0,Low Risk
ITM006,Chicken Breast,Meat,HH016,2026-05-24,2026-05-28,2.21,kg,0.2,4,2.21,1.0,High Risk
ITM001,Milk,Dairy,HH002,2026-03-04,2026-03-11,2.62,liters,0.467,7,0.0,0.0,Low Risk
ITM003,Bread,Bakery,HH013,2026-04-21,2026-04-26,3.97,loaves,0.388,5,2.44,0.615,High Risk
ITM008,Yogurt,Dairy,HH019,2026-03-24,2026-04-07,1.54,cups,0.433,14,0.0,0.0,Low Risk
ITM003,Bread,Bakery,HH019,2026-04-23,2026-04-28,2.84,loaves,0.731,5,0.26,0.092,Low Risk
ITM005,Ice Cream,Frozen,HH016,2026-02-09,2026-05-10,1.76,tubs,0.205,90,0.15,0.085,Low Risk
ITM008,Yogurt,Dairy,HH005,2026-04-22,2026-05-06,1.63,cups,0.218,14,0.0,0.0,Low Risk
ITM011,Cereal,Pantry,HH015,2026-04-13,2026-08-11,0.75,boxes,0.059,120,0.0,0.0,Low Risk
ITM006,Chicken Breast,Meat,HH016,2026-03-02,2026-03-06,2.57,kg,0.213,4,2.57,1.0,High Risk
ITM013,Frozen Peas,Frozen,HH018,2026-04-24,2026-09-21,0.93,bags,0.138,150,0.0,0.0,Low Risk
ITM008,Yogurt,Dairy,HH010,2026-02-22,2026-03-08,2.26,cups,0.174,14,0.35,0.155,Medium Risk
ITM003,Bread,Bakery,HH003,2026-03-26,2026-03-31,3.94,loaves,0.595,5,0.37,0.094,Low Risk
ITM005,Ice Cream,Frozen,HH009,2026-05-25,2026-08-23,1.65,tubs,0.299,90,0.0,0.0,Low Risk
ITM012,Cooking Oil,Pantry,HH011,2026-02-04,2026-08-03,0.35,liters,0.045,180,0.09,0.257,Medium Risk
ITM003,Bread,Bakery,HH005,2026-02-11,2026-02-16,2.95,loaves,0.369,5,1.42,0.481,Medium Risk
ITM008,Yogurt,Dairy,HH016,2026-01-07,2026-01-21,3.13,cups,0.444,14,0.0,0.0,Low Risk
ITM014,Orange Juice,Beverages,HH011,2026-04-09,2026-04-19,2.82,liters,0.2,10,0.82,0.291,Medium Risk
ITM002,Eggs,Dairy,HH002,2026-01-13,2026-02-03,3.4,dozen,0.396,21,0.0,0.0,Low Risk
ITM015,Butter,Dairy,HH011,2026-01-13,2026-03-14,0.52,kg,0.052,60,0.0,0.0,Low Risk
ITM015,Butter,Dairy,HH008,2026-01-28,2026-03-29,0.75,kg,0.061,60,0.0,0.0,Low Risk
ITM007,Tomatoes,Produce,HH003,2026-02-08,2026-02-14,2.09,kg,0.516,6,0.03,0.014,Low Risk
ITM003,Bread,Bakery,HH002,2026-01-22,2026-01-27,3.03,loaves,0.612,5,0.33,0.109,Medium Risk
ITM001,Milk,Dairy,HH020,2026-04-09,2026-04-16,4.76,liters,0.366,7,3.78,0.794,High Risk
ITM002,Eggs,Dairy,HH012,2026-04-11,2026-05-02,3.15,dozen,0.41,21,0.34,0.108,Medium Risk
ITM010,Bananas,Produce,HH007,2026-02-19,2026-02-24,1.59,kg,0.251,5,0.24,0.151,Medium Risk
ITM009,Cheese,Dairy,HH019,2026-01-25,2026-02-24,0.31,kg,0.091,30,0.0,0.0,Low Risk
ITM001,Milk,Dairy,HH006,2026-02-22,2026-03-01,5.1,liters,0.267,7,4.31,0.845,High Risk
ITM012,Cooking Oil,Pantry,HH018,2026-01-14,2026-07-13,0.22,liters,0.068,180,0.0,0.0,Low Risk
ITM004,Rice,Grains,HH006,2026-04-26,2027-04-26,0.81,kg,0.135,365,0.05,0.062,Low Risk
ITM012,Cooking Oil,Pantry,HH008,2026-03-23,2026-09-19,0.43,liters,0.063,180,0.06,0.14,Medium Risk
ITM009,Cheese,Dairy,HH008,2026-05-09,2026-06-08,0.88,kg,0.107,30,0.0,0.0,Low Risk
ITM015,Butter,Dairy,HH018,2026-05-16,2026-07-15,0.57,kg,0.074,60,0.0,0.0,Low Risk
ITM010,Bananas,Produce,HH006,2026-01-12,2026-01-17,1.56,kg,0.332,5,0.04,0.026,Low Risk
ITM004,Rice,Grains,HH015,2026-01-15,2027-01-15,0.79,kg,0.055,365,0.0,0.0,Low Risk
ITM007,Tomatoes,Produce,HH009,2026-03-05,2026-03-11,2.54,kg,0.545,6,0.0,0.0,Low Risk
ITM015,Butter,Dairy,HH020,2026-04-24,2026-06-23,0.65,kg,0.062,60,0.0,0.0,Low Risk
ITM001,Milk,Dairy,HH019,2026-05-14,2026-05-21,5.66,liters,0.805,7,0.0,0.0,Low Risk
ITM014,Orange Juice,Beverages,HH020,2026-03-29,2026-04-08,2.84,liters,0.23,10,0.09,0.032,Low Risk
ITM005,Ice Cream,Frozen,HH009,2026-04-24,2026-07-23,1.28,tubs,0.295,90,0.0,0.0,Low Risk
ITM013,Frozen Peas,Frozen,HH018,2026-02-15,2026-07-15,0.91,bags,0.134,150,0.16,0.176,Medium Risk
ITM012,Cooking Oil,Pantry,HH014,2026-03-03,2026-08-30,0.39,liters,0.039,180,0.0,0.0,Low Risk
ITM004,Rice,Grains,HH016,2026-02-04,2027-02-04,0.66,kg,0.14,365,0.0,0.0,Low Risk
ITM002,Eggs,Dairy,HH014,2026-03-10,2026-03-31,3.06,dozen,0.65,21,0.28,0.092,Low Risk
ITM011,Cereal,Pantry,HH001,2026-01-03,2026-05-03,0.9,boxes,0.07,120,0.09,0.1,Low Risk
ITM004,Rice,Grains,HH018,2026-04-11,2027-04-11,1.43,kg,0.098,365,0.0,0.0,Low Risk
ITM006,Chicken Breast,Meat,HH011,2026-04-13,2026-04-17,2.66,kg,0.211,4,2.66,1.0,High Risk
ITM015,Butter,Dairy,HH001,2026-01-04,2026-03-05,0.49,kg,0.05,60,0.0,0.0,Low Risk
ITM008,Yogurt,Dairy,HH005,2026-03-21,2026-04-04,1.9,cups,0.162,14,0.0,0.0,Low Risk
ITM001,Milk,Dairy,HH015,2026-01-27,2026-02-03,3.88,liters,0.213,7,3.88,1.0,High Risk
ITM007,Tomatoes,Produce,HH015,2026-05-04,2026-05-10,1.36,kg,0.123,6,0.85,0.625,High Risk
ITM012,Cooking Oil,Pantry,HH017,2026-04-14,2026-10-11,0.38,liters,0.061,180,0.0,0.0,Low Risk
ITM006,Chicken Breast,Meat,HH008,2026-03-12,2026-03-16,1.52,kg,0.345,4,0.2,0.132,Medium Risk
ITM004,Rice,Grains,HH014,2026-02-23,2027-02-23,1.06,kg,0.109,365,0.09,0.085,Low Risk
ITM015,Butter,Dairy,HH014,2026-05-16,2026-07-15,0.26,kg,0.111,60,0.0,0.0,Low Risk
ITM014,Orange Juice,Beverages,HH009,2026-01-06,2026-01-16,1.76,liters,0.519,10,0.29,0.165,Medium Risk
ITM009,Cheese,Dairy,HH008,2026-04-24,2026-05-24,0.36,kg,0.092,30,0.0,0.0,Low Risk
ITM014,Orange Juice,Beverages,HH005,2026-03-19,2026-03-29,1.62,liters,0.097,10,1.25,0.772,High Risk
ITM009,Cheese,Dairy,HH017,2026-04-12,2026-05-12,0.97,kg,0.114,30,0.0,0.0,Low Risk
ITM004,Rice,Grains,HH010,2026-04-28,2027-04-28,0.9,kg,0.084,365,0.0,0.0,Low Risk
ITM015,Butter,Dairy,HH008,2026-02-12,2026-04-13,0.71,kg,0.067,60,0.02,0.028,Low Risk
ITM003,Bread,Bakery,HH015,2026-03-24,2026-03-29,4.75,loaves,0.31,5,4.75,1.0,High Risk
ITM013,Frozen Peas,Frozen,HH010,2026-03-18,2026-08-15,0.65,bags,0.06,150,0.03,0.046,Low Risk
ITM006,Chicken Breast,Meat,HH017,2026-05-03,2026-05-07,1.7,kg,0.38,4,0.11,0.065,Low Risk
ITM005,Ice Cream,Frozen,HH011,2026-02-19,2026-05-20,0.88,tubs,0.132,90,0.0,0.0,Low Risk
ITM011,Cereal,Pantry,HH015,2026-03-24,2026-07-22,0.62,boxes,0.045,120,0.07,0.113,Medium Risk
ITM006,Chicken Breast,Meat,HH011,2026-02-07,2026-02-11,1.95,kg,0.202,4,1.95,1.0,High Risk
ITM001,Milk,Dairy,HH019,2026-03-26,2026-04-02,4.98,liters,1.029,7,0.11,0.022,Low Risk
ITM006,Chicken Breast,Meat,HH009,2026-01-19,2026-01-23,1.3,kg,0.508,4,0.07,0.054,Low Risk
ITM015,Butter,Dairy,HH007,2026-04-29,2026-06-28,0.26,kg,0.077,60,0.0,0.0,Low Risk
ITM001,Milk,Dairy,HH009,2026-02-27,2026-03-06,3.01,liters,0.962,7,0.21,0.07,Low Risk
ITM009,Cheese,Dairy,HH008,2026-01-10,2026-02-09,0.91,kg,0.097,30,0.06,0.066,Low Risk
ITM012,Cooking Oil,Pantry,HH018,2026-02-25,2026-08-24,0.17,liters,0.032,180,0.0,0.0,Low Risk
ITM014,Orange Juice,Beverages,HH018,2026-01-08,2026-01-18,2.7,liters,0.449,10,0.21,0.078,Low Risk
ITM010,Bananas,Produce,HH006,2026-05-17,2026-05-22,3.77,kg,0.23,5,3.5,0.928,High Risk
ITM010,Bananas,Produce,HH020,2026-05-11,2026-05-16,2.96,kg,0.162,5,2.96,1.0,High Risk
ITM005,Ice Cream,Frozen,HH016,2026-04-04,2026-07-03,0.65,tubs,0.163,90,0.13,0.2,Medium Risk
ITM005,Ice Cream,Frozen,HH003,2026-03-13,2026-06-11,1.92,tubs,0.12,90,0.0,0.0,Low Risk
ITM011,Cereal,Pantry,HH020,2026-01-19,2026-05-19,0.44,boxes,0.054,120,0.06,0.136,Medium Risk
ITM008,Yogurt,Dairy,HH013,2026-01-29,2026-02-12,4.22,cups,0.388,14,0.0,0.0,Low Risk
ITM004,Rice,Grains,HH019,2026-03-02,2027-03-02,0.51,kg,0.122,365,0.03,0.059,Low Risk
ITM013,Frozen Peas,Frozen,HH019,2026-03-06,2026-08-03,0.92,bags,0.235,150,0.08,0.087,Low Risk
ITM008,Yogurt,Dairy,HH017,2026-04-12,2026-04-26,2.26,cups,0.588,14,0.0,0.0,Low Risk
ITM004,Rice,Grains,HH004,2026-01-10,2027-01-10,1.21,kg,0.215,365,0.0,0.0,Low Risk
ITM003,Bread,Bakery,HH013,2026-03-18,2026-03-23,1.95,loaves,0.645,5,0.0,0.0,Low Risk
ITM012,Cooking Oil,Pantry,HH011,2026-02-03,2026-08-02,0.27,liters,0.047,180,0.0,0.0,Low Risk
ITM006,Chicken Breast,Meat,HH007,2026-03-16,2026-03-20,2.78,kg,0.284,4,2.78,1.0,High Risk
ITM002,Eggs,Dairy,HH018,2026-02-07,2026-02-28,1.6,dozen,0.286,21,0.0,0.0,Low Risk
ITM011,Cereal,Pantry,HH010,2026-01-10,2026-05-10,0.51,boxes,0.04,120,0.07,0.137,Medium Risk
ITM013,Frozen Peas,Frozen,HH008,2026-01-21,2026-06-20,0.56,bags,0.195,150,0.05,0.089,Low Risk
ITM004,Rice,Grains,HH020,2026-04-04,2027-04-04,1.43,kg,0.057,365,0.0,0.0,Low Risk
ITM014,Orange Juice,Beverages,HH009,2026-04-06,2026-04-16,2.29,liters,0.473,10,0.16,0.07,Low Risk
ITM008,Yogurt,Dairy,HH017,2026-02-28,2026-03-14,4.18,cups,0.464,14,0.54,0.129,Medium Risk
ITM004,Rice,Grains,HH001,2026-05-22,2027-05-22,0.9,kg,0.106,365,0.0,0.0,Low Risk
ITM001,Milk,Dairy,HH011,2026-04-30,2026-05-07,4.84,liters,0.312,7,4.32,0.893,High Risk
ITM010,Bananas,Produce,HH018,2026-01-11,2026-01-16,3.96,kg,0.504,5,1.58,0.399,Medium Risk
ITM014,Orange Juice,Beverages,HH010,2026-01-23,2026-02-02,1.23,liters,0.096,10,0.33,0.268,Medium Risk
ITM008,Yogurt,Dairy,HH005,2026-02-09,2026-02-23,1.53,cups,0.277,14,0.02,0.013,Low Risk
ITM009,Cheese,Dairy,HH006,2026-04-19,2026-05-19,0.56,kg,0.044,30,0.14,0.25,Medium Risk
ITM004,Rice,Grains,HH011,2026-05-12,2027-05-12,1.27,kg,0.15,365,0.0,0.0,Low Risk
ITM004,Rice,Grains,HH016,2026-01-01,2027-01-01,0.54,kg,0.137,365,0.04,0.074,Low Risk
ITM013,Frozen Peas,Frozen,HH015,2026-05-08,2026-10-05,0.9,bags,0.098,150,0.14,0.156,Medium Risk
ITM007,Tomatoes,Produce,HH020,2026-05-02,2026-05-08,1.28,kg,0.226,6,0.04,0.031,Low Risk
ITM001,Milk,Dairy,HH004,2026-03-24,2026-03-31,4.49,liters,0.509,7,0.83,0.185,Medium Risk
ITM009,Cheese,Dairy,HH019,2026-02-07,2026-03-09,0.83,kg,0.134,30,0.0,0.0,Low Risk
ITM010,Bananas,Produce,HH015,2026-02-05,2026-02-10,1.79,kg,0.125,5,1.55,0.866,High Risk
ITM011,Cereal,Pantry,HH015,2026-05-13,2026-09-10,0.58,boxes,0.04,120,0.0,0.0,Low Risk
ITM010,Bananas,Produce,HH008,2026-01-17,2026-01-22,2.46,kg,0.354,5,0.71,0.289,Medium Risk
ITM007,Tomatoes,Produce,HH020,2026-04-30,2026-05-06,2.67,kg,0.219,6,1.59,0.596,High Risk
ITM008,Yogurt,Dairy,HH014,2026-03-20,2026-04-03,2.44,cups,0.393,14,0.34,0.139,Medium Risk
ITM012,Cooking Oil,Pantry,HH018,2026-03-26,2026-09-22,0.49,liters,0.065,180,0.0,0.0,Low Risk
ITM005,Ice Cream,Frozen,HH013,2026-05-07,2026-08-05,1.92,tubs,0.277,90,0.0,0.0,Low Risk
ITM008,Yogurt,Dairy,HH008,2026-03-29,2026-04-12,2.02,cups,0.755,14,0.0,0.0,Low Risk
ITM010,Bananas,Produce,HH010,2026-01-13,2026-01-18,2.14,kg,0.205,5,1.94,0.907,High Risk
ITM015,Butter,Dairy,HH020,2026-01-20,2026-03-21,0.32,kg,0.047,60,0.0,0.0,Low Risk
ITM003,Bread,Bakery,HH019,2026-05-25,2026-05-30,2.62,loaves,0.428,5,0.17,0.065,Low Risk
ITM005,Ice Cream,Frozen,HH004,2026-04-14,2026-07-13,1.94,tubs,0.183,90,0.0,0.0,Low Risk
ITM012,Cooking Oil,Pantry,HH003,2026-04-13,2026-10-10,0.19,liters,0.034,180,0.09,0.474,Medium Risk
ITM009,Cheese,Dairy,HH003,2026-03-29,2026-04-28,0.82,kg,0.065,30,0.0,0.0,Low Risk
ITM002,Eggs,Dairy,HH006,2026-03-03,2026-03-24,2.2,dozen,0.344,21,0.19,0.086,Low Risk
ITM007,Tomatoes,Produce,HH006,2026-04-25,2026-05-01,1.82,kg,0.261,6,0.32,0.176,Medium Risk
ITM002,Eggs,Dairy,HH009,2026-01-10,2026-01-31,3.08,dozen,0.689,21,0.0,0.0,Low Risk
ITM009,Cheese,Dairy,HH007,2026-04-02,2026-05-02,0.88,kg,0.129,30,0.04,0.045,Low Risk
ITM011,Cereal,Pantry,HH003,2026-05-15,2026-09-12,0.53,boxes,0.1,120,0.0,0.0,Low Risk
ITM011,Cereal,Pantry,HH007,2026-01-22,2026-05-22,0.78,boxes,0.073,120,0.0,0.0,Low Risk
ITM008,Yogurt,Dairy,HH008,2026-05-09,2026-05-23,3.6,cups,0.66,14,0.0,0.0,Low Risk
ITM001,Milk,Dairy,HH006,2026-04-27,2026-05-04,5.18,liters,0.256,7,5.18,1.0,High Risk
ITM015,Butter,Dairy,HH005,2026-03-10,2026-05-09,0.37,kg,0.038,60,0.0,0.0,Low Risk
ITM009,Cheese,Dairy,HH005,2026-04-01,2026-05-01,1.0,kg,0.063,30,0.0,0.0,Low Risk
ITM006,Chicken Breast,Meat,HH008,2026-01-18,2026-01-22,1.78,kg,0.35,4,0.61,0.343,Medium Risk
ITM001,Milk,Dairy,HH018,2026-02-10,2026-02-17,2.82,liters,0.37,7,0.51,0.181,Medium Risk
ITM004,Rice,Grains,HH020,2026-05-08,2027-05-08,0.97,kg,0.049,365,0.0,0.0,Low Risk
ITM006,Chicken Breast,Meat,HH006,2026-02-01,2026-02-05,0.93,kg,0.251,4,0.0,0.0,Low Risk
ITM012,Cooking Oil,Pantry,HH003,2026-04-26,2026-10-23,0.2,liters,0.06,180,0.01,0.05,Low Risk
ITM004,Rice,Grains,HH010,2026-04-11,2027-04-11,1.02,kg,0.07,365,0.12,0.118,Medium Risk
ITM011,Cereal,Pantry,HH014,2026-05-18,2026-09-15,0.8,boxes,0.127,120,0.0,0.0,Low Risk
ITM008,Yogurt,Dairy,HH012,2026-03-24,2026-04-07,4.35,cups,0.47,14,0.27,0.062,Low Risk
ITM001,Milk,Dairy,HH018,2026-02-27,2026-03-06,4.86,liters,0.436,7,1.9,0.391,Medium Risk
ITM004,Rice,Grains,HH018,2026-02-21,2027-02-21,0.95,kg,0.093,365,0.11,0.116,Medium Risk
ITM015,Butter,Dairy,HH019,2026-05-24,2026-07-23,0.35,kg,0.118,60,0.0,0.0,Low Risk
ITM008,Yogurt,Dairy,HH008,2026-05-25,2026-06-08,2.59,cups,0.576,14,0.0,0.0,Low Risk
ITM009,Cheese,Dairy,HH020,2026-05-25,2026-06-24,0.98,kg,0.044,30,0.03,0.031,Low Risk
ITM009,Cheese,Dairy,HH006,2026-01-03,2026-02-02,0.84,kg,0.051,30,0.0,0.0,Low Risk
ITM011,Cereal,Pantry,HH014,2026-01-18,2026-05-18,0.85,boxes,0.16,120,0.0,0.0,Low Risk
ITM002,Eggs,Dairy,HH009,2026-04-01,2026-04-22,1.46,dozen,0.481,21,0.0,0.0,Low Risk
ITM009,Cheese,Dairy,HH002,2026-04-15,2026-05-15,0.64,kg,0.051,30,0.0,0.0,Low Risk
ITM015,Butter,Dairy,HH019,2026-03-17,2026-05-16,0.78,kg,0.119,60,0.1,0.128,Medium Risk
ITM004,Rice,Grains,HH020,2026-02-15,2027-02-15,0.85,kg,0.1,365,0.07,0.082,Low Risk
ITM005,Ice Cream,Frozen,HH006,2026-02-02,2026-05-03,1.65,tubs,0.114,90,0.13,0.079,Low Risk
ITM001,Milk,Dairy,HH018,2026-04-18,2026-04-25,5.0,liters,0.856,7,0.0,0.0,Low Risk
ITM005,Ice Cream,Frozen,HH020,2026-01-30,2026-04-30,1.81,tubs,0.105,90,0.08,0.044,Low Risk
ITM006,Chicken Breast,Meat,HH001,2026-02-23,2026-02-27,1.98,kg,0.279,4,1.22,0.616,High Risk
ITM003,Bread,Bakery,HH002,2026-02-11,2026-02-16,4.75,loaves,0.398,5,4.47,0.941,High Risk
ITM008,Yogurt,Dairy,HH019,2026-03-31,2026-04-14,3.19,cups,0.815,14,0.21,0.066,Low Risk
ITM006,Chicken Breast,Meat,HH020,2026-03-21,2026-03-25,2.72,kg,0.127,4,2.72,1.0,High Risk
ITM015,Butter,Dairy,HH004,2026-01-03,2026-03-04,0.46,kg,0.105,60,0.05,0.109,Medium Risk
ITM013,Frozen Peas,Frozen,HH004,2026-01-31,2026-06-30,0.63,bags,0.225,150,0.0,0.0,Low Risk
ITM015,Butter,Dairy,HH003,2026-02-04,2026-04-05,0.42,kg,0.094,60,0.03,0.071,Low Risk
ITM012,Cooking Oil,Pantry,HH001,2026-04-22,2026-10-19,0.34,liters,0.023,180,0.0,0.0,Low Risk
ITM004,Rice,Grains,HH008,2026-02-13,2027-02-13,0.63,kg,0.139,365,0.0,0.0,Low Risk
ITM009,Cheese,Dairy,HH006,2026-02-18,2026-03-20,0.66,kg,0.1,30,0.08,0.121,Medium Risk
ITM008,Yogurt,Dairy,HH001,2026-04-04,2026-04-18,3.63,cups,0.394,14,0.28,0.077,Low Risk
ITM006,Chicken Breast,Meat,HH013,2026-01-06,2026-01-10,2.83,kg,0.325,4,2.81,0.993,High Risk
ITM004,Rice,Grains,HH008,2026-02-25,2027-02-25,1.27,kg,0.104,365,0.0,0.0,Low Risk
ITM013,Frozen Peas,Frozen,HH014,2026-01-23,2026-06-22,1.31,bags,0.15,150,0.01,0.008,Low Risk
ITM007,Tomatoes,Produce,HH014,2026-03-21,2026-03-27,2.15,kg,0.374,6,0.45,0.209,Medium Risk
ITM007,Tomatoes,Produce,HH011,2026-01-23,2026-01-29,3.23,kg,0.358,6,1.82,0.563,High Risk
ITM013,Frozen Peas,Frozen,HH007,2026-02-24,2026-07-24,0.98,bags,0.086,150,0.05,0.051,Low Risk
ITM003,Bread,Bakery,HH008,2026-04-26,2026-05-01,4.91,loaves,0.711,5,1.09,0.222,Medium Risk
ITM001,Milk,Dairy,HH007,2026-02-03,2026-02-10,4.27,liters,0.722,7,0.0,0.0,Low Risk
ITM013,Frozen Peas,Frozen,HH003,2026-03-23,2026-08-20,0.94,bags,0.116,150,0.0,0.0,Low Risk
ITM006,Chicken Breast,Meat,HH002,2026-05-22,2026-05-26,2.02,kg,0.185,4,2.01,0.995,High Risk
ITM006,Chicken Breast,Meat,HH014,2026-01-29,2026-02-02,2.43,kg,0.218,4,2.35,0.967,High Risk
ITM007,Tomatoes,Produce,HH009,2026-05-11,2026-05-17,2.43,kg,0.394,6,0.25,0.103,Medium Risk
ITM012,Cooking Oil,Pantry,HH013,2026-02-28,2026-08-27,0.27,liters,0.05,180,0.0,0.0,Low Risk
ITM011,Cereal,Pantry,HH013,2026-01-27,2026-05-27,0.3,boxes,0.075,120,0.04,0.133,Medium Risk
ITM014,Orange Juice,Beverages,HH016,2026-04-11,2026-04-21,1.09,liters,0.176,10,0.0,0.0,Low Risk
ITM002,Eggs,Dairy,HH007,2026-03-19,2026-04-09,1.87,dozen,0.206,21,0.0,0.0,Low Risk
ITM006,Chicken Breast,Meat,HH020,2026-01-25,2026-01-29,1.7,kg,0.123,4,1.59,0.935,High Risk
ITM001,Milk,Dairy,HH006,2026-02-18,2026-02-25,3.02,liters,0.312,7,0.87,0.288,Medium Risk
ITM014,Orange Juice,Beverages,HH019,2026-05-02,2026-05-12,2.08,liters,0.326,10,0.0,0.0,Low Risk
ITM006,Chicken Breast,Meat,HH014,2026-05-24,2026-05-28,1.72,kg,0.211,4,1.35,0.785,High Risk
ITM006,Chicken Breast,Meat,HH016,2026-01-21,2026-01-25,1.42,kg,0.298,4,0.47,0.331,Medium Risk
ITM008,Yogurt,Dairy,HH001,2026-01-28,2026-02-11,3.55,cups,0.32,14,0.13,0.037,Low Risk
ITM001,Milk,Dairy,HH008,2026-05-26,2026-06-02,3.88,liters,0.462,7,0.43,0.111,Medium Risk
ITM013,Frozen Peas,Frozen,HH009,2026-04-25,2026-09-22,1.19,bags,0.167,150,0.0,0.0,Low Risk
ITM007,Tomatoes,Produce,HH009,2026-04-22,2026-04-28,1.51,kg,0.26,6,0.0,0.0,Low Risk
ITM011,Cereal,Pantry,HH001,2026-04-05,2026-08-03,0.98,boxes,0.101,120,0.04,0.041,Low Risk
ITM012,Cooking Oil,Pantry,HH001,2026-05-20,2026-11-16,0.19,liters,0.031,180,0.02,0.105,Medium Risk
ITM007,Tomatoes,Produce,HH017,2026-03-28,2026-04-03,2.68,kg,0.389,6,0.27,0.101,Medium Risk
ITM004,Rice,Grains,HH002,2026-04-29,2027-04-29,0.79,kg,0.093,365,0.15,0.19,Medium Risk
ITM009,Cheese,Dairy,HH015,2026-04-10,2026-05-10,0.86,kg,0.042,30,0.07,0.081,Low Risk
ITM001,Milk,Dairy,HH020,2026-01-18,2026-01-25,3.44,liters,0.314,7,0.94,0.273,Medium Risk
ITM015,Butter,Dairy,HH006,2026-01-15,2026-03-16,0.4,kg,0.041,60,0.0,0.0,Low Risk
ITM008,Yogurt,Dairy,HH019,2026-05-15,2026-05-29,1.96,cups,0.571,14,0.0,0.0,Low Risk
ITM010,Bananas,Produce,HH013,2026-04-12,2026-04-17,2.0,kg,0.612,5,0.47,0.235,Medium Risk
ITM006,Chicken Breast,Meat,HH016,2026-01-20,2026-01-24,2.35,kg,0.291,4,1.5,0.638,High Risk
ITM005,Ice Cream,Frozen,HH006,2026-04-05,2026-07-04,1.06,tubs,0.16,90,0.0,0.0,Low Risk
ITM012,Cooking Oil,Pantry,HH005,2026-04-17,2026-10-14,0.47,liters,0.018,180,0.0,0.0,Low Risk
ITM001,Milk,Dairy,HH012,2026-04-09,2026-04-16,4.14,liters,0.676,7,0.0,0.0,Low Risk
ITM006,Chicken Breast,Meat,HH014,2026-04-25,2026-04-29,1.24,kg,0.22,4,0.59,0.476,Medium Risk
ITM002,Eggs,Dairy,HH010,2026-03-15,2026-04-05,1.4,dozen,0.256,21,0.24,0.171,Medium Risk
ITM010,Bananas,Produce,HH015,2026-04-29,2026-05-04,1.37,kg,0.136,5,1.37,1.0,High Risk
ITM003,Bread,Bakery,HH005,2026-05-21,2026-05-26,3.08,loaves,0.263,5,2.89,0.938,High Risk
ITM015,Butter,Dairy,HH003,2026-03-15,2026-05-14,0.28,kg,0.096,60,0.06,0.214,Medium Risk
ITM004,Rice,Grains,HH007,2026-01-27,2027-01-27,1.46,kg,0.191,365,0.35,0.24,Medium Risk
ITM013,Frozen Peas,Frozen,HH014,2026-05-11,2026-10-08,0.82,bags,0.203,150,0.07,0.085,Low Risk
ITM011,Cereal,Pantry,HH005,2026-04-06,2026-08-04,0.55,boxes,0.033,120,0.0,0.0,Low Risk
ITM005,Ice Cream,Frozen,HH014,2026-04-28,2026-07-27,1.51,tubs,0.28,90,0.0,0.0,Low Risk
ITM006,Chicken Breast,Meat,HH001,2026-03-03,2026-03-07,1.26,kg,0.295,4,0.28,0.222,Medium Risk
ITM001,Milk,Dairy,HH004,2026-03-28,2026-04-04,3.42,liters,1.068,7,0.0,0.0,Low Risk
ITM014,Orange Juice,Beverages,HH002,2026-03-12,2026-03-22,2.05,liters,0.386,10,0.0,0.0,Low Risk
ITM010,Bananas,Produce,HH001,2026-05-21,2026-05-26,3.22,kg,0.397,5,1.96,0.609,High Risk
ITM004,Rice,Grains,HH011,2026-04-25,2027-04-25,1.4,kg,0.07,365,0.21,0.15,Medium Risk
ITM009,Cheese,Dairy,HH010,2026-02-28,2026-03-30,0.76,kg,0.059,30,0.03,0.039,Low Risk
ITM009,Cheese,Dairy,HH014,2026-03-29,2026-04-28,0.43,kg,0.141,30,0.0,0.0,Low Risk
ITM009,Cheese,Dairy,HH001,2026-05-04,2026-06-03,0.93,kg,0.045,30,0.0,0.0,Low Risk
ITM005,Ice Cream,Frozen,HH003,2026-01-17,2026-04-17,0.7,tubs,0.224,90,0.0,0.0,Low Risk
ITM012,Cooking Oil,Pantry,HH005,2026-04-23,2026-10-20,0.37,liters,0.028,180,0.0,0.0,Low Risk
ITM014,Orange Juice,Beverages,HH016,2026-02-27,2026-03-09,1.78,liters,0.125,10,0.64,0.36,Medium Risk
ITM008,Yogurt,Dairy,HH018,2026-02-25,2026-03-11,3.53,cups,0.623,14,0.58,0.164,Medium Risk
ITM006,Chicken Breast,Meat,HH006,2026-01-04,2026-01-08,2.49,kg,0.18,4,2.36,0.948,High Risk
ITM009,Cheese,Dairy,HH006,2026-03-04,2026-04-03,0.58,kg,0.044,30,0.01,0.017,Low Risk
ITM009,Cheese,Dairy,HH006,2026-01-28,2026-02-27,0.43,kg,0.044,30,0.05,0.116,Medium Risk
ITM014,Orange Juice,Beverages,HH003,2026-05-24,2026-06-03,1.02,liters,0.395,10,0.0,0.0,Low Risk
ITM002,Eggs,Dairy,HH003,2026-05-28,2026-06-18,3.16,dozen,0.455,21,0.13,0.041,Low Risk
ITM015,Butter,Dairy,HH014,2026-03-25,2026-05-24,0.27,kg,0.091,60,0.0,0.0,Low Risk
ITM007,Tomatoes,Produce,HH012,2026-03-19,2026-03-25,1.33,kg,0.387,6,0.0,0.0,Low Risk
ITM011,Cereal,Pantry,HH014,2026-05-17,2026-09-14,0.36,boxes,0.081,120,0.0,0.0,Low Risk
ITM009,Cheese,Dairy,HH011,2026-03-15,2026-04-14,0.56,kg,0.073,30,0.11,0.196,Medium Risk
ITM013,Frozen Peas,Frozen,HH011,2026-05-22,2026-10-19,0.58,bags,0.147,150,0.0,0.0,Low Risk
ITM014,Orange Juice,Beverages,HH002,2026-05-29,2026-06-08,1.61,liters,0.204,10,0.0,0.0,Low Risk
ITM012,Cooking Oil,Pantry,HH009,2026-05-19,2026-11-15,0.29,liters,0.049,180,0.0,0.0,Low Risk
ITM003,Bread,Bakery,HH009,2026-01-13,2026-01-18,2.15,loaves,0.36,5,0.42,0.195,Medium Risk
ITM001,Milk,Dairy,HH012,2026-04-07,2026-04-14,4.82,liters,0.4,7,2.34,0.485,Medium Risk
ITM002,Eggs,Dairy,HH009,2026-04-03,2026-04-24,3.8,dozen,0.591,21,0.69,0.182,Medium Risk
ITM001,Milk,Dairy,HH016,2026-01-07,2026-01-14,1.86,liters,0.457,7,0.0,0.0,Low Risk
ITM003,Bread,Bakery,HH013,2026-04-22,2026-04-27,3.73,loaves,0.467,5,2.79,0.748,High Risk
ITM001,Milk,Dairy,HH002,2026-05-02,2026-05-09,4.22,liters,0.648,7,0.0,0.0,Low Risk
ITM015,Butter,Dairy,HH003,2026-05-12,2026-07-11,0.54,kg,0.093,60,0.06,0.111,Medium Risk
ITM008,Yogurt,Dairy,HH017,2026-04-10,2026-04-24,3.87,cups,0.32,14,0.0,0.0,Low Risk
ITM012,Cooking Oil,Pantry,HH012,2026-05-13,2026-11-09,0.26,liters,0.063,180,0.01,0.038,Low Risk
ITM008,Yogurt,Dairy,HH006,2026-05-27,2026-06-10,4.24,cups,0.391,14,0.0,0.0,Low Risk
ITM010,Bananas,Produce,HH012,2026-05-04,2026-05-09,3.81,kg,0.291,5,3.81,1.0,High Risk
ITM002,Eggs,Dairy,HH016,2026-04-06,2026-04-27,1.25,dozen,0.299,21,0.07,0.056,Low Risk
ITM014,Orange Juice,Beverages,HH005,2026-05-16,2026-05-26,1.92,liters,0.167,10,0.1,0.052,Low Risk
ITM003,Bread,Bakery,HH014,2026-02-14,2026-02-19,2.93,loaves,0.525,5,0.7,0.239,Medium Risk
ITM010,Bananas,Produce,HH008,2026-04-03,2026-04-08,1.2,kg,0.506,5,0.05,0.042,Low Risk
ITM007,Tomatoes,Produce,HH015,2026-02-01,2026-02-07,3.02,kg,0.27,6,1.49,0.493,Medium Risk
ITM001,Milk,Dairy,HH012,2026-05-03,2026-05-10,5.31,liters,0.612,7,0.39,0.073,Low Risk
ITM004,Rice,Grains,HH018,2026-03-24,2027-03-24,1.0,kg,0.096,365,0.0,0.0,Low Risk
ITM013,Frozen Peas,Frozen,HH014,2026-05-18,2026-10-15,0.95,bags,0.11,150,0.06,0.063,Low Risk
ITM015,Butter,Dairy,HH011,2026-01-19,2026-03-20,0.78,kg,0.039,60,0.0,0.0,Low Risk
ITM004,Rice,Grains,HH015,2026-02-22,2027-02-22,1.39,kg,0.088,365,0.11,0.079,Low Risk
ITM006,Chicken Breast,Meat,HH006,2026-01-06,2026-01-10,1.88,kg,0.204,4,1.88,1.0,High Risk
ITM003,Bread,Bakery,HH002,2026-01-24,2026-01-29,1.71,loaves,0.544,5,0.0,0.0,Low Risk
ITM001,Milk,Dairy,HH006,2026-01-21,2026-01-28,3.61,liters,0.602,7,0.24,0.066,Low Risk
ITM007,Tomatoes,Produce,HH004,2026-01-21,2026-01-27,1.63,kg,0.307,6,0.29,0.178,Medium Risk
ITM006,Chicken Breast,Meat,HH020,2026-04-25,2026-04-29,2.43,kg,0.224,4,2.24,0.922,High Risk
ITM005,Ice Cream,Frozen,HH018,2026-03-23,2026-06-21,1.42,tubs,0.293,90,0.0,0.0,Low Risk
ITM015,Butter,Dairy,HH016,2026-02-17,2026-04-18,0.43,kg,0.067,60,0.02,0.047,Low Risk
ITM006,Chicken Breast,Meat,HH008,2026-05-28,2026-06-01,0.95,kg,0.208,4,0.08,0.084,Low Risk
ITM001,Milk,Dairy,HH007,2026-01-05,2026-01-12,2.42,liters,0.765,7,0.0,0.0,Low Risk
ITM010,Bananas,Produce,HH019,2026-02-26,2026-03-03,2.2,kg,0.581,5,0.0,0.0,Low Risk
ITM003,Bread,Bakery,HH013,2026-04-15,2026-04-20,4.66,loaves,0.324,5,4.66,1.0,High Risk
ITM015,Butter,Dairy,HH018,2026-03-23,2026-05-22,0.34,kg,0.061,60,0.0,0.0,Low Risk
ITM008,Yogurt,Dairy,HH002,2026-01-24,2026-02-07,3.24,cups,0.323,14,0.0,0.0,Low Risk
ITM002,Eggs,Dairy,HH008,2026-05-29,2026-06-19,3.05,dozen,0.304,21,0.01,0.003,Low Risk
ITM002,Eggs,Dairy,HH013,2026-03-20,2026-04-10,2.17,dozen,0.476,21,0.0,0.0,Low Risk
ITM012,Cooking Oil,Pantry,HH002,2026-01-15,2026-07-14,0.33,liters,0.029,180,0.0,0.0,Low Risk
ITM005,Ice Cream,Frozen,HH016,2026-02-23,2026-05-24,0.89,tubs,0.081,90,0.0,0.0,Low Risk
ITM013,Frozen Peas,Frozen,HH005,2026-01-04,2026-06-03,0.61,bags,0.084,150,0.0,0.0,Low Risk
ITM006,Chicken Breast,Meat,HH008,2026-05-24,2026-05-28,2.09,kg,0.409,4,0.35,0.167,Medium Risk
ITM015,Butter,Dairy,HH005,2026-05-07,2026-07-06,0.47,kg,0.048,60,0.0,0.0,Low Risk
ITM007,Tomatoes,Produce,HH003,2026-02-05,2026-02-11,1.29,kg,0.45,6,0.0,0.0,Low Risk
ITM003,Bread,Bakery,HH016,2026-02-21,2026-02-26,4.39,loaves,0.229,5,3.94,0.897,High Risk
ITM011,Cereal,Pantry,HH004,2026-03-24,2026-07-22,0.53,boxes,0.165,120,0.0,0.0,Low Risk
ITM014,Orange Juice,Beverages,HH009,2026-01-13,2026-01-23,2.08,liters,0.326,10,0.0,0.0,Low Risk
ITM003,Bread,Bakery,HH010,2026-02-10,2026-02-15,3.63,loaves,0.351,5,3.08,0.848,High Risk
ITM013,Frozen Peas,Frozen,HH005,2026-01-04,2026-06-03,1.19,bags,0.066,150,0.06,0.05,Low Risk
ITM011,Cereal,Pantry,HH013,2026-04-23,2026-08-21,0.69,boxes,0.097,120,0.0,0.0,Low Risk
ITM015,Butter,Dairy,HH014,2026-05-07,2026-07-06,0.56,kg,0.121,60,0.0,0.0,Low Risk
ITM005,Ice Cream,Frozen,HH012,2026-02-07,2026-05-08,0.9,tubs,0.213,90,0.02,0.022,Low Risk
ITM006,Chicken Breast,Meat,HH020,2026-05-28,2026-06-01,2.17,kg,0.214,4,2.17,1.0,High Risk
ITM013,Frozen Peas,Frozen,HH006,2026-05-13,2026-10-10,0.9,bags,0.117,150,0.0,0.0,Low Risk
ITM006,Chicken Breast,Meat,HH010,2026-03-04,2026-03-08,1.67,kg,0.176,4,1.66,0.994,High Risk
ITM006,Chicken Breast,Meat,HH004,2026-05-04,2026-05-08,1.63,kg,0.457,4,0.0,0.0,Low Risk
ITM006,Chicken Breast,Meat,HH007,2026-02-10,2026-02-14,1.24,kg,0.343,4,0.0,0.0,Low Risk
ITM014,Orange Juice,Beverages,HH005,2026-05-14,2026-05-24,2.41,liters,0.157,10,0.76,0.315,Medium Risk
ITM002,Eggs,Dairy,HH004,2026-02-13,2026-03-06,3.33,dozen,0.559,21,0.0,0.0,Low Risk
ITM003,Bread,Bakery,HH006,2026-02-25,2026-03-02,2.58,loaves,0.409,5,0.26,0.101,Medium Risk
ITM005,Ice Cream,Frozen,HH016,2026-04-25,2026-07-24,0.94,tubs,0.121,90,0.0,0.0,Low Risk
ITM011,Cereal,Pantry,HH016,2026-05-17,2026-09-14,0.38,boxes,0.063,120,0.06,0.158,Medium Risk
ITM006,Chicken Breast,Meat,HH007,2026-04-21,2026-04-25,1.81,kg,0.196,4,1.81,1.0,High Risk
ITM005,Ice Cream,Frozen,HH004,2026-05-12,2026-08-10,1.88,tubs,0.246,90,0.17,0.09,Low Risk
ITM006,Chicken Breast,Meat,HH008,2026-01-09,2026-01-13,2.16,kg,0.219,4,1.99,0.921,High Risk
ITM004,Rice,Grains,HH001,2026-01-26,2027-01-26,0.67,kg,0.124,365,0.0,0.0,Low Risk
ITM011,Cereal,Pantry,HH014,2026-01-12,2026-05-12,0.59,boxes,0.14,120,0.0,0.0,Low Risk
ITM004,Rice,Grains,HH019,2026-04-18,2027-04-18,0.6,kg,0.206,365,0.07,0.117,Medium Risk
ITM009,Cheese,Dairy,HH008,2026-03-28,2026-04-27,0.92,kg,0.085,30,0.16,0.174,Medium Risk
ITM015,Butter,Dairy,HH008,2026-02-19,2026-04-20,0.24,kg,0.113,60,0.0,0.0,Low Risk
ITM008,Yogurt,Dairy,HH006,2026-02-28,2026-03-14,1.61,cups,0.373,14,0.22,0.137,Medium Risk
ITM012,Cooking Oil,Pantry,HH013,2026-04-29,2026-10-26,0.35,liters,0.048,180,0.06,0.171,Medium Risk
ITM007,Tomatoes,Produce,HH020,2026-03-29,2026-04-04,1.17,kg,0.168,6,0.12,0.103,Medium Risk
ITM003,Bread,Bakery,HH010,2026-02-06,2026-02-11,3.66,loaves,0.223,5,3.11,0.85,High Risk
ITM014,Orange Juice,Beverages,HH006,2026-02-25,2026-03-07,2.93,liters,0.216,10,1.12,0.382,Medium Risk
ITM013,Frozen Peas,Frozen,HH004,2026-05-14,2026-10-11,0.87,bags,0.196,150,0.0,0.0,Low Risk
ITM004,Rice,Grains,HH007,2026-02-12,2027-02-12,1.18,kg,0.189,365,0.0,0.0,Low Risk
ITM009,Cheese,Dairy,HH002,2026-02-10,2026-03-12,0.69,kg,0.056,30,0.01,0.014,Low Risk
ITM002,Eggs,Dairy,HH008,2026-05-30,2026-06-20,1.41,dozen,0.243,21,0.0,0.0,Low Risk
ITM001,Milk,Dairy,HH003,2026-05-04,2026-05-11,3.28,liters,0.88,7,0.05,0.015,Low Risk
ITM006,Chicken Breast,Meat,HH018,2026-04-07,2026-04-11,1.62,kg,0.315,4,0.57,0.352,Medium Risk
ITM004,Rice,Grains,HH018,2026-01-12,2027-01-12,0.7,kg,0.179,365,0.08,0.114,Medium Risk
ITM004,Rice,Grains,HH008,2026-03-27,2027-03-27,1.07,kg,0.186,365,0.0,0.0,Low Risk
ITM005,Ice Cream,Frozen,HH013,2026-05-02,2026-07-31,1.42,tubs,0.193,90,0.0,0.0,Low Risk
ITM002,Eggs,Dairy,HH001,2026-03-15,2026-04-05,3.63,dozen,0.321,21,0.0,0.0,Low Risk
ITM007,Tomatoes,Produce,HH013,2026-02-03,2026-02-09,2.51,kg,0.271,6,1.42,0.566,High Risk
ITM006,Chicken Breast,Meat,HH012,2026-05-08,2026-05-12,1.55,kg,0.171,4,1.55,1.0,High Risk
ITM001,Milk,Dairy,HH018,2026-02-22,2026-03-01,4.71,liters,0.514,7,1.12,0.238,Medium Risk
ITM004,Rice,Grains,HH008,2026-03-05,2027-03-05,1.27,kg,0.208,365,0.0,0.0,Low Risk
ITM004,Rice,Grains,HH016,2026-04-02,2027-04-02,1.22,kg,0.096,365,0.03,0.025,Low Risk
ITM006,Chicken Breast,Meat,HH009,2026-03-02,2026-03-06,2.56,kg,0.476,4,0.81,0.316,Medium Risk
ITM007,Tomatoes,Produce,HH016,2026-05-21,2026-05-27,2.38,kg,0.249,6,1.12,0.471,Medium Risk
ITM001,Milk,Dairy,HH016,2026-01-14,2026-01-21,4.7,liters,0.371,7,3.21,0.683,High Risk
ITM015,Butter,Dairy,HH010,2026-02-16,2026-04-17,0.61,kg,0.062,60,0.13,0.213,Medium Risk
ITM008,Yogurt,Dairy,HH010,2026-03-30,2026-04-13,3.08,cups,0.226,14,0.61,0.198,Medium Risk
ITM006,Chicken Breast,Meat,HH007,2026-01-31,2026-02-04,2.6,kg,0.249,4,2.46,0.946,High Risk
ITM002,Eggs,Dairy,HH019,2026-02-26,2026-03-19,2.93,dozen,0.296,21,0.02,0.007,Low Risk
ITM009,Cheese,Dairy,HH015,2026-03-23,2026-04-22,0.56,kg,0.059,30,0.0,0.0,Low Risk
ITM014,Orange Juice,Beverages,HH004,2026-05-22,2026-06-01,2.67,liters,0.535,10,0.0,0.0,Low Risk
ITM012,Cooking Oil,Pantry,HH019,2026-02-16,2026-08-15,0.25,liters,0.087,180,0.0,0.0,Low Risk
ITM003,Bread,Bakery,HH019,2026-03-20,2026-03-25,2.36,loaves,0.59,5,0.0,0.0,Low Risk
ITM014,Orange Juice,Beverages,HH013,2026-03-15,2026-03-25,3.0,liters,0.23,10,0.61,0.203,Medium Risk
ITM006,Chicken Breast,Meat,HH005,2026-05-29,2026-06-02,1.33,kg,0.166,4,0.97,0.729,High Risk
ITM012,Cooking Oil,Pantry,HH017,2026-03-06,2026-09-02,0.49,liters,0.053,180,0.03,0.061,Low Risk
ITM009,Cheese,Dairy,HH008,2026-01-26,2026-02-25,0.51,kg,0.08,30,0.0,0.0,Low Risk
ITM005,Ice Cream,Frozen,HH009,2026-05-11,2026-08-09,1.99,tubs,0.176,90,0.0,0.0,Low Risk
ITM011,Cereal,Pantry,HH005,2026-04-17,2026-08-15,0.44,boxes,0.043,120,0.0,0.0,Low Risk
ITM008,Yogurt,Dairy,HH003,2026-04-16,2026-04-30,3.16,cups,0.689,14,0.0,0.0,Low Risk
ITM004,Rice,Grains,HH012,2026-04-28,2027-04-28,0.57,kg,0.112,365,0.0,0.0,Low Risk
ITM002,Eggs,Dairy,HH013,2026-04-27,2026-05-18,2.62,dozen,0.488,21,0.0,0.0,Low Risk
ITM003,Bread,Bakery,HH005,2026-01-28,2026-02-02,1.79,loaves,0.189,5,1.2,0.67,High Risk
ITM008,Yogurt,Dairy,HH016,2026-05-17,2026-05-31,3.01,cups,0.214,14,0.47,0.156,Medium Risk
ITM001,Milk,Dairy,HH018,2026-04-04,2026-04-11,2.8,liters,0.926,7,0.0,0.0,Low Risk
ITM003,Bread,Bakery,HH019,2026-03-24,2026-03-29,2.15,loaves,0.473,5,0.0,0.0,Low Risk
ITM004,Rice,Grains,HH014,2026-02-24,2027-02-24,0.48,kg,0.128,365,0.05,0.104,Medium Risk
ITM006,Chicken Breast,Meat,HH013,2026-04-08,2026-04-12,1.65,kg,0.35,4,0.22,0.133,Medium Risk
ITM005,Ice Cream,Frozen,HH013,2026-04-06,2026-07-05,1.93,tubs,0.125,90,0.15,0.078,Low Risk
ITM004,Rice,Grains,HH018,2026-02-03,2027-02-03,1.19,kg,0.171,365,0.09,0.076,Low Risk
ITM009,Cheese,Dairy,HH011,2026-05-14,2026-06-13,0.59,kg,0.043,30,0.04,0.068,Low Risk
ITM008,Yogurt,Dairy,HH007,2026-05-26,2026-06-09,2.16,cups,0.434,14,0.22,0.102,Medium Risk
ITM010,Bananas,Produce,HH016,2026-04-19,2026-04-24,3.2,kg,0.323,5,2.52,0.788,High Risk
ITM009,Cheese,Dairy,HH002,2026-05-25,2026-06-24,0.79,kg,0.105,30,0.0,0.0,Low Risk
ITM009,Cheese,Dairy,HH010,2026-04-23,2026-05-23,0.72,kg,0.073,30,0.0,0.0,Low Risk
ITM010,Bananas,Produce,HH011,2026-03-14,2026-03-19,2.88,kg,0.234,5,2.88,1.0,High Risk
ITM002,Eggs,Dairy,HH015,2026-05-27,2026-06-17,2.89,dozen,0.256,21,0.0,0.0,Low Risk
ITM014,Orange Juice,Beverages,HH011,2026-04-02,2026-04-12,1.69,liters,0.218,10,0.12,0.071,Low Risk
ITM013,Frozen Peas,Frozen,HH006,2026-05-01,2026-09-28,1.04,bags,0.084,150,0.03,0.029,Low Risk
ITM013,Frozen Peas,Frozen,HH017,2026-01-12,2026-06-11,0.76,bags,0.115,150,0.07,0.092,Low Risk
ITM005,Ice Cream,Frozen,HH017,2026-01-04,2026-04-04,1.54,tubs,0.195,90,0.01,0.006,Low Risk
ITM011,Cereal,Pantry,HH017,2026-04-09,2026-08-07,0.82,boxes,0.093,120,0.0,0.0,Low Risk
ITM003,Bread,Bakery,HH005,2026-05-11,2026-05-16,1.64,loaves,0.321,5,0.0,0.0,Low Risk
ITM002,Eggs,Dairy,HH002,2026-04-17,2026-05-08,2.62,dozen,0.343,21,0.0,0.0,Low Risk
ITM008,Yogurt,Dairy,HH004,2026-02-09,2026-02-23,2.66,cups,0.781,14,0.0,0.0,Low Risk
ITM015,Butter,Dairy,HH004,2026-02-22,2026-04-23,0.48,kg,0.131,60,0.0,0.0,Low Risk
ITM005,Ice Cream,Frozen,HH002,2026-04-03,2026-07-02,1.98,tubs,0.114,90,0.04,0.02,Low Risk
ITM004,Rice,Grains,HH006,2026-02-01,2027-02-01,0.9,kg,0.094,365,0.0,0.0,Low Risk
ITM014,Orange Juice,Beverages,HH012,2026-05-25,2026-06-04,2.17,liters,0.167,10,0.68,0.313,Medium Risk
ITM004,Rice,Grains,HH006,2026-02-21,2027-02-21,1.38,kg,0.138,365,0.07,0.051,Low Risk
ITM009,Cheese,Dairy,HH020,2026-05-28,2026-06-27,0.86,kg,0.052,30,0.11,0.128,Medium Risk
ITM015,Butter,Dairy,HH011,2026-01-13,2026-03-14,0.76,kg,0.043,60,0.23,0.303,Medium Risk
ITM013,Frozen Peas,Frozen,HH017,2026-01-11,2026-06-10,1.31,bags,0.173,150,0.16,0.122,Medium Risk
ITM015,Butter,Dairy,HH019,2026-03-28,2026-05-27,0.26,kg,0.143,60,0.02,0.077,Low Risk
ITM005,Ice Cream,Frozen,HH016,2026-05-22,2026-08-20,1.24,tubs,0.139,90,0.18,0.145,Medium Risk
ITM006,Chicken Breast,Meat,HH007,2026-02-01,2026-02-05,1.95,kg,0.187,4,1.95,1.0,High Risk
ITM011,Cereal,Pantry,HH011,2026-04-27,2026-08-25,0.79,boxes,0.093,120,0.15,0.19,Medium Risk
ITM003,Bread,Bakery,HH010,2026-04-20,2026-04-25,1.99,loaves,0.299,5,0.74,0.372,Medium Risk
ITM006,Chicken Breast,Meat,HH016,2026-02-19,2026-02-23,2.22,kg,0.26,4,2.22,1.0,High Risk
ITM011,Cereal,Pantry,HH011,2026-03-27,2026-07-25,0.4,boxes,0.092,120,0.02,0.05,Low Risk
ITM015,Butter,Dairy,HH014,2026-02-14,2026-04-15,0.32,kg,0.126,60,0.0,0.0,Low Risk
ITM005,Ice Cream,Frozen,HH018,2026-03-02,2026-05-31,1.31,tubs,0.123,90,0.17,0.13,Medium Risk
ITM006,Chicken Breast,Meat,HH003,2026-05-18,2026-05-22,2.99,kg,0.341,4,2.99,1.0,High Risk
ITM004,Rice,Grains,HH020,2026-03-15,2027-03-15,1.29,kg,0.048,365,0.0,0.0,Low Risk
ITM013,Frozen Peas,Frozen,HH006,2026-05-14,2026-10-11,1.45,bags,0.108,150,0.19,0.131,Medium Risk
ITM002,Eggs,Dairy,HH006,2026-03-20,2026-04-10,1.9,dozen,0.397,21,0.08,0.042,Low Risk
ITM007,Tomatoes,Produce,HH003,2026-05-25,2026-05-31,1.05,kg,0.437,6,0.03,0.029,Low Risk
ITM007,Tomatoes,Produce,HH004,2026-05-16,2026-05-22,3.37,kg,0.283,6,2.05,0.608,High Risk
ITM008,Yogurt,Dairy,HH018,2026-04-30,2026-05-14,3.14,cups,0.574,14,0.25,0.08,Low Risk
ITM008,Yogurt,Dairy,HH015,2026-04-03,2026-04-17,4.82,cups,0.295,14,0.09,0.019,Low Risk
ITM002,Eggs,Dairy,HH005,2026-05-24,2026-06-14,2.82,dozen,0.229,21,0.0,0.0,Low Risk
ITM015,Butter,Dairy,HH020,2026-05-18,2026-07-17,0.5,kg,0.062,60,0.01,0.02,Low Risk
ITM013,Frozen Peas,Frozen,HH007,2026-01-28,2026-06-27,0.85,bags,0.192,150,0.0,0.0,Low Risk
ITM004,Rice,Grains,HH005,2026-05-05,2027-05-05,1.24,kg,0.066,365,0.0,0.0,Low Risk
ITM001,Milk,Dairy,HH018,2026-02-17,2026-02-24,2.91,liters,0.857,7,0.0,0.0,Low Risk
ITM010,Bananas,Produce,HH003,2026-05-28,2026-06-02,3.04,kg,0.412,5,0.81,0.266,Medium Risk
ITM011,Cereal,Pantry,HH018,2026-05-23,2026-09-20,0.59,boxes,0.076,120,0.02,0.034,Low Risk
ITM015,Butter,Dairy,HH015,2026-02-18,2026-04-19,0.43,kg,0.04,60,0.0,0.0,Low Risk
ITM014,Orange Juice,Beverages,HH010,2026-04-15,2026-04-25,1.39,liters,0.189,10,0.07,0.05,Low Risk
ITM015,Butter,Dairy,HH014,2026-04-07,2026-06-06,0.77,kg,0.081,60,0.03,0.039,Low Risk
ITM007,Tomatoes,Produce,HH002,2026-03-02,2026-03-08,1.07,kg,0.274,6,0.16,0.15,Medium Risk
ITM006,Chicken Breast,Meat,HH001,2026-04-14,2026-04-18,1.52,kg,0.278,4,0.54,0.355,Medium Risk
ITM011,Cereal,Pantry,HH005,2026-04-06,2026-08-04,0.76,boxes,0.073,120,0.0,0.0,Low Risk
ITM008,Yogurt,Dairy,HH006,2026-03-20,2026-04-03,4.92,cups,0.295,14,1.46,0.297,Medium Risk
ITM013,Frozen Peas,Frozen,HH006,2026-03-26,2026-08-23,1.07,bags,0.105,150,0.0,0.0,Low Risk
ITM006,Chicken Breast,Meat,HH016,2026-02-23,2026-02-27,1.93,kg,0.247,4,1.28,0.663,High Risk
ITM011,Cereal,Pantry,HH020,2026-05-15,2026-09-12,0.7,boxes,0.064,120,0.0,0.0,Low Risk
ITM008,Yogurt,Dairy,HH017,2026-04-22,2026-05-06,4.02,cups,0.429,14,0.68,0.169,Medium Risk
ITM012,Cooking Oil,Pantry,HH014,2026-03-04,2026-08-31,0.36,liters,0.052,180,0.0,0.0,Low Risk
ITM003,Bread,Bakery,HH008,2026-04-08,2026-04-13,3.75,loaves,0.758,5,0.0,0.0,Low Risk
ITM006,Chicken Breast,Meat,HH009,2026-03-14,2026-03-18,1.19,kg,0.537,4,0.0,0.0,Low Risk
ITM003,Bread,Bakery,HH001,2026-02-21,2026-02-26,3.67,loaves,0.218,5,3.47,0.946,High Risk
ITM007,Tomatoes,Produce,HH018,2026-04-29,2026-05-05,2.07,kg,0.249,6,0.35,0.169,Medium Risk
ITM011,Cereal,Pantry,HH006,2026-02-09,2026-06-09,0.57,boxes,0.049,120,0.0,0.0,Low Risk
ITM015,Butter,Dairy,HH008,2026-03-27,2026-05-26,0.4,kg,0.083,60,0.08,0.2,Medium Risk
ITM008,Yogurt,Dairy,HH010,2026-01-14,2026-01-28,3.29,cups,0.298,14,0.0,0.0,Low Risk
ITM011,Cereal,Pantry,HH019,2026-03-20,2026-07-18,0.82,boxes,0.167,120,0.05,0.061,Low Risk
ITM012,Cooking Oil,Pantry,HH005,2026-05-06,2026-11-02,0.36,liters,0.035,180,0.0,0.0,Low Risk
ITM002,Eggs,Dairy,HH020,2026-05-27,2026-06-17,1.84,dozen,0.15,21,0.0,0.0,Low Risk
ITM003,Bread,Bakery,HH013,2026-03-07,2026-03-12,4.08,loaves,0.545,5,1.86,0.456,Medium Risk
ITM006,Chicken Breast,Meat,HH018,2026-05-04,2026-05-08,2.2,kg,0.427,4,0.21,0.095,Low Risk
ITM007,Tomatoes,Produce,HH008,2026-03-02,2026-03-08,1.41,kg,0.392,6,0.0,0.0,Low Risk
ITM004,Rice,Grains,HH002,2026-01-20,2027-01-20,1.23,kg,0.16,365,0.0,0.0,Low Risk
ITM001,Milk,Dairy,HH017,2026-02-24,2026-03-03,2.98,liters,0.33,7,0.63,0.211,Medium Risk
ITM005,Ice Cream,Frozen,HH013,2026-01-20,2026-04-20,1.36,tubs,0.149,90,0.0,0.0,Low Risk
ITM013,Frozen Peas,Frozen,HH013,2026-04-28,2026-09-25,1.1,bags,0.201,150,0.0,0.0,Low Risk
ITM007,Tomatoes,Produce,HH002,2026-01-03,2026-01-09,1.91,kg,0.198,6,1.11,0.581,High Risk
ITM014,Orange Juice,Beverages,HH011,2026-04-22,2026-05-02,1.9,liters,0.238,10,0.0,0.0,Low Risk
ITM012,Cooking Oil,Pantry,HH017,2026-05-09,2026-11-05,0.4,liters,0.026,180,0.0,0.0,Low Risk
ITM012,Cooking Oil,Pantry,HH007,2026-04-28,2026-10-25,0.24,liters,0.035,180,0.0,0.0,Low Risk
ITM008,Yogurt,Dairy,HH017,2026-03-26,2026-04-09,3.24,cups,0.3,14,0.05,0.015,Low Risk
ITM015,Butter,Dairy,HH019,2026-04-16,2026-06-15,0.7,kg,0.094,60,0.0,0.0,Low Risk
ITM007,Tomatoes,Produce,HH017,2026-05-26,2026-06-01,1.21,kg,0.445,6,0.0,0.0,Low Risk
ITM003,Bread,Bakery,HH019,2026-04-26,2026-05-01,4.84,loaves,0.804,5,0.07,0.014,Low Risk
ITM011,Cereal,Pantry,HH013,2026-05-29,2026-09-26,0.95,boxes,0.074,120,0.2,0.211,Medium Risk
ITM010,Bananas,Produce,HH009,2026-05-10,2026-05-15,2.21,kg,0.597,5,0.0,0.0,Low Risk
ITM006,Chicken Breast,Meat,HH011,2026-01-02,2026-01-06,2.14,kg,0.192,4,2.12,0.991,High Risk
ITM001,Milk,Dairy,HH012,2026-02-03,2026-02-10,4.9,liters,0.482,7,2.74,0.559,High Risk
ITM006,Chicken Breast,Meat,HH017,2026-02-13,2026-02-17,2.31,kg,0.329,4,1.71,0.74,High Risk
ITM012,Cooking Oil,Pantry,HH005,2026-03-11,2026-09-07,0.17,liters,0.038,180,0.04,0.235,Medium Risk
ITM011,Cereal,Pantry,HH014,2026-03-21,2026-07-19,0.7,boxes,0.081,120,0.1,0.143,Medium Risk
ITM010,Bananas,Produce,HH014,2026-02-20,2026-02-25,3.42,kg,0.551,5,0.8,0.234,Medium Risk
ITM009,Cheese,Dairy,HH007,2026-05-24,2026-06-23,0.85,kg,0.115,30,0.0,0.0,Low Risk
ITM013,Frozen Peas,Frozen,HH009,2026-03-13,2026-08-10,1.05,bags,0.137,150,0.0,0.0,Low Risk
ITM011,Cereal,Pantry,HH010,2026-04-08,2026-08-06,0.61,boxes,0.037,120,0.05,0.082,Low Risk
ITM011,Cereal,Pantry,HH020,2026-03-21,2026-07-19,0.76,boxes,0.071,120,0.0,0.0,Low Risk
ITM012,Cooking Oil,Pantry,HH012,2026-03-10,2026-09-06,0.39,liters,0.06,180,0.09,0.231,Medium Risk
ITM007,Tomatoes,Produce,HH020,2026-05-07,2026-05-13,1.05,kg,0.258,6,0.03,0.029,Low Risk
ITM012,Cooking Oil,Pantry,HH003,2026-03-29,2026-09-25,0.33,liters,0.077,180,0.0,0.0,Low Risk
ITM011,Cereal,Pantry,HH018,2026-04-02,2026-07-31,0.67,boxes,0.081,120,0.0,0.0,Low Risk
ITM001,Milk,Dairy,HH015,2026-03-08,2026-03-15,5.77,liters,0.447,7,3.38,0.586,High Risk
ITM009,Cheese,Dairy,HH003,2026-01-23,2026-02-22,0.93,kg,0.089,30,0.09,0.097,Low Risk
ITM006,Chicken Breast,Meat,HH020,2026-05-22,2026-05-26,1.32,kg,0.213,4,0.55,0.417,Medium Risk
ITM004,Rice,Grains,HH011,2026-01-27,2027-01-27,0.79,kg,0.131,365,0.0,0.0,Low Risk
ITM006,Chicken Breast,Meat,HH008,2026-05-20,2026-05-24,2.49,kg,0.362,4,1.14,0.458,Medium Risk
ITM014,Orange Juice,Beverages,HH016,2026-05-09,2026-05-19,1.43,liters,0.302,10,0.02,0.014,Low Risk
ITM010,Bananas,Produce,HH017,2026-02-23,2026-02-28,1.83,kg,0.273,5,0.18,0.098,Low Risk
ITM014,Orange Juice,Beverages,HH013,2026-02-21,2026-03-03,1.95,liters,0.205,10,0.0,0.0,Low Risk
ITM010,Bananas,Produce,HH009,2026-01-25,2026-01-30,3.37,kg,0.424,5,1.51,0.448,Medium Risk
ITM003,Bread,Bakery,HH004,2026-01-24,2026-01-29,2.58,loaves,0.432,5,0.78,0.302,Medium Risk
ITM003,Bread,Bakery,HH005,2026-02-13,2026-02-18,3.33,loaves,0.299,5,3.33,1.0,High Risk
ITM007,Tomatoes,Produce,HH013,2026-04-14,2026-04-20,1.54,kg,0.361,6,0.0,0.0,Low Risk
ITM004,Rice,Grains,HH012,2026-02-12,2027-02-12,1.28,kg,0.099,365,0.0,0.0,Low Risk
ITM003,Bread,Bakery,HH005,2026-04-21,2026-04-26,4.89,loaves,0.364,5,4.89,1.0,High Risk
ITM005,Ice Cream,Frozen,HH008,2026-03-31,2026-06-29,0.83,tubs,0.211,90,0.0,0.0,Low Risk
ITM007,Tomatoes,Produce,HH004,2026-01-11,2026-01-17,1.83,kg,0.608,6,0.09,0.049,Low Risk
ITM008,Yogurt,Dairy,HH006,2026-05-23,2026-06-06,2.71,cups,0.466,14,0.1,0.037,Low Risk
ITM015,Butter,Dairy,HH011,2026-02-08,2026-04-09,0.34,kg,0.035,60,0.02,0.059,Low Risk
ITM015,Butter,Dairy,HH015,2026-05-29,2026-07-28,0.47,kg,0.032,60,0.0,0.0,Low Risk
ITM008,Yogurt,Dairy,HH005,2026-02-07,2026-02-21,1.61,cups,0.381,14,0.0,0.0,Low Risk
ITM003,Bread,Bakery,HH005,2026-05-11,2026-05-16,3.53,loaves,0.253,5,3.47,0.983,High Risk
ITM004,Rice,Grains,HH011,2026-03-06,2027-03-06,0.59,kg,0.112,365,0.09,0.153,Medium Risk
ITM005,Ice Cream,Frozen,HH009,2026-01-01,2026-04-01,1.92,tubs,0.206,90,0.0,0.0,Low Risk
ITM009,Cheese,Dairy,HH001,2026-01-01,2026-01-31,0.91,kg,0.06,30,0.4,0.44,Medium Risk
ITM002,Eggs,Dairy,HH003,2026-05-09,2026-05-30,1.36,dozen,0.477,21,0.19,0.14,Medium Risk
ITM012,Cooking Oil,Pantry,HH009,2026-04-17,2026-10-14,0.49,liters,0.05,180,0.0,0.0,Low Risk
ITM012,Cooking Oil,Pantry,HH008,2026-03-25,2026-09-21,0.18,liters,0.04,180,0.0,0.0,Low Risk
ITM008,Yogurt,Dairy,HH011,2026-02-21,2026-03-07,1.5,cups,0.303,14,0.15,0.1,Low Risk
ITM013,Frozen Peas,Frozen,HH020,2026-04-23,2026-09-20,1.24,bags,0.112,150,0.04,0.032,Low Risk
ITM013,Frozen Peas,Frozen,HH019,2026-03-19,2026-08-16,1.02,bags,0.264,150,0.0,0.0,Low Risk
ITM010,Bananas,Produce,HH011,2026-05-29,2026-06-03,1.31,kg,0.371,5,0.0,0.0,Low Risk
ITM012,Cooking Oil,Pantry,HH017,2026-03-20,2026-09-16,0.44,liters,0.031,180,0.07,0.159,Medium Risk
ITM013,Frozen Peas,Frozen,HH001,2026-05-20,2026-10-17,1.0,bags,0.131,150,0.2,0.2,Medium Risk
ITM001,Milk,Dairy,HH011,2026-03-24,2026-03-31,5.09,liters,0.473,7,1.48,0.291,Medium Risk
ITM011,Cereal,Pantry,HH003,2026-04-30,2026-08-28,0.92,boxes,0.146,120,0.0,0.0,Low Risk
ITM015,Butter,Dairy,HH010,2026-05-23,2026-07-22,0.32,kg,0.027,60,0.01,0.031,Low Risk
ITM002,Eggs,Dairy,HH019,2026-05-08,2026-05-29,2.58,dozen,0.617,21,0.0,0.0,Low Risk
ITM015,Butter,Dairy,HH011,2026-01-18,2026-03-19,0.61,kg,0.04,60,0.0,0.0,Low Risk
ITM014,Orange Juice,Beverages,HH005,2026-03-23,2026-04-02,2.32,liters,0.157,10,0.58,0.25,Medium Risk
ITM004,Rice,Grains,HH010,2026-04-13,2027-04-13,0.76,kg,0.101,365,0.03,0.039,Low Risk
ITM015,Butter,Dairy,HH015,2026-02-11,2026-04-12,0.41,kg,0.044,60,0.01,0.024,Low Risk
ITM006,Chicken Breast,Meat,HH018,2026-02-08,2026-02-12,3.0,kg,0.35,4,2.75,0.917,High Risk
ITM010,Bananas,Produce,HH014,2026-02-14,2026-02-19,2.69,kg,0.339,5,0.85,0.316,Medium Risk
ITM012,Cooking Oil,Pantry,HH012,2026-05-02,2026-10-29,0.42,liters,0.055,180,0.0,0.0,Low Risk
ITM006,Chicken Breast,Meat,HH010,2026-03-22,2026-03-26,1.25,kg,0.177,4,0.48,0.384,Medium Risk
ITM010,Bananas,Produce,HH019,2026-05-08,2026-05-13,1.54,kg,0.626,5,0.22,0.143,Medium Risk
ITM001,Milk,Dairy,HH019,2026-04-19,2026-04-26,3.61,liters,0.449,7,0.09,0.025,Low Risk
ITM010,Bananas,Produce,HH015,2026-02-26,2026-03-03,3.44,kg,0.272,5,3.44,1.0,High Risk
ITM005,Ice Cream,Frozen,HH006,2026-01-05,2026-04-05,1.3,tubs,0.138,90,0.0,0.0,Low Risk
ITM003,Bread,Bakery,HH009,2026-03-21,2026-03-26,3.23,loaves,0.619,5,0.1,0.031,Low Risk
ITM011,Cereal,Pantry,HH018,2026-01-15,2026-05-15,0.31,boxes,0.081,120,0.04,0.129,Medium Risk
ITM003,Bread,Bakery,HH018,2026-04-02,2026-04-07,4.45,loaves,0.642,5,0.1,0.022,Low Risk
ITM001,Milk,Dairy,HH001,2026-04-27,2026-05-04,2.17,liters,0.495,7,0.15,0.069,Low Risk
ITM003,Bread,Bakery,HH003,2026-02-16,2026-02-21,2.59,loaves,0.729,5,0.0,0.0,Low Risk
ITM014,Orange Juice,Beverages,HH007,2026-02-05,2026-02-15,1.76,liters,0.315,10,0.2,0.114,Medium Risk
ITM008,Yogurt,Dairy,HH004,2026-05-01,2026-05-15,4.45,cups,0.574,14,0.99,0.222,Medium Risk
ITM009,Cheese,Dairy,HH013,2026-03-09,2026-04-08,0.63,kg,0.062,30,0.0,0.0,Low Risk
ITM013,Frozen Peas,Frozen,HH010,2026-05-25,2026-10-22,1.43,bags,0.056,150,0.36,0.252,Medium Risk
ITM013,Frozen Peas,Frozen,HH018,2026-01-20,2026-06-19,0.99,bags,0.234,150,0.0,0.0,Low Risk
ITM007,Tomatoes,Produce,HH006,2026-01-29,2026-02-04,1.14,kg,0.243,6,0.03,0.026,Low Risk
ITM008,Yogurt,Dairy,HH019,2026-03-29,2026-04-12,1.72,cups,0.807,14,0.18,0.105,Medium Risk
ITM012,Cooking Oil,Pantry,HH001,2026-01-03,2026-07-02,0.34,liters,0.037,180,0.06,0.176,Medium Risk
ITM012,Cooking Oil,Pantry,HH010,2026-03-23,2026-09-19,0.39,liters,0.023,180,0.0,0.0,Low Risk
ITM014,Orange Juice,Beverages,HH018,2026-01-25,2026-02-04,1.27,liters,0.247,10,0.0,0.0,Low Risk
ITM003,Bread,Bakery,HH002,2026-05-23,2026-05-28,3.42,loaves,0.339,5,3.42,1.0,High Risk
ITM005,Ice Cream,Frozen,HH017,2026-04-08,2026-07-07,1.19,tubs,0.205,90,0.0,0.0,Low Risk
ITM011,Cereal,Pantry,HH016,2026-05-26,2026-09-23,0.48,boxes,0.081,120,0.0,0.0,Low Risk
ITM015,Butter,Dairy,HH017,2026-03-23,2026-05-22,0.4,kg,0.054,60,0.0,0.0,Low Risk
ITM008,Yogurt,Dairy,HH010,2026-01-30,2026-02-13,1.81,cups,0.158,14,0.0,0.0,Low Risk
ITM013,Frozen Peas,Frozen,HH016,2026-03-13,2026-08-10,1.12,bags,0.071,150,0.19,0.17,Medium Risk
ITM001,Milk,Dairy,HH017,2026-02-12,2026-02-19,5.58,liters,0.549,7,2.26,0.405,Medium Risk
ITM014,Orange Juice,Beverages,HH017,2026-03-22,2026-04-01,1.05,liters,0.384,10,0.0,0.0,Low Risk
ITM007,Tomatoes,Produce,HH006,2026-03-07,2026-03-13,2.38,kg,0.267,6,0.94,0.395,Medium Risk
ITM001,Milk,Dairy,HH005,2026-01-22,2026-01-29,1.87,liters,0.257,7,0.18,0.096,Low Risk
ITM008,Yogurt,Dairy,HH001,2026-03-13,2026-03-27,5.0,cups,0.457,14,0.0,0.0,Low Risk
ITM004,Rice,Grains,HH017,2026-02-26,2027-02-26,1.43,kg,0.154,365,0.23,0.161,Medium Risk
ITM015,Butter,Dairy,HH018,2026-02-21,2026-04-22,0.25,kg,0.069,60,0.0,0.0,Low Risk
ITM003,Bread,Bakery,HH003,2026-05-17,2026-05-22,2.58,loaves,0.708,5,0.17,0.066,Low Risk
ITM013,Frozen Peas,Frozen,HH014,2026-03-13,2026-08-10,0.99,bags,0.218,150,0.03,0.03,Low Risk
ITM011,Cereal,Pantry,HH007,2026-03-30,2026-07-28,0.33,boxes,0.091,120,0.1,0.303,Medium Risk
ITM004,Rice,Grains,HH018,2026-01-25,2027-01-25,0.5,kg,0.143,365,0.0,0.0,Low Risk
ITM001,Milk,Dairy,HH013,2026-03-14,2026-03-21,3.08,liters,0.759,7,0.0,0.0,Low Risk
ITM010,Bananas,Produce,HH012,2026-04-13,2026-04-18,3.23,kg,0.205,5,3.22,0.997,High Risk
ITM007,Tomatoes,Produce,HH011,2026-04-13,2026-04-19,1.12,kg,0.216,6,0.0,0.0,Low Risk
ITM010,Bananas,Produce,HH013,2026-02-12,2026-02-17,3.5,kg,0.348,5,2.62,0.749,High Risk
ITM012,Cooking Oil,Pantry,HH018,2026-05-28,2026-11-24,0.17,liters,0.069,180,0.0,0.0,Low Risk
ITM004,Rice,Grains,HH010,2026-02-22,2027-02-22,0.95,kg,0.086,365,0.01,0.011,Low Risk
ITM010,Bananas,Produce,HH016,2026-01-24,2026-01-29,2.75,kg,0.372,5,0.85,0.309,Medium Risk
ITM007,Tomatoes,Produce,HH010,2026-05-19,2026-05-25,2.01,kg,0.17,6,1.3,0.647,High Risk
ITM015,Butter,Dairy,HH005,2026-04-28,2026-06-27,0.28,kg,0.029,60,0.0,0.0,Low Risk
ITM003,Bread,Bakery,HH004,2026-05-14,2026-05-19,1.65,loaves,0.58,5,0.09,0.055,Low Risk
ITM007,Tomatoes,Produce,HH005,2026-01-17,2026-01-23,1.19,kg,0.158,6,0.29,0.244,Medium Risk
ITM001,Milk,Dairy,HH013,2026-04-05,2026-04-12,2.19,liters,0.468,7,0.38,0.174,Medium Risk
ITM002,Eggs,Dairy,HH018,2026-05-20,2026-06-10,2.66,dozen,0.586,21,0.03,0.011,Low Risk
ITM006,Chicken Breast,Meat,HH014,2026-01-18,2026-01-22,1.84,kg,0.458,4,0.25,0.136,Medium Risk
ITM010,Bananas,Produce,HH013,2026-05-09,2026-05-14,1.58,kg,0.247,5,0.34,0.215,Medium Risk
ITM010,Bananas,Produce,HH003,2026-03-16,2026-03-21,1.33,kg,0.405,5,0.32,0.241,Medium Risk
ITM003,Bread,Bakery,HH017,2026-03-25,2026-03-30,2.75,loaves,0.255,5,2.47,0.898,High Risk
ITM001,Milk,Dairy,HH007,2026-03-26,2026-04-02,3.7,liters,0.382,7,1.49,0.403,Medium Risk
ITM004,Rice,Grains,HH017,2026-05-19,2027-05-19,1.09,kg,0.194,365,0.0,0.0,Low Risk
ITM006,Chicken Breast,Meat,HH002,2026-01-25,2026-01-29,2.72,kg,0.369,4,1.71,0.629,High Risk
ITM010,Bananas,Produce,HH009,2026-01-19,2026-01-24,3.0,kg,0.344,5,1.52,0.507,High Risk
ITM011,Cereal,Pantry,HH005,2026-04-05,2026-08-03,0.61,boxes,0.075,120,0.0,0.0,Low Risk
ITM002,Eggs,Dairy,HH012,2026-04-15,2026-05-06,3.45,dozen,0.277,21,0.39,0.113,Medium Risk
ITM014,Orange Juice,Beverages,HH015,2026-02-05,2026-02-15,1.71,liters,0.191,10,0.0,0.0,Low Risk
ITM005,Ice Cream,Frozen,HH014,2026-02-24,2026-05-25,1.48,tubs,0.289,90,0.15,0.101,Medium Risk
ITM009,Cheese,Dairy,HH016,2026-03-24,2026-04-23,0.74,kg,0.101,30,0.0,0.0,Low Risk
ITM003,Bread,Bakery,HH003,2026-04-25,2026-04-30,3.39,loaves,0.51,5,0.59,0.174,Medium Risk
ITM014,Orange Juice,Beverages,HH009,2026-02-07,2026-02-17,2.5,liters,0.389,10,0.29,0.116,Medium Risk
ITM005,Ice Cream,Frozen,HH014,2026-01-02,2026-04-02,1.68,tubs,0.175,90,0.0,0.0,Low Risk
ITM015,Butter,Dairy,HH018,2026-04-29,2026-06-28,0.57,kg,0.057,60,0.0,0.0,Low Risk
ITM012,Cooking Oil,Pantry,HH005,2026-02-18,2026-08-17,0.16,liters,0.015,180,0.03,0.188,Medium Risk
ITM014,Orange Juice,Beverages,HH017,2026-04-19,2026-04-29,2.07,liters,0.302,10,0.08,0.039,Low Risk
ITM013,Frozen Peas,Frozen,HH011,2026-04-10,2026-09-07,0.82,bags,0.151,150,0.05,0.061,Low Risk
ITM001,Milk,Dairy,HH013,2026-03-05,2026-03-12,5.73,liters,0.808,7,1.72,0.3,Medium Risk
ITM009,Cheese,Dairy,HH004,2026-05-24,2026-06-23,0.81,kg,0.153,30,0.0,0.0,Low Risk
ITM009,Cheese,Dairy,HH001,2026-02-22,2026-03-24,0.53,kg,0.069,30,0.08,0.151,Medium Risk
ITM005,Ice Cream,Frozen,HH020,2026-03-09,2026-06-07,1.12,tubs,0.084,90,0.0,0.0,Low Risk
ITM011,Cereal,Pantry,HH016,2026-04-19,2026-08-17,0.45,boxes,0.054,120,0.0,0.0,Low Risk
ITM006,Chicken Breast,Meat,HH015,2026-04-26,2026-04-30,2.55,kg,0.215,4,2.54,0.996,High Risk
ITM011,Cereal,Pantry,HH010,2026-05-11,2026-09-08,0.56,boxes,0.044,120,0.0,0.0,Low Risk
ITM005,Ice Cream,Frozen,HH001,2026-01-22,2026-04-22,0.62,tubs,0.105,90,0.08,0.129,Medium Risk
ITM013,Frozen Peas,Frozen,HH011,2026-03-21,2026-08-18,0.7,bags,0.117,150,0.13,0.186,Medium Risk
ITM006,Chicken Breast,Meat,HH003,2026-02-22,2026-02-26,2.68,kg,0.45,4,1.17,0.437,Medium Risk
ITM003,Bread,Bakery,HH012,2026-03-31,2026-04-05,1.62,loaves,0.545,5,0.0,0.0,Low Risk
ITM005,Ice Cream,Frozen,HH006,2026-04-14,2026-07-13,0.65,tubs,0.098,90,0.0,0.0,Low Risk
ITM004,Rice,Grains,HH020,2026-03-01,2027-03-01,0.78,kg,0.085,365,0.0,0.0,Low Risk
ITM002,Eggs,Dairy,HH006,2026-01-18,2026-02-08,1.39,dozen,0.289,21,0.0,0.0,Low Risk
ITM001,Milk,Dairy,HH001,2026-04-09,2026-04-16,4.87,liters,0.497,7,0.95,0.195,Medium Risk
ITM008,Yogurt,Dairy,HH019,2026-03-24,2026-04-07,4.23,cups,0.385,14,0.0,0.0,Low Risk
ITM014,Orange Juice,Beverages,HH015,2026-05-14,2026-05-24,1.4,liters,0.094,10,1.1,0.786,High Risk
ITM006,Chicken Breast,Meat,HH013,2026-05-06,2026-05-10,1.03,kg,0.268,4,0.0,0.0,Low Risk
ITM001,Milk,Dairy,HH005,2026-04-12,2026-04-19,3.05,liters,0.383,7,0.15,0.049,Low Risk
ITM004,Rice,Grains,HH009,2026-01-07,2027-01-07,0.79,kg,0.217,365,0.0,0.0,Low Risk
ITM014,Orange Juice,Beverages,HH004,2026-04-20,2026-04-30,2.16,liters,0.261,10,0.0,0.0,Low Risk
ITM003,Bread,Bakery,HH003,2026-04-23,2026-04-28,2.7,loaves,0.729,5,0.0,0.0,Low Risk
ITM014,Orange Juice,Beverages,HH003,2026-03-03,2026-03-13,2.75,liters,0.216,10,0.43,0.156,Medium Risk
ITM003,Bread,Bakery,HH019,2026-02-15,2026-02-20,4.96,loaves,0.896,5,0.0,0.0,Low Risk
ITM009,Cheese,Dairy,HH005,2026-03-23,2026-04-22,0.34,kg,0.033,30,0.0,0.0,Low Risk
ITM003,Bread,Bakery,HH001,2026-04-01,2026-04-06,2.19,loaves,0.45,5,0.0,0.0,Low Risk
ITM003,Bread,Bakery,HH011,2026-04-26,2026-05-01,3.07,loaves,0.273,5,3.07,1.0,High Risk
ITM003,Bread,Bakery,HH005,2026-05-20,2026-05-25,4.72,loaves,0.268,5,4.29,0.909,High Risk
ITM015,Butter,Dairy,HH005,2026-04-25,2026-06-24,0.37,kg,0.027,60,0.0,0.0,Low Risk
ITM006,Chicken Breast,Meat,HH010,2026-04-22,2026-04-26,2.46,kg,0.154,4,2.46,1.0,High Risk
ITM009,Cheese,Dairy,HH013,2026-02-01,2026-03-03,0.41,kg,0.099,30,0.0,0.0,Low Risk
ITM014,Orange Juice,Beverages,HH005,2026-03-24,2026-04-03,2.57,liters,0.157,10,1.2,0.467,Medium Risk
ITM007,Tomatoes,Produce,HH018,2026-01-05,2026-01-11,1.06,kg,0.4,6,0.0,0.0,Low Risk
ITM007,Tomatoes,Produce,HH018,2026-02-06,2026-02-12,2.1,kg,0.361,6,0.0,0.0,Low Risk
ITM010,Bananas,Produce,HH001,2026-05-19,2026-05-24,2.97,kg,0.319,5,2.37,0.798,High Risk
ITM005,Ice Cream,Frozen,HH014,2026-01-27,2026-04-27,0.99,tubs,0.34,90,0.01,0.01,Low Risk
ITM013,Frozen Peas,Frozen,HH010,2026-02-05,2026-07-05,0.57,bags,0.108,150,0.14,0.246,Medium Risk
ITM015,Butter,Dairy,HH018,2026-03-14,2026-05-13,0.77,kg,0.054,60,0.0,0.0,Low Risk
ITM009,Cheese,Dairy,HH004,2026-05-21,2026-06-20,0.39,kg,0.125,30,0.02,0.051,Low Risk
ITM006,Chicken Breast,Meat,HH002,2026-02-08,2026-02-12,1.03,kg,0.223,4,0.2,0.194,Medium Risk
ITM012,Cooking Oil,Pantry,HH014,2026-01-07,2026-07-06,0.38,liters,0.073,180,0.1,0.263,Medium Risk
ITM010,Bananas,Produce,HH019,2026-02-02,2026-02-07,3.26,kg,0.496,5,0.8,0.245,Medium Risk
ITM004,Rice,Grains,HH002,2026-01-21,2027-01-21,0.91,kg,0.158,365,0.0,0.0,Low Risk
ITM006,Chicken Breast,Meat,HH002,2026-03-28,2026-04-01,2.5,kg,0.304,4,1.95,0.78,High Risk
ITM009,Cheese,Dairy,HH017,2026-01-16,2026-02-15,0.46,kg,0.123,30,0.12,0.261,Medium Risk
ITM004,Rice,Grains,HH016,2026-03-09,2027-03-09,1.19,kg,0.087,365,0.0,0.0,Low Risk
ITM015,Butter,Dairy,HH011,2026-01-10,2026-03-11,0.6,kg,0.045,60,0.11,0.183,Medium Risk
ITM014,Orange Juice,Beverages,HH004,2026-03-02,2026-03-12,2.51,liters,0.296,10,0.0,0.0,Low Risk
ITM008,Yogurt,Dairy,HH015,2026-05-10,2026-05-24,4.79,cups,0.341,14,0.34,0.071,Low Risk
ITM011,Cereal,Pantry,HH014,2026-05-10,2026-09-07,0.94,boxes,0.177,120,0.0,0.0,Low Risk
ITM008,Yogurt,Dairy,HH014,2026-04-28,2026-05-12,3.77,cups,0.529,14,0.55,0.146,Medium Risk
ITM012,Cooking Oil,Pantry,HH009,2026-02-04,2026-08-03,0.3,liters,0.054,180,0.0,0.0,Low Risk
ITM014,Orange Juice,Beverages,HH016,2026-01-01,2026-01-11,2.01,liters,0.216,10,0.0,0.0,Low Risk
ITM008,Yogurt,Dairy,HH015,2026-01-27,2026-02-10,3.25,cups,0.212,14,0.0,0.0,Low Risk
ITM007,Tomatoes,Produce,HH002,2026-02-06,2026-02-12,1.2,kg,0.206,6,0.07,0.058,Low Risk
ITM014,Orange Juice,Beverages,HH013,2026-04-08,2026-04-18,1.58,liters,0.349,10,0.0,0.0,Low Risk
ITM005,Ice Cream,Frozen,HH002,2026-01-10,2026-04-10,0.98,tubs,0.129,90,0.04,0.041,Low Risk
ITM001,Milk,Dairy,HH011,2026-05-12,2026-05-19,3.39,liters,0.393,7,0.98,0.289,Medium Risk
ITM006,Chicken Breast,Meat,HH020,2026-01-26,2026-01-30,1.61,kg,0.226,4,0.87,0.54,High Risk
ITM003,Bread,Bakery,HH018,2026-02-20,2026-02-25,4.0,loaves,0.316,5,4.0,1.0,High Risk
ITM006,Chicken Breast,Meat,HH012,2026-03-18,2026-03-22,2.93,kg,0.3,4,2.93,1.0,High Risk
ITM015,Butter,Dairy,HH012,2026-03-24,2026-05-23,0.76,kg,0.083,60,0.0,0.0,Low Risk
ITM009,Cheese,Dairy,HH020,2026-01-19,2026-02-18,0.45,kg,0.062,30,0.0,0.0,Low Risk
ITM014,Orange Juice,Beverages,HH001,2026-02-03,2026-02-13,2.84,liters,0.155,10,2.57,0.905,High Risk
ITM009,Cheese,Dairy,HH019,2026-02-10,2026-03-12,0.32,kg,0.167,30,0.0,0.0,Low Risk
ITM015,Butter,Dairy,HH014,2026-05-11,2026-07-10,0.5,kg,0.144,60,0.09,0.18,Medium Risk
ITM002,Eggs,Dairy,HH016,2026-05-06,2026-05-27,2.3,dozen,0.213,21,0.07,0.03,Low Risk
ITM007,Tomatoes,Produce,HH003,2026-05-16,2026-05-22,2.5,kg,0.398,6,0.0,0.0,Low Risk
ITM005,Ice Cream,Frozen,HH015,2026-03-23,2026-06-21,1.73,tubs,0.068,90,0.0,0.0,Low Risk
ITM007,Tomatoes,Produce,HH002,2026-02-12,2026-02-18,1.11,kg,0.361,6,0.0,0.0,Low Risk
ITM001,Milk,Dairy,HH009,2026-03-28,2026-04-04,5.81,liters,0.915,7,0.32,0.055,Low Risk
ITM012,Cooking Oil,Pantry,HH012,2026-03-09,2026-09-05,0.34,liters,0.037,180,0.06,0.176,Medium Risk
ITM010,Bananas,Produce,HH001,2026-02-06,2026-02-11,1.83,kg,0.28,5,0.28,0.153,Medium Risk
ITM008,Yogurt,Dairy,HH011,2026-02-25,2026-03-11,2.63,cups,0.343,14,0.0,0.0,Low Risk
ITM008,Yogurt,Dairy,HH006,2026-03-10,2026-03-24,1.6,cups,0.356,14,0.0,0.0,Low Risk
ITM009,Cheese,Dairy,HH016,2026-03-11,2026-04-10,0.98,kg,0.05,30,0.0,0.0,Low Risk
ITM004,Rice,Grains,HH006,2026-01-07,2027-01-07,0.64,kg,0.11,365,0.06,0.094,Low Risk
ITM014,Orange Juice,Beverages,HH012,2026-05-18,2026-05-28,2.07,liters,0.262,10,0.34,0.164,Medium Risk
ITM008,Yogurt,Dairy,HH015,2026-02-02,2026-02-16,2.36,cups,0.207,14,0.0,0.0,Low Risk
ITM001,Milk,Dairy,HH015,2026-03-28,2026-04-04,5.65,liters,0.343,7,5.65,1.0,High Risk
ITM001,Milk,Dairy,HH011,2026-02-16,2026-02-23,4.51,liters,0.485,7,1.52,0.337,Medium Risk
ITM007,Tomatoes,Produce,HH018,2026-05-30,2026-06-05,1.12,kg,0.466,6,0.27,0.241,Medium Risk
ITM015,Butter,Dairy,HH005,2026-02-02,2026-04-03,0.3,kg,0.045,60,0.02,0.067,Low Risk
ITM012,Cooking Oil,Pantry,HH010,2026-02-04,2026-08-03,0.38,liters,0.025,180,0.0,0.0,Low Risk
ITM009,Cheese,Dairy,HH013,2026-03-17,2026-04-16,0.33,kg,0.139,30,0.08,0.242,Medium Risk
ITM008,Yogurt,Dairy,HH010,2026-02-21,2026-03-07,4.96,cups,0.389,14,0.0,0.0,Low Risk
ITM001,Milk,Dairy,HH019,2026-02-04,2026-02-11,5.3,liters,0.502,7,2.58,0.487,Medium Risk
ITM012,Cooking Oil,Pantry,HH020,2026-02-05,2026-08-04,0.41,liters,0.021,180,0.0,0.0,Low Risk
ITM001,Milk,Dairy,HH018,2026-03-02,2026-03-09,3.62,liters,0.444,7,0.89,0.246,Medium Risk
ITM008,Yogurt,Dairy,HH017,2026-05-29,2026-06-12,4.06,cups,0.558,14,0.0,0.0,Low Risk
ITM014,Orange Juice,Beverages,HH009,2026-01-08,2026-01-18,0.96,liters,0.482,10,0.17,0.177,Medium Risk
ITM006,Chicken Breast,Meat,HH016,2026-02-21,2026-02-25,1.98,kg,0.231,4,1.93,0.975,High Risk
ITM008,Yogurt,Dairy,HH013,2026-04-21,2026-05-05,3.9,cups,0.661,14,0.13,0.033,Low Risk
ITM003,Bread,Bakery,HH008,2026-04-03,2026-04-08,2.96,loaves,0.725,5,0.43,0.145,Medium Risk
ITM006,Chicken Breast,Meat,HH012,2026-02-23,2026-02-27,2.87,kg,0.215,4,1.79,0.624,High Risk
ITM006,Chicken Breast,Meat,HH016,2026-02-22,2026-02-26,1.22,kg,0.292,4,0.04,0.033,Low Risk
ITM009,Cheese,Dairy,HH016,2026-02-11,2026-03-13,0.77,kg,0.047,30,0.01,0.013,Low Risk
ITM012,Cooking Oil,Pantry,HH007,2026-05-20,2026-11-16,0.28,liters,0.026,180,0.03,0.107,Medium Risk
ITM009,Cheese,Dairy,HH014,2026-04-23,2026-05-23,0.55,kg,0.106,30,0.0,0.0,Low Risk
ITM009,Cheese,Dairy,HH003,2026-03-30,2026-04-29,1.0,kg,0.135,30,0.0,0.0,Low Risk
ITM014,Orange Juice,Beverages,HH012,2026-02-08,2026-02-18,1.95,liters,0.353,10,0.36,0.185,Medium Risk
ITM011,Cereal,Pantry,HH007,2026-02-07,2026-06-07,0.69,boxes,0.07,120,0.0,0.0,Low Risk
ITM008,Yogurt,Dairy,HH017,2026-05-26,2026-06-09,2.45,cups,0.542,14,0.45,0.184,Medium Risk
ITM011,Cereal,Pantry,HH016,2026-04-03,2026-08-01,0.9,boxes,0.049,120,0.03,0.033,Low Risk
ITM002,Eggs,Dairy,HH014,2026-03-22,2026-04-12,3.91,dozen,0.496,21,0.0,0.0,Low Risk
ITM012,Cooking Oil,Pantry,HH015,2026-04-15,2026-10-12,0.34,liters,0.034,180,0.0,0.0,Low Risk
ITM003,Bread,Bakery,HH015,2026-01-07,2026-01-12,3.16,loaves,0.37,5,1.38,0.437,Medium Risk
ITM006,Chicken Breast,Meat,HH018,2026-03-29,2026-04-02,2.34,kg,0.213,4,2.34,1.0,High Risk
ITM015,Butter,Dairy,HH001,2026-01-12,2026-03-13,0.56,kg,0.041,60,0.0,0.0,Low Risk
ITM015,Butter,Dairy,HH006,2026-05-07,2026-07-06,0.35,kg,0.034,60,0.02,0.057,Low Risk
ITM003,Bread,Bakery,HH013,2026-02-15,2026-02-20,3.47,loaves,0.553,5,1.28,0.369,Medium Risk
ITM003,Bread,Bakery,HH014,2026-05-03,2026-05-08,1.96,loaves,0.746,5,0.0,0.0,Low Risk
ITM002,Eggs,Dairy,HH010,2026-05-19,2026-06-09,3.29,dozen,0.287,21,0.0,0.0,Low Risk
ITM003,Bread,Bakery,HH007,2026-01-05,2026-01-10,3.63,loaves,0.643,5,0.54,0.149,Medium Risk
ITM013,Frozen Peas,Frozen,HH006,2026-04-16,2026-09-13,1.01,bags,0.109,150,0.1,0.099,Low Risk
ITM014,Orange Juice,Beverages,HH007,2026-01-10,2026-01-20,2.12,liters,0.344,10,0.0,0.0,Low Risk
ITM011,Cereal,Pantry,HH019,2026-02-04,2026-06-04,0.73,boxes,0.14,120,0.0,0.0,Low Risk
ITM008,Yogurt,Dairy,HH010,2026-01-01,2026-01-15,4.44,cups,0.166,14,2.8,0.631,High Risk
ITM003,Bread,Bakery,HH017,2026-02-06,2026-02-11,1.93,loaves,0.545,5,0.0,0.0,Low Risk
ITM002,Eggs,Dairy,HH019,2026-04-08,2026-04-29,2.01,dozen,0.676,21,0.06,0.03,Low Risk
ITM013,Frozen Peas,Frozen,HH012,2026-05-19,2026-10-16,1.26,bags,0.158,150,0.12,0.095,Low Risk
ITM015,Butter,Dairy,HH004,2026-05-29,2026-07-28,0.7,kg,0.128,60,0.0,0.0,Low Risk
ITM002,Eggs,Dairy,HH018,2026-04-02,2026-04-23,2.87,dozen,0.49,21,0.32,0.111,Medium Risk
ITM014,Orange Juice,Beverages,HH018,2026-03-23,2026-04-02,1.29,liters,0.369,10,0.01,0.008,Low Risk
ITM009,Cheese,Dairy,HH011,2026-05-01,2026-05-31,0.38,kg,0.101,30,0.03,0.079,Low Risk
ITM014,Orange Juice,Beverages,HH015,2026-05-23,2026-06-02,1.32,liters,0.098,10,0.12,0.091,Low Risk
ITM005,Ice Cream,Frozen,HH011,2026-03-16,2026-06-14,1.44,tubs,0.146,90,0.0,0.0,Low Risk
ITM012,Cooking Oil,Pantry,HH003,2026-02-18,2026-08-17,0.25,liters,0.069,180,0.0,0.0,Low Risk
ITM010,Bananas,Produce,HH012,2026-05-02,2026-05-07,2.02,kg,0.314,5,0.51,0.252,Medium Risk
ITM010,Bananas,Produce,HH015,2026-02-11,2026-02-16,2.11,kg,0.123,5,2.11,1.0,High Risk
ITM006,Chicken Breast,Meat,HH018,2026-05-18,2026-05-22,2.17,kg,0.307,4,1.34,0.618,High Risk
ITM003,Bread,Bakery,HH001,2026-01-04,2026-01-09,3.82,loaves,0.226,5,3.63,0.95,High Risk
ITM014,Orange Juice,Beverages,HH016,2026-05-12,2026-05-22,2.67,liters,0.14,10,1.92,0.719,High Risk
ITM011,Cereal,Pantry,HH004,2026-01-31,2026-05-31,0.66,boxes,0.11,120,0.07,0.106,Medium Risk
ITM015,Butter,Dairy,HH015,2026-05-10,2026-07-09,0.31,kg,0.058,60,0.0,0.0,Low Risk
ITM005,Ice Cream,Frozen,HH009,2026-01-31,2026-05-01,0.63,tubs,0.256,90,0.0,0.0,Low Risk
ITM002,Eggs,Dairy,HH018,2026-01-02,2026-01-23,2.52,dozen,0.582,21,0.03,0.012,Low Risk
ITM012,Cooking Oil,Pantry,HH020,2026-05-14,2026-11-10,0.23,liters,0.029,180,0.0,0.0,Low Risk
ITM004,Rice,Grains,HH011,2026-05-26,2027-05-26,1.23,kg,0.135,365,0.0,0.0,Low Risk
ITM014,Orange Juice,Beverages,HH011,2026-03-01,2026-03-11,2.97,liters,0.171,10,1.49,0.502,High Risk
ITM013,Frozen Peas,Frozen,HH008,2026-05-25,2026-10-22,1.0,bags,0.096,150,0.09,0.09,Low Risk
ITM012,Cooking Oil,Pantry,HH017,2026-04-21,2026-10-18,0.36,liters,0.032,180,0.0,0.0,Low Risk
ITM009,Cheese,Dairy,HH009,2026-05-07,2026-06-06,0.37,kg,0.166,30,0.02,0.054,Low Risk
ITM006,Chicken Breast,Meat,HH015,2026-01-22,2026-01-26,2.08,kg,0.152,4,2.08,1.0,High Risk
ITM004,Rice,Grains,HH012,2026-03-01,2027-03-01,0.92,kg,0.092,365,0.0,0.0,Low Risk
ITM007,Tomatoes,Produce,HH002,2026-03-28,2026-04-03,1.19,kg,0.28,6,0.0,0.0,Low Risk
ITM003,Bread,Bakery,HH008,2026-01-23,2026-01-28,3.64,loaves,0.579,5,0.21,0.058,Low Risk
ITM002,Eggs,Dairy,HH020,2026-02-24,2026-03-17,3.22,dozen,0.282,21,0.0,0.0,Low Risk
ITM004,Rice,Grains,HH009,2026-03-29,2027-03-29,1.09,kg,0.191,365,0.0,0.0,Low Risk
ITM014,Orange Juice,Beverages,HH012,2026-02-16,2026-02-26,0.97,liters,0.318,10,0.0,0.0,Low Risk
ITM015,Butter,Dairy,HH009,2026-05-28,2026-07-27,0.77,kg,0.121,60,0.02,0.026,Low Risk
ITM001,Milk,Dairy,HH011,2026-01-31,2026-02-07,4.13,liters,0.248,7,3.61,0.874,High Risk
ITM012,Cooking Oil,Pantry,HH020,2026-03-25,2026-09-21,0.49,liters,0.025,180,0.06,0.122,Medium Risk
ITM012,Cooking Oil,Pantry,HH012,2026-05-25,2026-11-21,0.45,liters,0.048,180,0.02,0.044,Low Risk
ITM007,Tomatoes,Produce,HH015,2026-03-06,2026-03-12,3.29,kg,0.222,6,3.1,0.942,High Risk
ITM001,Milk,Dairy,HH019,2026-01-25,2026-02-01,2.04,liters,0.938,7,0.02,0.01,Low Risk
ITM012,Cooking Oil,Pantry,HH011,2026-05-01,2026-10-28,0.34,liters,0.042,180,0.05,0.147,Medium Risk
ITM006,Chicken Breast,Meat,HH016,2026-01-31,2026-02-04,1.61,kg,0.3,4,0.34,0.211,Medium Risk
ITM008,Yogurt,Dairy,HH006,2026-01-07,2026-01-21,2.13,cups,0.445,14,0.2,0.094,Low Risk
ITM008,Yogurt,Dairy,HH015,2026-05-28,2026-06-11,3.7,cups,0.297,14,0.0,0.0,Low Risk
ITM014,Orange Juice,Beverages,HH004,2026-05-06,2026-05-16,2.7,liters,0.539,10,0.0,0.0,Low Risk
ITM002,Eggs,Dairy,HH018,2026-05-30,2026-06-20,2.92,dozen,0.542,21,0.0,0.0,Low Risk
ITM013,Frozen Peas,Frozen,HH020,2026-05-19,2026-10-16,1.0,bags,0.094,150,0.08,0.08,Low Risk
ITM009,Cheese,Dairy,HH018,2026-02-28,2026-03-30,0.88,kg,0.071,30,0.17,0.193,Medium Risk
ITM011,Cereal,Pantry,HH007,2026-03-12,2026-07-10,0.43,boxes,0.124,120,0.04,0.093,Low Risk
ITM009,Cheese,Dairy,HH015,2026-01-13,2026-02-12,0.53,kg,0.032,30,0.0,0.0,Low Risk
ITM001,Milk,Dairy,HH009,2026-04-28,2026-05-05,3.99,liters,0.615,7,0.43,0.108,Medium Risk
ITM005,Ice Cream,Frozen,HH009,2026-05-24,2026-08-22,1.82,tubs,0.143,90,0.0,0.0,Low Risk
ITM005,Ice Cream,Frozen,HH003,2026-02-28,2026-05-29,1.77,tubs,0.247,90,0.12,0.068,Low Risk
ITM012,Cooking Oil,Pantry,HH009,2026-05-08,2026-11-04,0.19,liters,0.075,180,0.06,0.316,Medium Risk
ITM003,Bread,Bakery,HH001,2026-03-03,2026-03-08,2.45,loaves,0.215,5,2.45,1.0,High Risk
ITM010,Bananas,Produce,HH016,2026-05-27,2026-06-01,1.82,kg,0.264,5,0.5,0.275,Medium Risk
ITM003,Bread,Bakery,HH019,2026-02-14,2026-02-19,3.4,loaves,0.618,5,0.63,0.185,Medium Risk
ITM002,Eggs,Dairy,HH007,2026-05-15,2026-06-05,1.2,dozen,0.205,21,0.0,0.0,Low Risk
ITM002,Eggs,Dairy,HH009,2026-01-29,2026-02-19,1.98,dozen,0.66,21,0.32,0.162,Medium Risk
ITM014,Orange Juice,Beverages,HH011,2026-01-12,2026-01-22,2.46,liters,0.266,10,0.36,0.146,Medium Risk
ITM005,Ice Cream,Frozen,HH020,2026-02-13,2026-05-14,1.84,tubs,0.079,90,0.0,0.0,Low Risk
ITM002,Eggs,Dairy,HH014,2026-05-09,2026-05-30,1.72,dozen,0.517,21,0.0,0.0,Low Risk
ITM010,Bananas,Produce,HH004,2026-04-23,2026-04-28,2.69,kg,0.395,5,0.53,0.197,Medium Risk
ITM012,Cooking Oil,Pantry,HH009,2026-02-09,2026-08-08,0.3,liters,0.056,180,0.04,0.133,Medium Risk
ITM003,Bread,Bakery,HH009,2026-03-22,2026-03-27,4.34,loaves,0.61,5,1.73,0.399,Medium Risk
ITM006,Chicken Breast,Meat,HH001,2026-03-28,2026-04-01,2.87,kg,0.289,4,2.58,0.899,High Risk
ITM001,Milk,Dairy,HH013,2026-05-17,2026-05-24,4.01,liters,0.604,7,0.0,0.0,Low Risk
ITM003,Bread,Bakery,HH011,2026-01-28,2026-02-02,4.53,loaves,0.226,5,4.45,0.982,High Risk
ITM002,Eggs,Dairy,HH019,2026-03-13,2026-04-03,2.41,dozen,0.542,21,0.0,0.0,Low Risk
ITM002,Eggs,Dairy,HH006,2026-05-10,2026-05-31,2.36,dozen,0.408,21,0.72,0.305,Medium Risk
ITM003,Bread,Bakery,HH007,2026-04-08,2026-04-13,4.23,loaves,0.327,5,3.25,0.768,High Risk
ITM008,Yogurt,Dairy,HH017,2026-01-01,2026-01-15,2.42,cups,0.64,14,0.14,0.058,Low Risk
ITM007,Tomatoes,Produce,HH010,2026-05-22,2026-05-28,2.12,kg,0.123,6,2.12,1.0,High Risk
ITM011,Cereal,Pantry,HH002,2026-05-24,2026-09-21,0.49,boxes,0.054,120,0.0,0.0,Low Risk
ITM005,Ice Cream,Frozen,HH010,2026-04-10,2026-07-09,1.28,tubs,0.149,90,0.0,0.0,Low Risk
ITM006,Chicken Breast,Meat,HH009,2026-01-31,2026-02-04,2.02,kg,0.366,4,0.52,0.257,Medium Risk
ITM012,Cooking Oil,Pantry,HH012,2026-04-29,2026-10-26,0.36,liters,0.042,180,0.0,0.0,Low Risk
ITM009,Cheese,Dairy,HH015,2026-02-19,2026-03-21,0.88,kg,0.06,30,0.0,0.0,Low Risk
ITM005,Ice Cream,Frozen,HH013,2026-05-04,2026-08-02,1.81,tubs,0.26,90,0.37,0.204,Medium Risk
ITM006,Chicken Breast,Meat,HH004,2026-01-09,2026-01-13,0.97,kg,0.219,4,0.28,0.289,Medium Risk
ITM001,Milk,Dairy,HH004,2026-01-29,2026-02-05,3.83,liters,0.483,7,0.37,0.097,Low Risk
ITM011,Cereal,Pantry,HH009,2026-01-06,2026-05-06,0.67,boxes,0.136,120,0.08,0.119,Medium Risk
ITM001,Milk,Dairy,HH002,2026-05-22,2026-05-29,3.5,liters,0.506,7,0.0,0.0,Low Risk
ITM015,Butter,Dairy,HH017,2026-01-09,2026-03-10,0.64,kg,0.083,60,0.0,0.0,Low Risk
ITM012,Cooking Oil,Pantry,HH006,2026-01-27,2026-07-26,0.28,liters,0.052,180,0.07,0.25,Medium Risk
ITM009,Cheese,Dairy,HH007,2026-05-13,2026-06-12,0.44,kg,0.094,30,0.0,0.0,Low Risk
ITM003,Bread,Bakery,HH019,2026-01-15,2026-01-20,3.79,loaves,0.393,5,1.57,0.414,Medium Risk
ITM009,Cheese,Dairy,HH003,2026-03-28,2026-04-27,0.5,kg,0.131,30,0.0,0.0,Low Risk
ITM009,Cheese,Dairy,HH012,2026-03-11,2026-04-10,0.77,kg,0.058,30,0.0,0.0,Low Risk
ITM006,Chicken Breast,Meat,HH009,2026-05-15,2026-05-19,1.39,kg,0.502,4,0.0,0.0,Low Risk
ITM006,Chicken Breast,Meat,HH005,2026-01-18,2026-01-22,2.51,kg,0.228,4,2.51,1.0,High Risk
ITM002,Eggs,Dairy,HH009,2026-02-01,2026-02-22,2.21,dozen,0.677,21,0.0,0.0,Low Risk
ITM004,Rice,Grains,HH016,2026-01-18,2027-01-18,0.85,kg,0.15,365,0.11,0.129,Medium Risk
ITM003,Bread,Bakery,HH014,2026-04-16,2026-04-21,4.72,loaves,0.79,5,1.17,0.248,Medium Risk
ITM015,Butter,Dairy,HH019,2026-03-21,2026-05-20,0.58,kg,0.094,60,0.05,0.086,Low Risk
ITM002,Eggs,Dairy,HH012,2026-04-22,2026-05-13,1.89,dozen,0.456,21,0.0,0.0,Low Risk
ITM007,Tomatoes,Produce,HH014,2026-04-26,2026-05-02,1.9,kg,0.517,6,0.08,0.042,Low Risk
ITM007,Tomatoes,Produce,HH020,2026-05-08,2026-05-14,2.98,kg,0.251,6,2.16,0.725,High Risk
ITM011,Cereal,Pantry,HH019,2026-02-14,2026-06-14,0.75,boxes,0.079,120,0.0,0.0,Low Risk
ITM003,Bread,Bakery,HH008,2026-03-29,2026-04-03,3.93,loaves,0.383,5,3.74,0.952,High Risk
ITM003,Bread,Bakery,HH005,2026-05-30,2026-06-04,1.99,loaves,0.375,5,0.17,0.085,Low Risk
ITM003,Bread,Bakery,HH018,2026-03-21,2026-03-26,2.83,loaves,0.313,5,2.05,0.724,High Risk
ITM009,Cheese,Dairy,HH001,2026-01-16,2026-02-15,0.44,kg,0.066,30,0.02,0.045,Low Risk
ITM009,Cheese,Dairy,HH019,2026-03-21,2026-04-20,0.92,kg,0.075,30,0.0,0.0,Low Risk
ITM006,Chicken Breast,Meat,HH003,2026-01-23,2026-01-27,2.83,kg,0.22,4,2.83,1.0,High Risk
ITM014,Orange Juice,Beverages,HH001,2026-01-15,2026-01-25,1.23,liters,0.15,10,0.0,0.0,Low Risk
ITM002,Eggs,Dairy,HH003,2026-03-10,2026-03-31,1.91,dozen,0.4,21,0.05,0.026,Low Risk
ITM006,Chicken Breast,Meat,HH008,2026-02-22,2026-02-26,1.5,kg,0.443,4,0.0,0.0,Low Risk
ITM002,Eggs,Dairy,HH003,2026-02-01,2026-02-22,1.99,dozen,0.44,21,0.0,0.0,Low Risk
ITM010,Bananas,Produce,HH006,2026-03-26,2026-03-31,3.46,kg,0.248,5,3.01,0.87,High Risk
ITM014,Orange Juice,Beverages,HH008,2026-05-10,2026-05-20,2.4,liters,0.378,10,0.0,0.0,Low Risk
ITM007,Tomatoes,Produce,HH002,2026-05-20,2026-05-26,1.73,kg,0.454,6,0.13,0.075,Low Risk
ITM015,Butter,Dairy,HH014,2026-04-01,2026-05-31,0.57,kg,0.126,60,0.0,0.0,Low Risk
ITM010,Bananas,Produce,HH007,2026-04-02,2026-04-07,3.66,kg,0.26,5,3.66,1.0,High Risk
ITM006,Chicken Breast,Meat,HH015,2026-03-04,2026-03-08,1.36,kg,0.109,4,1.36,1.0,High Risk
ITM005,Ice Cream,Frozen,HH001,2026-04-10,2026-07-09,1.46,tubs,0.102,90,0.18,0.123,Medium Risk
ITM008,Yogurt,Dairy,HH005,2026-04-28,2026-05-12,4.03,cups,0.192,14,1.72,0.427,Medium Risk
ITM015,Butter,Dairy,HH009,2026-05-08,2026-07-07,0.55,kg,0.088,60,0.03,0.055,Low Risk
ITM009,Cheese,Dairy,HH008,2026-05-26,2026-06-25,0.91,kg,0.075,30,0.0,0.0,Low Risk
ITM014,Orange Juice,Beverages,HH005,2026-05-06,2026-05-16,1.34,liters,0.215,10,0.0,0.0,Low Risk
ITM013,Frozen Peas,Frozen,HH007,2026-05-27,2026-10-24,1.17,bags,0.11,150,0.07,0.06,Low Risk
ITM015,Butter,Dairy,HH009,2026-04-07,2026-06-06,0.64,kg,0.075,60,0.04,0.062,Low Risk
ITM015,Butter,Dairy,HH017,2026-03-02,2026-05-01,0.4,kg,0.102,60,0.0,0.0,Low Risk
ITM013,Frozen Peas,Frozen,HH007,2026-04-27,2026-09-24,0.78,bags,0.188,150,0.18,0.231,Medium Risk
ITM010,Bananas,Produce,HH018,2026-01-08,2026-01-13,3.43,kg,0.368,5,2.86,0.834,High Risk
ITM004,Rice,Grains,HH004,2026-05-16,2027-05-16,1.21,kg,0.213,365,0.0,0.0,Low Risk
ITM004,Rice,Grains,HH011,2026-05-24,2027-05-24,0.53,kg,0.151,365,0.05,0.094,Low Risk
ITM002,Eggs,Dairy,HH004,2026-01-01,2026-01-22,2.51,dozen,0.408,21,0.06,0.024,Low Risk
ITM009,Cheese,Dairy,HH017,2026-02-27,2026-03-29,0.42,kg,0.069,30,0.0,0.0,Low Risk
ITM003,Bread,Bakery,HH020,2026-01-29,2026-02-03,2.62,loaves,0.367,5,1.27,0.485,Medium Risk
ITM005,Ice Cream,Frozen,HH004,2026-01-10,2026-04-10,1.32,tubs,0.327,90,0.0,0.0,Low Risk
ITM013,Frozen Peas,Frozen,HH003,2026-01-25,2026-06-24,0.55,bags,0.159,150,0.01,0.018,Low Risk
ITM005,Ice Cream,Frozen,HH009,2026-01-05,2026-04-05,1.19,tubs,0.225,90,0.0,0.0,Low Risk
ITM006,Chicken Breast,Meat,HH013,2026-03-27,2026-03-31,2.73,kg,0.466,4,0.76,0.278,Medium Risk
ITM014,Orange Juice,Beverages,HH009,2026-05-10,2026-05-20,2.09,liters,0.331,10,0.0,0.0,Low Risk
ITM004,Rice,Grains,HH015,2026-05-21,2027-05-21,0.79,kg,0.071,365,0.0,0.0,Low Risk
ITM011,Cereal,Pantry,HH013,2026-02-28,2026-06-28,0.37,boxes,0.065,120,0.0,0.0,Low Risk
ITM012,Cooking Oil,Pantry,HH018,2026-03-13,2026-09-09,0.39,liters,0.044,180,0.0,0.0,Low Risk
ITM001,Milk,Dairy,HH003,2026-04-14,2026-04-21,3.49,liters,0.408,7,1.34,0.384,Medium Risk
ITM012,Cooking Oil,Pantry,HH020,2026-05-10,2026-11-06,0.32,liters,0.035,180,0.04,0.125,Medium Risk
ITM013,Frozen Peas,Frozen,HH002,2026-02-02,2026-07-02,0.84,bags,0.159,150,0.03,0.036,Low Risk
ITM015,Butter,Dairy,HH012,2026-04-03,2026-06-02,0.62,kg,0.049,60,0.0,0.0,Low Risk
ITM007,Tomatoes,Produce,HH005,2026-05-08,2026-05-14,2.5,kg,0.219,6,1.83,0.732,High Risk
ITM002,Eggs,Dairy,HH018,2026-01-02,2026-01-23,3.92,dozen,0.422,21,0.14,0.036,Low Risk
ITM011,Cereal,Pantry,HH002,2026-03-06,2026-07-04,0.83,boxes,0.054,120,0.03,0.036,Low Risk
ITM010,Bananas,Produce,HH005,2026-01-22,2026-01-27,1.61,kg,0.238,5,0.75,0.466,Medium Risk
ITM001,Milk,Dairy,HH012,2026-05-02,2026-05-09,3.77,liters,0.531,7,0.0,0.0,Low Risk
ITM008,Yogurt,Dairy,HH010,2026-02-08,2026-02-22,2.43,cups,0.368,14,0.09,0.037,Low Risk
ITM014,Orange Juice,Beverages,HH008,2026-02-25,2026-03-07,2.46,liters,0.404,10,0.0,0.0,Low Risk
ITM008,Yogurt,Dairy,HH010,2026-02-15,2026-03-01,2.07,cups,0.346,14,0.43,0.208,Medium Risk
ITM012,Cooking Oil,Pantry,HH008,2026-03-22,2026-09-18,0.38,liters,0.061,180,0.04,0.105,Medium Risk
ITM003,Bread,Bakery,HH013,2026-04-04,2026-04-09,4.99,loaves,0.381,5,4.95,0.992,High Risk
ITM005,Ice Cream,Frozen,HH008,2026-04-29,2026-07-28,1.7,tubs,0.256,90,0.0,0.0,Low Risk
ITM004,Rice,Grains,HH004,2026-03-24,2027-03-24,1.17,kg,0.252,365,0.2,0.171,Medium Risk
ITM002,Eggs,Dairy,HH012,2026-01-08,2026-01-29,3.68,dozen,0.447,21,0.0,0.0,Low Risk
ITM011,Cereal,Pantry,HH016,2026-01-12,2026-05-12,0.6,boxes,0.06,120,0.08,0.133,Medium Risk
ITM002,Eggs,Dairy,HH001,2026-05-28,2026-06-18,1.23,dozen,0.185,21,0.0,0.0,Low Risk
ITM011,Cereal,Pantry,HH011,2026-05-05,2026-09-02,0.52,boxes,0.076,120,0.03,0.058,Low Risk
ITM003,Bread,Bakery,HH002,2026-02-02,2026-02-07,1.54,loaves,0.578,5,0.0,0.0,Low Risk
ITM009,Cheese,Dairy,HH008,2026-02-12,2026-03-14,0.48,kg,0.078,30,0.0,0.0,Low Risk
ITM014,Orange Juice,Beverages,HH017,2026-01-02,2026-01-12,1.88,liters,0.345,10,0.0,0.0,Low Risk
ITM013,Frozen Peas,Frozen,HH015,2026-02-14,2026-07-14,0.9,bags,0.074,150,0.1,0.111,Medium Risk
ITM006,Chicken Breast,Meat,HH005,2026-01-16,2026-01-20,2.16,kg,0.118,4,2.11,0.977,High Risk
ITM006,Chicken Breast,Meat,HH014,2026-04-14,2026-04-18,2.01,kg,0.328,4,0.79,0.393,Medium Risk
ITM004,Rice,Grains,HH010,2026-02-17,2027-02-17,0.68,kg,0.068,365,0.0,0.0,Low Risk
ITM005,Ice Cream,Frozen,HH002,2026-05-11,2026-08-09,1.85,tubs,0.166,90,0.0,0.0,Low Risk
ITM014,Orange Juice,Beverages,HH003,2026-04-01,2026-04-11,2.75,liters,0.298,10,0.0,0.0,Low Risk
ITM011,Cereal,Pantry,HH009,2026-01-13,2026-05-13,0.69,boxes,0.142,120,0.04,0.058,Low Risk
ITM008,Yogurt,Dairy,HH016,2026-02-10,2026-02-24,2.47,cups,0.422,14,0.41,0.166,Medium Risk
ITM002,Eggs,Dairy,HH013,2026-05-23,2026-06-13,3.4,dozen,0.421,21,0.0,0.0,Low Risk
ITM010,Bananas,Produce,HH014,2026-01-12,2026-01-17,2.22,kg,0.335,5,0.0,0.0,Low Risk
ITM001,Milk,Dairy,HH015,2026-05-05,2026-05-12,4.1,liters,0.428,7,1.09,0.266,Medium Risk
ITM011,Cereal,Pantry,HH017,2026-04-22,2026-08-20,0.42,boxes,0.072,120,0.0,0.0,Low Risk
ITM012,Cooking Oil,Pantry,HH010,2026-02-15,2026-08-14,0.28,liters,0.037,180,0.0,0.0,Low Risk
ITM009,Cheese,Dairy,HH003,2026-03-30,2026-04-29,0.86,kg,0.148,30,0.07,0.081,Low Risk
ITM011,Cereal,Pantry,HH007,2026-01-15,2026-05-15,0.84,boxes,0.103,120,0.0,0.0,Low Risk
ITM003,Bread,Bakery,HH016,2026-05-11,2026-05-16,4.76,loaves,0.498,5,2.5,0.525,High Risk
ITM008,Yogurt,Dairy,HH004,2026-03-08,2026-03-22,2.19,cups,0.535,14,0.29,0.132,Medium Risk
ITM007,Tomatoes,Produce,HH011,2026-01-15,2026-01-21,2.99,kg,0.176,6,2.99,1.0,High Risk
ITM001,Milk,Dairy,HH018,2026-01-27,2026-02-03,3.29,liters,0.404,7,0.0,0.0,Low Risk
ITM002,Eggs,Dairy,HH009,2026-05-14,2026-06-04,1.33,dozen,0.357,21,0.0,0.0,Low Risk
ITM014,Orange Juice,Beverages,HH003,2026-03-11,2026-03-21,1.02,liters,0.193,10,0.0,0.0,Low Risk
ITM004,Rice,Grains,HH006,2026-01-20,2027-01-20,1.39,kg,0.124,365,0.0,0.0,Low Risk
ITM007,Tomatoes,Produce,HH002,2026-03-12,2026-03-18,2.75,kg,0.339,6,0.61,0.222,Medium Risk
ITM003,Bread,Bakery,HH012,2026-02-02,2026-02-07,2.71,loaves,0.448,5,0.55,0.203,Medium Risk
ITM014,Orange Juice,Beverages,HH009,2026-04-14,2026-04-24,2.22,liters,0.37,10,0.0,0.0,Low Risk
ITM010,Bananas,Produce,HH006,2026-01-02,2026-01-07,3.25,kg,0.261,5,3.24,0.997,High Risk
ITM005,Ice Cream,Frozen,HH006,2026-03-08,2026-06-06,1.2,tubs,0.172,90,0.0,0.0,Low Risk
ITM007,Tomatoes,Produce,HH016,2026-04-27,2026-05-03,2.87,kg,0.206,6,2.87,1.0,High Risk
ITM004,Rice,Grains,HH006,2026-04-06,2027-04-06,0.46,kg,0.069,365,0.0,0.0,Low Risk
ITM012,Cooking Oil,Pantry,HH013,2026-03-17,2026-09-13,0.43,liters,0.047,180,0.04,0.093,Low Risk
ITM004,Rice,Grains,HH007,2026-03-19,2027-03-19,1.26,kg,0.159,365,0.0,0.0,Low Risk
ITM015,Butter,Dairy,HH016,2026-05-28,2026-07-27,0.79,kg,0.058,60,0.02,0.025,Low Risk
ITM008,Yogurt,Dairy,HH016,2026-04-25,2026-05-09,1.6,cups,0.432,14,0.0,0.0,Low Risk
ITM001,Milk,Dairy,HH004,2026-01-14,2026-01-21,2.0,liters,0.475,7,0.0,0.0,Low Risk
ITM001,Milk,Dairy,HH013,2026-04-17,2026-04-24,2.36,liters,0.452,7,0.0,0.0,Low Risk
ITM009,Cheese,Dairy,HH005,2026-01-18,2026-02-17,0.37,kg,0.07,30,0.03,0.081,Low Risk
ITM013,Frozen Peas,Frozen,HH008,2026-01-23,2026-06-22,0.8,bags,0.138,150,0.0,0.0,Low Risk
ITM001,Milk,Dairy,HH008,2026-05-25,2026-06-01,4.87,liters,0.477,7,2.28,0.468,Medium Risk
ITM011,Cereal,Pantry,HH010,2026-02-09,2026-06-09,0.33,boxes,0.039,120,0.04,0.121,Medium Risk
ITM014,Orange Juice,Beverages,HH001,2026-03-19,2026-03-29,1.65,liters,0.298,10,0.0,0.0,Low Risk
ITM002,Eggs,Dairy,HH017,2026-05-21,2026-06-11,1.3,dozen,0.478,21,0.0,0.0,Low Risk
ITM009,Cheese,Dairy,HH005,2026-03-26,2026-04-25,0.59,kg,0.04,30,0.08,0.136,Medium Risk
ITM002,Eggs,Dairy,HH003,2026-04-24,2026-05-15,2.01,dozen,0.547,21,0.08,0.04,Low Risk
ITM014,Orange Juice,Beverages,HH001,2026-03-25,2026-04-04,1.42,liters,0.13,10,0.41,0.289,Medium Risk
ITM003,Bread,Bakery,HH008,2026-02-15,2026-02-20,4.48,loaves,0.711,5,1.67,0.373,Medium Risk
ITM007,Tomatoes,Produce,HH002,2026-02-01,2026-02-07,2.44,kg,0.344,6,0.83,0.34,Medium Risk
ITM001,Milk,Dairy,HH007,2026-04-30,2026-05-07,5.82,liters,0.459,7,4.5,0.773,High Risk
ITM004,Rice,Grains,HH003,2026-03-17,2027-03-17,0.66,kg,0.174,365,0.0,0.0,Low Risk
ITM008,Yogurt,Dairy,HH003,2026-03-17,2026-03-31,2.11,cups,0.5,14,0.0,0.0,Low Risk
ITM011,Cereal,Pantry,HH007,2026-01-04,2026-05-04,0.98,boxes,0.12,120,0.27,0.276,Medium Risk
ITM009,Cheese,Dairy,HH020,2026-01-27,2026-02-26,0.65,kg,0.068,30,0.0,0.0,Low Risk
ITM011,Cereal,Pantry,HH005,2026-01-06,2026-05-06,0.61,boxes,0.067,120,0.0,0.0,Low Risk
ITM015,Butter,Dairy,HH001,2026-02-14,2026-04-15,0.3,kg,0.04,60,0.01,0.033,Low Risk
ITM008,Yogurt,Dairy,HH012,2026-05-09,2026-05-23,3.69,cups,0.453,14,0.2,0.054,Low Risk
ITM007,Tomatoes,Produce,HH003,2026-02-09,2026-02-15,2.11,kg,0.344,6,0.0,0.0,Low Risk
ITM010,Bananas,Produce,HH019,2026-04-08,2026-04-13,1.94,kg,0.638,5,0.2,0.103,Medium Risk
ITM009,Cheese,Dairy,HH009,2026-03-15,2026-04-14,1.0,kg,0.168,30,0.0,0.0,Low Risk
ITM011,Cereal,Pantry,HH002,2026-02-05,2026-06-05,0.84,boxes,0.062,120,0.02,0.024,Low Risk
ITM007,Tomatoes,Produce,HH008,2026-02-21,2026-02-27,3.22,kg,0.35,6,1.37,0.425,Medium Risk
ITM002,Eggs,Dairy,HH019,2026-05-07,2026-05-28,2.5,dozen,0.711,21,0.43,0.172,Medium Risk
ITM011,Cereal,Pantry,HH010,2026-03-30,2026-07-28,0.55,boxes,0.07,120,0.03,0.055,Low Risk
ITM013,Frozen Peas,Frozen,HH013,2026-03-04,2026-08-01,0.73,bags,0.204,150,0.0,0.0,Low Risk
ITM015,Butter,Dairy,HH016,2026-01-10,2026-03-11,0.64,kg,0.075,60,0.0,0.0,Low Risk
ITM001,Milk,Dairy,HH003,2026-04-21,2026-04-28,1.9,liters,0.571,7,0.0,0.0,Low Risk
ITM002,Eggs,Dairy,HH013,2026-03-27,2026-04-17,2.63,dozen,0.4,21,0.0,0.0,Low Risk
ITM006,Chicken Breast,Meat,HH018,2026-02-10,2026-02-14,2.4,kg,0.264,4,2.4,1.0,High Risk
ITM013,Frozen Peas,Frozen,HH013,2026-05-10,2026-10-07,1.45,bags,0.179,150,0.0,0.0,Low Risk
ITM009,Cheese,Dairy,HH010,2026-02-21,2026-03-23,0.55,kg,0.05,30,0.04,0.073,Low Risk
ITM005,Ice Cream,Frozen,HH016,2026-03-16,2026-06-14,1.17,tubs,0.162,90,0.06,0.051,Low Risk
ITM003,Bread,Bakery,HH001,2026-02-27,2026-03-04,2.66,loaves,0.276,5,2.03,0.763,High Risk
ITM011,Cereal,Pantry,HH007,2026-01-25,2026-05-25,0.49,boxes,0.091,120,0.0,0.0,Low Risk
ITM009,Cheese,Dairy,HH005,2026-01-30,2026-03-01,0.67,kg,0.064,30,0.02,0.03,Low Risk
ITM008,Yogurt,Dairy,HH018,2026-04-21,2026-05-05,4.52,cups,0.436,14,0.88,0.195,Medium Risk
ITM013,Frozen Peas,Frozen,HH006,2026-01-29,2026-06-28,1.12,bags,0.115,150,0.26,0.232,Medium Risk
ITM013,Frozen Peas,Frozen,HH017,2026-03-23,2026-08-20,0.7,bags,0.135,150,0.11,0.157,Medium Risk
ITM006,Chicken Breast,Meat,HH008,2026-02-16,2026-02-20,1.63,kg,0.416,4,0.0,0.0,Low Risk
ITM006,Chicken Breast,Meat,HH005,2026-03-29,2026-04-02,2.94,kg,0.094,4,2.64,0.898,High Risk
ITM006,Chicken Breast,Meat,HH019,2026-01-27,2026-01-31,1.69,kg,0.24,4,1.06,0.627,High Risk
ITM011,Cereal,Pantry,HH012,2026-04-28,2026-08-26,0.6,boxes,0.118,120,0.0,0.0,Low Risk
ITM009,Cheese,Dairy,HH010,2026-02-25,2026-03-27,0.67,kg,0.071,30,0.06,0.09,Low Risk
ITM002,Eggs,Dairy,HH011,2026-04-02,2026-04-23,2.08,dozen,0.25,21,0.02,0.01,Low Risk
ITM010,Bananas,Produce,HH011,2026-04-24,2026-04-29,1.61,kg,0.22,5,0.46,0.286,Medium Risk
ITM015,Butter,Dairy,HH001,2026-03-26,2026-05-25,0.35,kg,0.081,60,0.0,0.0,Low Risk
ITM006,Chicken Breast,Meat,HH013,2026-03-22,2026-03-26,1.89,kg,0.413,4,0.27,0.143,Medium Risk
ITM001,Milk,Dairy,HH018,2026-04-21,2026-04-28,4.66,liters,0.895,7,0.45,0.097,Low Risk
ITM001,Milk,Dairy,HH017,2026-03-17,2026-03-24,4.14,liters,0.597,7,0.0,0.0,Low Risk
ITM004,Rice,Grains,HH014,2026-01-16,2027-01-16,0.91,kg,0.138,365,0.26,0.286,Medium Risk
ITM006,Chicken Breast,Meat,HH001,2026-03-01,2026-03-05,1.69,kg,0.123,4,1.1,0.651,High Risk
ITM008,Yogurt,Dairy,HH010,2026-02-16,2026-03-02,3.54,cups,0.363,14,0.25,0.071,Low Risk
ITM014,Orange Juice,Beverages,HH011,2026-01-26,2026-02-05,2.02,liters,0.195,10,0.24,0.119,Medium Risk
ITM008,Yogurt,Dairy,HH006,2026-01-24,2026-02-07,4.7,cups,0.22,14,1.48,0.315,Medium Risk
ITM010,Bananas,Produce,HH004,2026-04-28,2026-05-03,1.68,kg,0.484,5,0.16,0.095,Low Risk
ITM001,Milk,Dairy,HH016,2026-05-15,2026-05-22,4.67,liters,0.548,7,0.49,0.105,Medium Risk
ITM008,Yogurt,Dairy,HH005,2026-03-28,2026-04-11,3.16,cups,0.335,14,0.0,0.0,Low Risk
ITM013,Frozen Peas,Frozen,HH015,2026-03-08,2026-08-05,0.81,bags,0.066,150,0.09,0.111,Medium Risk
ITM004,Rice,Grains,HH017,2026-01-11,2027-01-11,1.29,kg,0.172,365,0.09,0.07,Low Risk
ITM013,Frozen Peas,Frozen,HH008,2026-04-15,2026-09-12,1.25,bags,0.122,150,0.25,0.2,Medium Risk
ITM005,Ice Cream,Frozen,HH011,2026-03-28,2026-06-26,1.24,tubs,0.185,90,0.11,0.089,Low Risk
ITM004,Rice,Grains,HH009,2026-01-23,2027-01-23,0.91,kg,0.232,365,0.16,0.176,Medium Risk
ITM008,Yogurt,Dairy,HH004,2026-04-08,2026-04-22,3.86,cups,0.487,14,0.0,0.0,Low Risk
ITM012,Cooking Oil,Pantry,HH001,2026-03-04,2026-08-31,0.39,liters,0.05,180,0.08,0.205,Medium Risk
ITM009,Cheese,Dairy,HH014,2026-03-21,2026-04-20,0.35,kg,0.136,30,0.0,0.0,Low Risk
ITM007,Tomatoes,Produce,HH019,2026-04-11,2026-04-17,3.41,kg,0.31,6,1.74,0.51,High Risk
ITM006,Chicken Breast,Meat,HH012,2026-05-16,2026-05-20,1.27,kg,0.294,4,0.13,0.102,Medium Risk
ITM006,Chicken Breast,Meat,HH001,2026-02-26,2026-03-02,2.94,kg,0.212,4,2.77,0.942,High Risk
ITM005,Ice Cream,Frozen,HH017,2026-04-04,2026-07-03,0.95,tubs,0.254,90,0.04,0.042,Low Risk
ITM003,Bread,Bakery,HH008,2026-02-18,2026-02-23,3.77,loaves,0.534,5,1.3,0.345,Medium Risk
ITM012,Cooking Oil,Pantry,HH012,2026-03-20,2026-09-16,0.2,liters,0.035,180,0.0,0.0,Low Risk
ITM010,Bananas,Produce,HH001,2026-03-30,2026-04-04,2.78,kg,0.239,5,2.78,1.0,High Risk
ITM015,Butter,Dairy,HH010,2026-05-14,2026-07-13,0.72,kg,0.056,60,0.1,0.139,Medium Risk
ITM002,Eggs,Dairy,HH001,2026-05-16,2026-06-06,2.92,dozen,0.286,21,0.6,0.205,Medium Risk
ITM009,Cheese,Dairy,HH002,2026-01-30,2026-03-01,0.69,kg,0.059,30,0.04,0.058,Low Risk
ITM004,Rice,Grains,HH002,2026-01-26,2027-01-26,0.89,kg,0.133,365,0.03,0.034,Low Risk
ITM015,Butter,Dairy,HH005,2026-05-15,2026-07-14,0.3,kg,0.031,60,0.0,0.0,Low Risk
ITM008,Yogurt,Dairy,HH008,2026-03-17,2026-03-31,4.38,cups,0.689,14,0.0,0.0,Low Risk
ITM005,Ice Cream,Frozen,HH014,2026-05-19,2026-08-17,1.19,tubs,0.345,90,0.04,0.034,Low Risk
ITM015,Butter,Dairy,HH017,2026-01-27,2026-03-28,0.49,kg,0.1,60,0.0,0.0,Low Risk
ITM006,Chicken Breast,Meat,HH002,2026-03-19,2026-03-23,0.91,kg,0.181,4,0.24,0.264,Medium Risk
ITM005,Ice Cream,Frozen,HH005,2026-04-25,2026-07-24,0.9,tubs,0.142,90,0.13,0.144,Medium Risk
ITM006,Chicken Breast,Meat,HH010,2026-03-05,2026-03-09,2.11,kg,0.099,4,1.92,0.91,High Risk
ITM015,Butter,Dairy,HH004,2026-01-15,2026-03-16,0.56,kg,0.129,60,0.0,0.0,Low Risk
ITM005,Ice Cream,Frozen,HH019,2026-02-27,2026-05-28,0.71,tubs,0.186,90,0.0,0.0,Low Risk
ITM002,Eggs,Dairy,HH002,2026-05-10,2026-05-31,3.01,dozen,0.502,21,0.13,0.043,Low Risk
ITM014,Orange Juice,Beverages,HH009,2026-02-19,2026-03-01,1.82,liters,0.476,10,0.25,0.137,Medium Risk
ITM005,Ice Cream,Frozen,HH013,2026-04-29,2026-07-28,1.76,tubs,0.121,90,0.22,0.125,Medium Risk
ITM011,Cereal,Pantry,HH014,2026-04-10,2026-08-08,0.38,boxes,0.077,120,0.07,0.184,Medium Risk
ITM007,Tomatoes,Produce,HH003,2026-05-08,2026-05-14,1.83,kg,0.425,6,0.03,0.016,Low Risk
ITM002,Eggs,Dairy,HH003,2026-01-02,2026-01-23,1.99,dozen,0.616,21,0.0,0.0,Low Risk
ITM006,Chicken Breast,Meat,HH012,2026-03-24,2026-03-28,2.69,kg,0.156,4,2.49,0.926,High Risk
ITM010,Bananas,Produce,HH008,2026-03-08,2026-03-13,1.86,kg,0.553,5,0.11,0.059,Low Risk
ITM004,Rice,Grains,HH005,2026-01-07,2027-01-07,0.88,kg,0.104,365,0.0,0.0,Low Risk
ITM001,Milk,Dairy,HH020,2026-02-17,2026-02-24,2.52,liters,0.199,7,2.1,0.833,High Risk
ITM012,Cooking Oil,Pantry,HH002,2026-03-08,2026-09-04,0.34,liters,0.052,180,0.0,0.0,Low Risk
ITM013,Frozen Peas,Frozen,HH020,2026-01-18,2026-06-17,1.2,bags,0.074,150,0.06,0.05,Low Risk
ITM008,Yogurt,Dairy,HH019,2026-05-28,2026-06-11,2.04,cups,0.594,14,0.12,0.059,Low Risk
ITM008,Yogurt,Dairy,HH018,2026-04-24,2026-05-08,2.31,cups,0.61,14,0.0,0.0,Low Risk
ITM010,Bananas,Produce,HH015,2026-01-07,2026-01-12,2.9,kg,0.222,5,2.72,0.938,High Risk
ITM004,Rice,Grains,HH005,2026-05-22,2027-05-22,0.52,kg,0.065,365,0.0,0.0,Low Risk
ITM012,Cooking Oil,Pantry,HH003,2026-02-01,2026-07-31,0.19,liters,0.077,180,0.0,0.0,Low Risk
ITM009,Cheese,Dairy,HH006,2026-01-23,2026-02-22,0.3,kg,0.088,30,0.0,0.0,Low Risk
ITM003,Bread,Bakery,HH003,2026-01-30,2026-02-04,4.66,loaves,0.634,5,1.29,0.277,Medium Risk
ITM004,Rice,Grains,HH014,2026-05-03,2027-05-03,0.81,kg,0.131,365,0.0,0.0,Low Risk
ITM014,Orange Juice,Beverages,HH011,2026-01-06,2026-01-16,2.69,liters,0.238,10,0.41,0.152,Medium Risk
ITM009,Cheese,Dairy,HH003,2026-04-11,2026-05-11,0.57,kg,0.134,30,0.0,0.0,Low Risk
ITM011,Cereal,Pantry,HH010,2026-04-08,2026-08-06,0.72,boxes,0.071,120,0.0,0.0,Low Risk
ITM003,Bread,Bakery,HH015,2026-03-16,2026-03-21,3.17,loaves,0.22,5,3.08,0.972,High Risk
ITM009,Cheese,Dairy,HH012,2026-05-01,2026-05-31,0.38,kg,0.08,30,0.04,0.105,Medium Risk
ITM006,Chicken Breast,Meat,HH007,2026-05-18,2026-05-22,1.59,kg,0.274,4,0.18,0.113,Medium Risk
ITM010,Bananas,Produce,HH008,2026-03-07,2026-03-12,2.83,kg,0.571,5,0.22,0.078,Low Risk
ITM008,Yogurt,Dairy,HH007,2026-03-07,2026-03-21,2.03,cups,0.404,14,0.07,0.034,Low Risk
ITM004,Rice,Grains,HH018,2026-02-25,2027-02-25,0.74,kg,0.228,365,0.12,0.162,Medium Risk
ITM004,Rice,Grains,HH008,2026-03-20,2027-03-20,1.12,kg,0.213,365,0.38,0.339,Medium Risk
ITM012,Cooking Oil,Pantry,HH002,2026-03-22,2026-09-18,0.4,liters,0.065,180,0.0,0.0,Low Risk
ITM015,Butter,Dairy,HH003,2026-04-27,2026-06-26,0.5,kg,0.085,60,0.0,0.0,Low Risk
ITM015,Butter,Dairy,HH016,2026-05-03,2026-07-02,0.54,kg,0.082,60,0.0,0.0,Low Risk
ITM010,Bananas,Produce,HH004,2026-03-17,2026-03-22,1.61,kg,0.407,5,0.2,0.124,Medium Risk
ITM012,Cooking Oil,Pantry,HH016,2026-05-27,2026-11-23,0.42,liters,0.027,180,0.0,0.0,Low Risk
ITM008,Yogurt,Dairy,HH012,2026-04-09,2026-04-23,3.06,cups,0.431,14,0.0,0.0,Low Risk
ITM007,Tomatoes,Produce,HH003,2026-03-22,2026-03-28,1.14,kg,0.495,6,0.02,0.018,Low Risk
ITM009,Cheese,Dairy,HH008,2026-05-11,2026-06-10,0.84,kg,0.141,30,0.01,0.012,Low Risk
ITM015,Butter,Dairy,HH017,2026-02-21,2026-04-22,0.7,kg,0.049,60,0.0,0.0,Low Risk
ITM010,Bananas,Produce,HH012,2026-04-16,2026-04-21,2.06,kg,0.21,5,1.48,0.718,High Risk
ITM011,Cereal,Pantry,HH009,2026-01-22,2026-05-22,0.61,boxes,0.103,120,0.04,0.066,Low Risk
ITM006,Chicken Breast,Meat,HH017,2026-05-29,2026-06-02,2.69,kg,0.29,4,2.44,0.907,High Risk
ITM009,Cheese,Dairy,HH007,2026-04-22,2026-05-22,0.81,kg,0.072,30,0.0,0.0,Low Risk
ITM008,Yogurt,Dairy,HH016,2026-03-14,2026-03-28,1.7,cups,0.482,14,0.0,0.0,Low Risk
ITM002,Eggs,Dairy,HH013,2026-04-01,2026-04-22,1.68,dozen,0.402,21,0.0,0.0,Low Risk
ITM004,Rice,Grains,HH017,2026-03-07,2027-03-07,0.8,kg,0.143,365,0.0,0.0,Low Risk
ITM002,Eggs,Dairy,HH013,2026-05-17,2026-06-07,2.38,dozen,0.313,21,0.0,0.0,Low Risk
ITM011,Cereal,Pantry,HH014,2026-01-15,2026-05-15,0.76,boxes,0.121,120,0.0,0.0,Low Risk
ITM002,Eggs,Dairy,HH012,2026-02-09,2026-03-02,3.72,dozen,0.429,21,0.07,0.019,Low Risk
ITM009,Cheese,Dairy,HH009,2026-04-10,2026-05-10,0.58,kg,0.166,30,0.06,0.103,Medium Risk
ITM006,Chicken Breast,Meat,HH018,2026-01-01,2026-01-05,2.84,kg,0.351,4,2.0,0.704,High Risk
ITM003,Bread,Bakery,HH003,2026-05-21,2026-05-26,3.64,loaves,0.751,5,0.17,0.047,Low Risk
ITM006,Chicken Breast,Meat,HH017,2026-02-22,2026-02-26,1.44,kg,0.251,4,0.54,0.375,Medium Risk
ITM009,Cheese,Dairy,HH004,2026-01-13,2026-02-12,0.48,kg,0.154,30,0.01,0.021,Low Risk
ITM015,Butter,Dairy,HH004,2026-03-24,2026-05-23,0.71,kg,0.11,60,0.0,0.0,Low Risk
ITM004,Rice,Grains,HH012,2026-05-22,2027-05-22,0.5,kg,0.152,365,0.02,0.04,Low Risk
ITM011,Cereal,Pantry,HH018,2026-04-08,2026-08-06,0.87,boxes,0.155,120,0.0,0.0,Low Risk
