item_id,item_name,category,household_id,quantity,min_stock_level,mean_daily_usage,daily_usage_variance,refill_lead_time_days,target_label
ITM002,Eggs,Dairy,HH014,1.04,1.52,0.45,0.124,4,1
ITM014,Orange Juice,Beverages,HH010,4.26,0.88,0.137,0.108,5,0
ITM002,Eggs,Dairy,HH007,4.1,1.1,0.499,0.095,1,1
ITM010,Bananas,Produce,HH002,8.82,1.37,0.304,0.043,1,0
ITM002,Eggs,Dairy,HH018,7.18,1.16,0.487,0.186,2,0
ITM004,Rice,Grains,HH020,1.3,0.33,0.075,0.011,2,0
ITM011,Cereal,Pantry,HH015,1.26,0.4,0.063,0.01,1,0
ITM010,Bananas,Produce,HH015,1.52,1.21,0.175,0.034,2,1
ITM003,Bread,Bakery,HH007,8.15,1.41,0.417,0.307,1,0
ITM010,Bananas,Produce,HH014,4.87,1.54,0.452,0.356,1,0
ITM012,Cooking Oil,Pantry,HH009,0.58,0.1,0.058,0.025,2,0
ITM010,Bananas,Produce,HH020,2.71,1.21,0.186,0.087,1,1
ITM006,Chicken Breast,Meat,HH004,5.86,1.01,0.377,0.16,2,0
ITM009,Cheese,Dairy,HH019,1.28,0.32,0.138,0.092,3,0
ITM007,Tomatoes,Produce,HH002,0.48,0.83,0.402,0.152,1,1
ITM015,Butter,Dairy,HH016,0.7,0.27,0.079,0.03,4,1
ITM007,Tomatoes,Produce,HH017,6.78,1.32,0.382,0.279,2,0
ITM009,Cheese,Dairy,HH005,1.43,0.21,0.075,0.045,3,0
ITM001,Milk,Dairy,HH008,13.15,2.3,0.929,0.287,5,0
ITM008,Yogurt,Dairy,HH018,2.01,1.42,0.653,0.151,2,1
ITM004,Rice,Grains,HH010,1.5,0.31,0.095,0.047,1,0
ITM002,Eggs,Dairy,HH009,6.15,0.99,0.645,0.15,1,0
ITM014,Orange Juice,Beverages,HH014,2.75,1.14,0.37,0.117,5,1
ITM003,Bread,Bakery,HH009,3.44,1.02,0.771,0.444,2,1
ITM009,Cheese,Dairy,HH019,0.9,0.29,0.181,0.072,5,1
ITM006,Chicken Breast,Meat,HH012,3.55,0.71,0.211,0.14,5,0
ITM014,Orange Juice,Beverages,HH020,5.73,0.86,0.136,0.056,1,0
ITM008,Yogurt,Dairy,HH013,8.68,1.85,0.649,0.166,3,0
ITM011,Cereal,Pantry,HH003,0.78,0.25,0.091,0.062,3,1
ITM002,Eggs,Dairy,HH020,2.08,0.85,0.281,0.195,1,1
ITM007,Tomatoes,Produce,HH014,1.75,0.9,0.516,0.298,2,1
ITM008,Yogurt,Dairy,HH002,2.91,1.65,0.45,0.116,4,1
ITM005,Ice Cream,Frozen,HH018,3.76,0.61,0.179,0.034,3,0
ITM007,Tomatoes,Produce,HH017,2.92,1.31,0.358,0.072,3,1
ITM002,Eggs,Dairy,HH019,7.42,1.28,0.4,0.11,4,0
ITM008,Yogurt,Dairy,HH014,8.88,1.31,0.905,0.45,4,0
ITM004,Rice,Grains,HH020,1.91,0.46,0.113,0.071,4,0
ITM003,Bread,Bakery,HH011,2.76,1.04,0.402,0.062,4,1
ITM001,Milk,Dairy,HH018,15.0,2.36,0.52,0.088,1,0
ITM010,Bananas,Produce,HH013,0.82,0.9,0.561,0.291,4,1
ITM005,Ice Cream,Frozen,HH003,0.43,0.47,0.262,0.139,2,1
ITM007,Tomatoes,Produce,HH003,0.46,0.88,0.533,0.117,1,1
ITM005,Ice Cream,Frozen,HH016,3.63,0.8,0.136,0.057,4,0
ITM001,Milk,Dairy,HH006,5.03,2.38,0.396,0.07,2,1
ITM009,Cheese,Dairy,HH015,1.23,0.35,0.051,0.025,1,0
ITM006,Chicken Breast,Meat,HH020,0.91,0.82,0.171,0.066,3,1
ITM013,Frozen Peas,Frozen,HH004,0.45,0.55,0.212,0.118,5,1
ITM001,Milk,Dairy,HH011,4.57,1.66,0.616,0.134,2,1
ITM014,Orange Juice,Beverages,HH005,4.89,0.9,0.205,0.14,2,0
ITM006,Chicken Breast,Meat,HH008,6.61,0.97,0.31,0.181,4,0
ITM014,Orange Juice,Beverages,HH014,5.6,1.13,0.472,0.324,1,0
ITM004,Rice,Grains,HH016,3.4,0.52,0.143,0.078,1,0
ITM004,Rice,Grains,HH003,0.91,0.33,0.212,0.098,3,1
ITM003,Bread,Bakery,HH005,12.79,1.84,0.318,0.118,3,0
ITM006,Chicken Breast,Meat,HH010,3.52,0.93,0.145,0.103,5,0
ITM002,Eggs,Dairy,HH005,4.79,0.85,0.234,0.065,1,0
ITM008,Yogurt,Dairy,HH019,7.8,1.63,0.767,0.394,5,0
ITM007,Tomatoes,Produce,HH004,2.94,0.77,0.369,0.13,3,1
ITM004,Rice,Grains,HH018,0.83,0.35,0.222,0.023,4,1
ITM007,Tomatoes,Produce,HH018,5.73,1.33,0.37,0.075,3,0
ITM009,Cheese,Dairy,HH003,2.0,0.4,0.143,0.078,3,0
ITM004,Rice,Grains,HH003,2.44,0.55,0.179,0.135,4,0
ITM010,Bananas,Produce,HH016,5.68,1.12,0.254,0.035,5,0
ITM003,Bread,Bakery,HH009,4.6,1.09,0.663,0.28,4,0
ITM001,Milk,Dairy,HH003,6.46,1.8,0.748,0.396,1,0
ITM005,Ice Cream,Frozen,HH012,5.19,0.78,0.18,0.129,3,0
ITM009,Cheese,Dairy,HH014,1.05,0.28,0.13,0.085,2,1
ITM010,Bananas,Produce,HH008,5.52,0.99,0.402,0.135,3,0
ITM015,Butter,Dairy,HH011,1.3,0.23,0.075,0.043,5,0
ITM007,Tomatoes,Produce,HH016,8.4,1.21,0.331,0.042,4,0
ITM011,Cereal,Pantry,HH004,0.35,0.22,0.172,0.029,1,1
ITM010,Bananas,Produce,HH006,5.81,0.98,0.305,0.137,2,0
ITM004,Rice,Grains,HH006,2.01,0.35,0.125,0.088,4,0
ITM012,Cooking Oil,Pantry,HH009,0.83,0.19,0.074,0.028,2,0
ITM011,Cereal,Pantry,HH010,0.33,0.36,0.074,0.035,3,1
ITM008,Yogurt,Dairy,HH019,4.55,1.22,0.657,0.201,3,1
ITM004,Rice,Grains,HH016,2.74,0.54,0.136,0.028,5,0
ITM006,Chicken Breast,Meat,HH009,1.5,0.69,0.471,0.148,1,1
ITM008,Yogurt,Dairy,HH001,6.83,1.3,0.508,0.163,3,0
ITM009,Cheese,Dairy,HH010,0.27,0.23,0.043,0.01,2,1
ITM015,Butter,Dairy,HH014,0.87,0.22,0.111,0.033,3,1
ITM002,Eggs,Dairy,HH014,5.48,1.44,0.539,0.23,2,0
ITM015,Butter,Dairy,HH014,0.81,0.17,0.11,0.031,3,1
ITM001,Milk,Dairy,HH002,7.81,1.66,0.468,0.308,2,0
ITM015,Butter,Dairy,HH005,0.6,0.22,0.061,0.033,4,0
ITM010,Bananas,Produce,HH017,8.05,1.3,0.428,0.32,2,0
ITM001,Milk,Dairy,HH008,2.77,1.47,0.599,0.307,5,1
ITM010,Bananas,Produce,HH008,1.86,1.49,0.409,0.311,5,1
ITM007,Tomatoes,Produce,HH002,4.36,0.97,0.329,0.215,1,0
ITM015,Butter,Dairy,HH017,1.8,0.3,0.086,0.057,4,0
ITM001,Milk,Dairy,HH001,4.35,1.53,0.531,0.389,1,1
ITM004,Rice,Grains,HH015,2.0,0.53,0.077,0.01,4,0
ITM007,Tomatoes,Produce,HH015,0.79,0.76,0.219,0.106,1,1
ITM002,Eggs,Dairy,HH016,2.11,1.23,0.402,0.05,4,1
ITM013,Frozen Peas,Frozen,HH014,0.23,0.31,0.173,0.021,2,1
ITM006,Chicken Breast,Meat,HH016,3.64,1.1,0.17,0.082,2,0
ITM001,Milk,Dairy,HH006,7.81,1.24,0.524,0.311,4,0
ITM007,Tomatoes,Produce,HH010,6.06,1.05,0.218,0.076,1,0
ITM015,Butter,Dairy,HH014,1.76,0.27,0.128,0.062,3,0
ITM014,Orange Juice,Beverages,HH020,2.93,1.18,0.207,0.134,4,0
ITM010,Bananas,Produce,HH014,2.27,1.48,0.614,0.114,4,1
ITM006,Chicken Breast,Meat,HH004,1.03,0.85,0.344,0.238,5,1
ITM002,Eggs,Dairy,HH019,4.75,1.25,0.545,0.35,3,1
ITM013,Frozen Peas,Frozen,HH009,2.08,0.58,0.149,0.091,3,0
ITM009,Cheese,Dairy,HH019,1.25,0.28,0.144,0.068,3,1
ITM002,Eggs,Dairy,HH020,2.86,0.81,0.285,0.091,1,1
ITM003,Bread,Bakery,HH004,4.72,1.7,0.898,0.342,3,1
ITM004,Rice,Grains,HH001,1.25,0.39,0.116,0.076,4,1
ITM007,Tomatoes,Produce,HH017,4.79,1.0,0.348,0.066,1,0
ITM011,Cereal,Pantry,HH019,0.35,0.23,0.164,0.089,5,1
ITM012,Cooking Oil,Pantry,HH001,0.32,0.17,0.039,0.023,1,1
ITM010,Bananas,Produce,HH013,1.24,0.9,0.468,0.144,2,1
ITM007,Tomatoes,Produce,HH002,2.4,0.87,0.441,0.136,2,1
ITM001,Milk,Dairy,HH013,5.07,1.36,0.807,0.558,2,1
ITM011,Cereal,Pantry,HH018,1.52,0.28,0.125,0.024,1,0
ITM001,Milk,Dairy,HH012,8.14,1.65,0.451,0.204,3,0
ITM004,Rice,Grains,HH017,1.09,0.34,0.142,0.112,1,1
ITM011,Cereal,Pantry,HH017,0.68,0.38,0.083,0.036,1,1
ITM004,Rice,Grains,HH006,2.71,0.52,0.102,0.03,4,0
ITM009,Cheese,Dairy,HH009,2.49,0.39,0.154,0.119,4,0
ITM006,Chicken Breast,Meat,HH008,3.42,0.77,0.402,0.218,1,1
ITM003,Bread,Bakery,HH008,2.42,1.45,0.436,0.166,1,1
ITM014,Orange Juice,Beverages,HH019,2.36,0.61,0.299,0.156,1,1
ITM008,Yogurt,Dairy,HH020,1.27,1.85,0.249,0.185,1,1
ITM009,Cheese,Dairy,HH008,0.54,0.36,0.13,0.093,2,1
ITM008,Yogurt,Dairy,HH006,5.54,1.87,0.348,0.202,4,0
ITM002,Eggs,Dairy,HH011,9.01,1.43,0.265,0.195,4,0
ITM014,Orange Juice,Beverages,HH007,3.96,0.61,0.246,0.089,4,0
ITM010,Bananas,Produce,HH010,4.88,1.38,0.303,0.185,5,0
ITM007,Tomatoes,Produce,HH003,1.96,0.88,0.353,0.185,4,1
ITM008,Yogurt,Dairy,HH008,8.04,1.4,0.654,0.084,1,0
ITM002,Eggs,Dairy,HH012,4.81,1.0,0.297,0.214,1,0
ITM004,Rice,Grains,HH006,1.73,0.43,0.097,0.045,5,0
ITM015,Butter,Dairy,HH012,0.9,0.17,0.069,0.045,2,0
ITM007,Tomatoes,Produce,HH015,5.85,1.34,0.175,0.054,2,0
ITM014,Orange Juice,Beverages,HH012,0.94,1.14,0.265,0.172,1,1
ITM008,Yogurt,Dairy,HH009,5.42,1.44,0.908,0.519,2,1
ITM008,Yogurt,Dairy,HH012,4.87,1.06,0.58,0.315,2,0
ITM013,Frozen Peas,Frozen,HH009,2.28,0.43,0.149,0.084,3,0
ITM011,Cereal,Pantry,HH007,1.74,0.35,0.115,0.029,4,0
ITM014,Orange Juice,Beverages,HH018,2.97,0.72,0.465,0.2,5,1
ITM015,Butter,Dairy,HH006,0.56,0.19,0.08,0.06,5,1
ITM010,Bananas,Produce,HH015,5.07,1.07,0.269,0.194,5,0
ITM003,Bread,Bakery,HH011,6.37,1.79,0.495,0.239,1,0
ITM005,Ice Cream,Frozen,HH010,1.76,0.73,0.105,0.023,4,0
ITM012,Cooking Oil,Pantry,HH020,0.45,0.1,0.024,0.003,3,0
ITM013,Frozen Peas,Frozen,HH012,1.4,0.53,0.159,0.076,2,1
ITM001,Milk,Dairy,HH017,10.24,1.98,0.647,0.251,2,0
ITM001,Milk,Dairy,HH008,10.4,2.13,0.661,0.423,1,0
ITM002,Eggs,Dairy,HH008,4.67,0.82,0.555,0.156,5,1
ITM014,Orange Juice,Beverages,HH013,1.61,1.11,0.458,0.112,4,1
ITM005,Ice Cream,Frozen,HH008,2.87,0.54,0.213,0.087,3,0
ITM008,Yogurt,Dairy,HH011,0.95,1.28,0.516,0.087,3,1
ITM006,Chicken Breast,Meat,HH020,3.08,0.68,0.162,0.036,4,0
ITM005,Ice Cream,Frozen,HH001,0.6,0.5,0.164,0.021,5,1
ITM004,Rice,Grains,HH009,0.43,0.41,0.192,0.019,3,1
ITM005,Ice Cream,Frozen,HH008,3.42,0.67,0.248,0.127,2,0
ITM007,Tomatoes,Produce,HH002,4.23,0.86,0.418,0.18,1,0
ITM004,Rice,Grains,HH009,2.34,0.45,0.273,0.098,2,0
ITM011,Cereal,Pantry,HH001,0.39,0.25,0.087,0.011,5,1
ITM002,Eggs,Dairy,HH003,2.75,1.41,0.452,0.176,4,1
ITM013,Frozen Peas,Frozen,HH020,1.54,0.4,0.092,0.057,3,0
ITM001,Milk,Dairy,HH002,6.71,1.98,0.568,0.067,1,0
ITM006,Chicken Breast,Meat,HH008,1.06,1.15,0.454,0.249,1,1
ITM008,Yogurt,Dairy,HH005,1.94,1.61,0.329,0.171,3,1
ITM013,Frozen Peas,Frozen,HH009,0.47,0.47,0.161,0.036,3,1
ITM009,Cheese,Dairy,HH003,0.58,0.25,0.134,0.059,1,1
ITM014,Orange Juice,Beverages,HH008,0.79,0.82,0.442,0.333,5,1
ITM014,Orange Juice,Beverages,HH008,2.01,0.68,0.378,0.049,5,1
ITM005,Ice Cream,Frozen,HH012,1.7,0.78,0.214,0.166,5,1
ITM008,Yogurt,Dairy,HH016,2.3,1.35,0.386,0.212,4,1
ITM009,Cheese,Dairy,HH006,1.3,0.31,0.075,0.032,4,0
ITM009,Cheese,Dairy,HH020,0.61,0.31,0.068,0.009,3,1
ITM011,Cereal,Pantry,HH020,1.69,0.31,0.074,0.036,3,0
ITM007,Tomatoes,Produce,HH016,5.04,1.25,0.342,0.215,4,0
ITM012,Cooking Oil,Pantry,HH015,0.58,0.14,0.034,0.017,1,0
ITM008,Yogurt,Dairy,HH014,8.05,1.88,0.906,0.332,3,0
ITM004,Rice,Grains,HH010,1.65,0.43,0.114,0.012,2,0
ITM013,Frozen Peas,Frozen,HH007,3.02,0.44,0.114,0.061,4,0
ITM015,Butter,Dairy,HH011,0.38,0.27,0.053,0.011,3,1
ITM009,Cheese,Dairy,HH019,2.38,0.35,0.162,0.127,2,0
ITM004,Rice,Grains,HH012,0.76,0.5,0.176,0.096,3,1
ITM011,Cereal,Pantry,HH013,1.12,0.35,0.136,0.038,2,1
ITM005,Ice Cream,Frozen,HH011,1.63,0.61,0.127,0.028,5,0
ITM007,Tomatoes,Produce,HH009,3.45,0.89,0.572,0.097,4,1
ITM002,Eggs,Dairy,HH018,5.09,1.03,0.368,0.072,1,0
ITM012,Cooking Oil,Pantry,HH005,0.69,0.15,0.025,0.018,2,0
ITM014,Orange Juice,Beverages,HH002,1.11,0.6,0.345,0.084,2,1
ITM004,Rice,Grains,HH002,2.55,0.55,0.16,0.033,5,0
ITM010,Bananas,Produce,HH017,0.96,1.09,0.307,0.067,4,1
ITM004,Rice,Grains,HH015,3.4,0.53,0.079,0.049,5,0
ITM006,Chicken Breast,Meat,HH006,2.56,0.69,0.282,0.085,3,1
ITM015,Butter,Dairy,HH011,0.93,0.31,0.061,0.027,1,0
ITM003,Bread,Bakery,HH018,9.85,1.66,0.717,0.321,3,0
ITM009,Cheese,Dairy,HH001,1.85,0.32,0.057,0.011,5,0
ITM008,Yogurt,Dairy,HH018,1.06,1.3,0.508,0.341,1,1
ITM004,Rice,Grains,HH005,0.31,0.48,0.096,0.069,4,1
ITM002,Eggs,Dairy,HH006,9.74,1.48,0.378,0.21,3,0
ITM003,Bread,Bakery,HH015,11.0,1.73,0.245,0.119,5,0
ITM014,Orange Juice,Beverages,HH004,3.92,0.75,0.464,0.059,3,1
ITM011,Cereal,Pantry,HH015,1.4,0.23,0.049,0.014,3,0
ITM011,Cereal,Pantry,HH016,0.16,0.31,0.06,0.032,3,1
ITM014,Orange Juice,Beverages,HH020,1.12,0.75,0.131,0.076,1,1
ITM005,Ice Cream,Frozen,HH008,0.76,0.66,0.221,0.175,2,1
ITM010,Bananas,Produce,HH002,2.24,1.12,0.506,0.371,2,1
ITM009,Cheese,Dairy,HH002,0.39,0.34,0.115,0.028,4,1
ITM004,Rice,Grains,HH007,1.11,0.47,0.106,0.068,2,0
ITM011,Cereal,Pantry,HH006,0.42,0.4,0.091,0.045,2,1
ITM009,Cheese,Dairy,HH013,1.86,0.38,0.104,0.03,1,0
ITM013,Frozen Peas,Frozen,HH004,1.46,0.37,0.148,0.044,3,1
ITM005,Ice Cream,Frozen,HH020,0.96,0.52,0.155,0.106,5,1
ITM015,Butter,Dairy,HH016,0.42,0.26,0.061,0.032,2,1
ITM002,Eggs,Dairy,HH019,1.99,1.49,0.617,0.446,1,1
ITM003,Bread,Bakery,HH019,7.96,1.69,0.856,0.377,2,0
ITM006,Chicken Breast,Meat,HH012,2.99,1.15,0.345,0.202,2,1
ITM013,Frozen Peas,Frozen,HH018,1.72,0.4,0.205,0.108,4,1
ITM013,Frozen Peas,Frozen,HH019,3.38,0.54,0.209,0.082,5,0
ITM013,Frozen Peas,Frozen,HH007,0.35,0.36,0.124,0.066,3,1
ITM003,Bread,Bakery,HH010,7.61,1.61,0.327,0.259,3,0
ITM010,Bananas,Produce,HH001,2.25,1.31,0.323,0.215,4,1
ITM005,Ice Cream,Frozen,HH014,2.31,0.49,0.355,0.179,2,1
ITM007,Tomatoes,Produce,HH020,1.98,1.06,0.149,0.038,4,1
ITM006,Chicken Breast,Meat,HH006,1.63,0.71,0.24,0.123,1,1
ITM001,Milk,Dairy,HH012,7.2,1.93,0.617,0.277,4,0
ITM004,Rice,Grains,HH020,2.4,0.47,0.086,0.03,1,0
ITM004,Rice,Grains,HH015,2.24,0.49,0.103,0.011,2,0
ITM005,Ice Cream,Frozen,HH009,1.36,0.48,0.228,0.067,2,1
ITM007,Tomatoes,Produce,HH013,2.69,0.91,0.407,0.16,2,1
ITM002,Eggs,Dairy,HH009,5.06,1.42,0.592,0.363,3,1
ITM009,Cheese,Dairy,HH017,1.64,0.26,0.106,0.068,4,0
ITM004,Rice,Grains,HH005,3.78,0.56,0.089,0.014,1,0
ITM004,Rice,Grains,HH013,0.59,0.35,0.143,0.026,2,1
ITM010,Bananas,Produce,HH016,5.36,0.8,0.227,0.074,4,0
ITM012,Cooking Oil,Pantry,HH017,0.05,0.1,0.051,0.005,2,1
ITM003,Bread,Bakery,HH002,7.9,1.63,0.576,0.45,4,1
ITM015,Butter,Dairy,HH013,1.61,0.28,0.117,0.085,3,0
ITM009,Cheese,Dairy,HH006,0.81,0.22,0.084,0.048,1,1
ITM003,Bread,Bakery,HH010,10.34,1.51,0.345,0.275,5,0
ITM005,Ice Cream,Frozen,HH009,3.06,0.47,0.321,0.041,5,0
ITM001,Milk,Dairy,HH020,6.83,1.42,0.419,0.064,5,0
ITM007,Tomatoes,Produce,HH019,7.22,1.31,0.355,0.136,1,0
ITM012,Cooking Oil,Pantry,HH005,0.76,0.11,0.035,0.01,4,0
ITM011,Cereal,Pantry,HH020,1.24,0.32,0.078,0.009,3,0
ITM008,Yogurt,Dairy,HH009,2.48,1.21,0.569,0.342,2,1
ITM001,Milk,Dairy,HH007,2.34,2.16,0.632,0.192,3,1
ITM015,Butter,Dairy,HH006,0.77,0.26,0.08,0.059,1,1
ITM003,Bread,Bakery,HH010,8.04,1.45,0.304,0.087,3,0
ITM003,Bread,Bakery,HH004,2.75,1.94,0.511,0.311,5,1
ITM013,Frozen Peas,Frozen,HH011,0.26,0.35,0.14,0.059,3,1
ITM004,Rice,Grains,HH008,0.95,0.42,0.205,0.124,4,1
ITM009,Cheese,Dairy,HH006,0.26,0.39,0.079,0.047,1,1
ITM012,Cooking Oil,Pantry,HH020,0.81,0.19,0.03,0.021,3,0
ITM002,Eggs,Dairy,HH010,1.11,1.32,0.25,0.079,4,1
ITM001,Milk,Dairy,HH016,12.42,1.85,0.532,0.412,4,0
ITM007,Tomatoes,Produce,HH015,0.93,0.89,0.221,0.043,3,1
ITM011,Cereal,Pantry,HH010,0.86,0.28,0.057,0.034,5,0
ITM013,Frozen Peas,Frozen,HH003,2.68,0.47,0.165,0.121,3,0
ITM006,Chicken Breast,Meat,HH011,3.8,0.95,0.219,0.05,4,0
ITM015,Butter,Dairy,HH002,0.95,0.19,0.076,0.008,3,0
ITM005,Ice Cream,Frozen,HH006,1.46,0.67,0.182,0.068,1,1
ITM005,Ice Cream,Frozen,HH012,2.45,0.53,0.145,0.076,4,0
ITM012,Cooking Oil,Pantry,HH006,0.29,0.15,0.036,0.027,2,1
ITM006,Chicken Breast,Meat,HH019,2.65,1.19,0.413,0.045,4,1
ITM015,Butter,Dairy,HH019,0.84,0.16,0.129,0.062,4,1
ITM015,Butter,Dairy,HH004,1.05,0.23,0.115,0.079,3,0
ITM006,Chicken Breast,Meat,HH014,3.45,0.62,0.374,0.278,3,1
ITM008,Yogurt,Dairy,HH004,9.27,1.5,0.557,0.07,2,0
ITM004,Rice,Grains,HH013,0.64,0.55,0.145,0.088,5,1
ITM014,Orange Juice,Beverages,HH005,3.89,1.11,0.169,0.072,1,0
ITM004,Rice,Grains,HH006,0.3,0.5,0.117,0.066,1,1
ITM009,Cheese,Dairy,HH004,0.36,0.24,0.123,0.043,1,1
ITM006,Chicken Breast,Meat,HH009,2.06,0.61,0.528,0.334,4,1
ITM012,Cooking Oil,Pantry,HH012,0.34,0.19,0.052,0.018,4,1
ITM008,Yogurt,Dairy,HH010,3.31,1.26,0.283,0.136,5,0
ITM010,Bananas,Produce,HH020,0.73,1.12,0.219,0.114,2,1
ITM008,Yogurt,Dairy,HH006,0.97,1.77,0.335,0.264,1,1
ITM011,Cereal,Pantry,HH005,0.77,0.24,0.065,0.014,1,0
ITM012,Cooking Oil,Pantry,HH019,0.32,0.1,0.072,0.048,1,1
ITM004,Rice,Grains,HH017,1.97,0.34,0.128,0.049,3,0
ITM001,Milk,Dairy,HH008,2.42,1.55,0.627,0.255,4,1
ITM014,Orange Juice,Beverages,HH008,6.38,1.05,0.43,0.101,1,0
ITM013,Frozen Peas,Frozen,HH001,2.92,0.52,0.125,0.054,1,0
ITM015,Butter,Dairy,HH005,1.14,0.25,0.035,0.007,3,0
ITM009,Cheese,Dairy,HH013,1.06,0.22,0.15,0.096,2,1
ITM013,Frozen Peas,Frozen,HH007,0.81,0.38,0.151,0.072,2,1
ITM013,Frozen Peas,Frozen,HH018,2.39,0.52,0.134,0.067,2,0
ITM013,Frozen Peas,Frozen,HH002,0.2,0.37,0.157,0.03,4,1
ITM002,Eggs,Dairy,HH020,5.02,1.33,0.295,0.055,3,0
ITM002,Eggs,Dairy,HH009,1.41,0.99,0.522,0.248,1,1
ITM007,Tomatoes,Produce,HH017,1.58,0.81,0.356,0.075,2,1
ITM006,Chicken Breast,Meat,HH007,0.7,0.71,0.273,0.203,1,1
ITM009,Cheese,Dairy,HH009,0.94,0.28,0.123,0.076,5,1
ITM008,Yogurt,Dairy,HH005,8.09,1.75,0.232,0.065,3,0
ITM003,Bread,Bakery,HH004,12.25,1.85,0.898,0.382,2,0
ITM014,Orange Juice,Beverages,HH017,0.7,1.16,0.28,0.186,5,1
ITM001,Milk,Dairy,HH004,1.46,1.36,0.713,0.171,2,1
ITM006,Chicken Breast,Meat,HH001,3.91,0.68,0.278,0.119,2,0
ITM006,Chicken Breast,Meat,HH001,6.82,1.17,0.241,0.108,1,0
ITM004,Rice,Grains,HH009,0.3,0.38,0.229,0.105,5,1
ITM001,Milk,Dairy,HH010,11.67,2.32,0.253,0.179,1,0
ITM007,Tomatoes,Produce,HH008,2.45,0.9,0.316,0.231,3,1
ITM004,Rice,Grains,HH005,1.9,0.59,0.113,0.087,5,0
ITM005,Ice Cream,Frozen,HH011,3.54,0.6,0.149,0.026,4,0
ITM012,Cooking Oil,Pantry,HH009,0.8,0.13,0.066,0.045,3,0
ITM007,Tomatoes,Produce,HH018,4.46,1.19,0.509,0.314,1,1
ITM012,Cooking Oil,Pantry,HH019,0.75,0.15,0.07,0.043,2,0
ITM005,Ice Cream,Frozen,HH004,4.93,0.71,0.266,0.174,5,0
ITM003,Bread,Bakery,HH001,4.96,1.53,0.444,0.175,3,0
ITM012,Cooking Oil,Pantry,HH020,0.16,0.1,0.035,0.015,4,1
ITM013,Frozen Peas,Frozen,HH012,3.69,0.54,0.12,0.042,5,0
ITM007,Tomatoes,Produce,HH003,1.86,1.18,0.534,0.383,3,1
ITM004,Rice,Grains,HH020,0.68,0.45,0.082,0.065,3,1
ITM003,Bread,Bakery,HH014,6.18,1.37,0.78,0.432,2,1
ITM011,Cereal,Pantry,HH006,1.69,0.39,0.062,0.024,1,0
ITM007,Tomatoes,Produce,HH014,3.58,1.07,0.398,0.107,2,1
ITM013,Frozen Peas,Frozen,HH013,2.24,0.42,0.195,0.046,2,0
ITM002,Eggs,Dairy,HH014,5.22,1.58,0.413,0.108,5,0
ITM009,Cheese,Dairy,HH017,1.04,0.27,0.097,0.076,5,0
ITM007,Tomatoes,Produce,HH010,3.98,0.87,0.256,0.196,3,0
ITM007,Tomatoes,Produce,HH008,9.47,1.38,0.516,0.235,2,0
ITM001,Milk,Dairy,HH020,1.36,1.28,0.456,0.311,2,1
ITM001,Milk,Dairy,HH020,1.18,1.4,0.306,0.17,2,1
ITM014,Orange Juice,Beverages,HH007,0.86,0.76,0.317,0.194,2,1
ITM015,Butter,Dairy,HH015,0.7,0.27,0.048,0.029,1,0
ITM006,Chicken Breast,Meat,HH001,2.59,0.77,0.232,0.031,5,0
ITM014,Orange Juice,Beverages,HH006,6.32,0.95,0.279,0.139,5,0
ITM009,Cheese,Dairy,HH005,0.61,0.22,0.06,0.013,2,1
ITM003,Bread,Bakery,HH006,3.51,1.48,0.467,0.099,5,1
ITM012,Cooking Oil,Pantry,HH019,0.24,0.19,0.056,0.025,1,1
ITM009,Cheese,Dairy,HH012,0.67,0.29,0.097,0.028,1,1
ITM003,Bread,Bakery,HH005,3.07,1.4,0.222,0.12,4,0
ITM010,Bananas,Produce,HH005,4.4,1.33,0.187,0.125,3,0
ITM005,Ice Cream,Frozen,HH005,1.99,0.47,0.112,0.031,4,0
ITM001,Milk,Dairy,HH001,6.41,1.65,0.466,0.358,4,0
ITM012,Cooking Oil,Pantry,HH019,0.58,0.14,0.078,0.011,4,1
ITM007,Tomatoes,Produce,HH020,0.73,1.33,0.249,0.054,5,1
ITM004,Rice,Grains,HH017,2.06,0.39,0.127,0.09,5,0
ITM007,Tomatoes,Produce,HH006,1.48,0.72,0.239,0.154,4,1
ITM015,Butter,Dairy,HH002,1.53,0.23,0.094,0.049,5,0
ITM012,Cooking Oil,Pantry,HH009,1.02,0.15,0.069,0.01,1,0
ITM008,Yogurt,Dairy,HH016,3.77,1.51,0.408,0.235,3,1
ITM001,Milk,Dairy,HH020,10.13,1.75,0.453,0.072,4,0
ITM001,Milk,Dairy,HH020,3.14,1.69,0.459,0.273,2,1
ITM009,Cheese,Dairy,HH009,0.51,0.37,0.116,0.031,2,1
ITM008,Yogurt,Dairy,HH003,8.11,1.54,0.423,0.305,2,0
ITM013,Frozen Peas,Frozen,HH009,2.49,0.56,0.16,0.031,4,0
ITM003,Bread,Bakery,HH005,12.75,1.97,0.211,0.081,3,0
ITM012,Cooking Oil,Pantry,HH007,0.95,0.18,0.039,0.03,4,0
ITM012,Cooking Oil,Pantry,HH018,0.77,0.14,0.07,0.009,4,0
ITM011,Cereal,Pantry,HH010,2.34,0.35,0.071,0.011,4,0
ITM009,Cheese,Dairy,HH015,1.42,0.24,0.045,0.005,2,0
ITM002,Eggs,Dairy,HH001,3.28,1.58,0.254,0.113,3,0
ITM011,Cereal,Pantry,HH008,0.15,0.24,0.106,0.039,1,1
ITM001,Milk,Dairy,HH016,2.45,1.79,0.446,0.347,3,1
ITM012,Cooking Oil,Pantry,HH020,0.77,0.16,0.029,0.018,4,0
ITM014,Orange Juice,Beverages,HH003,0.73,0.71,0.342,0.157,3,1
ITM015,Butter,Dairy,HH015,0.57,0.17,0.058,0.03,3,0
ITM013,Frozen Peas,Frozen,HH014,3.36,0.5,0.218,0.053,5,0
ITM004,Rice,Grains,HH013,0.65,0.53,0.228,0.118,2,1
ITM006,Chicken Breast,Meat,HH006,4.22,0.65,0.252,0.107,1,0
ITM015,Butter,Dairy,HH013,0.18,0.27,0.077,0.05,3,1
ITM009,Cheese,Dairy,HH015,0.62,0.28,0.069,0.024,4,1
ITM005,Ice Cream,Frozen,HH007,2.19,0.76,0.242,0.153,2,1
ITM004,Rice,Grains,HH012,1.33,0.53,0.114,0.059,4,1
ITM013,Frozen Peas,Frozen,HH015,2.89,0.6,0.064,0.013,1,0
ITM005,Ice Cream,Frozen,HH005,4.12,0.6,0.131,0.045,2,0
ITM008,Yogurt,Dairy,HH016,2.64,1.02,0.372,0.238,2,1
ITM015,Butter,Dairy,HH009,0.82,0.2,0.109,0.036,2,0
ITM015,Butter,Dairy,HH019,0.48,0.19,0.123,0.033,4,1
ITM009,Cheese,Dairy,HH018,0.79,0.28,0.128,0.044,4,1
ITM009,Cheese,Dairy,HH017,1.64,0.31,0.077,0.016,2,0
ITM014,Orange Juice,Beverages,HH016,3.45,0.7,0.188,0.055,2,0
ITM008,Yogurt,Dairy,HH005,8.3,1.2,0.338,0.105,1,0
ITM001,Milk,Dairy,HH013,12.28,1.82,0.604,0.365,5,0
ITM013,Frozen Peas,Frozen,HH020,1.56,0.54,0.083,0.06,5,0
ITM012,Cooking Oil,Pantry,HH020,0.43,0.19,0.034,0.027,4,0
ITM010,Bananas,Produce,HH019,3.4,1.08,0.397,0.091,3,1
ITM006,Chicken Breast,Meat,HH006,2.16,0.73,0.274,0.079,5,1
ITM011,Cereal,Pantry,HH005,1.24,0.35,0.065,0.034,1,0
ITM001,Milk,Dairy,HH018,3.06,1.22,0.916,0.52,4,1
ITM013,Frozen Peas,Frozen,HH004,1.76,0.58,0.171,0.026,1,0
ITM001,Milk,Dairy,HH013,8.69,1.43,0.541,0.358,4,0
ITM014,Orange Juice,Beverages,HH010,6.71,1.11,0.207,0.034,1,0
ITM015,Butter,Dairy,HH002,1.8,0.27,0.062,0.021,3,0
ITM015,Butter,Dairy,HH020,0.66,0.17,0.041,0.022,4,0
ITM005,Ice Cream,Frozen,HH016,3.77,0.62,0.119,0.044,3,0
ITM002,Eggs,Dairy,HH012,6.66,0.99,0.453,0.266,2,0
ITM014,Orange Juice,Beverages,HH018,2.08,0.85,0.455,0.177,2,1
ITM005,Ice Cream,Frozen,HH006,0.95,0.67,0.163,0.017,2,1
ITM015,Butter,Dairy,HH003,1.51,0.32,0.102,0.05,5,0
ITM003,Bread,Bakery,HH002,7.52,1.44,0.464,0.079,2,0
ITM013,Frozen Peas,Frozen,HH011,1.16,0.37,0.147,0.083,2,1
ITM015,Butter,Dairy,HH018,0.7,0.26,0.089,0.062,1,0
ITM004,Rice,Grains,HH006,2.82,0.51,0.095,0.065,2,0
ITM005,Ice Cream,Frozen,HH009,2.85,0.68,0.252,0.135,2,0
ITM006,Chicken Breast,Meat,HH019,3.5,1.08,0.542,0.38,1,1
ITM010,Bananas,Produce,HH003,7.35,1.2,0.449,0.323,1,0
ITM009,Cheese,Dairy,HH020,1.11,0.25,0.052,0.017,1,0
ITM002,Eggs,Dairy,HH015,7.44,1.12,0.284,0.144,5,0
ITM007,Tomatoes,Produce,HH015,1.07,0.71,0.224,0.138,3,1
ITM004,Rice,Grains,HH001,1.45,0.45,0.098,0.071,4,0
ITM003,Bread,Bakery,HH015,2.05,1.72,0.28,0.194,1,1
ITM014,Orange Juice,Beverages,HH002,4.16,1.12,0.354,0.123,1,0
ITM015,Butter,Dairy,HH016,0.46,0.26,0.055,0.007,4,1
ITM013,Frozen Peas,Frozen,HH006,3.1,0.45,0.15,0.057,1,0
ITM009,Cheese,Dairy,HH007,0.97,0.37,0.128,0.031,3,1
ITM002,Eggs,Dairy,HH013,7.36,1.13,0.593,0.364,4,0
ITM011,Cereal,Pantry,HH019,1.12,0.22,0.119,0.052,1,0
ITM014,Orange Juice,Beverages,HH016,2.14,0.81,0.258,0.056,1,1
ITM010,Bananas,Produce,HH015,5.6,0.96,0.204,0.111,4,0
ITM004,Rice,Grains,HH001,1.58,0.33,0.107,0.017,3,0
ITM014,Orange Juice,Beverages,HH016,4.14,0.71,0.246,0.094,3,0
ITM011,Cereal,Pantry,HH003,1.16,0.21,0.153,0.081,5,1
ITM012,Cooking Oil,Pantry,HH013,0.11,0.19,0.061,0.043,1,1
ITM009,Cheese,Dairy,HH014,1.7,0.25,0.102,0.055,2,0
ITM001,Milk,Dairy,HH006,11.67,2.0,0.442,0.1,4,0
ITM003,Bread,Bakery,HH004,1.7,1.75,0.86,0.402,1,1
ITM010,Bananas,Produce,HH005,7.92,1.22,0.218,0.141,3,0
ITM002,Eggs,Dairy,HH012,3.9,0.83,0.509,0.073,4,1
ITM006,Chicken Breast,Meat,HH008,0.72,0.79,0.413,0.23,1,1
ITM011,Cereal,Pantry,HH004,1.59,0.31,0.122,0.088,5,0
ITM003,Bread,Bakery,HH011,11.82,1.92,0.394,0.041,3,0
ITM015,Butter,Dairy,HH012,1.22,0.29,0.081,0.026,5,0
ITM007,Tomatoes,Produce,HH015,7.14,1.38,0.224,0.094,4,0
ITM014,Orange Juice,Beverages,HH005,2.96,0.73,0.152,0.086,3,0
ITM006,Chicken Breast,Meat,HH018,2.62,0.73,0.257,0.085,4,0
ITM003,Bread,Bakery,HH013,2.33,1.2,0.71,0.41,2,1
ITM010,Bananas,Produce,HH002,2.05,1.48,0.32,0.252,5,1
ITM010,Bananas,Produce,HH015,1.89,1.28,0.183,0.057,4,1
ITM014,Orange Juice,Beverages,HH011,3.39,0.83,0.27,0.036,5,0
ITM015,Butter,Dairy,HH019,0.38,0.18,0.081,0.013,1,1
ITM004,Rice,Grains,HH016,2.22,0.46,0.094,0.055,2,0
ITM015,Butter,Dairy,HH010,0.56,0.22,0.047,0.03,3,1
ITM008,Yogurt,Dairy,HH004,7.8,1.34,0.72,0.205,1,0
ITM002,Eggs,Dairy,HH002,0.78,1.36,0.475,0.14,5,1
ITM003,Bread,Bakery,HH012,4.58,1.29,0.604,0.105,3,1
ITM008,Yogurt,Dairy,HH014,6.76,1.16,0.493,0.296,5,0
ITM013,Frozen Peas,Frozen,HH013,2.55,0.5,0.228,0.064,4,0
ITM009,Cheese,Dairy,HH020,0.35,0.28,0.057,0.009,4,1
ITM002,Eggs,Dairy,HH020,5.61,1.39,0.292,0.208,3,0
ITM012,Cooking Oil,Pantry,HH009,0.85,0.18,0.066,0.03,3,0
ITM009,Cheese,Dairy,HH003,1.73,0.26,0.145,0.068,4,0
ITM009,Cheese,Dairy,HH008,0.26,0.2,0.095,0.058,1,1
ITM001,Milk,Dairy,HH007,2.21,2.32,0.551,0.206,3,1
ITM012,Cooking Oil,Pantry,HH020,0.54,0.18,0.037,0.016,5,0
ITM010,Bananas,Produce,HH020,1.33,0.91,0.289,0.205,1,1
ITM003,Bread,Bakery,HH006,2.35,1.39,0.281,0.193,2,1
ITM003,Bread,Bakery,HH011,1.16,1.65,0.407,0.253,2,1
ITM004,Rice,Grains,HH006,2.51,0.4,0.132,0.093,3,0
ITM006,Chicken Breast,Meat,HH020,1.78,1.09,0.128,0.03,5,1
ITM009,Cheese,Dairy,HH012,1.91,0.31,0.083,0.016,4,0
ITM007,Tomatoes,Produce,HH016,0.62,0.73,0.292,0.17,3,1
ITM013,Frozen Peas,Frozen,HH009,1.69,0.38,0.26,0.103,1,1
ITM011,Cereal,Pantry,HH019,0.56,0.23,0.154,0.098,3,1
ITM002,Eggs,Dairy,HH004,2.28,0.84,0.714,0.293,4,1
ITM005,Ice Cream,Frozen,HH016,3.09,0.55,0.185,0.093,5,0
ITM003,Bread,Bakery,HH004,4.4,1.28,0.592,0.431,5,1
ITM003,Bread,Bakery,HH015,7.78,1.25,0.237,0.029,1,0
ITM014,Orange Juice,Beverages,HH012,6.28,1.17,0.355,0.107,4,0
ITM008,Yogurt,Dairy,HH019,5.47,1.37,0.631,0.375,2,1
ITM002,Eggs,Dairy,HH019,2.18,1.16,0.634,0.177,4,1
ITM004,Rice,Grains,HH003,1.39,0.49,0.194,0.119,3,1
ITM002,Eggs,Dairy,HH011,1.82,1.55,0.414,0.08,2,1
ITM001,Milk,Dairy,HH015,6.49,1.54,0.334,0.264,3,0
ITM005,Ice Cream,Frozen,HH012,2.21,0.7,0.211,0.165,2,0
ITM005,Ice Cream,Frozen,HH016,0.43,0.46,0.131,0.038,3,1
ITM010,Bananas,Produce,HH004,4.46,1.29,0.476,0.126,2,0
ITM003,Bread,Bakery,HH005,7.66,1.59,0.297,0.196,2,0
ITM012,Cooking Oil,Pantry,HH014,0.56,0.17,0.075,0.046,5,1
ITM013,Frozen Peas,Frozen,HH011,2.18,0.38,0.138,0.105,4,0
ITM002,Eggs,Dairy,HH014,4.21,0.88,0.682,0.244,4,0
ITM004,Rice,Grains,HH018,0.3,0.49,0.129,0.078,5,1
ITM014,Orange Juice,Beverages,HH005,2.16,1.02,0.179,0.067,1,1
ITM006,Chicken Breast,Meat,HH007,2.76,0.76,0.342,0.035,2,1
ITM008,Yogurt,Dairy,HH004,6.29,1.01,0.611,0.164,3,0
ITM003,Bread,Bakery,HH019,4.0,1.75,0.678,0.097,1,1
ITM002,Eggs,Dairy,HH019,7.19,1.52,0.501,0.381,2,0
ITM015,Butter,Dairy,HH016,0.22,0.27,0.061,0.018,4,1
ITM010,Bananas,Produce,HH010,1.62,1.11,0.223,0.079,4,1
ITM012,Cooking Oil,Pantry,HH017,0.64,0.14,0.039,0.016,5,0
ITM013,Frozen Peas,Frozen,HH002,0.49,0.43,0.118,0.023,1,1
ITM012,Cooking Oil,Pantry,HH006,0.27,0.15,0.045,0.034,1,1
ITM007,Tomatoes,Produce,HH013,4.92,0.83,0.335,0.053,5,0
ITM015,Butter,Dairy,HH010,0.15,0.26,0.046,0.006,4,1
ITM012,Cooking Oil,Pantry,HH004,0.36,0.19,0.068,0.049,5,1
ITM011,Cereal,Pantry,HH012,1.04,0.33,0.101,0.019,2,1
ITM003,Bread,Bakery,HH013,3.27,1.95,0.501,0.082,3,1
ITM005,Ice Cream,Frozen,HH008,0.86,0.53,0.288,0.195,2,1
ITM003,Bread,Bakery,HH009,2.51,1.01,0.569,0.361,3,1
ITM007,Tomatoes,Produce,HH008,3.78,1.03,0.528,0.221,1,1
ITM007,Tomatoes,Produce,HH016,5.02,0.81,0.359,0.276,2,0
ITM015,Butter,Dairy,HH020,0.73,0.25,0.059,0.016,3,0
ITM004,Rice,Grains,HH007,0.68,0.37,0.17,0.129,2,1
ITM010,Bananas,Produce,HH013,4.72,0.86,0.366,0.203,2,0
ITM002,Eggs,Dairy,HH006,3.37,0.94,0.38,0.189,2,1
ITM015,Butter,Dairy,HH019,0.56,0.21,0.127,0.021,2,1
ITM012,Cooking Oil,Pantry,HH008,0.48,0.11,0.054,0.016,4,1
ITM008,Yogurt,Dairy,HH012,2.27,1.04,0.587,0.207,4,1
ITM005,Ice Cream,Frozen,HH019,1.8,0.78,0.334,0.154,3,1
ITM009,Cheese,Dairy,HH018,2.18,0.39,0.118,0.082,4,0
ITM007,Tomatoes,Produce,HH001,5.39,1.16,0.206,0.141,3,0
ITM002,Eggs,Dairy,HH012,5.8,1.59,0.396,0.276,4,0
ITM001,Milk,Dairy,HH005,5.3,2.27,0.446,0.211,5,1
ITM014,Orange Juice,Beverages,HH018,0.62,0.89,0.316,0.222,5,1
ITM012,Cooking Oil,Pantry,HH017,0.19,0.14,0.041,0.029,4,1
ITM003,Bread,Bakery,HH013,4.47,1.1,0.433,0.121,5,1
ITM009,Cheese,Dairy,HH017,0.55,0.38,0.086,0.059,1,1
ITM011,Cereal,Pantry,HH007,1.04,0.3,0.09,0.037,3,1
ITM007,Tomatoes,Produce,HH020,4.89,0.98,0.216,0.169,1,0
ITM001,Milk,Dairy,HH002,12.11,1.89,0.647,0.334,4,0
ITM012,Cooking Oil,Pantry,HH012,0.42,0.17,0.064,0.025,2,1
ITM005,Ice Cream,Frozen,HH016,2.65,0.78,0.133,0.082,1,0
ITM014,Orange Juice,Beverages,HH005,7.89,1.14,0.145,0.028,4,0
ITM003,Bread,Bakery,HH012,4.92,1.67,0.366,0.193,3,1
ITM001,Milk,Dairy,HH003,1.39,1.58,0.657,0.414,4,1
ITM012,Cooking Oil,Pantry,HH004,1.17,0.2,0.049,0.026,1,0
ITM011,Cereal,Pantry,HH010,1.09,0.21,0.076,0.054,4,0
ITM001,Milk,Dairy,HH017,7.54,1.2,0.466,0.369,2,0
ITM003,Bread,Bakery,HH008,4.76,1.79,0.441,0.102,4,0
ITM011,Cereal,Pantry,HH004,1.47,0.32,0.15,0.046,1,0
ITM008,Yogurt,Dairy,HH017,7.29,1.62,0.509,0.116,4,0
ITM011,Cereal,Pantry,HH015,1.64,0.26,0.054,0.036,2,0
ITM012,Cooking Oil,Pantry,HH013,0.55,0.11,0.057,0.023,4,1
ITM008,Yogurt,Dairy,HH016,6.87,1.4,0.469,0.32,5,0
ITM003,Bread,Bakery,HH006,1.07,1.28,0.419,0.295,1,1
ITM005,Ice Cream,Frozen,HH011,2.42,0.71,0.186,0.047,2,0
ITM007,Tomatoes,Produce,HH009,5.7,1.4,0.544,0.405,1,0
ITM003,Bread,Bakery,HH008,6.21,1.39,0.497,0.366,1,0
ITM010,Bananas,Produce,HH020,7.21,1.31,0.217,0.055,1,0
ITM007,Tomatoes,Produce,HH018,1.01,0.95,0.494,0.204,3,1
ITM013,Frozen Peas,Frozen,HH010,3.71,0.57,0.093,0.061,4,0
ITM002,Eggs,Dairy,HH009,7.38,1.37,0.655,0.447,5,0
ITM005,Ice Cream,Frozen,HH011,0.46,0.56,0.174,0.1,2,1
ITM008,Yogurt,Dairy,HH019,3.8,1.1,0.825,0.214,3,1
ITM007,Tomatoes,Produce,HH018,3.38,0.74,0.483,0.135,4,1
ITM006,Chicken Breast,Meat,HH010,4.94,1.16,0.175,0.073,3,0
ITM007,Tomatoes,Produce,HH006,4.57,1.11,0.359,0.05,3,0
ITM007,Tomatoes,Produce,HH001,0.89,1.14,0.349,0.261,4,1
ITM004,Rice,Grains,HH005,2.03,0.4,0.08,0.03,3,0
ITM011,Cereal,Pantry,HH015,0.7,0.2,0.043,0.014,2,0
ITM012,Cooking Oil,Pantry,HH019,0.99,0.15,0.086,0.066,1,0
ITM002,Eggs,Dairy,HH012,3.94,1.59,0.292,0.177,5,0
ITM010,Bananas,Produce,HH019,4.21,1.39,0.702,0.394,2,1
ITM008,Yogurt,Dairy,HH019,6.33,1.39,0.584,0.251,2,0
ITM005,Ice Cream,Frozen,HH006,2.4,0.72,0.158,0.07,4,0
ITM011,Cereal,Pantry,HH011,1.27,0.36,0.072,0.034,3,0
ITM005,Ice Cream,Frozen,HH008,2.79,0.57,0.191,0.052,5,0
ITM006,Chicken Breast,Meat,HH018,0.75,0.67,0.33,0.207,2,1
ITM015,Butter,Dairy,HH012,1.12,0.18,0.072,0.017,5,0
ITM006,Chicken Breast,Meat,HH001,0.82,0.63,0.188,0.076,2,1
ITM008,Yogurt,Dairy,HH009,9.45,1.4,0.629,0.081,3,0
ITM007,Tomatoes,Produce,HH014,3.99,1.29,0.383,0.154,3,0
ITM004,Rice,Grains,HH007,0.62,0.59,0.151,0.056,3,1
ITM012,Cooking Oil,Pantry,HH015,0.63,0.17,0.032,0.005,1,0
ITM003,Bread,Bakery,HH007,8.18,1.54,0.548,0.232,2,0
ITM015,Butter,Dairy,HH005,0.87,0.16,0.044,0.022,4,0
ITM015,Butter,Dairy,HH018,1.21,0.25,0.079,0.039,5,0
ITM012,Cooking Oil,Pantry,HH017,0.76,0.2,0.041,0.029,3,0
ITM001,Milk,Dairy,HH006,0.68,1.21,0.618,0.399,5,1
ITM006,Chicken Breast,Meat,HH009,4.29,1.14,0.501,0.063,5,1
ITM004,Rice,Grains,HH019,1.65,0.43,0.25,0.167,3,1
ITM005,Ice Cream,Frozen,HH008,1.45,0.7,0.264,0.043,4,1
ITM008,Yogurt,Dairy,HH003,3.05,1.95,0.446,0.279,2,1
ITM010,Bananas,Produce,HH015,4.89,1.17,0.278,0.098,4,0
ITM014,Orange Juice,Beverages,HH010,3.35,0.8,0.136,0.103,4,0
ITM001,Milk,Dairy,HH017,5.62,1.71,0.763,0.552,5,1
ITM003,Bread,Bakery,HH010,4.77,1.83,0.264,0.031,1,0
ITM001,Milk,Dairy,HH016,6.1,1.47,0.561,0.123,4,0
ITM003,Bread,Bakery,HH001,3.55,1.15,0.377,0.125,1,1
ITM007,Tomatoes,Produce,HH009,7.82,1.25,0.573,0.329,5,0
ITM003,Bread,Bakery,HH011,6.01,2.0,0.381,0.11,2,0
ITM005,Ice Cream,Frozen,HH014,1.62,0.7,0.247,0.051,5,1
ITM012,Cooking Oil,Pantry,HH002,0.81,0.12,0.065,0.022,2,0
ITM008,Yogurt,Dairy,HH002,3.86,1.87,0.423,0.293,1,1
ITM010,Bananas,Produce,HH004,2.06,1.04,0.449,0.313,5,1
ITM014,Orange Juice,Beverages,HH012,4.31,0.63,0.267,0.133,5,0
ITM009,Cheese,Dairy,HH005,1.27,0.32,0.047,0.028,4,0
ITM005,Ice Cream,Frozen,HH001,2.79,0.55,0.159,0.045,1,0
ITM015,Butter,Dairy,HH003,1.98,0.32,0.119,0.085,1,0
ITM013,Frozen Peas,Frozen,HH008,2.75,0.52,0.172,0.069,2,0
ITM005,Ice Cream,Frozen,HH017,2.34,0.4,0.144,0.028,1,0
ITM004,Rice,Grains,HH014,2.49,0.36,0.174,0.039,2,0
ITM004,Rice,Grains,HH011,0.67,0.3,0.148,0.041,3,1
ITM001,Milk,Dairy,HH006,8.8,1.48,0.393,0.139,2,0
ITM003,Bread,Bakery,HH017,4.53,1.59,0.352,0.157,1,0
ITM009,Cheese,Dairy,HH004,1.85,0.34,0.133,0.067,4,0
ITM014,Orange Juice,Beverages,HH017,1.51,0.88,0.237,0.089,4,1
ITM009,Cheese,Dairy,HH002,1.49,0.24,0.076,0.05,4,0
ITM011,Cereal,Pantry,HH009,0.59,0.22,0.123,0.068,1,1
ITM014,Orange Juice,Beverages,HH001,5.67,0.82,0.223,0.036,4,0
ITM010,Bananas,Produce,HH004,1.73,1.3,0.655,0.452,4,1
ITM011,Cereal,Pantry,HH005,1.39,0.21,0.042,0.011,3,0
ITM008,Yogurt,Dairy,HH019,10.23,1.96,0.561,0.437,3,0
ITM007,Tomatoes,Produce,HH009,3.19,0.78,0.392,0.137,5,1
ITM014,Orange Juice,Beverages,HH008,5.67,0.88,0.363,0.047,5,0
ITM011,Cereal,Pantry,HH007,1.49,0.32,0.128,0.093,3,1
ITM009,Cheese,Dairy,HH018,1.92,0.37,0.109,0.029,5,0
ITM002,Eggs,Dairy,HH006,4.99,1.46,0.277,0.133,1,0
ITM001,Milk,Dairy,HH012,14.9,2.29,0.504,0.084,3,0
ITM010,Bananas,Produce,HH019,2.84,0.88,0.525,0.105,5,1
ITM014,Orange Juice,Beverages,HH015,5.0,1.03,0.209,0.098,1,0
ITM015,Butter,Dairy,HH002,1.4,0.22,0.062,0.039,1,0
ITM015,Butter,Dairy,HH001,1.59,0.26,0.072,0.033,3,0
ITM003,Bread,Bakery,HH003,3.49,1.95,0.438,0.093,2,1
ITM009,Cheese,Dairy,HH012,1.15,0.37,0.123,0.031,2,1
ITM007,Tomatoes,Produce,HH009,6.44,1.27,0.488,0.232,4,0
ITM011,Cereal,Pantry,HH011,1.63,0.32,0.058,0.042,4,0
ITM003,Bread,Bakery,HH020,2.41,1.04,0.217,0.088,1,1
ITM002,Eggs,Dairy,HH001,4.55,0.99,0.242,0.102,2,0
ITM011,Cereal,Pantry,HH002,2.11,0.39,0.106,0.056,3,0
ITM011,Cereal,Pantry,HH003,1.34,0.21,0.107,0.073,3,0
ITM007,Tomatoes,Produce,HH008,2.23,0.92,0.419,0.229,1,1
ITM007,Tomatoes,Produce,HH010,3.18,1.0,0.257,0.052,4,0
ITM005,Ice Cream,Frozen,HH016,0.93,0.72,0.124,0.099,5,1
ITM005,Ice Cream,Frozen,HH012,1.02,0.46,0.192,0.079,1,1
ITM015,Butter,Dairy,HH015,0.54,0.21,0.051,0.012,5,1
ITM003,Bread,Bakery,HH004,1.12,1.3,0.644,0.41,4,1
ITM001,Milk,Dairy,HH002,6.96,1.88,0.48,0.334,2,0
ITM007,Tomatoes,Produce,HH017,3.66,0.99,0.323,0.223,3,0
ITM014,Orange Juice,Beverages,HH004,3.85,0.85,0.488,0.107,4,1
ITM007,Tomatoes,Produce,HH007,2.74,1.1,0.443,0.343,5,1
ITM006,Chicken Breast,Meat,HH003,2.38,1.17,0.324,0.159,3,1
ITM008,Yogurt,Dairy,HH016,1.43,1.49,0.442,0.228,2,1
ITM004,Rice,Grains,HH006,2.92,0.43,0.133,0.1,4,0
ITM014,Orange Juice,Beverages,HH002,2.3,1.03,0.338,0.109,3,1
ITM009,Cheese,Dairy,HH017,0.95,0.33,0.086,0.063,4,0
ITM015,Butter,Dairy,HH009,0.25,0.25,0.107,0.062,4,1
ITM011,Cereal,Pantry,HH004,0.21,0.28,0.134,0.077,3,1
ITM015,Butter,Dairy,HH003,1.52,0.23,0.094,0.068,4,0
ITM011,Cereal,Pantry,HH002,0.26,0.21,0.076,0.028,4,1
ITM006,Chicken Breast,Meat,HH001,6.09,1.13,0.25,0.152,2,0
ITM005,Ice Cream,Frozen,HH007,1.6,0.51,0.141,0.02,4,0
ITM014,Orange Juice,Beverages,HH005,6.51,0.97,0.151,0.11,5,0
ITM009,Cheese,Dairy,HH006,1.05,0.24,0.093,0.015,5,0
ITM010,Bananas,Produce,HH011,8.13,1.41,0.346,0.137,4,0
ITM009,Cheese,Dairy,HH016,1.64,0.3,0.088,0.044,1,0
ITM011,Cereal,Pantry,HH011,1.46,0.28,0.092,0.027,5,0
ITM001,Milk,Dairy,HH009,9.26,2.0,0.85,0.422,5,1
ITM008,Yogurt,Dairy,HH019,10.04,1.82,0.549,0.434,5,0
ITM012,Cooking Oil,Pantry,HH005,0.6,0.13,0.035,0.025,2,0
ITM008,Yogurt,Dairy,HH011,3.67,1.57,0.483,0.345,4,1
ITM013,Frozen Peas,Frozen,HH007,0.56,0.45,0.143,0.03,1,1
ITM008,Yogurt,Dairy,HH014,1.88,1.84,0.865,0.201,2,1
ITM015,Butter,Dairy,HH018,0.23,0.29,0.103,0.068,1,1
ITM003,Bread,Bakery,HH014,1.5,1.57,0.781,0.599,1,1
ITM006,Chicken Breast,Meat,HH020,6.75,0.98,0.214,0.138,2,0
ITM012,Cooking Oil,Pantry,HH016,0.56,0.15,0.047,0.014,4,0
ITM006,Chicken Breast,Meat,HH009,4.62,0.83,0.392,0.08,3,0
ITM011,Cereal,Pantry,HH007,0.29,0.35,0.082,0.02,4,1
ITM013,Frozen Peas,Frozen,HH010,1.92,0.34,0.077,0.033,3,0
ITM004,Rice,Grains,HH020,1.8,0.43,0.106,0.036,5,0
ITM002,Eggs,Dairy,HH008,3.3,1.38,0.414,0.194,1,1
ITM011,Cereal,Pantry,HH001,0.38,0.2,0.073,0.016,4,1
ITM008,Yogurt,Dairy,HH008,6.4,1.92,0.521,0.08,2,0
ITM002,Eggs,Dairy,HH005,4.73,0.8,0.272,0.216,3,0
ITM003,Bread,Bakery,HH019,3.75,1.72,0.712,0.417,1,1
ITM014,Orange Juice,Beverages,HH020,4.03,1.18,0.171,0.094,5,0
ITM013,Frozen Peas,Frozen,HH007,2.66,0.41,0.155,0.06,1,0
ITM004,Rice,Grains,HH011,1.83,0.53,0.151,0.083,4,0
ITM002,Eggs,Dairy,HH014,4.53,1.08,0.703,0.297,1,1
ITM002,Eggs,Dairy,HH015,4.69,1.23,0.309,0.198,3,0
ITM013,Frozen Peas,Frozen,HH019,0.49,0.47,0.243,0.129,1,1
ITM007,Tomatoes,Produce,HH003,2.83,1.02,0.341,0.078,3,1
ITM013,Frozen Peas,Frozen,HH020,1.69,0.32,0.109,0.075,1,0
ITM009,Cheese,Dairy,HH015,1.62,0.24,0.046,0.014,2,0
ITM013,Frozen Peas,Frozen,HH015,1.84,0.36,0.08,0.036,2,0
ITM015,Butter,Dairy,HH018,0.25,0.3,0.091,0.06,5,1
ITM013,Frozen Peas,Frozen,HH013,2.46,0.46,0.201,0.055,2,0
ITM005,Ice Cream,Frozen,HH014,1.0,0.64,0.269,0.108,1,1
ITM003,Bread,Bakery,HH006,4.53,1.1,0.342,0.134,5,0
ITM005,Ice Cream,Frozen,HH010,0.44,0.53,0.137,0.073,5,1
ITM013,Frozen Peas,Frozen,HH016,1.33,0.53,0.115,0.079,3,1
ITM005,Ice Cream,Frozen,HH002,4.26,0.62,0.234,0.056,2,0
ITM004,Rice,Grains,HH015,3.94,0.58,0.065,0.01,1,0
ITM013,Frozen Peas,Frozen,HH005,1.52,0.48,0.075,0.051,4,0
ITM004,Rice,Grains,HH020,3.05,0.49,0.115,0.064,1,0
ITM007,Tomatoes,Produce,HH007,4.83,0.94,0.245,0.171,5,0
ITM015,Butter,Dairy,HH018,1.19,0.26,0.107,0.075,5,0
ITM010,Bananas,Produce,HH016,3.57,1.56,0.311,0.085,4,1
ITM013,Frozen Peas,Frozen,HH001,0.83,0.51,0.103,0.021,5,1
ITM009,Cheese,Dairy,HH005,0.57,0.21,0.045,0.022,5,0
ITM003,Bread,Bakery,HH012,12.02,1.97,0.593,0.158,5,0
ITM013,Frozen Peas,Frozen,HH013,0.59,0.4,0.219,0.149,4,1
ITM003,Bread,Bakery,HH019,4.57,1.47,0.634,0.271,3,1
ITM001,Milk,Dairy,HH014,7.35,2.22,0.717,0.111,3,1
ITM013,Frozen Peas,Frozen,HH002,2.18,0.47,0.124,0.055,4,0
ITM004,Rice,Grains,HH013,2.43,0.47,0.192,0.133,4,0
ITM001,Milk,Dairy,HH007,2.19,1.55,0.779,0.089,1,1
ITM008,Yogurt,Dairy,HH008,5.91,1.2,0.428,0.197,4,0
ITM003,Bread,Bakery,HH019,7.01,1.76,0.733,0.475,4,1
ITM006,Chicken Breast,Meat,HH013,3.11,0.92,0.357,0.061,2,0
ITM013,Frozen Peas,Frozen,HH004,2.77,0.58,0.255,0.203,1,0
ITM015,Butter,Dairy,HH008,0.97,0.26,0.108,0.021,4,1
ITM007,Tomatoes,Produce,HH012,3.63,1.07,0.408,0.136,3,1
ITM014,Orange Juice,Beverages,HH011,3.57,0.78,0.284,0.178,5,0
ITM005,Ice Cream,Frozen,HH003,0.64,0.55,0.253,0.131,5,1
ITM012,Cooking Oil,Pantry,HH017,0.96,0.19,0.054,0.006,2,0
ITM002,Eggs,Dairy,HH002,1.73,1.35,0.42,0.328,2,1
ITM007,Tomatoes,Produce,HH004,1.03,1.07,0.551,0.086,4,1
ITM003,Bread,Bakery,HH004,1.19,1.37,0.636,0.096,5,1
ITM010,Bananas,Produce,HH010,9.46,1.5,0.269,0.186,4,0
ITM009,Cheese,Dairy,HH006,1.46,0.27,0.102,0.039,2,0
ITM007,Tomatoes,Produce,HH007,6.43,0.92,0.295,0.183,5,0
ITM014,Orange Juice,Beverages,HH019,4.07,0.83,0.516,0.123,4,1
ITM002,Eggs,Dairy,HH001,8.26,1.45,0.324,0.092,4,0
ITM007,Tomatoes,Produce,HH011,1.97,0.91,0.294,0.086,1,1
ITM015,Butter,Dairy,HH009,1.3,0.29,0.084,0.036,1,0
ITM012,Cooking Oil,Pantry,HH005,0.3,0.18,0.032,0.011,3,1
ITM004,Rice,Grains,HH020,2.67,0.52,0.116,0.024,4,0
ITM008,Yogurt,Dairy,HH004,2.19,1.9,0.885,0.389,3,1
ITM008,Yogurt,Dairy,HH019,12.8,1.93,0.841,0.248,1,0
ITM005,Ice Cream,Frozen,HH020,3.17,0.77,0.129,0.016,2,0
ITM002,Eggs,Dairy,HH009,4.85,0.91,0.688,0.442,5,0
ITM013,Frozen Peas,Frozen,HH009,1.0,0.48,0.256,0.027,2,1
ITM003,Bread,Bakery,HH019,5.79,1.48,0.525,0.204,3,1
ITM003,Bread,Bakery,HH013,1.55,1.75,0.609,0.382,5,1
ITM001,Milk,Dairy,HH012,9.56,2.31,0.722,0.52,1,0
ITM012,Cooking Oil,Pantry,HH013,0.52,0.19,0.052,0.032,4,0
ITM011,Cereal,Pantry,HH017,1.67,0.25,0.121,0.094,5,0
ITM007,Tomatoes,Produce,HH006,8.17,1.39,0.277,0.174,1,0
ITM013,Frozen Peas,Frozen,HH010,2.14,0.49,0.085,0.065,5,0
ITM005,Ice Cream,Frozen,HH020,1.79,0.45,0.129,0.086,4,0
ITM001,Milk,Dairy,HH003,8.36,2.27,0.886,0.6,5,1
ITM003,Bread,Bakery,HH016,9.81,1.92,0.504,0.135,4,0
ITM010,Bananas,Produce,HH003,4.05,1.59,0.537,0.278,4,1
ITM006,Chicken Breast,Meat,HH001,1.15,0.67,0.198,0.154,5,1
ITM007,Tomatoes,Produce,HH002,3.71,1.2,0.351,0.046,3,0
ITM014,Orange Juice,Beverages,HH017,7.36,1.08,0.261,0.152,1,0
ITM010,Bananas,Produce,HH012,4.38,1.0,0.301,0.195,2,0
ITM005,Ice Cream,Frozen,HH003,1.42,0.7,0.312,0.094,1,1
ITM006,Chicken Breast,Meat,HH011,6.04,1.06,0.2,0.049,5,0
ITM005,Ice Cream,Frozen,HH016,0.88,0.54,0.138,0.101,3,1
ITM011,Cereal,Pantry,HH012,1.21,0.21,0.115,0.034,4,0
ITM012,Cooking Oil,Pantry,HH015,0.78,0.16,0.036,0.024,3,0
ITM008,Yogurt,Dairy,HH007,10.55,1.51,0.583,0.42,1,0
ITM003,Bread,Bakery,HH019,1.34,1.12,0.628,0.343,5,1
ITM004,Rice,Grains,HH003,0.32,0.44,0.194,0.131,3,1
ITM015,Butter,Dairy,HH009,0.54,0.24,0.085,0.035,5,1
ITM010,Bananas,Produce,HH005,0.9,1.4,0.228,0.146,2,1
ITM006,Chicken Breast,Meat,HH006,0.6,0.78,0.227,0.133,5,1
ITM012,Cooking Oil,Pantry,HH019,0.51,0.12,0.053,0.01,1,0
ITM003,Bread,Bakery,HH002,6.65,1.45,0.517,0.327,2,0
ITM003,Bread,Bakery,HH011,7.62,1.2,0.384,0.157,5,0
ITM006,Chicken Breast,Meat,HH009,3.23,0.62,0.435,0.095,5,1
ITM007,Tomatoes,Produce,HH002,6.44,1.0,0.426,0.141,2,0
ITM005,Ice Cream,Frozen,HH001,2.25,0.75,0.15,0.068,4,0
ITM015,Butter,Dairy,HH011,1.46,0.24,0.062,0.019,2,0
ITM003,Bread,Bakery,HH009,7.03,1.33,0.637,0.179,4,0
ITM014,Orange Juice,Beverages,HH013,1.24,1.0,0.35,0.163,4,1
ITM004,Rice,Grains,HH012,2.62,0.52,0.186,0.106,3,0
ITM010,Bananas,Produce,HH001,3.33,0.99,0.301,0.177,2,0
ITM003,Bread,Bakery,HH007,7.76,1.71,0.569,0.339,5,0
ITM006,Chicken Breast,Meat,HH008,1.39,0.75,0.278,0.099,1,1
ITM015,Butter,Dairy,HH006,0.77,0.19,0.083,0.02,1,0
ITM001,Milk,Dairy,HH014,1.88,2.16,0.966,0.735,1,1
ITM002,Eggs,Dairy,HH019,4.7,1.34,0.706,0.133,4,1
ITM001,Milk,Dairy,HH002,8.26,1.34,0.52,0.206,2,0
ITM009,Cheese,Dairy,HH015,0.56,0.29,0.068,0.012,3,1
ITM013,Frozen Peas,Frozen,HH002,0.43,0.38,0.18,0.071,1,1
ITM014,Orange Juice,Beverages,HH005,4.56,0.91,0.23,0.18,4,0
ITM009,Cheese,Dairy,HH014,0.38,0.25,0.122,0.067,5,1
ITM001,Milk,Dairy,HH019,4.89,2.07,0.974,0.698,1,1
ITM009,Cheese,Dairy,HH012,1.49,0.27,0.086,0.059,3,0
ITM007,Tomatoes,Produce,HH012,6.34,0.92,0.254,0.116,5,0
ITM011,Cereal,Pantry,HH001,0.48,0.34,0.079,0.018,1,1
ITM014,Orange Juice,Beverages,HH005,4.51,0.83,0.138,0.083,3,0
ITM010,Bananas,Produce,HH016,3.17,0.82,0.387,0.252,4,1
ITM013,Frozen Peas,Frozen,HH002,0.25,0.48,0.146,0.026,3,1
ITM009,Cheese,Dairy,HH016,1.4,0.4,0.06,0.012,4,0
ITM014,Orange Juice,Beverages,HH017,1.67,0.73,0.389,0.1,1,1
ITM009,Cheese,Dairy,HH017,1.4,0.38,0.121,0.012,2,0
ITM007,Tomatoes,Produce,HH014,4.0,1.29,0.508,0.295,4,1
ITM009,Cheese,Dairy,HH013,0.35,0.21,0.14,0.033,2,1
ITM001,Milk,Dairy,HH012,9.57,1.73,0.636,0.184,2,0
ITM012,Cooking Oil,Pantry,HH010,0.74,0.11,0.036,0.02,4,0
ITM012,Cooking Oil,Pantry,HH015,0.18,0.15,0.028,0.014,1,1
ITM003,Bread,Bakery,HH004,0.96,1.66,0.83,0.475,4,1
ITM012,Cooking Oil,Pantry,HH006,0.69,0.15,0.042,0.023,2,0
ITM007,Tomatoes,Produce,HH019,4.85,1.28,0.478,0.132,3,0
ITM004,Rice,Grains,HH005,1.51,0.4,0.097,0.077,2,0
ITM014,Orange Juice,Beverages,HH008,3.46,0.95,0.415,0.148,4,1
ITM001,Milk,Dairy,HH009,2.13,2.29,0.788,0.122,1,1
ITM010,Bananas,Produce,HH013,4.26,1.54,0.551,0.356,5,0
ITM010,Bananas,Produce,HH015,5.03,1.55,0.288,0.105,1,0
ITM013,Frozen Peas,Frozen,HH010,1.3,0.5,0.101,0.061,4,1
ITM015,Butter,Dairy,HH012,0.42,0.32,0.068,0.021,5,1
ITM009,Cheese,Dairy,HH003,1.9,0.29,0.099,0.048,5,0
ITM011,Cereal,Pantry,HH019,1.01,0.35,0.126,0.036,2,1
ITM015,Butter,Dairy,HH008,0.31,0.27,0.076,0.055,1,1
ITM009,Cheese,Dairy,HH004,2.02,0.29,0.099,0.061,3,0
ITM011,Cereal,Pantry,HH005,0.39,0.26,0.054,0.018,2,1
ITM006,Chicken Breast,Meat,HH020,1.85,0.63,0.129,0.067,5,0
ITM001,Milk,Dairy,HH008,5.18,2.17,0.907,0.584,1,1
ITM004,Rice,Grains,HH015,2.72,0.41,0.068,0.037,3,0
ITM010,Bananas,Produce,HH008,0.78,1.18,0.602,0.067,1,1
ITM014,Orange Juice,Beverages,HH009,0.71,1.07,0.498,0.214,3,1
ITM006,Chicken Breast,Meat,HH004,4.21,0.74,0.297,0.096,4,0
ITM005,Ice Cream,Frozen,HH016,0.65,0.58,0.183,0.075,3,1
ITM004,Rice,Grains,HH004,2.5,0.48,0.193,0.084,4,0
ITM001,Milk,Dairy,HH010,7.7,2.09,0.422,0.201,3,0
ITM001,Milk,Dairy,HH014,6.49,2.02,0.903,0.663,1,1
ITM002,Eggs,Dairy,HH003,2.49,1.12,0.613,0.187,4,1
ITM011,Cereal,Pantry,HH015,1.05,0.21,0.057,0.037,1,0
ITM006,Chicken Breast,Meat,HH005,6.96,1.07,0.214,0.035,5,0
ITM011,Cereal,Pantry,HH017,1.18,0.33,0.116,0.086,4,1
ITM004,Rice,Grains,HH020,1.66,0.49,0.109,0.038,5,0
ITM006,Chicken Breast,Meat,HH018,2.99,0.89,0.284,0.036,4,0
ITM014,Orange Juice,Beverages,HH014,0.98,0.83,0.376,0.06,3,1
ITM010,Bananas,Produce,HH020,6.63,1.09,0.174,0.079,5,0
ITM010,Bananas,Produce,HH013,2.99,1.04,0.424,0.307,4,1
ITM013,Frozen Peas,Frozen,HH008,1.43,0.47,0.128,0.049,4,1
ITM014,Orange Juice,Beverages,HH002,7.19,1.1,0.344,0.217,5,0
ITM003,Bread,Bakery,HH011,2.49,1.89,0.355,0.281,2,1
ITM005,Ice Cream,Frozen,HH008,3.54,0.61,0.311,0.208,3,0
ITM009,Cheese,Dairy,HH015,0.9,0.2,0.048,0.016,4,0
ITM007,Tomatoes,Produce,HH001,5.22,1.05,0.33,0.127,5,0
ITM008,Yogurt,Dairy,HH014,4.23,1.34,0.698,0.456,1,1
ITM011,Cereal,Pantry,HH011,1.67,0.3,0.061,0.043,1,0
ITM001,Milk,Dairy,HH005,15.11,2.23,0.357,0.067,2,0
ITM005,Ice Cream,Frozen,HH020,3.45,0.7,0.148,0.047,2,0
ITM002,Eggs,Dairy,HH011,8.41,1.23,0.336,0.044,4,0
ITM015,Butter,Dairy,HH014,0.53,0.19,0.132,0.101,3,1
ITM005,Ice Cream,Frozen,HH009,3.96,0.73,0.256,0.056,4,0
ITM009,Cheese,Dairy,HH011,0.94,0.21,0.102,0.021,1,0
ITM003,Bread,Bakery,HH015,1.96,1.58,0.263,0.058,2,1
ITM001,Milk,Dairy,HH009,5.29,2.04,0.792,0.111,2,1
ITM006,Chicken Breast,Meat,HH015,1.57,1.05,0.179,0.042,4,1
ITM004,Rice,Grains,HH011,0.7,0.32,0.122,0.03,1,1
ITM015,Butter,Dairy,HH008,1.92,0.31,0.085,0.031,4,0
ITM003,Bread,Bakery,HH019,9.75,1.77,0.705,0.437,2,0
ITM011,Cereal,Pantry,HH020,2.28,0.4,0.059,0.034,1,0
ITM011,Cereal,Pantry,HH018,0.38,0.26,0.124,0.016,3,1
ITM007,Tomatoes,Produce,HH013,0.51,0.98,0.493,0.213,5,1
ITM007,Tomatoes,Produce,HH017,6.0,1.15,0.451,0.288,2,0
ITM007,Tomatoes,Produce,HH015,2.19,0.73,0.262,0.135,2,1
ITM008,Yogurt,Dairy,HH009,6.06,1.93,0.632,0.25,3,1
ITM001,Milk,Dairy,HH007,12.49,1.89,0.514,0.313,2,0
ITM010,Bananas,Produce,HH011,3.68,1.27,0.387,0.159,5,0
ITM009,Cheese,Dairy,HH009,1.03,0.39,0.107,0.086,4,1
ITM004,Rice,Grains,HH009,2.37,0.42,0.196,0.024,1,0
ITM009,Cheese,Dairy,HH012,2.28,0.38,0.08,0.009,3,0
ITM013,Frozen Peas,Frozen,HH003,0.97,0.43,0.132,0.093,2,1
ITM004,Rice,Grains,HH017,0.95,0.38,0.142,0.074,2,0
ITM010,Bananas,Produce,HH012,7.04,1.33,0.404,0.243,3,0
ITM005,Ice Cream,Frozen,HH013,1.5,0.69,0.283,0.056,4,1
ITM014,Orange Juice,Beverages,HH016,3.64,0.75,0.216,0.054,2,0
ITM010,Bananas,Produce,HH019,6.57,1.07,0.553,0.319,4,0
ITM009,Cheese,Dairy,HH003,2.09,0.35,0.121,0.071,3,0
ITM002,Eggs,Dairy,HH016,4.55,1.08,0.412,0.19,1,0
ITM008,Yogurt,Dairy,HH018,5.13,1.11,0.678,0.397,4,1
ITM005,Ice Cream,Frozen,HH018,0.77,0.73,0.231,0.035,1,1
ITM014,Orange Juice,Beverages,HH004,1.54,0.64,0.386,0.301,2,1
ITM011,Cereal,Pantry,HH010,2.16,0.38,0.07,0.02,4,0
ITM012,Cooking Oil,Pantry,HH018,1.07,0.17,0.067,0.035,3,0
ITM010,Bananas,Produce,HH017,5.35,1.51,0.391,0.298,1,1
ITM007,Tomatoes,Produce,HH019,5.56,1.13,0.423,0.269,3,0
ITM004,Rice,Grains,HH008,0.82,0.57,0.226,0.122,4,1
ITM001,Milk,Dairy,HH003,6.35,1.51,0.871,0.637,4,1
ITM012,Cooking Oil,Pantry,HH017,0.41,0.13,0.043,0.017,5,1
ITM002,Eggs,Dairy,HH011,3.7,0.82,0.334,0.184,1,0
ITM004,Rice,Grains,HH019,3.0,0.5,0.167,0.063,5,0
ITM002,Eggs,Dairy,HH016,7.5,1.34,0.26,0.161,4,0
ITM010,Bananas,Produce,HH002,5.55,1.14,0.498,0.127,3,0
ITM008,Yogurt,Dairy,HH015,11.91,1.95,0.211,0.072,5,0
ITM001,Milk,Dairy,HH017,4.1,1.96,0.621,0.293,5,1
ITM012,Cooking Oil,Pantry,HH016,1.24,0.18,0.052,0.032,1,0
ITM005,Ice Cream,Frozen,HH014,3.36,0.52,0.226,0.056,2,0
ITM006,Chicken Breast,Meat,HH012,0.94,0.67,0.252,0.131,2,1
ITM011,Cereal,Pantry,HH014,1.88,0.35,0.151,0.062,1,0
ITM015,Butter,Dairy,HH001,1.21,0.29,0.051,0.026,1,0
ITM003,Bread,Bakery,HH004,10.01,1.81,0.746,0.32,5,0
ITM006,Chicken Breast,Meat,HH004,7.89,1.19,0.328,0.159,3,0
ITM006,Chicken Breast,Meat,HH013,2.97,0.78,0.44,0.073,5,1
ITM006,Chicken Breast,Meat,HH003,4.1,0.75,0.349,0.115,2,0
ITM003,Bread,Bakery,HH004,9.99,1.5,0.88,0.112,5,0
ITM001,Milk,Dairy,HH017,8.68,2.22,0.749,0.077,1,0
ITM003,Bread,Bakery,HH007,7.21,1.45,0.431,0.08,5,0
ITM007,Tomatoes,Produce,HH014,7.78,1.16,0.426,0.266,3,0
ITM001,Milk,Dairy,HH018,1.11,1.98,0.605,0.355,1,1
ITM014,Orange Juice,Beverages,HH003,1.09,0.77,0.347,0.165,3,1
ITM010,Bananas,Produce,HH002,6.12,1.07,0.345,0.2,4,0
ITM004,Rice,Grains,HH015,1.06,0.43,0.098,0.04,4,1
ITM002,Eggs,Dairy,HH009,4.8,1.53,0.535,0.177,4,1
ITM002,Eggs,Dairy,HH004,1.18,0.81,0.532,0.242,4,1
ITM010,Bananas,Produce,HH018,9.36,1.4,0.614,0.083,1,0
ITM002,Eggs,Dairy,HH018,7.2,1.1,0.393,0.307,5,0
ITM007,Tomatoes,Produce,HH014,3.7,0.77,0.432,0.316,5,1
ITM005,Ice Cream,Frozen,HH013,1.54,0.71,0.186,0.137,3,1
ITM015,Butter,Dairy,HH019,1.98,0.31,0.103,0.045,4,0
ITM014,Orange Juice,Beverages,HH007,0.99,0.8,0.324,0.229,5,1
ITM003,Bread,Bakery,HH005,2.36,1.33,0.31,0.173,4,1
ITM012,Cooking Oil,Pantry,HH002,0.69,0.11,0.051,0.026,2,0
ITM007,Tomatoes,Produce,HH017,6.55,1.04,0.395,0.137,3,0
ITM012,Cooking Oil,Pantry,HH018,0.18,0.13,0.067,0.035,3,1
ITM002,Eggs,Dairy,HH012,1.82,1.01,0.406,0.171,2,1
ITM007,Tomatoes,Produce,HH020,3.02,0.73,0.217,0.123,3,0
ITM007,Tomatoes,Produce,HH003,5.63,0.86,0.329,0.14,1,0
ITM002,Eggs,Dairy,HH020,3.3,1.02,0.2,0.152,2,0
ITM002,Eggs,Dairy,HH005,6.4,1.23,0.212,0.151,3,0
ITM001,Milk,Dairy,HH003,10.65,1.98,0.9,0.603,4,0
ITM004,Rice,Grains,HH014,1.81,0.57,0.24,0.111,5,1
ITM009,Cheese,Dairy,HH006,1.93,0.35,0.077,0.032,4,0
ITM015,Butter,Dairy,HH016,1.8,0.29,0.062,0.012,1,0
ITM010,Bananas,Produce,HH019,3.72,1.01,0.635,0.366,3,1
ITM012,Cooking Oil,Pantry,HH016,0.81,0.14,0.043,0.014,3,0
ITM006,Chicken Breast,Meat,HH012,4.93,0.89,0.287,0.101,1,0
ITM004,Rice,Grains,HH015,0.96,0.56,0.081,0.012,4,1
ITM007,Tomatoes,Produce,HH016,4.14,0.97,0.346,0.044,1,0
ITM013,Frozen Peas,Frozen,HH014,2.07,0.54,0.193,0.063,1,0
ITM012,Cooking Oil,Pantry,HH001,1.12,0.16,0.039,0.012,3,0
ITM001,Milk,Dairy,HH004,2.88,1.43,1.028,0.169,2,1
ITM010,Bananas,Produce,HH014,2.73,1.37,0.721,0.492,5,1
ITM015,Butter,Dairy,HH012,1.3,0.3,0.094,0.064,2,0
ITM012,Cooking Oil,Pantry,HH011,0.66,0.18,0.049,0.022,1,0
ITM006,Chicken Breast,Meat,HH017,1.74,1.13,0.29,0.099,2,1
ITM015,Butter,Dairy,HH017,1.39,0.27,0.085,0.033,5,0
ITM001,Milk,Dairy,HH016,7.11,1.72,0.493,0.132,3,0
ITM010,Bananas,Produce,HH009,0.92,1.45,0.453,0.101,1,1
ITM008,Yogurt,Dairy,HH018,4.77,1.24,0.592,0.157,2,1
ITM007,Tomatoes,Produce,HH009,0.42,0.73,0.629,0.222,1,1
ITM011,Cereal,Pantry,HH012,1.23,0.29,0.102,0.017,3,0
ITM012,Cooking Oil,Pantry,HH002,0.42,0.13,0.037,0.015,3,0
ITM002,Eggs,Dairy,HH013,8.77,1.45,0.433,0.219,1,0
ITM010,Bananas,Produce,HH005,4.94,0.84,0.248,0.06,3,0
ITM001,Milk,Dairy,HH010,1.4,1.35,0.274,0.126,3,1
ITM001,Milk,Dairy,HH006,2.45,2.25,0.532,0.083,2,1
ITM011,Cereal,Pantry,HH007,0.3,0.31,0.1,0.046,2,1
ITM013,Frozen Peas,Frozen,HH008,2.16,0.59,0.203,0.062,1,1
ITM001,Milk,Dairy,HH005,6.94,1.88,0.404,0.28,1,0
ITM001,Milk,Dairy,HH004,2.2,1.84,0.704,0.319,4,1
ITM014,Orange Juice,Beverages,HH012,6.18,1.08,0.259,0.074,4,0
ITM010,Bananas,Produce,HH003,5.01,1.0,0.526,0.09,1,1
ITM015,Butter,Dairy,HH019,0.23,0.27,0.109,0.033,2,1
ITM012,Cooking Oil,Pantry,HH013,0.73,0.17,0.062,0.048,5,0
ITM003,Bread,Bakery,HH020,2.37,1.2,0.328,0.16,3,1
ITM009,Cheese,Dairy,HH018,2.26,0.35,0.151,0.086,3,0
ITM014,Orange Juice,Beverages,HH007,4.86,0.86,0.246,0.122,3,0
ITM007,Tomatoes,Produce,HH011,0.79,1.02,0.239,0.136,1,1
ITM012,Cooking Oil,Pantry,HH007,0.48,0.18,0.04,0.012,5,1
ITM015,Butter,Dairy,HH019,0.94,0.25,0.144,0.043,4,1
ITM009,Cheese,Dairy,HH010,1.53,0.23,0.052,0.014,4,0
ITM014,Orange Juice,Beverages,HH014,2.32,0.65,0.365,0.102,2,1
ITM004,Rice,Grains,HH002,1.13,0.58,0.18,0.026,2,1
ITM011,Cereal,Pantry,HH010,1.13,0.21,0.077,0.06,5,0
ITM010,Bananas,Produce,HH005,1.24,1.08,0.212,0.096,1,1
ITM008,Yogurt,Dairy,HH011,6.75,1.12,0.368,0.086,4,0
ITM015,Butter,Dairy,HH005,0.55,0.22,0.041,0.03,3,0
ITM002,Eggs,Dairy,HH008,6.95,1.32,0.578,0.165,4,0
ITM011,Cereal,Pantry,HH015,1.19,0.27,0.042,0.029,5,0
ITM003,Bread,Bakery,HH002,10.16,1.96,0.62,0.44,4,0
ITM011,Cereal,Pantry,HH011,0.36,0.22,0.092,0.043,5,1
ITM012,Cooking Oil,Pantry,HH016,1.3,0.2,0.036,0.007,2,0
ITM002,Eggs,Dairy,HH003,0.92,0.93,0.354,0.076,2,1
ITM012,Cooking Oil,Pantry,HH011,0.19,0.12,0.029,0.02,2,1
ITM005,Ice Cream,Frozen,HH005,0.57,0.47,0.132,0.074,3,1
ITM002,Eggs,Dairy,HH003,4.45,0.94,0.578,0.191,3,1
ITM012,Cooking Oil,Pantry,HH004,0.57,0.12,0.07,0.011,4,1
ITM013,Frozen Peas,Frozen,HH008,2.16,0.46,0.226,0.144,2,1
ITM006,Chicken Breast,Meat,HH016,6.91,1.11,0.182,0.12,1,0
ITM011,Cereal,Pantry,HH011,0.31,0.2,0.07,0.015,2,1
ITM008,Yogurt,Dairy,HH018,6.98,1.64,0.506,0.36,3,0
ITM005,Ice Cream,Frozen,HH006,0.9,0.46,0.197,0.074,3,1
ITM007,Tomatoes,Produce,HH007,2.05,0.71,0.433,0.127,3,1
ITM006,Chicken Breast,Meat,HH015,0.64,0.68,0.218,0.055,3,1
ITM003,Bread,Bakery,HH011,5.18,1.02,0.41,0.302,1,1
ITM002,Eggs,Dairy,HH020,0.98,0.96,0.258,0.146,3,1
ITM008,Yogurt,Dairy,HH011,7.27,1.57,0.282,0.185,4,0
ITM008,Yogurt,Dairy,HH002,5.29,1.19,0.542,0.177,2,0
ITM009,Cheese,Dairy,HH013,0.91,0.33,0.091,0.051,5,1
ITM006,Chicken Breast,Meat,HH014,4.37,0.63,0.353,0.066,2,0
ITM013,Frozen Peas,Frozen,HH008,3.2,0.58,0.17,0.103,2,0
ITM001,Milk,Dairy,HH018,2.89,1.63,0.747,0.546,1,1
ITM011,Cereal,Pantry,HH020,0.56,0.33,0.042,0.008,1,1
ITM002,Eggs,Dairy,HH013,5.66,1.35,0.386,0.204,4,0
ITM002,Eggs,Dairy,HH019,1.15,1.03,0.547,0.175,5,1
ITM008,Yogurt,Dairy,HH008,1.88,1.16,0.559,0.091,3,1
ITM009,Cheese,Dairy,HH004,1.1,0.34,0.178,0.024,4,1
ITM008,Yogurt,Dairy,HH015,3.89,1.97,0.22,0.109,4,0
ITM006,Chicken Breast,Meat,HH011,3.21,1.19,0.263,0.132,2,1
ITM009,Cheese,Dairy,HH018,0.2,0.23,0.094,0.027,2,1
ITM005,Ice Cream,Frozen,HH019,3.47,0.53,0.259,0.124,2,0
ITM009,Cheese,Dairy,HH019,1.44,0.38,0.135,0.076,3,0
ITM005,Ice Cream,Frozen,HH010,2.54,0.54,0.153,0.06,2,0
ITM004,Rice,Grains,HH020,1.69,0.43,0.087,0.048,3,0
ITM007,Tomatoes,Produce,HH008,2.39,1.37,0.368,0.09,5,1
ITM008,Yogurt,Dairy,HH020,8.61,1.94,0.316,0.245,4,0
ITM002,Eggs,Dairy,HH014,4.45,1.51,0.684,0.498,1,1
ITM011,Cereal,Pantry,HH014,1.05,0.3,0.178,0.029,3,1
ITM010,Bananas,Produce,HH001,7.96,1.23,0.343,0.252,3,0
ITM002,Eggs,Dairy,HH015,9.16,1.51,0.267,0.102,5,0
ITM015,Butter,Dairy,HH015,1.24,0.26,0.059,0.008,5,0
ITM009,Cheese,Dairy,HH017,0.13,0.2,0.081,0.023,3,1
ITM014,Orange Juice,Beverages,HH008,0.78,0.69,0.257,0.038,5,1
ITM001,Milk,Dairy,HH015,6.47,2.01,0.309,0.164,3,0
ITM011,Cereal,Pantry,HH006,0.48,0.24,0.087,0.067,5,1
ITM014,Orange Juice,Beverages,HH008,0.59,1.06,0.258,0.026,3,1
ITM001,Milk,Dairy,HH008,6.25,1.77,0.592,0.387,4,0
ITM003,Bread,Bakery,HH003,2.3,1.68,0.446,0.153,1,1
ITM009,Cheese,Dairy,HH006,2.13,0.35,0.101,0.077,4,0
ITM010,Bananas,Produce,HH010,3.56,1.0,0.283,0.172,1,1
ITM005,Ice Cream,Frozen,HH016,2.47,0.6,0.162,0.074,2,0
ITM004,Rice,Grains,HH006,0.38,0.56,0.135,0.096,1,1
ITM013,Frozen Peas,Frozen,HH019,3.59,0.52,0.172,0.033,1,0
ITM010,Bananas,Produce,HH015,6.61,1.28,0.202,0.058,3,0
ITM001,Milk,Dairy,HH004,9.19,1.82,0.854,0.181,1,0
ITM014,Orange Juice,Beverages,HH010,1.43,0.94,0.167,0.109,1,1
ITM014,Orange Juice,Beverages,HH009,4.73,1.08,0.52,0.172,1,1
ITM003,Bread,Bakery,HH016,6.89,1.1,0.463,0.333,2,0
ITM002,Eggs,Dairy,HH020,6.91,1.55,0.18,0.034,1,0
ITM005,Ice Cream,Frozen,HH001,2.49,0.68,0.144,0.085,1,0
ITM012,Cooking Oil,Pantry,HH005,1.06,0.19,0.037,0.022,2,0
ITM002,Eggs,Dairy,HH015,4.48,1.27,0.241,0.037,1,0
ITM008,Yogurt,Dairy,HH014,1.72,1.12,0.52,0.205,1,1
ITM003,Bread,Bakery,HH003,2.35,1.31,0.672,0.337,3,1
ITM013,Frozen Peas,Frozen,HH004,1.3,0.43,0.247,0.057,3,1
ITM015,Butter,Dairy,HH003,1.28,0.26,0.118,0.022,5,0
ITM013,Frozen Peas,Frozen,HH016,0.61,0.38,0.094,0.016,3,1
ITM005,Ice Cream,Frozen,HH017,1.28,0.68,0.154,0.041,2,1
ITM006,Chicken Breast,Meat,HH019,0.66,0.64,0.418,0.277,1,1
ITM014,Orange Juice,Beverages,HH013,0.44,0.73,0.285,0.222,4,1
ITM004,Rice,Grains,HH003,2.43,0.39,0.203,0.055,3,0
ITM015,Butter,Dairy,HH004,1.89,0.29,0.119,0.062,3,0
ITM015,Butter,Dairy,HH013,1.4,0.29,0.072,0.04,5,0
ITM013,Frozen Peas,Frozen,HH011,0.6,0.33,0.13,0.024,4,1
ITM013,Frozen Peas,Frozen,HH020,2.97,0.44,0.073,0.055,2,0
ITM009,Cheese,Dairy,HH004,1.43,0.23,0.134,0.093,5,0
ITM011,Cereal,Pantry,HH004,0.42,0.26,0.108,0.068,2,1
ITM007,Tomatoes,Produce,HH011,4.69,0.86,0.319,0.047,4,0
ITM005,Ice Cream,Frozen,HH018,3.54,0.73,0.293,0.074,2,0
ITM011,Cereal,Pantry,HH008,1.05,0.22,0.092,0.045,2,0
ITM002,Eggs,Dairy,HH001,4.59,1.49,0.399,0.083,2,0
ITM013,Frozen Peas,Frozen,HH019,2.92,0.42,0.253,0.042,1,0
ITM015,Butter,Dairy,HH011,1.31,0.27,0.064,0.042,3,0
ITM009,Cheese,Dairy,HH017,1.67,0.35,0.098,0.038,3,0
ITM006,Chicken Breast,Meat,HH001,3.31,1.16,0.213,0.034,3,0
ITM001,Milk,Dairy,HH008,8.88,2.38,0.615,0.343,4,0
ITM007,Tomatoes,Produce,HH004,5.48,1.19,0.636,0.317,4,1
ITM013,Frozen Peas,Frozen,HH019,2.19,0.4,0.227,0.172,3,0
ITM008,Yogurt,Dairy,HH002,1.11,1.48,0.567,0.263,3,1
ITM015,Butter,Dairy,HH006,0.26,0.21,0.051,0.03,4,1
ITM002,Eggs,Dairy,HH006,0.73,0.87,0.299,0.117,4,1
ITM003,Bread,Bakery,HH009,7.64,1.29,0.722,0.297,4,0
ITM008,Yogurt,Dairy,HH015,4.24,1.93,0.376,0.068,5,1
ITM003,Bread,Bakery,HH001,3.8,1.52,0.509,0.184,5,1
ITM001,Milk,Dairy,HH001,3.6,1.32,0.609,0.402,4,1
ITM004,Rice,Grains,HH005,3.16,0.46,0.115,0.021,4,0
ITM009,Cheese,Dairy,HH012,1.36,0.24,0.1,0.069,3,0
ITM012,Cooking Oil,Pantry,HH002,0.33,0.11,0.06,0.014,3,1
ITM004,Rice,Grains,HH012,2.19,0.52,0.189,0.119,3,0
ITM002,Eggs,Dairy,HH003,7.76,1.12,0.487,0.162,1,0
ITM013,Frozen Peas,Frozen,HH020,0.66,0.37,0.095,0.031,3,1
ITM011,Cereal,Pantry,HH012,0.94,0.2,0.074,0.015,2,0
ITM006,Chicken Breast,Meat,HH016,6.95,1.08,0.292,0.119,5,0
ITM006,Chicken Breast,Meat,HH015,5.06,0.91,0.192,0.13,2,0
ITM015,Butter,Dairy,HH006,0.59,0.18,0.057,0.009,5,1
ITM008,Yogurt,Dairy,HH018,4.66,1.4,0.723,0.51,3,1
ITM002,Eggs,Dairy,HH001,6.61,1.17,0.4,0.215,3,0
ITM008,Yogurt,Dairy,HH018,4.35,1.63,0.774,0.109,5,1
ITM006,Chicken Breast,Meat,HH019,4.03,1.14,0.473,0.297,3,1
ITM006,Chicken Breast,Meat,HH008,3.54,1.13,0.315,0.113,1,0
ITM014,Orange Juice,Beverages,HH014,1.31,0.92,0.459,0.135,2,1
ITM006,Chicken Breast,Meat,HH006,0.91,0.86,0.233,0.173,2,1
ITM015,Butter,Dairy,HH018,0.22,0.25,0.096,0.025,5,1
ITM007,Tomatoes,Produce,HH006,2.64,0.85,0.334,0.213,1,1
ITM012,Cooking Oil,Pantry,HH008,0.38,0.13,0.061,0.032,4,1
ITM011,Cereal,Pantry,HH008,0.6,0.35,0.105,0.038,5,1
ITM003,Bread,Bakery,HH010,3.52,1.36,0.3,0.181,3,1
ITM009,Cheese,Dairy,HH012,1.04,0.2,0.099,0.062,5,0
ITM006,Chicken Breast,Meat,HH019,1.12,1.05,0.372,0.105,4,1
ITM011,Cereal,Pantry,HH017,0.81,0.24,0.085,0.02,2,1
ITM005,Ice Cream,Frozen,HH016,0.28,0.4,0.185,0.039,5,1
ITM008,Yogurt,Dairy,HH004,3.29,1.33,0.689,0.302,5,1
ITM010,Bananas,Produce,HH008,9.58,1.42,0.359,0.145,1,0
ITM009,Cheese,Dairy,HH006,0.23,0.34,0.079,0.04,1,1
ITM014,Orange Juice,Beverages,HH007,6.9,1.03,0.293,0.054,5,0
ITM002,Eggs,Dairy,HH010,6.76,1.25,0.207,0.075,4,0
ITM012,Cooking Oil,Pantry,HH014,0.14,0.14,0.054,0.033,4,1
ITM005,Ice Cream,Frozen,HH010,1.89,0.76,0.097,0.035,2,0
ITM003,Bread,Bakery,HH015,3.9,1.51,0.284,0.145,1,1
ITM005,Ice Cream,Frozen,HH006,3.28,0.52,0.122,0.075,2,0
ITM005,Ice Cream,Frozen,HH007,0.96,0.54,0.147,0.106,3,1
ITM005,Ice Cream,Frozen,HH020,3.81,0.71,0.108,0.059,4,0
ITM002,Eggs,Dairy,HH019,5.09,1.41,0.465,0.2,5,0
ITM007,Tomatoes,Produce,HH016,3.51,1.08,0.22,0.159,4,0
ITM002,Eggs,Dairy,HH017,5.33,0.83,0.433,0.317,3,0
ITM009,Cheese,Dairy,HH012,0.98,0.22,0.119,0.021,3,1
ITM002,Eggs,Dairy,HH017,6.32,1.34,0.483,0.095,3,0
ITM015,Butter,Dairy,HH004,0.55,0.2,0.079,0.02,5,1
ITM008,Yogurt,Dairy,HH020,3.56,1.06,0.369,0.068,1,0
ITM006,Chicken Breast,Meat,HH020,0.94,0.98,0.169,0.116,5,1
ITM003,Bread,Bakery,HH007,4.9,1.51,0.595,0.465,2,1
ITM002,Eggs,Dairy,HH004,4.91,1.04,0.485,0.255,2,0
ITM004,Rice,Grains,HH017,3.05,0.46,0.138,0.043,1,0
ITM002,Eggs,Dairy,HH018,4.04,0.99,0.377,0.271,1,0
ITM003,Bread,Bakery,HH014,2.36,1.15,0.853,0.664,5,1
ITM009,Cheese,Dairy,HH005,1.4,0.29,0.054,0.039,3,0
ITM002,Eggs,Dairy,HH020,2.3,0.92,0.261,0.101,5,1
ITM006,Chicken Breast,Meat,HH006,2.78,0.96,0.183,0.121,3,0
ITM011,Cereal,Pantry,HH001,0.73,0.31,0.058,0.023,3,1
ITM002,Eggs,Dairy,HH008,1.55,1.51,0.364,0.046,2,1
ITM005,Ice Cream,Frozen,HH013,3.53,0.8,0.205,0.138,3,0
ITM006,Chicken Breast,Meat,HH018,4.83,0.88,0.384,0.124,1,0
ITM004,Rice,Grains,HH014,1.19,0.47,0.182,0.055,5,1
ITM002,Eggs,Dairy,HH005,5.53,1.45,0.297,0.102,3,0
ITM007,Tomatoes,Produce,HH002,5.62,1.09,0.384,0.232,2,0
ITM008,Yogurt,Dairy,HH011,1.87,1.92,0.344,0.197,2,1
ITM010,Bananas,Produce,HH003,3.1,0.88,0.435,0.211,3,1
ITM013,Frozen Peas,Frozen,HH002,2.01,0.34,0.154,0.109,5,0
ITM011,Cereal,Pantry,HH003,0.55,0.2,0.12,0.058,2,1
ITM008,Yogurt,Dairy,HH004,5.58,1.66,0.757,0.207,5,1
ITM004,Rice,Grains,HH014,1.01,0.31,0.27,0.17,5,1
ITM003,Bread,Bakery,HH005,1.24,1.27,0.245,0.102,1,1
ITM003,Bread,Bakery,HH017,2.54,1.09,0.533,0.225,4,1
ITM005,Ice Cream,Frozen,HH012,2.54,0.49,0.236,0.128,5,0
ITM007,Tomatoes,Produce,HH017,8.7,1.33,0.349,0.106,5,0
ITM003,Bread,Bakery,HH017,10.38,1.81,0.59,0.284,3,0
ITM015,Butter,Dairy,HH009,1.72,0.28,0.113,0.013,3,0
ITM014,Orange Juice,Beverages,HH019,5.86,1.13,0.521,0.347,2,0
ITM014,Orange Juice,Beverages,HH009,1.59,0.7,0.415,0.089,1,1
ITM001,Milk,Dairy,HH009,5.43,1.55,0.633,0.267,3,1
ITM008,Yogurt,Dairy,HH002,7.79,1.37,0.635,0.356,5,0
ITM014,Orange Juice,Beverages,HH006,4.85,0.94,0.219,0.041,2,0
ITM013,Frozen Peas,Frozen,HH019,3.35,0.56,0.155,0.023,2,0
ITM008,Yogurt,Dairy,HH009,1.41,1.01,0.512,0.151,2,1
ITM013,Frozen Peas,Frozen,HH019,2.81,0.46,0.232,0.098,2,0
ITM007,Tomatoes,Produce,HH002,5.15,0.77,0.39,0.241,4,0
ITM001,Milk,Dairy,HH012,8.54,2.29,0.528,0.376,3,0
ITM008,Yogurt,Dairy,HH003,4.19,1.1,0.514,0.17,1,1
ITM011,Cereal,Pantry,HH014,1.54,0.26,0.164,0.118,2,0
ITM006,Chicken Breast,Meat,HH002,2.71,1.18,0.222,0.133,5,0
ITM015,Butter,Dairy,HH011,1.07,0.27,0.08,0.012,4,0
ITM015,Butter,Dairy,HH008,1.44,0.26,0.104,0.056,2,0
ITM003,Bread,Bakery,HH016,3.15,1.61,0.317,0.059,3,1
ITM008,Yogurt,Dairy,HH004,0.95,1.26,0.854,0.425,3,1
ITM001,Milk,Dairy,HH015,5.79,1.22,0.282,0.043,3,0
ITM001,Milk,Dairy,HH007,1.85,1.61,0.674,0.353,1,1
ITM007,Tomatoes,Produce,HH019,3.92,0.95,0.453,0.09,2,1
ITM013,Frozen Peas,Frozen,HH011,0.5,0.4,0.107,0.011,3,1
ITM013,Frozen Peas,Frozen,HH013,1.35,0.46,0.23,0.03,3,1
ITM010,Bananas,Produce,HH013,3.31,0.99,0.443,0.085,1,1
ITM015,Butter,Dairy,HH002,1.05,0.2,0.07,0.04,2,0
ITM010,Bananas,Produce,HH008,3.39,1.19,0.485,0.181,5,1
ITM001,Milk,Dairy,HH008,6.18,1.44,0.677,0.265,4,1
ITM014,Orange Juice,Beverages,HH010,3.73,1.01,0.157,0.114,1,0
ITM008,Yogurt,Dairy,HH016,10.7,1.57,0.472,0.201,3,0
ITM001,Milk,Dairy,HH019,5.43,1.42,0.97,0.52,4,1
ITM009,Cheese,Dairy,HH001,1.18,0.29,0.072,0.041,1,0
ITM014,Orange Juice,Beverages,HH010,1.62,0.8,0.139,0.057,5,1
ITM012,Cooking Oil,Pantry,HH009,0.74,0.18,0.08,0.047,3,0
ITM013,Frozen Peas,Frozen,HH007,0.5,0.51,0.107,0.079,5,1
ITM003,Bread,Bakery,HH011,1.31,1.0,0.446,0.118,4,1
ITM006,Chicken Breast,Meat,HH012,0.87,0.91,0.299,0.18,2,1
ITM001,Milk,Dairy,HH012,11.08,1.91,0.55,0.399,4,0
ITM008,Yogurt,Dairy,HH007,1.9,1.23,0.46,0.204,3,1
ITM011,Cereal,Pantry,HH013,0.57,0.36,0.108,0.067,4,1
ITM014,Orange Juice,Beverages,HH018,5.52,1.16,0.404,0.128,5,0
ITM010,Bananas,Produce,HH016,0.66,1.15,0.41,0.151,1,1
ITM004,Rice,Grains,HH007,1.25,0.35,0.146,0.105,2,0
ITM008,Yogurt,Dairy,HH004,1.24,1.2,0.517,0.238,1,1
ITM014,Orange Juice,Beverages,HH010,3.09,0.69,0.162,0.073,1,0
ITM008,Yogurt,Dairy,HH007,1.59,1.31,0.644,0.45,5,1
ITM009,Cheese,Dairy,HH015,1.82,0.37,0.05,0.029,2,0
ITM002,Eggs,Dairy,HH003,1.09,1.2,0.393,0.137,5,1
ITM002,Eggs,Dairy,HH001,0.92,0.8,0.404,0.041,5,1
ITM010,Bananas,Produce,HH012,0.9,1.24,0.367,0.252,2,1
ITM005,Ice Cream,Frozen,HH004,4.14,0.74,0.274,0.187,3,0
ITM005,Ice Cream,Frozen,HH001,2.06,0.7,0.17,0.045,2,0
ITM005,Ice Cream,Frozen,HH012,1.55,0.54,0.168,0.036,1,1
ITM004,Rice,Grains,HH020,1.45,0.47,0.116,0.016,3,0
ITM005,Ice Cream,Frozen,HH016,3.34,0.59,0.142,0.025,5,0
ITM002,Eggs,Dairy,HH003,4.76,0.99,0.372,0.218,2,0
ITM015,Butter,Dairy,HH002,0.4,0.19,0.085,0.025,2,1
ITM012,Cooking Oil,Pantry,HH016,0.97,0.14,0.046,0.023,2,0
ITM002,Eggs,Dairy,HH017,1.97,0.91,0.446,0.069,2,1
ITM010,Bananas,Produce,HH007,7.24,1.22,0.407,0.126,1,0
ITM009,Cheese,Dairy,HH017,1.53,0.34,0.116,0.024,5,0
ITM006,Chicken Breast,Meat,HH009,1.36,1.08,0.32,0.104,4,1
ITM015,Butter,Dairy,HH014,1.44,0.22,0.117,0.016,1,0
ITM009,Cheese,Dairy,HH017,2.07,0.38,0.117,0.069,2,0
ITM002,Eggs,Dairy,HH020,3.88,0.9,0.309,0.155,1,0
ITM001,Milk,Dairy,HH006,3.69,1.6,0.391,0.246,5,1
ITM006,Chicken Breast,Meat,HH004,5.24,1.19,0.469,0.16,2,0
ITM004,Rice,Grains,HH001,2.36,0.55,0.102,0.048,5,0
ITM015,Butter,Dairy,HH016,0.59,0.26,0.067,0.042,1,1
ITM012,Cooking Oil,Pantry,HH012,0.75,0.16,0.038,0.03,2,0
ITM007,Tomatoes,Produce,HH017,3.81,1.06,0.405,0.173,3,1
ITM010,Bananas,Produce,HH004,1.03,1.38,0.478,0.359,1,1
ITM006,Chicken Breast,Meat,HH015,2.03,0.75,0.156,0.043,1,0
ITM010,Bananas,Produce,HH004,5.95,1.35,0.649,0.296,2,1
ITM005,Ice Cream,Frozen,HH001,2.33,0.68,0.175,0.094,4,0
ITM009,Cheese,Dairy,HH016,0.99,0.33,0.069,0.021,3,0
ITM002,Eggs,Dairy,HH001,3.37,1.08,0.238,0.154,4,0
ITM011,Cereal,Pantry,HH009,1.03,0.34,0.129,0.095,2,1
ITM005,Ice Cream,Frozen,HH020,0.69,0.45,0.137,0.074,4,1
ITM010,Bananas,Produce,HH009,7.82,1.5,0.694,0.209,4,0
ITM007,Tomatoes,Produce,HH001,1.89,1.22,0.23,0.079,5,1
ITM012,Cooking Oil,Pantry,HH005,1.05,0.19,0.027,0.017,5,0
ITM014,Orange Juice,Beverages,HH002,2.27,0.79,0.236,0.125,2,1
ITM007,Tomatoes,Produce,HH013,5.08,0.81,0.3,0.076,2,0
ITM010,Bananas,Produce,HH013,6.02,1.37,0.387,0.119,5,0
ITM011,Cereal,Pantry,HH020,1.87,0.34,0.054,0.017,4,0
ITM013,Frozen Peas,Frozen,HH016,2.93,0.49,0.142,0.055,4,0
ITM002,Eggs,Dairy,HH009,8.34,1.29,0.631,0.431,1,0
ITM003,Bread,Bakery,HH002,6.44,1.09,0.497,0.079,5,0
ITM014,Orange Juice,Beverages,HH020,2.34,1.1,0.217,0.114,1,1
ITM003,Bread,Bakery,HH015,11.27,1.84,0.211,0.035,4,0
ITM015,Butter,Dairy,HH008,0.39,0.28,0.122,0.027,2,1
ITM014,Orange Juice,Beverages,HH005,4.89,0.89,0.197,0.047,4,0
ITM008,Yogurt,Dairy,HH015,4.4,1.13,0.316,0.147,3,0
ITM009,Cheese,Dairy,HH006,0.98,0.23,0.065,0.009,5,0
ITM013,Frozen Peas,Frozen,HH018,0.86,0.45,0.14,0.021,1,1
ITM006,Chicken Breast,Meat,HH015,1.17,0.65,0.231,0.184,4,1
ITM002,Eggs,Dairy,HH003,2.69,1.43,0.41,0.182,3,1
ITM013,Frozen Peas,Frozen,HH013,2.9,0.53,0.136,0.056,2,0
ITM014,Orange Juice,Beverages,HH014,4.08,1.1,0.471,0.139,2,0
ITM008,Yogurt,Dairy,HH011,8.45,1.33,0.396,0.113,3,0
ITM008,Yogurt,Dairy,HH005,5.74,1.23,0.357,0.21,1,0
ITM002,Eggs,Dairy,HH010,7.55,1.47,0.241,0.068,4,0
ITM001,Milk,Dairy,HH010,1.86,1.59,0.345,0.129,5,1
ITM004,Rice,Grains,HH007,3.05,0.59,0.121,0.06,1,0
ITM014,Orange Juice,Beverages,HH010,3.97,0.62,0.233,0.139,5,0
ITM005,Ice Cream,Frozen,HH005,1.93,0.6,0.098,0.015,5,0
ITM001,Milk,Dairy,HH004,12.83,2.0,0.992,0.783,5,0
ITM003,Bread,Bakery,HH018,5.06,1.35,0.478,0.066,4,0
ITM001,Milk,Dairy,HH008,9.41,2.21,0.935,0.131,3,0
ITM005,Ice Cream,Frozen,HH019,3.01,0.72,0.311,0.147,5,0
ITM008,Yogurt,Dairy,HH006,7.23,1.82,0.411,0.096,4,0
ITM007,Tomatoes,Produce,HH014,5.41,1.1,0.368,0.227,4,0
ITM012,Cooking Oil,Pantry,HH020,0.15,0.2,0.028,0.021,4,1
ITM009,Cheese,Dairy,HH009,0.58,0.22,0.156,0.117,2,1
ITM008,Yogurt,Dairy,HH008,7.22,1.87,0.584,0.175,5,0
ITM011,Cereal,Pantry,HH015,0.91,0.24,0.054,0.028,2,0
ITM005,Ice Cream,Frozen,HH006,1.74,0.67,0.125,0.025,5,0
ITM006,Chicken Breast,Meat,HH013,0.94,0.85,0.432,0.156,5,1
ITM013,Frozen Peas,Frozen,HH016,0.59,0.31,0.131,0.035,3,1
ITM001,Milk,Dairy,HH010,3.55,1.28,0.446,0.069,5,1
ITM003,Bread,Bakery,HH019,5.48,1.99,0.894,0.261,5,1
ITM010,Bananas,Produce,HH009,7.92,1.21,0.666,0.259,1,0
ITM001,Milk,Dairy,HH007,11.22,2.28,0.739,0.229,1,0
ITM015,Butter,Dairy,HH018,1.1,0.31,0.1,0.039,4,0
ITM008,Yogurt,Dairy,HH013,1.79,1.07,0.732,0.295,4,1
ITM014,Orange Juice,Beverages,HH005,5.37,1.0,0.191,0.092,5,0
ITM004,Rice,Grains,HH019,0.58,0.53,0.22,0.028,4,1
ITM003,Bread,Bakery,HH016,5.47,1.01,0.39,0.263,5,0
ITM001,Milk,Dairy,HH010,1.0,1.92,0.298,0.068,2,1
ITM014,Orange Juice,Beverages,HH001,3.27,1.02,0.247,0.096,1,0
ITM007,Tomatoes,Produce,HH007,2.57,0.71,0.313,0.181,2,1
ITM011,Cereal,Pantry,HH001,1.93,0.28,0.09,0.035,5,0
ITM003,Bread,Bakery,HH009,4.02,1.59,0.846,0.278,3,1
ITM002,Eggs,Dairy,HH004,3.72,0.85,0.675,0.45,5,1
ITM012,Cooking Oil,Pantry,HH017,0.3,0.2,0.038,0.014,5,1
ITM008,Yogurt,Dairy,HH013,10.82,1.82,0.568,0.239,2,0
ITM005,Ice Cream,Frozen,HH018,1.74,0.49,0.267,0.032,5,1
ITM006,Chicken Breast,Meat,HH004,1.23,0.63,0.476,0.122,3,1
ITM011,Cereal,Pantry,HH020,0.41,0.21,0.05,0.036,2,1
ITM009,Cheese,Dairy,HH010,0.71,0.23,0.078,0.022,5,1
ITM005,Ice Cream,Frozen,HH004,2.83,0.65,0.218,0.116,5,0
ITM009,Cheese,Dairy,HH005,0.56,0.36,0.042,0.02,3,1
ITM002,Eggs,Dairy,HH001,3.94,0.98,0.248,0.188,3,0
ITM012,Cooking Oil,Pantry,HH013,1.11,0.18,0.053,0.039,3,0
ITM006,Chicken Breast,Meat,HH004,6.2,1.2,0.405,0.269,4,0
ITM005,Ice Cream,Frozen,HH014,4.79,0.69,0.345,0.038,4,0
ITM006,Chicken Breast,Meat,HH008,4.97,0.99,0.362,0.091,4,0
ITM003,Bread,Bakery,HH018,4.52,1.11,0.556,0.43,2,1
ITM006,Chicken Breast,Meat,HH015,6.89,1.1,0.183,0.06,4,0
ITM008,Yogurt,Dairy,HH013,3.64,1.27,0.527,0.303,4,1
ITM008,Yogurt,Dairy,HH019,8.48,1.78,0.825,0.364,5,1
ITM007,Tomatoes,Produce,HH017,9.25,1.35,0.318,0.177,5,0
ITM005,Ice Cream,Frozen,HH001,1.48,0.76,0.173,0.025,2,1
ITM006,Chicken Breast,Meat,HH008,5.77,0.94,0.334,0.042,2,0
ITM015,Butter,Dairy,HH014,0.77,0.16,0.111,0.051,5,1
ITM011,Cereal,Pantry,HH001,0.63,0.3,0.094,0.028,3,1
ITM002,Eggs,Dairy,HH020,2.11,1.25,0.24,0.086,3,1
ITM007,Tomatoes,Produce,HH013,8.25,1.2,0.373,0.09,4,0
ITM003,Bread,Bakery,HH017,1.29,1.48,0.583,0.392,1,1
ITM013,Frozen Peas,Frozen,HH020,2.94,0.54,0.111,0.054,2,0
ITM007,Tomatoes,Produce,HH005,1.07,1.33,0.178,0.033,1,1
ITM007,Tomatoes,Produce,HH010,3.27,1.05,0.152,0.067,5,0
ITM001,Milk,Dairy,HH012,4.15,2.26,0.445,0.251,3,1
ITM008,Yogurt,Dairy,HH017,6.13,1.49,0.594,0.176,4,0
ITM008,Yogurt,Dairy,HH015,1.06,1.54,0.385,0.091,2,1
ITM011,Cereal,Pantry,HH001,1.23,0.29,0.09,0.056,2,0
ITM007,Tomatoes,Produce,HH007,3.52,0.82,0.407,0.139,3,0
ITM014,Orange Juice,Beverages,HH004,4.04,0.76,0.531,0.213,3,1
ITM007,Tomatoes,Produce,HH019,5.62,1.02,0.548,0.362,3,0
ITM001,Milk,Dairy,HH019,4.85,2.34,0.754,0.54,1,1
ITM007,Tomatoes,Produce,HH015,3.97,0.89,0.154,0.04,3,0
ITM013,Frozen Peas,Frozen,HH010,1.35,0.51,0.094,0.063,4,0
ITM012,Cooking Oil,Pantry,HH020,0.54,0.12,0.027,0.007,4,0
ITM009,Cheese,Dairy,HH011,2.38,0.37,0.067,0.029,2,0
ITM007,Tomatoes,Produce,HH017,3.57,0.86,0.307,0.128,2,0
ITM010,Bananas,Produce,HH001,2.57,0.92,0.288,0.149,5,0
ITM001,Milk,Dairy,HH002,9.77,2.28,0.662,0.253,1,0
ITM003,Bread,Bakery,HH020,5.2,1.07,0.376,0.237,1,0
ITM005,Ice Cream,Frozen,HH020,3.3,0.49,0.106,0.073,5,0
ITM004,Rice,Grains,HH020,1.43,0.31,0.076,0.02,4,0
ITM003,Bread,Bakery,HH017,7.87,1.84,0.516,0.184,2,0
ITM008,Yogurt,Dairy,HH009,11.38,1.74,0.737,0.557,2,0
ITM014,Orange Juice,Beverages,HH003,2.76,0.7,0.367,0.152,2,1
ITM012,Cooking Oil,Pantry,HH010,0.62,0.17,0.039,0.01,5,0
ITM009,Cheese,Dairy,HH019,0.76,0.29,0.114,0.032,5,1
ITM012,Cooking Oil,Pantry,HH011,1.25,0.19,0.042,0.034,5,0
ITM012,Cooking Oil,Pantry,HH017,0.51,0.14,0.041,0.025,3,0
ITM010,Bananas,Produce,HH015,6.04,1.46,0.211,0.06,5,0
ITM010,Bananas,Produce,HH009,0.86,0.82,0.392,0.202,3,1
ITM005,Ice Cream,Frozen,HH013,1.01,0.57,0.289,0.071,4,1
ITM013,Frozen Peas,Frozen,HH009,0.75,0.58,0.215,0.128,5,1
ITM013,Frozen Peas,Frozen,HH004,1.87,0.59,0.214,0.123,4,0
ITM015,Butter,Dairy,HH004,2.23,0.32,0.123,0.03,5,0
ITM009,Cheese,Dairy,HH015,1.88,0.27,0.063,0.016,4,0
ITM006,Chicken Breast,Meat,HH013,4.25,1.0,0.465,0.073,5,1
ITM008,Yogurt,Dairy,HH004,5.16,1.5,0.895,0.519,4,1
ITM004,Rice,Grains,HH008,1.65,0.31,0.212,0.026,5,1
ITM008,Yogurt,Dairy,HH016,1.71,1.41,0.471,0.117,5,1
ITM003,Bread,Bakery,HH005,6.46,1.1,0.249,0.197,3,0
ITM008,Yogurt,Dairy,HH014,13.2,1.9,0.826,0.123,4,0
ITM009,Cheese,Dairy,HH016,1.26,0.26,0.08,0.042,2,0
ITM008,Yogurt,Dairy,HH003,6.05,1.87,0.47,0.179,5,0
ITM008,Yogurt,Dairy,HH020,2.65,1.44,0.383,0.262,2,1
ITM005,Ice Cream,Frozen,HH003,4.36,0.64,0.176,0.097,3,0
ITM015,Butter,Dairy,HH011,0.65,0.19,0.051,0.025,5,0
ITM008,Yogurt,Dairy,HH004,4.38,1.48,0.909,0.55,2,1
ITM014,Orange Juice,Beverages,HH019,0.52,0.87,0.419,0.223,5,1
ITM005,Ice Cream,Frozen,HH009,4.0,0.58,0.273,0.182,2,0
ITM010,Bananas,Produce,HH016,3.24,0.98,0.251,0.026,5,0
ITM005,Ice Cream,Frozen,HH010,1.34,0.58,0.106,0.036,3,1
ITM007,Tomatoes,Produce,HH019,1.24,1.0,0.532,0.181,4,1
ITM007,Tomatoes,Produce,HH010,3.69,1.11,0.198,0.148,1,0
ITM007,Tomatoes,Produce,HH019,3.34,0.96,0.533,0.275,5,1
ITM008,Yogurt,Dairy,HH010,11.87,1.71,0.262,0.063,1,0
ITM012,Cooking Oil,Pantry,HH011,0.62,0.15,0.051,0.034,2,0
ITM001,Milk,Dairy,HH012,5.8,1.55,0.482,0.126,4,0
ITM006,Chicken Breast,Meat,HH014,4.33,1.0,0.513,0.071,3,1
ITM010,Bananas,Produce,HH005,10.37,1.49,0.229,0.182,2,0
ITM007,Tomatoes,Produce,HH005,7.15,1.21,0.262,0.192,2,0
ITM003,Bread,Bakery,HH006,3.05,1.9,0.366,0.198,2,1
ITM005,Ice Cream,Frozen,HH007,2.55,0.48,0.228,0.161,5,1
ITM003,Bread,Bakery,HH012,0.98,1.19,0.457,0.182,4,1
ITM011,Cereal,Pantry,HH005,1.1,0.29,0.052,0.017,3,0
ITM009,Cheese,Dairy,HH017,1.41,0.22,0.089,0.033,2,0
ITM014,Orange Juice,Beverages,HH016,2.66,0.72,0.195,0.071,5,0
ITM002,Eggs,Dairy,HH007,4.4,1.02,0.38,0.111,4,0
ITM011,Cereal,Pantry,HH003,1.22,0.21,0.146,0.107,3,1
ITM014,Orange Juice,Beverages,HH016,5.37,0.95,0.241,0.185,2,0
ITM013,Frozen Peas,Frozen,HH008,0.49,0.37,0.172,0.052,3,1
ITM015,Butter,Dairy,HH015,1.62,0.27,0.037,0.022,5,0
ITM011,Cereal,Pantry,HH019,1.64,0.36,0.148,0.056,5,0
ITM007,Tomatoes,Produce,HH001,6.48,1.21,0.311,0.226,4,0
ITM015,Butter,Dairy,HH020,0.24,0.2,0.059,0.045,2,1
ITM009,Cheese,Dairy,HH016,0.3,0.22,0.079,0.055,3,1
ITM014,Orange Juice,Beverages,HH013,0.69,0.8,0.306,0.045,1,1
ITM003,Bread,Bakery,HH011,0.73,1.4,0.287,0.182,1,1
ITM002,Eggs,Dairy,HH008,3.62,1.59,0.551,0.226,5,1
ITM006,Chicken Breast,Meat,HH003,2.72,0.75,0.336,0.257,5,1
ITM005,Ice Cream,Frozen,HH001,4.52,0.76,0.124,0.076,4,0
ITM001,Milk,Dairy,HH010,6.44,1.35,0.379,0.15,3,0
ITM014,Orange Juice,Beverages,HH003,8.15,1.18,0.466,0.146,4,0
ITM006,Chicken Breast,Meat,HH001,1.13,0.69,0.224,0.062,3,1
ITM009,Cheese,Dairy,HH019,0.25,0.32,0.117,0.048,5,1
ITM007,Tomatoes,Produce,HH012,3.1,1.1,0.284,0.036,4,1
ITM014,Orange Juice,Beverages,HH014,7.16,1.14,0.501,0.272,2,0
ITM004,Rice,Grains,HH014,1.27,0.51,0.265,0.148,5,1
ITM014,Orange Juice,Beverages,HH005,6.14,1.17,0.155,0.079,5,0
ITM001,Milk,Dairy,HH014,3.12,1.59,0.784,0.1,2,1
ITM008,Yogurt,Dairy,HH015,3.33,1.57,0.254,0.04,5,0
ITM002,Eggs,Dairy,HH002,4.62,0.99,0.396,0.292,1,0
ITM005,Ice Cream,Frozen,HH005,1.02,0.52,0.13,0.097,4,1
ITM003,Bread,Bakery,HH007,9.07,1.93,0.435,0.053,2,0
ITM011,Cereal,Pantry,HH003,1.64,0.31,0.154,0.122,5,0
ITM013,Frozen Peas,Frozen,HH003,1.23,0.52,0.233,0.061,4,1
ITM011,Cereal,Pantry,HH006,1.83,0.3,0.067,0.012,1,0
ITM014,Orange Juice,Beverages,HH009,0.72,1.14,0.333,0.182,3,1
ITM015,Butter,Dairy,HH009,1.91,0.28,0.125,0.051,4,0
ITM010,Bananas,Produce,HH015,5.54,0.87,0.191,0.08,5,0
ITM010,Bananas,Produce,HH003,2.19,1.12,0.554,0.368,5,1
ITM004,Rice,Grains,HH011,0.51,0.34,0.15,0.08,2,1
ITM009,Cheese,Dairy,HH018,0.29,0.27,0.085,0.042,1,1
ITM003,Bread,Bakery,HH001,3.05,1.7,0.285,0.034,3,1
ITM005,Ice Cream,Frozen,HH016,1.73,0.63,0.204,0.047,3,1
ITM003,Bread,Bakery,HH018,10.09,1.56,0.536,0.33,4,0
ITM002,Eggs,Dairy,HH012,5.76,0.95,0.348,0.115,2,0
ITM011,Cereal,Pantry,HH015,0.82,0.27,0.048,0.009,5,0
ITM004,Rice,Grains,HH010,0.54,0.37,0.086,0.044,4,1
ITM003,Bread,Bakery,HH020,9.56,1.39,0.319,0.066,2,0
ITM010,Bananas,Produce,HH001,7.32,1.46,0.355,0.205,5,0
ITM004,Rice,Grains,HH009,2.75,0.51,0.225,0.157,3,0
ITM005,Ice Cream,Frozen,HH008,2.65,0.49,0.212,0.069,2,0
ITM010,Bananas,Produce,HH002,3.11,1.54,0.447,0.256,1,1
ITM006,Chicken Breast,Meat,HH020,3.89,0.65,0.194,0.14,4,0
ITM006,Chicken Breast,Meat,HH014,3.05,0.93,0.412,0.264,5,1
ITM013,Frozen Peas,Frozen,HH007,2.63,0.43,0.187,0.09,1,0
ITM002,Eggs,Dairy,HH001,2.16,0.9,0.332,0.119,5,1
ITM014,Orange Juice,Beverages,HH001,0.82,0.7,0.253,0.173,2,1
ITM012,Cooking Oil,Pantry,HH020,0.65,0.19,0.035,0.006,4,0
ITM013,Frozen Peas,Frozen,HH002,2.93,0.43,0.109,0.081,2,0
ITM005,Ice Cream,Frozen,HH013,2.04,0.51,0.203,0.054,3,0
ITM010,Bananas,Produce,HH020,5.09,1.34,0.259,0.206,1,0
ITM004,Rice,Grains,HH006,1.56,0.6,0.091,0.025,3,0
ITM010,Bananas,Produce,HH017,3.41,0.92,0.463,0.06,2,1
ITM007,Tomatoes,Produce,HH012,5.25,1.39,0.277,0.118,1,0
ITM011,Cereal,Pantry,HH002,0.18,0.25,0.076,0.043,2,1
ITM004,Rice,Grains,HH008,0.55,0.39,0.149,0.117,1,1
ITM014,Orange Juice,Beverages,HH016,3.37,1.19,0.212,0.084,5,0
ITM010,Bananas,Produce,HH001,2.12,1.06,0.26,0.164,5,1
ITM014,Orange Juice,Beverages,HH012,5.68,1.18,0.288,0.09,5,0
ITM008,Yogurt,Dairy,HH001,0.83,1.44,0.368,0.107,3,1
ITM003,Bread,Bakery,HH007,8.33,1.6,0.468,0.368,3,0
ITM009,Cheese,Dairy,HH015,0.34,0.37,0.063,0.029,4,1
ITM004,Rice,Grains,HH006,1.31,0.55,0.125,0.056,4,0
ITM008,Yogurt,Dairy,HH002,3.99,1.44,0.359,0.234,1,0
ITM004,Rice,Grains,HH016,0.81,0.46,0.146,0.105,2,1
ITM012,Cooking Oil,Pantry,HH010,0.95,0.18,0.03,0.012,3,0
ITM012,Cooking Oil,Pantry,HH020,0.94,0.2,0.036,0.008,4,0
ITM008,Yogurt,Dairy,HH010,10.21,1.79,0.351,0.208,1,0
ITM011,Cereal,Pantry,HH020,1.21,0.22,0.047,0.023,1,0
ITM007,Tomatoes,Produce,HH001,4.39,0.93,0.298,0.177,4,0
ITM014,Orange Juice,Beverages,HH012,4.79,0.94,0.323,0.084,3,0
ITM014,Orange Juice,Beverages,HH005,3.28,0.99,0.21,0.149,4,0
ITM006,Chicken Breast,Meat,HH015,1.48,0.74,0.14,0.081,5,1
ITM014,Orange Juice,Beverages,HH013,7.89,1.2,0.272,0.066,3,0
ITM003,Bread,Bakery,HH008,11.06,1.71,0.762,0.097,1,0
ITM002,Eggs,Dairy,HH020,8.41,1.23,0.269,0.084,5,0
ITM004,Rice,Grains,HH020,1.08,0.52,0.088,0.015,2,1
ITM009,Cheese,Dairy,HH001,1.45,0.24,0.085,0.049,3,0
ITM011,Cereal,Pantry,HH017,2.19,0.37,0.109,0.049,4,0
ITM013,Frozen Peas,Frozen,HH007,1.96,0.32,0.138,0.034,1,0
ITM005,Ice Cream,Frozen,HH015,0.94,0.66,0.115,0.085,1,1
ITM003,Bread,Bakery,HH019,6.85,1.31,0.565,0.358,4,0
ITM005,Ice Cream,Frozen,HH019,0.69,0.47,0.231,0.065,1,1
ITM014,Orange Juice,Beverages,HH013,5.86,1.06,0.305,0.068,2,0
ITM007,Tomatoes,Produce,HH014,6.69,1.18,0.483,0.183,5,0
ITM004,Rice,Grains,HH002,2.06,0.5,0.119,0.05,2,0
ITM011,Cereal,Pantry,HH006,0.82,0.26,0.07,0.035,4,0
ITM005,Ice Cream,Frozen,HH011,2.73,0.4,0.146,0.036,5,0
ITM008,Yogurt,Dairy,HH003,1.98,1.03,0.773,0.172,5,1
ITM014,Orange Juice,Beverages,HH005,1.26,0.7,0.153,0.067,4,1
ITM012,Cooking Oil,Pantry,HH017,1.0,0.15,0.043,0.012,4,0
ITM007,Tomatoes,Produce,HH008,4.99,0.99,0.345,0.171,3,0
ITM002,Eggs,Dairy,HH013,4.75,1.49,0.368,0.261,5,0
ITM014,Orange Juice,Beverages,HH014,1.05,0.84,0.542,0.129,1,1
ITM007,Tomatoes,Produce,HH016,5.02,1.32,0.282,0.057,2,0
ITM002,Eggs,Dairy,HH001,4.15,0.91,0.231,0.132,1,0
ITM008,Yogurt,Dairy,HH020,3.7,1.94,0.356,0.121,2,1
ITM006,Chicken Breast,Meat,HH006,5.99,1.15,0.269,0.133,5,0
ITM002,Eggs,Dairy,HH010,7.42,1.07,0.224,0.111,1,0
ITM015,Butter,Dairy,HH011,0.28,0.3,0.079,0.047,3,1
ITM013,Frozen Peas,Frozen,HH009,1.43,0.43,0.15,0.034,3,1
ITM007,Tomatoes,Produce,HH001,4.31,1.1,0.211,0.052,5,0
ITM003,Bread,Bakery,HH007,2.96,1.55,0.472,0.35,2,1
ITM007,Tomatoes,Produce,HH020,8.53,1.22,0.151,0.07,3,0
ITM003,Bread,Bakery,HH014,1.7,1.9,0.679,0.257,2,1
ITM015,Butter,Dairy,HH011,1.1,0.24,0.078,0.01,5,0
ITM014,Orange Juice,Beverages,HH003,1.1,0.8,0.283,0.118,3,1
ITM010,Bananas,Produce,HH010,1.83,1.06,0.259,0.168,3,1
ITM015,Butter,Dairy,HH016,0.89,0.27,0.068,0.052,4,0
ITM009,Cheese,Dairy,HH018,1.15,0.23,0.154,0.104,3,1
ITM009,Cheese,Dairy,HH012,0.7,0.22,0.12,0.087,2,1
ITM003,Bread,Bakery,HH003,8.72,1.73,0.649,0.441,1,0
ITM008,Yogurt,Dairy,HH009,8.89,1.56,0.547,0.27,5,0
ITM015,Butter,Dairy,HH003,1.28,0.29,0.075,0.016,4,0
ITM008,Yogurt,Dairy,HH013,7.09,1.2,0.458,0.107,3,0
ITM012,Cooking Oil,Pantry,HH001,1.4,0.2,0.036,0.009,2,0
ITM005,Ice Cream,Frozen,HH010,4.58,0.66,0.106,0.067,1,0
ITM010,Bananas,Produce,HH010,4.7,0.89,0.26,0.128,1,0
ITM006,Chicken Breast,Meat,HH001,7.08,1.09,0.29,0.147,1,0
ITM006,Chicken Breast,Meat,HH017,4.19,0.98,0.377,0.111,4,0
ITM013,Frozen Peas,Frozen,HH007,2.51,0.54,0.11,0.024,3,0
ITM012,Cooking Oil,Pantry,HH011,0.69,0.17,0.047,0.025,1,0
ITM007,Tomatoes,Produce,HH005,4.68,0.88,0.191,0.129,5,0
ITM014,Orange Juice,Beverages,HH010,7.41,1.18,0.192,0.04,3,0
ITM008,Yogurt,Dairy,HH020,9.81,1.91,0.366,0.218,2,0
ITM010,Bananas,Produce,HH020,4.63,1.23,0.259,0.157,4,0
ITM014,Orange Juice,Beverages,HH012,2.28,0.81,0.275,0.145,3,1
ITM006,Chicken Breast,Meat,HH001,1.01,1.01,0.204,0.053,4,1
ITM006,Chicken Breast,Meat,HH019,1.73,1.19,0.469,0.219,2,1
ITM012,Cooking Oil,Pantry,HH018,0.42,0.11,0.077,0.01,1,1
ITM008,Yogurt,Dairy,HH003,8.21,1.73,0.745,0.438,2,0
ITM001,Milk,Dairy,HH015,2.92,1.79,0.348,0.073,4,1
ITM014,Orange Juice,Beverages,HH001,4.73,0.89,0.293,0.034,3,0
ITM012,Cooking Oil,Pantry,HH014,0.65,0.17,0.068,0.048,2,1
ITM007,Tomatoes,Produce,HH017,4.85,1.25,0.301,0.204,5,0
ITM007,Tomatoes,Produce,HH016,5.2,0.85,0.268,0.116,3,0
ITM001,Milk,Dairy,HH005,2.88,2.26,0.268,0.132,1,1
ITM004,Rice,Grains,HH014,3.29,0.6,0.189,0.081,1,0
ITM014,Orange Juice,Beverages,HH003,4.21,0.63,0.274,0.153,3,0
ITM002,Eggs,Dairy,HH004,2.5,1.35,0.559,0.132,1,1
ITM008,Yogurt,Dairy,HH005,9.18,1.92,0.369,0.043,1,0
ITM014,Orange Juice,Beverages,HH004,0.75,0.79,0.404,0.306,5,1
ITM012,Cooking Oil,Pantry,HH001,0.8,0.2,0.038,0.017,5,0
ITM009,Cheese,Dairy,HH019,0.81,0.23,0.142,0.024,5,1
ITM008,Yogurt,Dairy,HH008,6.68,1.99,0.623,0.245,4,0
ITM002,Eggs,Dairy,HH015,7.33,1.14,0.211,0.078,2,0
ITM004,Rice,Grains,HH006,0.43,0.32,0.1,0.038,4,1
ITM009,Cheese,Dairy,HH006,0.24,0.31,0.087,0.028,1,1
ITM002,Eggs,Dairy,HH010,1.65,1.45,0.245,0.078,5,1
ITM001,Milk,Dairy,HH016,1.56,1.94,0.523,0.314,4,1
ITM007,Tomatoes,Produce,HH008,4.89,0.91,0.387,0.095,2,0
ITM008,Yogurt,Dairy,HH002,4.67,1.31,0.356,0.259,2,0
ITM006,Chicken Breast,Meat,HH014,1.03,0.76,0.295,0.229,2,1
ITM012,Cooking Oil,Pantry,HH010,1.22,0.19,0.031,0.023,3,0
ITM005,Ice Cream,Frozen,HH003,1.06,0.42,0.283,0.065,4,1
ITM013,Frozen Peas,Frozen,HH014,1.03,0.44,0.232,0.061,4,1
ITM009,Cheese,Dairy,HH017,1.54,0.3,0.097,0.062,1,0
ITM014,Orange Juice,Beverages,HH018,7.18,1.08,0.275,0.037,5,0
ITM007,Tomatoes,Produce,HH011,3.59,0.77,0.298,0.091,3,0
ITM005,Ice Cream,Frozen,HH011,4.3,0.63,0.115,0.024,4,0
ITM008,Yogurt,Dairy,HH020,2.08,1.72,0.326,0.133,5,1
ITM014,Orange Juice,Beverages,HH003,7.59,1.16,0.267,0.124,1,0
ITM006,Chicken Breast,Meat,HH003,2.97,0.88,0.298,0.072,4,0
ITM003,Bread,Bakery,HH012,10.84,1.64,0.536,0.238,1,0
ITM012,Cooking Oil,Pantry,HH018,0.98,0.17,0.047,0.007,5,0
ITM006,Chicken Breast,Meat,HH010,2.58,0.9,0.204,0.16,5,1
ITM001,Milk,Dairy,HH001,0.85,1.28,0.349,0.075,2,1
ITM007,Tomatoes,Produce,HH002,1.54,0.72,0.255,0.062,1,1
ITM015,Butter,Dairy,HH003,1.32,0.23,0.071,0.02,4,0
ITM010,Bananas,Produce,HH001,4.12,1.16,0.24,0.077,1,0
ITM012,Cooking Oil,Pantry,HH002,0.35,0.11,0.055,0.034,1,1
ITM002,Eggs,Dairy,HH017,6.4,1.15,0.335,0.077,3,0
ITM015,Butter,Dairy,HH001,0.14,0.26,0.079,0.041,3,1
ITM005,Ice Cream,Frozen,HH016,2.14,0.57,0.127,0.073,1,0
ITM010,Bananas,Produce,HH013,1.35,0.83,0.489,0.052,3,1
ITM010,Bananas,Produce,HH019,3.31,1.54,0.551,0.176,5,1
ITM007,Tomatoes,Produce,HH018,0.67,0.91,0.483,0.286,3,1
ITM005,Ice Cream,Frozen,HH019,1.61,0.44,0.224,0.049,4,1
ITM015,Butter,Dairy,HH012,0.26,0.19,0.07,0.04,1,1
ITM013,Frozen Peas,Frozen,HH010,1.56,0.55,0.077,0.008,1,0
ITM012,Cooking Oil,Pantry,HH020,1.33,0.2,0.025,0.014,4,0
ITM007,Tomatoes,Produce,HH008,3.02,0.72,0.47,0.158,5,1
ITM004,Rice,Grains,HH017,2.11,0.52,0.151,0.073,3,0
ITM012,Cooking Oil,Pantry,HH009,0.92,0.17,0.076,0.055,4,0
ITM007,Tomatoes,Produce,HH014,6.3,1.25,0.53,0.392,4,0
ITM002,Eggs,Dairy,HH011,2.17,0.92,0.4,0.223,2,1
ITM002,Eggs,Dairy,HH017,3.42,0.83,0.374,0.054,2,1
ITM002,Eggs,Dairy,HH002,0.68,1.32,0.287,0.124,2,1
ITM010,Bananas,Produce,HH002,1.32,1.43,0.438,0.251,5,1
ITM007,Tomatoes,Produce,HH018,2.64,1.07,0.351,0.062,1,1
ITM014,Orange Juice,Beverages,HH010,2.38,0.87,0.167,0.072,3,0
ITM002,Eggs,Dairy,HH010,5.34,1.3,0.197,0.021,4,0
ITM015,Butter,Dairy,HH004,0.99,0.27,0.136,0.038,2,1
ITM014,Orange Juice,Beverages,HH001,1.11,0.74,0.281,0.045,3,1
ITM005,Ice Cream,Frozen,HH009,4.34,0.71,0.244,0.067,3,0
ITM008,Yogurt,Dairy,HH007,9.48,1.69,0.399,0.083,5,0
ITM010,Bananas,Produce,HH001,2.56,1.34,0.38,0.175,1,1
ITM003,Bread,Bakery,HH016,6.93,1.96,0.463,0.127,1,0
ITM009,Cheese,Dairy,HH005,2.02,0.35,0.069,0.014,2,0
ITM003,Bread,Bakery,HH010,1.88,1.38,0.381,0.303,2,1
ITM001,Milk,Dairy,HH016,11.7,1.7,0.479,0.071,4,0
ITM013,Frozen Peas,Frozen,HH007,0.53,0.5,0.123,0.013,1,1
ITM001,Milk,Dairy,HH013,2.65,2.36,0.9,0.282,3,1
ITM014,Orange Juice,Beverages,HH010,4.94,1.13,0.197,0.142,2,0
ITM004,Rice,Grains,HH012,2.31,0.37,0.14,0.061,4,0
ITM015,Butter,Dairy,HH001,0.3,0.31,0.062,0.042,4,1
ITM003,Bread,Bakery,HH005,1.49,1.8,0.275,0.16,2,1
ITM003,Bread,Bakery,HH014,9.2,1.38,0.552,0.224,2,0
ITM002,Eggs,Dairy,HH014,1.34,0.92,0.553,0.297,1,1
ITM005,Ice Cream,Frozen,HH001,4.35,0.68,0.188,0.116,4,0
ITM010,Bananas,Produce,HH020,0.92,0.9,0.28,0.185,4,1
ITM011,Cereal,Pantry,HH001,2.02,0.33,0.072,0.024,5,0
ITM010,Bananas,Produce,HH007,2.72,1.45,0.425,0.194,3,1
ITM015,Butter,Dairy,HH016,0.41,0.17,0.08,0.047,2,1
ITM015,Butter,Dairy,HH002,0.69,0.28,0.077,0.008,4,1
ITM010,Bananas,Produce,HH017,3.92,0.82,0.298,0.042,4,0
ITM004,Rice,Grains,HH010,2.98,0.58,0.079,0.028,2,0
ITM010,Bananas,Produce,HH005,6.2,1.48,0.227,0.179,1,0
ITM002,Eggs,Dairy,HH010,7.61,1.32,0.267,0.03,5,0
ITM011,Cereal,Pantry,HH019,0.54,0.34,0.159,0.04,5,1
ITM008,Yogurt,Dairy,HH011,8.36,1.95,0.405,0.079,4,0
ITM013,Frozen Peas,Frozen,HH019,0.32,0.42,0.165,0.026,1,1
ITM011,Cereal,Pantry,HH014,0.71,0.23,0.146,0.036,1,1
ITM004,Rice,Grains,HH005,3.25,0.55,0.078,0.047,2,0
ITM009,Cheese,Dairy,HH009,1.18,0.34,0.144,0.048,2,1
ITM010,Bananas,Produce,HH004,4.46,1.54,0.621,0.354,1,1
ITM011,Cereal,Pantry,HH017,0.77,0.28,0.081,0.063,5,1
ITM001,Milk,Dairy,HH016,1.21,1.7,0.449,0.237,5,1
ITM013,Frozen Peas,Frozen,HH002,2.01,0.38,0.194,0.089,5,0
ITM002,Eggs,Dairy,HH004,1.38,1.13,0.44,0.158,3,1
ITM002,Eggs,Dairy,HH012,4.97,0.95,0.435,0.187,5,0
ITM004,Rice,Grains,HH006,0.91,0.43,0.13,0.098,1,1
ITM015,Butter,Dairy,HH010,1.59,0.25,0.06,0.033,5,0
ITM003,Bread,Bakery,HH016,6.04,1.27,0.287,0.151,4,0
ITM002,Eggs,Dairy,HH013,3.47,0.93,0.407,0.076,2,1
ITM002,Eggs,Dairy,HH014,1.39,0.86,0.691,0.511,4,1
ITM004,Rice,Grains,HH001,0.66,0.34,0.109,0.038,4,1
ITM003,Bread,Bakery,HH004,4.21,1.02,0.583,0.254,1,1
ITM003,Bread,Bakery,HH011,5.58,1.58,0.477,0.088,5,0
ITM015,Butter,Dairy,HH008,0.16,0.24,0.097,0.049,5,1
ITM008,Yogurt,Dairy,HH001,9.2,1.49,0.34,0.122,5,0
ITM014,Orange Juice,Beverages,HH020,0.91,0.76,0.205,0.145,4,1
ITM002,Eggs,Dairy,HH014,3.99,0.81,0.713,0.266,4,1
ITM011,Cereal,Pantry,HH009,0.51,0.34,0.169,0.098,4,1
ITM005,Ice Cream,Frozen,HH001,1.43,0.57,0.186,0.104,1,1
ITM008,Yogurt,Dairy,HH002,0.67,1.12,0.622,0.159,2,1
ITM006,Chicken Breast,Meat,HH001,3.19,0.86,0.225,0.038,2,0
ITM014,Orange Juice,Beverages,HH020,5.12,0.9,0.133,0.05,3,0
ITM013,Frozen Peas,Frozen,HH019,1.91,0.35,0.244,0.126,4,0
ITM006,Chicken Breast,Meat,HH014,3.09,0.74,0.467,0.179,1,1
ITM006,Chicken Breast,Meat,HH011,1.88,1.2,0.233,0.066,2,1
ITM005,Ice Cream,Frozen,HH009,2.36,0.46,0.31,0.21,5,1
ITM015,Butter,Dairy,HH011,0.89,0.19,0.061,0.038,3,0
ITM009,Cheese,Dairy,HH017,0.24,0.28,0.11,0.085,3,1
ITM014,Orange Juice,Beverages,HH005,3.74,0.76,0.168,0.105,2,0
ITM007,Tomatoes,Produce,HH002,5.31,1.14,0.367,0.146,2,0
ITM012,Cooking Oil,Pantry,HH009,0.67,0.18,0.075,0.012,5,1
ITM010,Bananas,Produce,HH011,2.79,1.48,0.229,0.144,3,1
ITM004,Rice,Grains,HH020,2.47,0.59,0.089,0.069,1,0
ITM011,Cereal,Pantry,HH003,1.1,0.22,0.123,0.05,2,0
ITM009,Cheese,Dairy,HH004,1.03,0.23,0.128,0.027,4,0
ITM006,Chicken Breast,Meat,HH016,3.39,0.65,0.184,0.116,4,0
ITM011,Cereal,Pantry,HH005,1.22,0.21,0.054,0.024,1,0
ITM012,Cooking Oil,Pantry,HH017,0.2,0.15,0.039,0.017,1,1
ITM015,Butter,Dairy,HH014,0.71,0.3,0.113,0.071,4,1
ITM009,Cheese,Dairy,HH006,1.73,0.26,0.08,0.063,3,0
ITM001,Milk,Dairy,HH007,2.9,2.25,0.442,0.053,2,1
ITM005,Ice Cream,Frozen,HH020,1.88,0.77,0.124,0.043,5,0
ITM006,Chicken Breast,Meat,HH018,6.78,1.05,0.467,0.089,3,0
ITM014,Orange Juice,Beverages,HH010,4.29,1.06,0.22,0.122,1,0
ITM010,Bananas,Produce,HH017,5.31,1.53,0.287,0.206,2,0
ITM001,Milk,Dairy,HH019,7.31,1.98,0.756,0.334,4,1
ITM015,Butter,Dairy,HH020,0.34,0.24,0.057,0.013,2,1
ITM008,Yogurt,Dairy,HH017,5.48,1.23,0.577,0.366,2,1
ITM007,Tomatoes,Produce,HH009,0.67,0.75,0.468,0.249,5,1
ITM015,Butter,Dairy,HH007,1.48,0.29,0.1,0.055,3,0
ITM004,Rice,Grains,HH010,1.09,0.37,0.078,0.059,5,0
ITM014,Orange Juice,Beverages,HH004,4.8,0.77,0.522,0.383,1,1
ITM009,Cheese,Dairy,HH002,1.94,0.32,0.124,0.015,2,0
ITM005,Ice Cream,Frozen,HH003,1.28,0.52,0.205,0.083,1,1
ITM009,Cheese,Dairy,HH012,0.6,0.29,0.085,0.054,1,1
ITM007,Tomatoes,Produce,HH020,3.59,1.23,0.239,0.077,5,0
ITM007,Tomatoes,Produce,HH011,5.22,1.02,0.303,0.18,5,0
ITM004,Rice,Grains,HH009,1.45,0.44,0.196,0.149,4,1
ITM005,Ice Cream,Frozen,HH019,3.34,0.61,0.285,0.141,4,0
ITM007,Tomatoes,Produce,HH017,1.23,1.02,0.256,0.098,3,1
ITM014,Orange Juice,Beverages,HH008,2.13,1.16,0.407,0.092,5,1
ITM001,Milk,Dairy,HH014,8.5,1.85,0.925,0.483,2,1
ITM007,Tomatoes,Produce,HH016,2.59,1.13,0.264,0.188,5,0
ITM008,Yogurt,Dairy,HH001,1.2,1.87,0.456,0.219,5,1
ITM004,Rice,Grains,HH003,0.68,0.31,0.197,0.058,5,1
ITM006,Chicken Breast,Meat,HH014,2.85,1.04,0.473,0.356,2,1
ITM003,Bread,Bakery,HH005,5.87,1.52,0.356,0.23,4,0
ITM007,Tomatoes,Produce,HH020,5.0,1.01,0.162,0.127,5,0
ITM001,Milk,Dairy,HH009,12.04,1.76,0.817,0.173,5,0
ITM008,Yogurt,Dairy,HH006,4.29,1.34,0.397,0.222,1,1
ITM002,Eggs,Dairy,HH018,2.96,1.29,0.376,0.155,3,1
ITM006,Chicken Breast,Meat,HH012,4.32,0.81,0.29,0.19,4,0
ITM005,Ice Cream,Frozen,HH009,1.11,0.61,0.253,0.039,4,1
ITM001,Milk,Dairy,HH001,6.4,2.17,0.425,0.22,2,0
ITM001,Milk,Dairy,HH016,4.49,1.8,0.495,0.283,2,1
ITM010,Bananas,Produce,HH003,1.47,1.12,0.484,0.384,3,1
ITM015,Butter,Dairy,HH010,1.87,0.29,0.04,0.018,4,0
ITM013,Frozen Peas,Frozen,HH014,1.67,0.43,0.235,0.059,1,1
ITM009,Cheese,Dairy,HH002,0.45,0.34,0.074,0.03,5,1
ITM003,Bread,Bakery,HH011,13.16,1.92,0.413,0.095,2,0
ITM003,Bread,Bakery,HH017,8.19,1.72,0.599,0.401,3,0
ITM010,Bananas,Produce,HH018,1.78,1.02,0.604,0.293,3,1
ITM007,Tomatoes,Produce,HH001,1.91,0.7,0.315,0.193,3,1
ITM001,Milk,Dairy,HH010,10.9,1.89,0.272,0.125,2,0
ITM005,Ice Cream,Frozen,HH003,3.35,0.74,0.299,0.162,5,0
ITM003,Bread,Bakery,HH019,4.58,1.15,0.873,0.394,1,1
ITM005,Ice Cream,Frozen,HH015,3.93,0.61,0.122,0.042,5,0
ITM003,Bread,Bakery,HH011,2.5,1.81,0.518,0.111,4,1
ITM014,Orange Juice,Beverages,HH012,5.79,0.91,0.352,0.049,3,0
ITM010,Bananas,Produce,HH007,4.35,1.0,0.42,0.169,5,1
ITM012,Cooking Oil,Pantry,HH020,1.08,0.16,0.031,0.009,4,0
ITM009,Cheese,Dairy,HH005,0.21,0.39,0.058,0.025,2,1
ITM013,Frozen Peas,Frozen,HH003,1.09,0.56,0.167,0.083,3,1
ITM001,Milk,Dairy,HH005,7.2,1.92,0.442,0.154,2,0
ITM007,Tomatoes,Produce,HH011,3.67,0.8,0.275,0.202,4,0
ITM009,Cheese,Dairy,HH013,1.17,0.28,0.128,0.047,1,1
ITM003,Bread,Bakery,HH004,9.32,1.88,0.604,0.306,3,0
ITM013,Frozen Peas,Frozen,HH016,1.12,0.59,0.143,0.059,4,1
ITM012,Cooking Oil,Pantry,HH007,0.54,0.14,0.05,0.019,2,0
ITM002,Eggs,Dairy,HH017,0.6,0.89,0.505,0.085,1,1
ITM007,Tomatoes,Produce,HH002,4.07,1.01,0.411,0.086,2,0
ITM010,Bananas,Produce,HH013,5.37,1.54,0.425,0.316,2,0
ITM012,Cooking Oil,Pantry,HH014,0.63,0.13,0.068,0.009,4,0
ITM001,Milk,Dairy,HH014,5.98,1.57,0.863,0.192,5,1
ITM012,Cooking Oil,Pantry,HH020,0.49,0.14,0.03,0.017,1,0
ITM004,Rice,Grains,HH002,0.81,0.59,0.182,0.109,1,1
ITM006,Chicken Breast,Meat,HH005,0.92,0.61,0.164,0.026,1,1
ITM013,Frozen Peas,Frozen,HH006,1.28,0.32,0.09,0.068,3,0
ITM005,Ice Cream,Frozen,HH009,1.37,0.49,0.307,0.218,4,1
ITM010,Bananas,Produce,HH019,3.35,0.86,0.589,0.325,4,1
ITM006,Chicken Breast,Meat,HH003,0.85,1.1,0.464,0.14,3,1
ITM011,Cereal,Pantry,HH016,1.23,0.28,0.059,0.007,2,0
ITM013,Frozen Peas,Frozen,HH003,0.16,0.32,0.166,0.049,3,1
ITM001,Milk,Dairy,HH005,11.32,1.85,0.331,0.083,2,0
ITM001,Milk,Dairy,HH002,9.65,1.65,0.434,0.252,4,0
ITM001,Milk,Dairy,HH011,3.02,1.64,0.484,0.07,1,1
ITM010,Bananas,Produce,HH006,1.68,1.35,0.373,0.201,1,1
ITM005,Ice Cream,Frozen,HH007,2.26,0.49,0.223,0.105,5,0
ITM004,Rice,Grains,HH014,1.57,0.43,0.212,0.137,4,1
ITM010,Bananas,Produce,HH004,5.65,1.35,0.725,0.386,2,1
ITM011,Cereal,Pantry,HH020,0.22,0.34,0.044,0.027,5,1
ITM012,Cooking Oil,Pantry,HH006,1.25,0.18,0.042,0.022,2,0
ITM008,Yogurt,Dairy,HH020,4.9,1.92,0.374,0.163,3,0
ITM013,Frozen Peas,Frozen,HH006,3.12,0.56,0.137,0.025,4,0
ITM005,Ice Cream,Frozen,HH017,3.47,0.76,0.175,0.113,3,0
ITM002,Eggs,Dairy,HH017,4.94,0.93,0.303,0.237,4,0
ITM008,Yogurt,Dairy,HH014,7.51,1.37,0.695,0.371,1,0
ITM011,Cereal,Pantry,HH009,0.28,0.32,0.165,0.097,5,1
ITM002,Eggs,Dairy,HH017,5.32,1.41,0.457,0.053,5,0
ITM008,Yogurt,Dairy,HH014,2.91,1.07,0.748,0.156,4,1
ITM004,Rice,Grains,HH006,1.36,0.41,0.115,0.075,3,0
ITM010,Bananas,Produce,HH010,4.17,1.14,0.179,0.04,5,0
ITM014,Orange Juice,Beverages,HH017,1.71,1.15,0.36,0.043,4,1
ITM002,Eggs,Dairy,HH006,4.46,0.97,0.391,0.257,3,0
ITM005,Ice Cream,Frozen,HH009,3.69,0.74,0.289,0.166,1,0
ITM008,Yogurt,Dairy,HH019,4.02,1.23,0.821,0.243,2,1
ITM013,Frozen Peas,Frozen,HH017,0.54,0.42,0.125,0.081,2,1
ITM007,Tomatoes,Produce,HH008,4.54,1.09,0.409,0.319,1,0
ITM001,Milk,Dairy,HH003,7.89,1.28,0.644,0.424,2,0
ITM012,Cooking Oil,Pantry,HH013,0.35,0.14,0.072,0.032,1,1
ITM003,Bread,Bakery,HH004,11.49,1.86,0.833,0.271,4,0
ITM003,Bread,Bakery,HH020,11.38,1.68,0.235,0.136,5,0
ITM010,Bananas,Produce,HH018,5.65,1.42,0.512,0.287,4,0
ITM010,Bananas,Produce,HH019,5.8,1.14,0.563,0.411,2,0
ITM002,Eggs,Dairy,HH013,8.5,1.59,0.514,0.124,4,0
ITM011,Cereal,Pantry,HH006,0.37,0.22,0.08,0.012,2,1
ITM011,Cereal,Pantry,HH011,1.61,0.31,0.062,0.018,4,0
ITM007,Tomatoes,Produce,HH016,4.44,0.82,0.337,0.26,5,0
ITM009,Cheese,Dairy,HH007,1.27,0.36,0.121,0.017,2,0
ITM011,Cereal,Pantry,HH004,0.54,0.24,0.152,0.016,5,1
ITM006,Chicken Breast,Meat,HH008,2.71,0.96,0.401,0.188,3,1
ITM008,Yogurt,Dairy,HH003,1.64,1.27,0.499,0.095,2,1
ITM010,Bananas,Produce,HH015,2.7,0.88,0.261,0.156,2,1
ITM002,Eggs,Dairy,HH003,8.99,1.46,0.518,0.172,1,0
ITM004,Rice,Grains,HH015,1.17,0.43,0.09,0.061,5,0
ITM013,Frozen Peas,Frozen,HH003,2.88,0.48,0.225,0.171,1,0
ITM006,Chicken Breast,Meat,HH013,5.55,0.97,0.27,0.098,5,0
ITM015,Butter,Dairy,HH001,0.24,0.23,0.077,0.044,5,1
ITM004,Rice,Grains,HH014,2.91,0.43,0.225,0.105,5,0
ITM009,Cheese,Dairy,HH003,1.24,0.35,0.105,0.072,4,0
ITM015,Butter,Dairy,HH005,0.99,0.28,0.052,0.022,3,0
ITM001,Milk,Dairy,HH002,10.05,1.61,0.688,0.196,3,0
ITM008,Yogurt,Dairy,HH005,3.66,1.03,0.32,0.139,4,0
ITM006,Chicken Breast,Meat,HH018,4.35,0.94,0.277,0.113,4,0
ITM004,Rice,Grains,HH005,0.48,0.56,0.078,0.038,3,1
ITM003,Bread,Bakery,HH008,4.17,1.81,0.488,0.339,3,1
ITM007,Tomatoes,Produce,HH020,2.44,1.08,0.265,0.197,5,1
ITM010,Bananas,Produce,HH019,1.22,0.99,0.408,0.207,1,1
ITM001,Milk,Dairy,HH020,13.21,2.0,0.266,0.075,4,0
ITM012,Cooking Oil,Pantry,HH020,0.06,0.11,0.026,0.018,2,1
ITM007,Tomatoes,Produce,HH017,4.59,1.39,0.336,0.234,2,0
ITM009,Cheese,Dairy,HH002,0.71,0.23,0.103,0.025,5,1
ITM013,Frozen Peas,Frozen,HH017,0.44,0.42,0.134,0.042,3,1
ITM009,Cheese,Dairy,HH002,0.65,0.31,0.116,0.039,1,1
ITM014,Orange Juice,Beverages,HH004,4.21,1.0,0.433,0.084,2,1
ITM002,Eggs,Dairy,HH008,4.6,0.88,0.478,0.095,4,0
ITM004,Rice,Grains,HH019,2.3,0.4,0.204,0.145,3,0
ITM001,Milk,Dairy,HH003,5.37,1.8,0.606,0.068,5,1
ITM014,Orange Juice,Beverages,HH010,0.78,0.85,0.177,0.085,4,1
ITM002,Eggs,Dairy,HH002,5.8,1.25,0.366,0.225,2,0
ITM011,Cereal,Pantry,HH011,0.9,0.29,0.073,0.02,2,0
ITM004,Rice,Grains,HH020,2.89,0.51,0.113,0.033,3,0
ITM001,Milk,Dairy,HH003,7.92,2.15,0.645,0.262,4,0
ITM004,Rice,Grains,HH020,1.5,0.34,0.087,0.034,4,0
ITM012,Cooking Oil,Pantry,HH008,0.49,0.13,0.052,0.036,5,1
ITM001,Milk,Dairy,HH008,4.28,1.65,0.89,0.5,5,1
ITM015,Butter,Dairy,HH020,1.34,0.25,0.062,0.038,1,0
ITM011,Cereal,Pantry,HH004,0.26,0.22,0.103,0.012,1,1
ITM008,Yogurt,Dairy,HH009,4.18,1.54,0.658,0.139,2,1
ITM010,Bananas,Produce,HH013,6.98,1.0,0.343,0.153,1,0
ITM015,Butter,Dairy,HH013,1.54,0.26,0.089,0.029,2,0
ITM013,Frozen Peas,Frozen,HH017,1.34,0.41,0.13,0.033,3,0
ITM007,Tomatoes,Produce,HH002,6.24,1.05,0.292,0.233,3,0
ITM015,Butter,Dairy,HH016,0.48,0.25,0.05,0.013,5,1
ITM007,Tomatoes,Produce,HH015,0.89,1.13,0.238,0.087,4,1
ITM002,Eggs,Dairy,HH006,1.94,1.28,0.249,0.103,2,1
ITM012,Cooking Oil,Pantry,HH011,0.36,0.14,0.046,0.02,5,1
ITM003,Bread,Bakery,HH017,2.99,1.79,0.546,0.432,2,1
ITM002,Eggs,Dairy,HH001,0.54,1.03,0.336,0.142,5,1
ITM010,Bananas,Produce,HH019,3.85,1.1,0.65,0.272,2,1
ITM009,Cheese,Dairy,HH010,1.7,0.39,0.066,0.037,1,0
ITM011,Cereal,Pantry,HH004,2.21,0.39,0.135,0.039,4,0
ITM014,Orange Juice,Beverages,HH002,6.8,0.99,0.292,0.086,5,0
ITM010,Bananas,Produce,HH008,8.76,1.44,0.345,0.091,1,0
ITM008,Yogurt,Dairy,HH016,1.63,1.24,0.424,0.315,1,1
ITM015,Butter,Dairy,HH002,1.15,0.25,0.062,0.042,1,0
ITM005,Ice Cream,Frozen,HH017,3.85,0.77,0.176,0.036,1,0
ITM007,Tomatoes,Produce,HH011,8.19,1.19,0.2,0.155,2,0
ITM004,Rice,Grains,HH009,0.58,0.59,0.173,0.022,2,1
ITM009,Cheese,Dairy,HH009,0.51,0.29,0.152,0.101,1,1
ITM006,Chicken Breast,Meat,HH016,3.3,0.86,0.233,0.14,4,0
ITM011,Cereal,Pantry,HH019,0.51,0.32,0.139,0.039,3,1
ITM012,Cooking Oil,Pantry,HH012,0.89,0.17,0.041,0.014,2,0
ITM015,Butter,Dairy,HH013,0.94,0.2,0.082,0.016,1,0
ITM007,Tomatoes,Produce,HH001,5.04,0.92,0.341,0.095,4,0
ITM007,Tomatoes,Produce,HH005,2.51,1.08,0.15,0.032,1,0
ITM015,Butter,Dairy,HH019,1.26,0.24,0.135,0.105,5,1
ITM002,Eggs,Dairy,HH007,2.5,1.01,0.433,0.06,2,1
ITM003,Bread,Bakery,HH010,1.07,1.07,0.318,0.149,3,1
ITM011,Cereal,Pantry,HH014,0.21,0.21,0.147,0.074,2,1
ITM005,Ice Cream,Frozen,HH009,1.34,0.78,0.325,0.148,1,1
ITM012,Cooking Oil,Pantry,HH010,0.79,0.16,0.033,0.015,2,0
ITM009,Cheese,Dairy,HH001,2.26,0.4,0.084,0.044,4,0
ITM006,Chicken Breast,Meat,HH004,3.44,0.76,0.5,0.108,4,1
ITM008,Yogurt,Dairy,HH010,12.4,1.93,0.357,0.174,2,0
ITM003,Bread,Bakery,HH006,3.55,1.89,0.363,0.082,4,1
ITM002,Eggs,Dairy,HH013,6.61,1.36,0.604,0.365,3,0
ITM010,Bananas,Produce,HH006,9.33,1.38,0.339,0.145,5,0
ITM012,Cooking Oil,Pantry,HH020,0.11,0.17,0.022,0.011,1,1
ITM001,Milk,Dairy,HH013,7.71,1.27,0.665,0.29,2,0
ITM015,Butter,Dairy,HH013,1.25,0.23,0.078,0.012,4,0
ITM010,Bananas,Produce,HH008,4.24,0.85,0.496,0.312,2,0
ITM003,Bread,Bakery,HH001,6.95,1.21,0.5,0.309,2,0
ITM007,Tomatoes,Produce,HH008,5.47,1.34,0.424,0.148,3,0
ITM001,Milk,Dairy,HH007,4.84,1.46,0.689,0.423,3,1
ITM001,Milk,Dairy,HH018,9.38,2.02,0.93,0.211,2,0
ITM005,Ice Cream,Frozen,HH015,0.51,0.43,0.087,0.049,1,1
ITM003,Bread,Bakery,HH006,2.07,1.32,0.441,0.093,5,1
ITM006,Chicken Breast,Meat,HH019,2.71,0.74,0.509,0.282,3,1
ITM004,Rice,Grains,HH003,3.02,0.59,0.191,0.107,2,0
ITM008,Yogurt,Dairy,HH005,4.07,1.14,0.322,0.16,3,0
ITM011,Cereal,Pantry,HH006,1.06,0.22,0.073,0.027,5,0
ITM010,Bananas,Produce,HH015,2.39,1.17,0.288,0.079,1,1
ITM014,Orange Juice,Beverages,HH016,4.62,0.93,0.237,0.155,2,0
ITM011,Cereal,Pantry,HH006,1.68,0.32,0.103,0.017,3,0
ITM010,Bananas,Produce,HH014,0.86,0.87,0.532,0.302,5,1
ITM013,Frozen Peas,Frozen,HH005,0.3,0.47,0.072,0.021,3,1
ITM011,Cereal,Pantry,HH014,0.41,0.23,0.146,0.023,1,1
ITM009,Cheese,Dairy,HH015,1.06,0.26,0.053,0.021,4,0
ITM002,Eggs,Dairy,HH004,2.84,1.44,0.578,0.211,2,1
ITM001,Milk,Dairy,HH016,9.33,1.48,0.426,0.063,5,0
ITM006,Chicken Breast,Meat,HH004,2.14,0.65,0.397,0.147,3,1
ITM005,Ice Cream,Frozen,HH010,2.46,0.77,0.105,0.068,4,0
ITM013,Frozen Peas,Frozen,HH020,2.66,0.49,0.071,0.05,1,0
ITM005,Ice Cream,Frozen,HH014,3.14,0.78,0.251,0.039,4,0
ITM004,Rice,Grains,HH013,1.78,0.41,0.212,0.023,5,1
ITM004,Rice,Grains,HH017,0.68,0.47,0.138,0.099,4,1
ITM002,Eggs,Dairy,HH010,2.79,1.12,0.308,0.158,5,0
ITM006,Chicken Breast,Meat,HH014,2.26,0.63,0.515,0.073,2,1
ITM011,Cereal,Pantry,HH012,0.48,0.29,0.113,0.071,5,1
ITM002,Eggs,Dairy,HH018,2.52,1.52,0.387,0.064,3,1
ITM014,Orange Juice,Beverages,HH008,1.71,0.85,0.399,0.171,3,1
ITM001,Milk,Dairy,HH007,14.22,2.39,0.478,0.166,4,0
ITM005,Ice Cream,Frozen,HH018,3.89,0.64,0.27,0.143,4,0
ITM004,Rice,Grains,HH005,2.19,0.53,0.111,0.021,4,0
ITM010,Bananas,Produce,HH006,2.33,0.96,0.243,0.192,4,0
ITM010,Bananas,Produce,HH012,3.73,0.82,0.493,0.127,1,1
ITM006,Chicken Breast,Meat,HH002,1.23,0.8,0.348,0.13,1,1
ITM002,Eggs,Dairy,HH019,8.39,1.49,0.671,0.535,5,0
ITM009,Cheese,Dairy,HH017,0.55,0.22,0.103,0.026,1,1
ITM014,Orange Juice,Beverages,HH003,2.12,0.69,0.298,0.035,2,1
ITM013,Frozen Peas,Frozen,HH016,3.13,0.58,0.095,0.064,4,0
ITM013,Frozen Peas,Frozen,HH004,1.18,0.31,0.169,0.093,2,1
ITM007,Tomatoes,Produce,HH006,2.33,0.81,0.258,0.108,2,1
ITM006,Chicken Breast,Meat,HH004,7.07,1.11,0.507,0.064,5,0
ITM006,Chicken Breast,Meat,HH012,6.91,1.13,0.357,0.062,3,0
ITM004,Rice,Grains,HH009,2.63,0.45,0.172,0.037,2,0
ITM001,Milk,Dairy,HH015,6.11,2.17,0.32,0.232,3,0
ITM009,Cheese,Dairy,HH008,0.94,0.22,0.122,0.066,5,1
ITM001,Milk,Dairy,HH002,9.3,1.43,0.754,0.143,2,0
ITM009,Cheese,Dairy,HH017,1.76,0.3,0.11,0.056,1,0
ITM007,Tomatoes,Produce,HH004,2.37,0.9,0.467,0.216,5,1
ITM004,Rice,Grains,HH003,1.1,0.44,0.138,0.102,1,1
ITM006,Chicken Breast,Meat,HH011,3.78,0.67,0.292,0.23,4,0
ITM005,Ice Cream,Frozen,HH005,0.55,0.49,0.154,0.042,5,1
ITM013,Frozen Peas,Frozen,HH006,0.92,0.49,0.1,0.075,5,1
ITM010,Bananas,Produce,HH018,1.54,0.99,0.355,0.26,1,1
ITM011,Cereal,Pantry,HH010,1.05,0.21,0.054,0.043,2,0
ITM015,Butter,Dairy,HH006,0.87,0.24,0.062,0.01,4,0
ITM004,Rice,Grains,HH014,0.87,0.45,0.163,0.018,1,1
ITM005,Ice Cream,Frozen,HH008,1.43,0.71,0.241,0.192,5,1
ITM001,Milk,Dairy,HH013,2.75,2.05,0.74,0.161,4,1
ITM004,Rice,Grains,HH009,0.17,0.33,0.269,0.192,4,1
ITM003,Bread,Bakery,HH020,3.0,1.11,0.337,0.09,2,1
ITM005,Ice Cream,Frozen,HH001,1.97,0.6,0.204,0.046,3,1
ITM002,Eggs,Dairy,HH017,10.84,1.56,0.317,0.087,1,0
ITM004,Rice,Grains,HH016,0.42,0.54,0.106,0.069,3,1
ITM002,Eggs,Dairy,HH014,5.05,1.25,0.491,0.081,5,0
ITM010,Bananas,Produce,HH008,1.11,1.36,0.601,0.22,5,1
ITM009,Cheese,Dairy,HH011,0.64,0.24,0.101,0.061,3,1
ITM009,Cheese,Dairy,HH001,1.36,0.36,0.067,0.037,5,0
ITM008,Yogurt,Dairy,HH007,2.17,1.66,0.619,0.223,3,1
ITM008,Yogurt,Dairy,HH018,5.41,1.06,0.427,0.306,1,0
ITM014,Orange Juice,Beverages,HH010,2.49,1.17,0.136,0.04,5,0
ITM012,Cooking Oil,Pantry,HH018,0.47,0.12,0.07,0.012,4,1
ITM011,Cereal,Pantry,HH001,1.28,0.29,0.062,0.039,1,0
ITM012,Cooking Oil,Pantry,HH020,0.24,0.15,0.032,0.011,4,1
ITM014,Orange Juice,Beverages,HH012,0.4,0.71,0.35,0.12,5,1
ITM014,Orange Juice,Beverages,HH009,5.19,0.97,0.507,0.114,1,0
ITM004,Rice,Grains,HH017,0.71,0.48,0.129,0.017,4,1
ITM012,Cooking Oil,Pantry,HH010,1.04,0.2,0.028,0.019,2,0
ITM006,Chicken Breast,Meat,HH004,6.06,0.93,0.402,0.21,5,0
ITM010,Bananas,Produce,HH016,6.75,1.21,0.385,0.269,4,0
ITM002,Eggs,Dairy,HH010,2.33,1.13,0.239,0.114,5,1
ITM006,Chicken Breast,Meat,HH008,0.69,0.92,0.283,0.222,5,1
ITM004,Rice,Grains,HH006,0.79,0.5,0.116,0.049,5,1
ITM004,Rice,Grains,HH012,1.52,0.53,0.168,0.067,1,0
ITM012,Cooking Oil,Pantry,HH007,0.27,0.15,0.042,0.022,2,1
ITM004,Rice,Grains,HH020,2.37,0.5,0.083,0.013,4,0
ITM012,Cooking Oil,Pantry,HH017,0.31,0.11,0.06,0.024,2,1
ITM015,Butter,Dairy,HH004,1.06,0.19,0.091,0.048,2,0
ITM001,Milk,Dairy,HH014,5.18,1.49,0.718,0.208,2,1
ITM006,Chicken Breast,Meat,HH010,3.21,0.81,0.186,0.069,4,0
ITM013,Frozen Peas,Frozen,HH017,1.33,0.35,0.16,0.085,2,0
ITM008,Yogurt,Dairy,HH004,5.55,1.54,0.779,0.422,1,1
ITM005,Ice Cream,Frozen,HH019,0.57,0.48,0.3,0.107,2,1
ITM015,Butter,Dairy,HH001,0.13,0.22,0.069,0.051,4,1
ITM012,Cooking Oil,Pantry,HH016,0.24,0.19,0.045,0.012,1,1
ITM011,Cereal,Pantry,HH004,0.82,0.21,0.136,0.064,1,1
ITM001,Milk,Dairy,HH014,5.83,1.88,0.83,0.121,4,1
ITM005,Ice Cream,Frozen,HH011,1.76,0.79,0.14,0.015,1,0
ITM003,Bread,Bakery,HH013,0.91,1.68,0.528,0.166,2,1
ITM008,Yogurt,Dairy,HH004,2.06,1.32,0.69,0.2,3,1
ITM003,Bread,Bakery,HH018,8.89,1.31,0.472,0.283,3,0
ITM015,Butter,Dairy,HH020,0.56,0.31,0.059,0.039,4,1
ITM007,Tomatoes,Produce,HH018,7.78,1.17,0.537,0.298,5,0
ITM005,Ice Cream,Frozen,HH019,4.77,0.69,0.357,0.193,3,0
ITM010,Bananas,Produce,HH015,4.22,1.1,0.312,0.162,1,0
ITM006,Chicken Breast,Meat,HH011,4.33,1.19,0.241,0.078,1,0
ITM013,Frozen Peas,Frozen,HH008,1.93,0.46,0.206,0.089,4,1
ITM014,Orange Juice,Beverages,HH008,5.55,1.09,0.406,0.319,3,0
ITM008,Yogurt,Dairy,HH005,1.9,1.36,0.252,0.087,4,1
ITM006,Chicken Breast,Meat,HH001,6.9,1.02,0.219,0.164,2,0
ITM014,Orange Juice,Beverages,HH003,7.47,1.16,0.316,0.186,2,0
ITM007,Tomatoes,Produce,HH017,8.06,1.22,0.421,0.059,3,0
ITM011,Cereal,Pantry,HH011,1.2,0.3,0.087,0.013,3,0
ITM006,Chicken Breast,Meat,HH006,0.9,0.85,0.189,0.151,2,1
ITM014,Orange Juice,Beverages,HH019,2.34,0.77,0.346,0.265,4,1
ITM015,Butter,Dairy,HH019,0.66,0.16,0.106,0.04,4,1
ITM003,Bread,Bakery,HH013,9.76,1.83,0.733,0.58,2,0
ITM001,Milk,Dairy,HH001,6.26,1.32,0.577,0.155,4,0
ITM009,Cheese,Dairy,HH004,0.46,0.22,0.127,0.1,1,1
ITM006,Chicken Breast,Meat,HH006,4.85,0.96,0.291,0.054,2,0
ITM010,Bananas,Produce,HH016,1.81,1.03,0.305,0.121,2,1
ITM008,Yogurt,Dairy,HH017,8.11,1.22,0.545,0.359,1,0
ITM014,Orange Juice,Beverages,HH005,5.3,0.96,0.127,0.051,3,0
ITM015,Butter,Dairy,HH014,0.53,0.3,0.112,0.08,1,1
ITM013,Frozen Peas,Frozen,HH008,0.51,0.37,0.171,0.035,5,1
ITM006,Chicken Breast,Meat,HH008,2.62,0.75,0.423,0.284,1,1
ITM001,Milk,Dairy,HH009,8.72,1.6,0.615,0.254,1,0
ITM007,Tomatoes,Produce,HH004,2.95,1.16,0.416,0.193,1,1
ITM010,Bananas,Produce,HH012,3.0,1.53,0.369,0.043,4,1
ITM003,Bread,Bakery,HH015,11.22,1.86,0.255,0.077,1,0
ITM006,Chicken Breast,Meat,HH005,1.63,1.06,0.153,0.059,3,1
ITM002,Eggs,Dairy,HH013,4.15,1.58,0.519,0.069,1,1
ITM009,Cheese,Dairy,HH011,1.65,0.28,0.075,0.012,2,0
ITM015,Butter,Dairy,HH010,0.31,0.2,0.045,0.005,5,1
ITM014,Orange Juice,Beverages,HH017,0.6,1.17,0.385,0.126,5,1
ITM007,Tomatoes,Produce,HH016,4.21,1.33,0.325,0.188,3,0
ITM005,Ice Cream,Frozen,HH013,3.21,0.57,0.177,0.019,1,0
ITM014,Orange Juice,Beverages,HH008,1.9,0.69,0.309,0.047,2,1
ITM015,Butter,Dairy,HH018,0.36,0.17,0.092,0.053,2,1
ITM013,Frozen Peas,Frozen,HH003,0.66,0.4,0.151,0.112,5,1
ITM010,Bananas,Produce,HH015,8.21,1.24,0.288,0.078,2,0
ITM007,Tomatoes,Produce,HH019,2.08,1.22,0.382,0.182,4,1
ITM003,Bread,Bakery,HH007,7.97,1.84,0.454,0.171,1,0
ITM002,Eggs,Dairy,HH018,2.92,1.4,0.429,0.173,4,1
ITM003,Bread,Bakery,HH001,9.1,1.85,0.296,0.135,3,0
ITM009,Cheese,Dairy,HH012,1.93,0.32,0.082,0.065,2,0
ITM006,Chicken Breast,Meat,HH018,5.37,0.78,0.417,0.274,1,0
ITM009,Cheese,Dairy,HH016,0.42,0.25,0.102,0.02,4,1
ITM009,Cheese,Dairy,HH012,0.68,0.21,0.098,0.048,4,1
ITM005,Ice Cream,Frozen,HH016,4.87,0.72,0.19,0.035,2,0
ITM003,Bread,Bakery,HH009,9.09,1.8,0.692,0.184,3,0
ITM004,Rice,Grains,HH020,1.57,0.48,0.108,0.021,1,0
ITM001,Milk,Dairy,HH018,7.97,2.05,0.718,0.446,1,0
ITM015,Butter,Dairy,HH001,1.15,0.29,0.054,0.023,2,0
ITM014,Orange Juice,Beverages,HH005,3.77,1.07,0.151,0.059,5,0
ITM008,Yogurt,Dairy,HH009,0.88,1.01,0.533,0.2,1,1
ITM005,Ice Cream,Frozen,HH002,2.07,0.54,0.252,0.118,3,1
ITM008,Yogurt,Dairy,HH018,6.51,1.11,0.585,0.323,5,0
ITM003,Bread,Bakery,HH018,0.96,1.51,0.593,0.148,2,1
ITM002,Eggs,Dairy,HH006,0.63,1.21,0.367,0.078,2,1
ITM015,Butter,Dairy,HH017,1.68,0.31,0.073,0.054,4,0
ITM009,Cheese,Dairy,HH005,1.51,0.38,0.057,0.015,2,0
ITM002,Eggs,Dairy,HH016,0.93,1.15,0.302,0.229,3,1
ITM011,Cereal,Pantry,HH018,2.13,0.34,0.098,0.056,5,0
ITM002,Eggs,Dairy,HH017,7.43,1.53,0.439,0.114,5,0
ITM001,Milk,Dairy,HH001,7.78,1.75,0.624,0.13,1,0
ITM011,Cereal,Pantry,HH007,2.05,0.4,0.127,0.079,1,0
ITM007,Tomatoes,Produce,HH006,3.27,0.76,0.289,0.082,1,0
ITM002,Eggs,Dairy,HH013,2.9,1.33,0.589,0.298,5,1
ITM009,Cheese,Dairy,HH015,1.05,0.26,0.056,0.006,1,0
ITM008,Yogurt,Dairy,HH016,5.15,1.65,0.429,0.059,1,0
ITM008,Yogurt,Dairy,HH016,2.26,1.74,0.459,0.229,3,1
ITM015,Butter,Dairy,HH017,0.77,0.19,0.08,0.023,5,1
ITM002,Eggs,Dairy,HH004,2.97,1.4,0.515,0.212,3,1
ITM013,Frozen Peas,Frozen,HH007,0.33,0.3,0.182,0.069,3,1
ITM009,Cheese,Dairy,HH014,1.8,0.31,0.159,0.081,3,0
ITM002,Eggs,Dairy,HH016,0.72,1.42,0.286,0.123,4,1
ITM006,Chicken Breast,Meat,HH001,6.88,1.05,0.304,0.078,4,0
ITM010,Bananas,Produce,HH012,4.26,0.92,0.505,0.349,5,1
ITM014,Orange Juice,Beverages,HH019,3.84,0.84,0.428,0.114,1,0
ITM005,Ice Cream,Frozen,HH019,2.56,0.71,0.294,0.128,3,0
ITM012,Cooking Oil,Pantry,HH013,0.29,0.15,0.063,0.036,3,1
ITM009,Cheese,Dairy,HH013,1.31,0.23,0.119,0.061,1,0
ITM014,Orange Juice,Beverages,HH011,0.59,0.65,0.177,0.08,2,1
ITM006,Chicken Breast,Meat,HH006,0.5,0.84,0.256,0.043,1,1
ITM008,Yogurt,Dairy,HH015,3.86,1.99,0.328,0.103,1,1
ITM005,Ice Cream,Frozen,HH011,2.85,0.73,0.139,0.017,1,0
ITM006,Chicken Breast,Meat,HH001,3.37,0.71,0.204,0.158,1,0
ITM014,Orange Juice,Beverages,HH011,4.76,1.02,0.214,0.133,1,0
ITM011,Cereal,Pantry,HH002,1.42,0.39,0.1,0.02,2,0
ITM008,Yogurt,Dairy,HH001,2.0,1.7,0.496,0.137,4,1
ITM008,Yogurt,Dairy,HH019,8.82,1.29,0.815,0.5,5,0
ITM002,Eggs,Dairy,HH005,6.56,1.2,0.208,0.146,4,0
ITM003,Bread,Bakery,HH011,2.41,1.85,0.411,0.322,4,1
ITM007,Tomatoes,Produce,HH016,4.32,1.28,0.261,0.147,2,0
ITM001,Milk,Dairy,HH020,12.13,2.22,0.375,0.097,5,0
ITM007,Tomatoes,Produce,HH003,4.88,1.1,0.382,0.215,3,0
ITM001,Milk,Dairy,HH009,6.32,2.03,0.829,0.659,1,1
ITM006,Chicken Breast,Meat,HH004,5.96,1.17,0.432,0.178,1,0
ITM011,Cereal,Pantry,HH004,1.25,0.24,0.122,0.088,2,0
ITM008,Yogurt,Dairy,HH010,5.77,1.76,0.291,0.151,3,0
ITM007,Tomatoes,Produce,HH008,5.67,0.9,0.404,0.065,4,0
ITM007,Tomatoes,Produce,HH010,8.31,1.29,0.269,0.058,5,0
ITM014,Orange Juice,Beverages,HH005,0.46,0.87,0.21,0.06,2,1
ITM001,Milk,Dairy,HH013,5.94,2.06,0.634,0.067,2,1
ITM011,Cereal,Pantry,HH001,2.12,0.34,0.088,0.041,3,0
ITM005,Ice Cream,Frozen,HH020,2.91,0.67,0.12,0.061,5,0
ITM005,Ice Cream,Frozen,HH007,1.49,0.56,0.207,0.03,4,1
ITM007,Tomatoes,Produce,HH016,1.8,0.94,0.217,0.063,1,1
ITM014,Orange Juice,Beverages,HH005,4.54,0.94,0.186,0.126,4,0
ITM006,Chicken Breast,Meat,HH010,5.0,0.77,0.183,0.053,4,0
ITM012,Cooking Oil,Pantry,HH007,0.65,0.1,0.039,0.013,1,0
ITM011,Cereal,Pantry,HH017,0.24,0.31,0.107,0.035,1,1
ITM007,Tomatoes,Produce,HH011,3.35,0.72,0.336,0.044,1,0
ITM012,Cooking Oil,Pantry,HH015,0.15,0.18,0.022,0.005,3,1
ITM008,Yogurt,Dairy,HH011,1.27,1.83,0.468,0.281,2,1
ITM008,Yogurt,Dairy,HH018,3.09,1.16,0.611,0.211,1,1
ITM002,Eggs,Dairy,HH004,6.27,1.19,0.626,0.395,3,0
ITM011,Cereal,Pantry,HH004,0.86,0.35,0.159,0.019,2,1
ITM003,Bread,Bakery,HH018,4.86,1.67,0.543,0.167,4,1
ITM009,Cheese,Dairy,HH010,1.57,0.34,0.051,0.034,4,0
ITM004,Rice,Grains,HH006,3.13,0.55,0.146,0.112,4,0
ITM006,Chicken Breast,Meat,HH006,6.68,1.1,0.249,0.106,2,0
ITM013,Frozen Peas,Frozen,HH009,1.43,0.34,0.187,0.032,5,1
ITM010,Bananas,Produce,HH001,8.05,1.19,0.347,0.068,4,0
ITM004,Rice,Grains,HH009,1.93,0.6,0.263,0.184,4,1
ITM007,Tomatoes,Produce,HH018,1.92,1.16,0.367,0.228,5,1
ITM001,Milk,Dairy,HH018,5.84,1.61,0.91,0.188,1,1
ITM007,Tomatoes,Produce,HH012,2.68,1.1,0.28,0.149,5,1
ITM008,Yogurt,Dairy,HH005,3.18,1.28,0.319,0.238,3,1
ITM004,Rice,Grains,HH008,0.95,0.54,0.175,0.074,3,1
ITM014,Orange Juice,Beverages,HH007,3.14,0.97,0.253,0.062,1,0
ITM008,Yogurt,Dairy,HH015,7.67,1.98,0.368,0.121,4,0
ITM012,Cooking Oil,Pantry,HH003,0.62,0.13,0.058,0.032,4,0
ITM009,Cheese,Dairy,HH004,0.76,0.32,0.106,0.023,5,1
ITM003,Bread,Bakery,HH020,2.17,1.28,0.367,0.23,2,1
ITM004,Rice,Grains,HH002,1.86,0.32,0.106,0.056,2,0
ITM006,Chicken Breast,Meat,HH001,4.5,1.16,0.231,0.163,3,0
ITM001,Milk,Dairy,HH018,2.25,1.32,0.678,0.186,3,1
ITM001,Milk,Dairy,HH008,6.12,2.27,0.833,0.259,4,1
ITM010,Bananas,Produce,HH017,3.5,1.6,0.343,0.127,4,1
ITM006,Chicken Breast,Meat,HH020,4.2,0.99,0.189,0.031,2,0
ITM005,Ice Cream,Frozen,HH014,1.91,0.42,0.307,0.097,1,1
ITM001,Milk,Dairy,HH010,3.64,2.03,0.364,0.164,1,1
ITM014,Orange Juice,Beverages,HH015,6.57,1.12,0.225,0.029,3,0
ITM012,Cooking Oil,Pantry,HH013,0.5,0.11,0.045,0.016,5,0
ITM006,Chicken Breast,Meat,HH015,2.03,1.13,0.162,0.085,4,1
ITM011,Cereal,Pantry,HH008,1.31,0.25,0.127,0.079,4,0
ITM015,Butter,Dairy,HH012,0.14,0.22,0.073,0.026,3,1
ITM011,Cereal,Pantry,HH010,1.16,0.23,0.075,0.049,2,0
ITM003,Bread,Bakery,HH006,6.11,1.49,0.43,0.07,4,0
ITM010,Bananas,Produce,HH009,5.4,1.53,0.651,0.513,3,1
ITM014,Orange Juice,Beverages,HH003,3.85,1.09,0.347,0.135,4,0
ITM012,Cooking Oil,Pantry,HH002,0.47,0.16,0.054,0.034,5,0
ITM006,Chicken Breast,Meat,HH017,6.08,0.92,0.32,0.122,2,0
ITM008,Yogurt,Dairy,HH001,6.54,1.68,0.429,0.25,1,0
ITM010,Bananas,Produce,HH016,2.71,1.15,0.383,0.203,2,1
ITM006,Chicken Breast,Meat,HH009,2.05,1.11,0.522,0.27,3,1
ITM015,Butter,Dairy,HH006,0.35,0.26,0.066,0.022,2,1
ITM012,Cooking Oil,Pantry,HH003,0.31,0.15,0.071,0.008,5,1
ITM010,Bananas,Produce,HH009,3.73,1.14,0.399,0.299,5,1
ITM006,Chicken Breast,Meat,HH016,0.84,0.85,0.208,0.038,2,1
ITM010,Bananas,Produce,HH014,6.88,1.07,0.685,0.35,1,0
ITM004,Rice,Grains,HH015,1.2,0.34,0.064,0.047,5,0
ITM012,Cooking Oil,Pantry,HH010,1.16,0.17,0.021,0.004,2,0
ITM014,Orange Juice,Beverages,HH018,2.9,0.68,0.34,0.174,2,0
ITM003,Bread,Bakery,HH002,7.2,1.08,0.608,0.226,5,0
ITM004,Rice,Grains,HH013,0.92,0.44,0.167,0.075,2,1
ITM007,Tomatoes,Produce,HH017,4.97,1.34,0.253,0.169,3,0
ITM003,Bread,Bakery,HH017,5.94,1.17,0.624,0.168,1,0
ITM015,Butter,Dairy,HH016,0.53,0.3,0.046,0.005,4,1
ITM004,Rice,Grains,HH012,3.12,0.49,0.144,0.083,3,0
ITM001,Milk,Dairy,HH008,8.84,1.75,0.822,0.556,4,0
ITM009,Cheese,Dairy,HH005,0.98,0.4,0.075,0.051,1,1
ITM009,Cheese,Dairy,HH020,1.21,0.3,0.067,0.047,1,0
ITM008,Yogurt,Dairy,HH018,4.65,1.78,0.545,0.147,2,1
ITM001,Milk,Dairy,HH019,9.41,1.55,0.642,0.17,2,0
ITM008,Yogurt,Dairy,HH018,4.55,1.35,0.486,0.235,2,1
ITM003,Bread,Bakery,HH014,9.21,1.33,0.903,0.292,5,0
ITM015,Butter,Dairy,HH015,1.22,0.31,0.058,0.023,2,0
ITM004,Rice,Grains,HH002,1.68,0.33,0.129,0.077,5,0
ITM009,Cheese,Dairy,HH005,0.54,0.25,0.064,0.024,5,1
ITM007,Tomatoes,Produce,HH012,9.27,1.35,0.426,0.235,2,0
ITM008,Yogurt,Dairy,HH006,6.32,1.75,0.41,0.312,2,0
ITM015,Butter,Dairy,HH006,0.27,0.27,0.049,0.033,3,1
ITM002,Eggs,Dairy,HH004,9.27,1.53,0.441,0.089,1,0
ITM008,Yogurt,Dairy,HH001,2.59,1.84,0.378,0.277,3,1
ITM011,Cereal,Pantry,HH002,0.15,0.24,0.102,0.081,5,1
ITM003,Bread,Bakery,HH016,1.62,1.05,0.389,0.095,3,1
ITM006,Chicken Breast,Meat,HH016,3.15,0.73,0.243,0.161,1,0
ITM010,Bananas,Produce,HH020,2.29,1.31,0.209,0.092,5,1
ITM015,Butter,Dairy,HH009,1.7,0.28,0.119,0.062,5,0
ITM004,Rice,Grains,HH009,2.34,0.41,0.255,0.084,2,0
ITM008,Yogurt,Dairy,HH006,3.54,1.37,0.398,0.229,2,1
ITM002,Eggs,Dairy,HH005,5.52,0.88,0.179,0.035,4,0
ITM002,Eggs,Dairy,HH020,1.63,1.28,0.186,0.139,3,1
ITM012,Cooking Oil,Pantry,HH020,0.09,0.14,0.039,0.013,1,1
ITM005,Ice Cream,Frozen,HH013,1.62,0.74,0.246,0.053,3,1
ITM013,Frozen Peas,Frozen,HH013,0.27,0.46,0.168,0.065,1,1
ITM011,Cereal,Pantry,HH009,0.71,0.35,0.142,0.046,1,1
ITM010,Bananas,Produce,HH014,3.59,1.12,0.694,0.428,2,1
ITM005,Ice Cream,Frozen,HH011,0.31,0.45,0.146,0.091,2,1
ITM007,Tomatoes,Produce,HH008,6.81,1.01,0.329,0.19,3,0
ITM014,Orange Juice,Beverages,HH001,4.53,0.71,0.249,0.16,4,0
ITM013,Frozen Peas,Frozen,HH008,0.42,0.36,0.226,0.161,1,1
ITM002,Eggs,Dairy,HH001,2.51,1.22,0.238,0.027,5,1
ITM011,Cereal,Pantry,HH019,1.19,0.24,0.134,0.088,4,0
ITM012,Cooking Oil,Pantry,HH001,0.42,0.18,0.042,0.029,1,1
ITM015,Butter,Dairy,HH014,0.78,0.2,0.121,0.095,2,1
ITM015,Butter,Dairy,HH013,1.41,0.25,0.101,0.078,2,0
ITM003,Bread,Bakery,HH012,4.58,1.23,0.442,0.112,3,0
ITM013,Frozen Peas,Frozen,HH007,2.24,0.43,0.109,0.084,1,0
ITM011,Cereal,Pantry,HH008,2.04,0.38,0.13,0.063,5,0
ITM009,Cheese,Dairy,HH018,1.86,0.38,0.121,0.093,1,0
ITM005,Ice Cream,Frozen,HH016,1.11,0.4,0.168,0.1,3,1
ITM005,Ice Cream,Frozen,HH004,4.92,0.74,0.308,0.191,2,0
ITM010,Bananas,Produce,HH010,2.12,1.56,0.205,0.131,2,1
ITM002,Eggs,Dairy,HH009,0.77,1.36,0.63,0.317,5,1
ITM013,Frozen Peas,Frozen,HH006,0.85,0.53,0.113,0.053,3,1
ITM006,Chicken Breast,Meat,HH006,2.23,0.72,0.196,0.08,3,0
ITM009,Cheese,Dairy,HH007,1.24,0.37,0.072,0.023,3,0
ITM014,Orange Juice,Beverages,HH009,3.31,0.95,0.499,0.227,2,1
ITM012,Cooking Oil,Pantry,HH013,0.3,0.15,0.072,0.016,5,1
ITM007,Tomatoes,Produce,HH018,3.96,1.34,0.518,0.295,1,1
ITM005,Ice Cream,Frozen,HH010,3.2,0.74,0.154,0.075,2,0
ITM013,Frozen Peas,Frozen,HH020,0.53,0.55,0.081,0.045,5,1
ITM001,Milk,Dairy,HH010,14.45,2.35,0.26,0.17,3,0
ITM006,Chicken Breast,Meat,HH002,1.34,0.82,0.389,0.184,2,1
ITM012,Cooking Oil,Pantry,HH002,0.83,0.18,0.049,0.01,3,0
ITM003,Bread,Bakery,HH009,6.28,1.72,0.553,0.337,1,0
ITM008,Yogurt,Dairy,HH012,9.14,1.82,0.503,0.381,1,0
ITM015,Butter,Dairy,HH012,0.22,0.21,0.088,0.019,1,1
ITM004,Rice,Grains,HH005,3.2,0.55,0.098,0.03,5,0
ITM011,Cereal,Pantry,HH015,0.83,0.39,0.045,0.025,2,0
ITM006,Chicken Breast,Meat,HH016,0.48,0.72,0.173,0.087,1,1
ITM012,Cooking Oil,Pantry,HH007,0.55,0.18,0.055,0.024,1,0
ITM015,Butter,Dairy,HH018,0.24,0.27,0.079,0.05,5,1
ITM003,Bread,Bakery,HH002,1.51,1.12,0.629,0.473,1,1
ITM010,Bananas,Produce,HH008,7.94,1.32,0.529,0.305,3,0
ITM011,Cereal,Pantry,HH013,1.07,0.32,0.097,0.013,1,0
ITM005,Ice Cream,Frozen,HH015,2.93,0.66,0.124,0.04,1,0
ITM008,Yogurt,Dairy,HH008,7.75,1.32,0.772,0.35,4,0
ITM006,Chicken Breast,Meat,HH018,3.8,1.04,0.349,0.124,4,0
ITM008,Yogurt,Dairy,HH013,7.94,1.8,0.731,0.45,3,0
ITM011,Cereal,Pantry,HH004,1.26,0.39,0.144,0.111,4,1
ITM012,Cooking Oil,Pantry,HH017,0.13,0.2,0.045,0.014,3,1
ITM007,Tomatoes,Produce,HH001,6.46,1.13,0.357,0.101,2,0
ITM011,Cereal,Pantry,HH016,0.36,0.33,0.07,0.029,2,1
ITM004,Rice,Grains,HH007,1.91,0.47,0.153,0.03,1,0
ITM003,Bread,Bakery,HH018,3.21,1.97,0.499,0.236,1,1
ITM011,Cereal,Pantry,HH016,0.26,0.31,0.089,0.048,5,1
ITM005,Ice Cream,Frozen,HH018,2.82,0.52,0.216,0.106,2,0
ITM015,Butter,Dairy,HH002,0.62,0.2,0.081,0.054,2,1
ITM014,Orange Juice,Beverages,HH011,3.95,0.91,0.292,0.146,4,0
ITM009,Cheese,Dairy,HH019,0.6,0.27,0.139,0.034,5,1
ITM012,Cooking Oil,Pantry,HH001,1.13,0.17,0.031,0.013,1,0
ITM004,Rice,Grains,HH002,0.69,0.43,0.194,0.151,2,1
ITM002,Eggs,Dairy,HH002,1.85,1.04,0.308,0.122,1,1
ITM007,Tomatoes,Produce,HH004,7.78,1.36,0.355,0.248,1,0
ITM010,Bananas,Produce,HH002,1.18,1.33,0.351,0.06,4,1
ITM010,Bananas,Produce,HH010,1.83,1.18,0.296,0.102,2,1
ITM014,Orange Juice,Beverages,HH003,0.56,1.01,0.457,0.154,1,1
ITM005,Ice Cream,Frozen,HH004,3.34,0.52,0.347,0.242,5,0
ITM004,Rice,Grains,HH018,1.81,0.32,0.212,0.06,3,1
ITM009,Cheese,Dairy,HH016,2.69,0.4,0.078,0.061,2,0
ITM011,Cereal,Pantry,HH016,0.71,0.24,0.077,0.011,1,1
ITM013,Frozen Peas,Frozen,HH013,1.92,0.52,0.192,0.094,1,1
ITM002,Eggs,Dairy,HH016,4.12,1.4,0.373,0.113,2,1
ITM005,Ice Cream,Frozen,HH011,2.05,0.43,0.142,0.033,4,0
ITM011,Cereal,Pantry,HH001,1.63,0.27,0.084,0.049,3,0
ITM007,Tomatoes,Produce,HH020,3.64,1.25,0.183,0.119,2,0
ITM007,Tomatoes,Produce,HH019,4.77,0.78,0.406,0.128,4,0
ITM014,Orange Juice,Beverages,HH015,5.25,0.85,0.167,0.077,5,0
ITM005,Ice Cream,Frozen,HH011,2.9,0.44,0.136,0.055,1,0
ITM011,Cereal,Pantry,HH012,2.35,0.38,0.086,0.065,2,0
ITM015,Butter,Dairy,HH007,0.8,0.17,0.085,0.016,4,0
ITM003,Bread,Bakery,HH008,11.86,1.75,0.522,0.063,3,0
ITM007,Tomatoes,Produce,HH005,2.35,0.93,0.177,0.033,1,0
ITM008,Yogurt,Dairy,HH008,5.79,1.27,0.69,0.107,1,1
ITM008,Yogurt,Dairy,HH006,2.08,1.52,0.389,0.067,2,1
ITM011,Cereal,Pantry,HH008,1.22,0.21,0.105,0.025,5,0
ITM010,Bananas,Produce,HH015,2.64,0.83,0.23,0.161,4,1
ITM014,Orange Juice,Beverages,HH016,2.42,1.16,0.196,0.11,3,1
ITM008,Yogurt,Dairy,HH011,6.48,1.59,0.416,0.17,2,0
ITM005,Ice Cream,Frozen,HH011,5.5,0.79,0.114,0.062,5,0
ITM010,Bananas,Produce,HH010,6.17,0.95,0.192,0.088,1,0
ITM006,Chicken Breast,Meat,HH004,1.2,0.88,0.434,0.156,1,1
ITM007,Tomatoes,Produce,HH014,4.71,0.86,0.609,0.164,4,1
ITM005,Ice Cream,Frozen,HH015,0.77,0.48,0.089,0.01,4,1
ITM001,Milk,Dairy,HH001,6.44,2.16,0.455,0.355,2,0
ITM009,Cheese,Dairy,HH011,1.4,0.3,0.081,0.051,3,0
ITM005,Ice Cream,Frozen,HH009,3.74,0.76,0.258,0.202,2,0
ITM012,Cooking Oil,Pantry,HH010,0.08,0.16,0.03,0.024,5,1
ITM001,Milk,Dairy,HH015,7.7,1.99,0.401,0.095,3,0
ITM006,Chicken Breast,Meat,HH007,1.29,0.81,0.389,0.118,2,1
ITM005,Ice Cream,Frozen,HH013,2.07,0.43,0.24,0.133,5,1
ITM001,Milk,Dairy,HH012,1.45,1.49,0.572,0.113,5,1
ITM001,Milk,Dairy,HH019,12.16,1.74,0.684,0.508,5,0
ITM005,Ice Cream,Frozen,HH008,3.05,0.65,0.225,0.131,4,0
ITM001,Milk,Dairy,HH007,6.91,2.15,0.438,0.317,1,0
ITM002,Eggs,Dairy,HH009,1.69,1.46,0.504,0.255,1,1
ITM007,Tomatoes,Produce,HH011,6.2,1.02,0.216,0.03,3,0
ITM003,Bread,Bakery,HH019,4.82,1.85,0.851,0.66,2,1
ITM011,Cereal,Pantry,HH013,1.96,0.28,0.122,0.033,4,0
ITM011,Cereal,Pantry,HH014,0.54,0.21,0.153,0.016,2,1
ITM007,Tomatoes,Produce,HH018,0.73,0.83,0.314,0.147,5,1
ITM005,Ice Cream,Frozen,HH013,2.19,0.51,0.304,0.214,3,1
ITM008,Yogurt,Dairy,HH006,6.3,1.95,0.454,0.071,5,0
ITM001,Milk,Dairy,HH003,11.87,2.27,0.643,0.121,3,0
ITM004,Rice,Grains,HH002,0.62,0.52,0.167,0.068,1,1
ITM003,Bread,Bakery,HH019,5.46,1.88,0.767,0.544,5,1
ITM006,Chicken Breast,Meat,HH019,4.65,1.02,0.457,0.178,2,0
ITM012,Cooking Oil,Pantry,HH017,0.51,0.18,0.058,0.034,1,1
ITM011,Cereal,Pantry,HH006,1.62,0.33,0.099,0.076,3,0
ITM015,Butter,Dairy,HH005,1.02,0.18,0.05,0.022,1,0
ITM008,Yogurt,Dairy,HH001,4.24,1.37,0.419,0.306,3,0
ITM011,Cereal,Pantry,HH001,0.4,0.31,0.06,0.008,3,1
ITM002,Eggs,Dairy,HH004,3.99,0.89,0.68,0.084,1,1
ITM008,Yogurt,Dairy,HH010,9.91,1.49,0.275,0.166,5,0
ITM002,Eggs,Dairy,HH004,3.64,1.54,0.716,0.284,3,1
ITM011,Cereal,Pantry,HH020,2.38,0.38,0.055,0.021,2,0
ITM001,Milk,Dairy,HH001,5.12,1.96,0.379,0.041,3,0
ITM007,Tomatoes,Produce,HH008,2.81,1.17,0.465,0.183,5,1
ITM015,Butter,Dairy,HH012,1.56,0.32,0.067,0.046,3,0
ITM015,Butter,Dairy,HH013,0.57,0.31,0.098,0.048,1,1
ITM008,Yogurt,Dairy,HH004,6.13,1.67,0.639,0.168,4,0
ITM010,Bananas,Produce,HH001,2.39,0.98,0.349,0.081,4,1
ITM006,Chicken Breast,Meat,HH003,6.43,0.92,0.365,0.286,4,0
ITM014,Orange Juice,Beverages,HH008,1.43,1.1,0.308,0.042,3,1
ITM015,Butter,Dairy,HH016,0.33,0.28,0.056,0.026,2,1
ITM013,Frozen Peas,Frozen,HH008,1.84,0.58,0.14,0.027,4,0
ITM001,Milk,Dairy,HH003,7.11,1.21,0.927,0.344,4,1
ITM009,Cheese,Dairy,HH010,1.22,0.24,0.075,0.037,3,0
ITM004,Rice,Grains,HH020,3.74,0.57,0.086,0.023,1,0
ITM015,Butter,Dairy,HH003,0.55,0.23,0.078,0.02,5,1
ITM002,Eggs,Dairy,HH003,1.42,1.4,0.428,0.144,5,1
ITM011,Cereal,Pantry,HH019,0.83,0.31,0.138,0.059,3,1
ITM008,Yogurt,Dairy,HH009,1.56,1.1,0.728,0.156,4,1
ITM013,Frozen Peas,Frozen,HH007,3.28,0.47,0.109,0.059,2,0
ITM008,Yogurt,Dairy,HH011,1.61,1.34,0.39,0.04,5,1
ITM008,Yogurt,Dairy,HH006,1.34,1.38,0.428,0.196,2,1
ITM008,Yogurt,Dairy,HH017,5.0,1.32,0.583,0.203,3,0
ITM009,Cheese,Dairy,HH014,0.32,0.32,0.143,0.109,5,1
ITM008,Yogurt,Dairy,HH017,6.4,1.69,0.482,0.248,1,0
ITM008,Yogurt,Dairy,HH016,5.53,1.77,0.416,0.055,5,0
ITM013,Frozen Peas,Frozen,HH011,3.77,0.6,0.147,0.077,3,0
ITM015,Butter,Dairy,HH006,0.21,0.29,0.055,0.041,5,1
ITM010,Bananas,Produce,HH006,0.85,1.26,0.383,0.171,5,1
ITM008,Yogurt,Dairy,HH009,10.19,1.94,0.6,0.07,1,0
ITM015,Butter,Dairy,HH001,2.0,0.3,0.047,0.026,3,0
ITM011,Cereal,Pantry,HH010,1.02,0.2,0.046,0.027,5,0
ITM007,Tomatoes,Produce,HH004,5.93,0.92,0.477,0.162,5,0
ITM013,Frozen Peas,Frozen,HH014,0.5,0.59,0.259,0.176,5,1
ITM013,Frozen Peas,Frozen,HH010,0.83,0.45,0.084,0.018,5,1
ITM009,Cheese,Dairy,HH020,0.77,0.31,0.044,0.016,1,0
ITM008,Yogurt,Dairy,HH006,7.5,1.35,0.306,0.143,2,0
ITM010,Bananas,Produce,HH005,6.62,1.14,0.223,0.109,1,0
ITM013,Frozen Peas,Frozen,HH006,1.37,0.32,0.137,0.074,2,0
ITM013,Frozen Peas,Frozen,HH016,3.29,0.5,0.137,0.035,4,0
ITM009,Cheese,Dairy,HH016,1.68,0.31,0.102,0.063,1,0
ITM005,Ice Cream,Frozen,HH005,1.58,0.74,0.135,0.038,5,1
ITM014,Orange Juice,Beverages,HH001,3.19,0.99,0.206,0.049,2,0
ITM008,Yogurt,Dairy,HH001,6.94,1.07,0.412,0.082,3,0
ITM003,Bread,Bakery,HH015,7.42,1.88,0.356,0.095,2,0
ITM005,Ice Cream,Frozen,HH011,1.46,0.48,0.174,0.036,5,1
ITM001,Milk,Dairy,HH017,13.74,2.0,0.757,0.587,1,0
ITM002,Eggs,Dairy,HH017,1.57,1.41,0.508,0.227,2,1
ITM005,Ice Cream,Frozen,HH020,1.41,0.57,0.107,0.018,3,0
ITM011,Cereal,Pantry,HH007,0.29,0.36,0.106,0.03,4,1
ITM005,Ice Cream,Frozen,HH016,3.33,0.76,0.114,0.037,5,0
ITM015,Butter,Dairy,HH007,1.73,0.31,0.093,0.071,3,0
ITM007,Tomatoes,Produce,HH013,2.7,1.13,0.355,0.041,4,1
ITM003,Bread,Bakery,HH010,2.86,1.57,0.326,0.217,1,1
ITM005,Ice Cream,Frozen,HH018,0.75,0.66,0.281,0.039,5,1
ITM006,Chicken Breast,Meat,HH011,2.53,1.1,0.259,0.131,4,1
ITM006,Chicken Breast,Meat,HH016,7.12,1.03,0.214,0.149,5,0
ITM005,Ice Cream,Frozen,HH002,4.38,0.8,0.257,0.086,1,0
ITM002,Eggs,Dairy,HH010,8.55,1.6,0.206,0.111,5,0
ITM008,Yogurt,Dairy,HH010,7.03,1.19,0.338,0.087,3,0
ITM004,Rice,Grains,HH017,0.91,0.38,0.18,0.029,1,1
ITM015,Butter,Dairy,HH005,0.5,0.19,0.062,0.012,2,1
ITM011,Cereal,Pantry,HH016,1.18,0.36,0.085,0.042,1,1
ITM002,Eggs,Dairy,HH015,5.49,1.45,0.24,0.044,4,0
ITM014,Orange Juice,Beverages,HH008,5.12,0.76,0.398,0.177,3,0
ITM015,Butter,Dairy,HH020,0.61,0.2,0.06,0.031,4,0
ITM001,Milk,Dairy,HH001,4.13,1.68,0.505,0.137,4,1
ITM011,Cereal,Pantry,HH015,0.81,0.32,0.056,0.037,5,0
ITM003,Bread,Bakery,HH001,10.28,1.55,0.285,0.09,3,0
ITM008,Yogurt,Dairy,HH020,1.06,1.05,0.336,0.191,4,1
ITM011,Cereal,Pantry,HH018,0.62,0.34,0.149,0.092,3,1
ITM014,Orange Juice,Beverages,HH013,1.79,0.66,0.316,0.145,3,1
ITM015,Butter,Dairy,HH012,0.55,0.16,0.081,0.021,2,1
ITM004,Rice,Grains,HH015,2.21,0.57,0.065,0.018,3,0
ITM011,Cereal,Pantry,HH005,2.03,0.32,0.071,0.028,2,0
ITM006,Chicken Breast,Meat,HH016,6.77,1.0,0.276,0.168,5,0
ITM010,Bananas,Produce,HH017,2.97,1.13,0.35,0.25,4,1
ITM015,Butter,Dairy,HH016,0.71,0.3,0.055,0.043,5,0
ITM003,Bread,Bakery,HH018,5.14,1.02,0.604,0.219,4,0
ITM014,Orange Juice,Beverages,HH016,3.79,0.63,0.211,0.093,5,0
ITM005,Ice Cream,Frozen,HH007,1.89,0.5,0.172,0.04,3,0
ITM010,Bananas,Produce,HH015,2.21,0.86,0.27,0.144,4,1
ITM009,Cheese,Dairy,HH012,1.53,0.4,0.092,0.041,5,0
ITM011,Cereal,Pantry,HH010,0.98,0.28,0.07,0.035,2,0
ITM014,Orange Juice,Beverages,HH020,3.62,1.03,0.15,0.108,2,0
ITM006,Chicken Breast,Meat,HH009,4.92,1.1,0.437,0.302,5,1
ITM007,Tomatoes,Produce,HH011,5.03,0.98,0.299,0.148,5,0
ITM004,Rice,Grains,HH017,3.59,0.59,0.19,0.151,1,0
ITM007,Tomatoes,Produce,HH017,1.29,1.28,0.247,0.071,5,1
ITM013,Frozen Peas,Frozen,HH010,1.19,0.34,0.088,0.069,4,0
ITM014,Orange Juice,Beverages,HH010,3.58,0.62,0.233,0.069,3,0
ITM010,Bananas,Produce,HH003,2.81,1.44,0.43,0.327,3,1
ITM001,Milk,Dairy,HH010,5.89,2.13,0.279,0.18,2,0
ITM006,Chicken Breast,Meat,HH015,6.48,1.05,0.226,0.113,1,0
ITM010,Bananas,Produce,HH009,5.18,1.51,0.506,0.259,1,0
ITM005,Ice Cream,Frozen,HH002,1.38,0.69,0.23,0.152,5,1
ITM011,Cereal,Pantry,HH019,0.4,0.3,0.157,0.078,3,1
ITM012,Cooking Oil,Pantry,HH006,0.43,0.12,0.029,0.016,1,0
ITM013,Frozen Peas,Frozen,HH001,0.98,0.46,0.139,0.079,2,1
ITM009,Cheese,Dairy,HH013,1.78,0.27,0.142,0.02,2,0
ITM008,Yogurt,Dairy,HH002,1.32,1.26,0.627,0.142,2,1
ITM008,Yogurt,Dairy,HH012,1.03,1.0,0.509,0.238,1,1
ITM006,Chicken Breast,Meat,HH019,4.94,0.86,0.422,0.114,5,0
ITM003,Bread,Bakery,HH008,6.34,2.0,0.722,0.537,5,1
ITM012,Cooking Oil,Pantry,HH011,0.95,0.16,0.051,0.016,1,0
ITM012,Cooking Oil,Pantry,HH018,0.68,0.15,0.064,0.009,2,0
ITM015,Butter,Dairy,HH008,1.94,0.29,0.088,0.019,3,0
ITM015,Butter,Dairy,HH020,0.56,0.22,0.058,0.018,1,1
ITM011,Cereal,Pantry,HH010,0.61,0.39,0.053,0.031,1,1
ITM014,Orange Juice,Beverages,HH002,3.8,1.04,0.35,0.194,1,0
ITM011,Cereal,Pantry,HH012,0.62,0.37,0.121,0.09,1,1
ITM001,Milk,Dairy,HH008,3.81,2.28,0.717,0.12,4,1
ITM002,Eggs,Dairy,HH020,1.8,1.06,0.305,0.168,4,1
ITM008,Yogurt,Dairy,HH009,4.18,1.36,0.711,0.363,5,1
ITM006,Chicken Breast,Meat,HH006,1.87,0.82,0.256,0.196,1,1
ITM003,Bread,Bakery,HH014,4.07,1.75,0.665,0.117,5,1
ITM005,Ice Cream,Frozen,HH010,1.26,0.52,0.148,0.118,3,1
ITM007,Tomatoes,Produce,HH001,0.94,0.74,0.25,0.108,3,1
ITM007,Tomatoes,Produce,HH004,2.49,0.77,0.408,0.227,5,1
ITM004,Rice,Grains,HH016,0.86,0.53,0.128,0.04,1,1
ITM001,Milk,Dairy,HH012,4.51,1.91,0.496,0.169,5,1
ITM002,Eggs,Dairy,HH010,0.92,0.94,0.244,0.12,5,1
ITM012,Cooking Oil,Pantry,HH011,0.49,0.1,0.033,0.022,2,0
ITM007,Tomatoes,Produce,HH019,0.55,0.77,0.407,0.109,4,1
ITM012,Cooking Oil,Pantry,HH001,0.26,0.13,0.048,0.017,3,1
ITM011,Cereal,Pantry,HH005,1.09,0.37,0.074,0.043,4,0
ITM012,Cooking Oil,Pantry,HH015,0.55,0.12,0.027,0.008,5,0
ITM005,Ice Cream,Frozen,HH014,3.3,0.76,0.205,0.063,4,0
ITM009,Cheese,Dairy,HH005,1.69,0.4,0.045,0.014,2,0
ITM008,Yogurt,Dairy,HH018,1.24,1.18,0.692,0.499,2,1
ITM010,Bananas,Produce,HH012,5.81,1.0,0.333,0.25,5,0
ITM003,Bread,Bakery,HH014,10.62,1.63,0.86,0.246,3,0
ITM006,Chicken Breast,Meat,HH006,6.18,1.12,0.189,0.061,4,0
ITM011,Cereal,Pantry,HH009,1.77,0.37,0.177,0.089,4,0
ITM013,Frozen Peas,Frozen,HH013,2.37,0.58,0.171,0.124,4,0
ITM003,Bread,Bakery,HH007,0.79,1.54,0.535,0.317,2,1
ITM012,Cooking Oil,Pantry,HH011,0.66,0.15,0.035,0.006,1,0
ITM008,Yogurt,Dairy,HH008,6.61,1.95,0.572,0.184,5,0
ITM006,Chicken Breast,Meat,HH016,4.49,0.85,0.187,0.094,2,0
ITM003,Bread,Bakery,HH011,11.37,1.72,0.51,0.335,2,0
ITM011,Cereal,Pantry,HH011,1.03,0.34,0.075,0.051,1,0
ITM003,Bread,Bakery,HH020,2.44,1.45,0.312,0.244,5,1
ITM014,Orange Juice,Beverages,HH013,6.39,1.09,0.279,0.105,5,0
ITM009,Cheese,Dairy,HH020,0.51,0.29,0.062,0.022,1,1
ITM009,Cheese,Dairy,HH014,1.38,0.24,0.126,0.059,4,0
ITM009,Cheese,Dairy,HH016,0.71,0.25,0.068,0.053,2,1
ITM003,Bread,Bakery,HH007,1.77,1.9,0.429,0.332,1,1
ITM006,Chicken Breast,Meat,HH018,1.81,0.67,0.321,0.095,2,1
ITM013,Frozen Peas,Frozen,HH004,3.08,0.49,0.27,0.196,4,0
ITM003,Bread,Bakery,HH018,2.69,1.68,0.679,0.197,4,1
ITM014,Orange Juice,Beverages,HH018,4.6,0.73,0.359,0.053,3,0
ITM011,Cereal,Pantry,HH006,1.81,0.27,0.064,0.016,3,0
ITM002,Eggs,Dairy,HH013,2.58,1.22,0.445,0.197,5,1
ITM001,Milk,Dairy,HH001,11.43,2.26,0.617,0.204,5,0
ITM009,Cheese,Dairy,HH007,0.83,0.29,0.11,0.062,2,1
ITM005,Ice Cream,Frozen,HH016,0.7,0.72,0.203,0.026,3,1
ITM010,Bananas,Produce,HH013,5.2,1.18,0.466,0.319,2,0
ITM015,Butter,Dairy,HH015,0.75,0.19,0.055,0.042,4,0
ITM008,Yogurt,Dairy,HH002,2.23,1.45,0.539,0.108,2,1
ITM004,Rice,Grains,HH019,0.98,0.52,0.176,0.019,1,1
ITM015,Butter,Dairy,HH003,0.28,0.32,0.08,0.016,2,1
ITM012,Cooking Oil,Pantry,HH012,0.31,0.15,0.054,0.022,1,1
ITM012,Cooking Oil,Pantry,HH017,0.9,0.15,0.037,0.011,5,0
ITM010,Bananas,Produce,HH014,7.0,1.14,0.414,0.255,3,0
ITM006,Chicken Breast,Meat,HH017,1.51,0.63,0.284,0.128,4,1
ITM008,Yogurt,Dairy,HH003,4.96,1.84,0.633,0.498,1,1
ITM012,Cooking Oil,Pantry,HH012,0.36,0.16,0.056,0.017,1,1
ITM007,Tomatoes,Produce,HH014,4.92,1.11,0.602,0.48,5,1
ITM011,Cereal,Pantry,HH014,2.16,0.37,0.1,0.038,2,0
ITM015,Butter,Dairy,HH008,0.77,0.29,0.091,0.065,3,1
ITM010,Bananas,Produce,HH017,1.94,1.41,0.397,0.044,1,1
ITM009,Cheese,Dairy,HH006,1.1,0.26,0.099,0.051,2,0
ITM001,Milk,Dairy,HH003,8.44,1.85,0.878,0.174,2,0
ITM002,Eggs,Dairy,HH018,7.84,1.3,0.591,0.194,3,0
ITM005,Ice Cream,Frozen,HH011,3.23,0.57,0.18,0.113,2,0
ITM005,Ice Cream,Frozen,HH009,1.38,0.61,0.352,0.144,3,1
ITM003,Bread,Bakery,HH001,9.48,1.49,0.493,0.094,4,0
ITM005,Ice Cream,Frozen,HH012,1.32,0.43,0.243,0.026,1,1
ITM006,Chicken Breast,Meat,HH011,1.71,0.67,0.297,0.153,5,1
ITM011,Cereal,Pantry,HH001,1.65,0.34,0.067,0.027,5,0
ITM006,Chicken Breast,Meat,HH019,3.18,0.93,0.401,0.166,5,1
ITM004,Rice,Grains,HH009,2.83,0.44,0.26,0.073,1,0
ITM006,Chicken Breast,Meat,HH003,0.7,0.65,0.349,0.098,2,1
ITM006,Chicken Breast,Meat,HH010,4.25,0.8,0.228,0.126,2,0
ITM010,Bananas,Produce,HH006,4.21,0.84,0.327,0.045,2,0
ITM007,Tomatoes,Produce,HH007,5.25,1.3,0.353,0.188,5,0
ITM008,Yogurt,Dairy,HH013,11.61,1.99,0.449,0.271,3,0
ITM002,Eggs,Dairy,HH020,4.73,0.82,0.237,0.108,1,0
ITM005,Ice Cream,Frozen,HH015,3.1,0.52,0.1,0.041,3,0
ITM012,Cooking Oil,Pantry,HH006,0.9,0.14,0.033,0.006,3,0
ITM015,Butter,Dairy,HH014,1.43,0.24,0.144,0.113,2,0
ITM001,Milk,Dairy,HH011,9.96,1.65,0.563,0.116,2,0
ITM007,Tomatoes,Produce,HH008,7.0,1.15,0.398,0.042,2,0
ITM010,Bananas,Produce,HH009,8.4,1.35,0.47,0.189,4,0
ITM001,Milk,Dairy,HH013,3.75,1.81,0.79,0.616,5,1
ITM014,Orange Juice,Beverages,HH010,1.47,0.85,0.208,0.11,4,1
ITM009,Cheese,Dairy,HH019,0.45,0.21,0.137,0.104,1,1
ITM015,Butter,Dairy,HH005,1.81,0.3,0.041,0.006,3,0
ITM002,Eggs,Dairy,HH012,3.16,1.35,0.502,0.359,1,1
ITM001,Milk,Dairy,HH016,3.97,1.22,0.515,0.105,4,1
ITM001,Milk,Dairy,HH002,3.4,2.13,0.679,0.3,3,1
ITM007,Tomatoes,Produce,HH009,6.53,1.12,0.438,0.259,1,0
ITM011,Cereal,Pantry,HH012,1.98,0.36,0.098,0.066,2,0
ITM014,Orange Juice,Beverages,HH013,1.83,0.79,0.261,0.037,4,1
ITM007,Tomatoes,Produce,HH020,5.3,1.2,0.216,0.166,4,0
ITM010,Bananas,Produce,HH020,7.19,1.22,0.26,0.108,5,0
ITM005,Ice Cream,Frozen,HH011,1.22,0.54,0.181,0.049,3,1
ITM003,Bread,Bakery,HH010,3.82,1.05,0.36,0.157,3,1
ITM011,Cereal,Pantry,HH014,0.67,0.24,0.143,0.085,3,1
ITM014,Orange Juice,Beverages,HH019,3.79,0.74,0.388,0.277,3,0
ITM012,Cooking Oil,Pantry,HH004,0.89,0.2,0.081,0.017,4,0
ITM003,Bread,Bakery,HH012,0.88,1.01,0.514,0.323,3,1
ITM003,Bread,Bakery,HH017,10.13,1.77,0.533,0.375,1,0
ITM006,Chicken Breast,Meat,HH009,1.01,0.74,0.537,0.163,4,1
ITM009,Cheese,Dairy,HH003,0.23,0.39,0.085,0.033,3,1
ITM002,Eggs,Dairy,HH017,7.42,1.18,0.381,0.249,2,0
ITM005,Ice Cream,Frozen,HH014,2.15,0.57,0.333,0.041,1,1
ITM013,Frozen Peas,Frozen,HH014,3.02,0.53,0.19,0.102,5,0
ITM010,Bananas,Produce,HH007,6.9,1.29,0.434,0.048,1,0
ITM008,Yogurt,Dairy,HH006,13.27,1.96,0.516,0.175,1,0
ITM001,Milk,Dairy,HH013,4.62,2.18,0.551,0.133,2,1
ITM010,Bananas,Produce,HH003,3.31,0.87,0.604,0.245,1,1
ITM006,Chicken Breast,Meat,HH008,3.95,0.61,0.464,0.119,5,0
ITM009,Cheese,Dairy,HH015,0.28,0.38,0.057,0.043,5,1
ITM005,Ice Cream,Frozen,HH015,1.65,0.5,0.104,0.029,1,0
ITM004,Rice,Grains,HH018,0.35,0.42,0.225,0.066,2,1
ITM007,Tomatoes,Produce,HH016,8.1,1.36,0.25,0.2,3,0
ITM005,Ice Cream,Frozen,HH016,1.88,0.75,0.158,0.115,4,0
ITM002,Eggs,Dairy,HH008,6.07,1.54,0.592,0.225,4,0
ITM009,Cheese,Dairy,HH007,0.35,0.24,0.101,0.041,2,1
ITM006,Chicken Breast,Meat,HH019,5.55,1.17,0.508,0.338,1,0
ITM005,Ice Cream,Frozen,HH009,5.16,0.77,0.22,0.105,5,0
ITM013,Frozen Peas,Frozen,HH008,0.58,0.46,0.167,0.032,2,1
ITM001,Milk,Dairy,HH018,8.89,1.77,0.724,0.528,2,0
ITM005,Ice Cream,Frozen,HH017,3.54,0.75,0.202,0.105,1,0
ITM003,Bread,Bakery,HH006,2.76,1.74,0.415,0.07,1,1
ITM006,Chicken Breast,Meat,HH020,3.97,1.0,0.197,0.121,5,0
ITM015,Butter,Dairy,HH017,0.84,0.18,0.081,0.025,2,0
ITM009,Cheese,Dairy,HH006,1.3,0.38,0.063,0.036,1,0
ITM004,Rice,Grains,HH005,2.31,0.38,0.091,0.061,5,0
ITM002,Eggs,Dairy,HH005,4.31,0.87,0.28,0.152,1,0
ITM004,Rice,Grains,HH003,1.77,0.46,0.19,0.133,3,1
ITM013,Frozen Peas,Frozen,HH014,2.48,0.51,0.18,0.111,5,0
ITM005,Ice Cream,Frozen,HH006,2.75,0.5,0.121,0.086,1,0
ITM015,Butter,Dairy,HH013,1.18,0.3,0.1,0.046,1,0
ITM012,Cooking Oil,Pantry,HH010,0.87,0.14,0.034,0.026,5,0
ITM004,Rice,Grains,HH019,1.82,0.4,0.27,0.106,2,1
ITM002,Eggs,Dairy,HH020,4.91,1.2,0.225,0.151,3,0
ITM011,Cereal,Pantry,HH002,0.79,0.24,0.074,0.037,2,1
ITM007,Tomatoes,Produce,HH009,3.37,1.36,0.433,0.099,1,1
ITM002,Eggs,Dairy,HH016,6.51,1.03,0.244,0.097,3,0
ITM015,Butter,Dairy,HH008,0.77,0.18,0.119,0.06,3,1
ITM014,Orange Juice,Beverages,HH010,6.19,1.13,0.234,0.152,3,0
ITM012,Cooking Oil,Pantry,HH004,0.79,0.12,0.079,0.042,5,0
ITM010,Bananas,Produce,HH014,3.26,0.87,0.686,0.482,3,1
ITM011,Cereal,Pantry,HH003,1.1,0.21,0.109,0.021,1,0
ITM012,Cooking Oil,Pantry,HH003,0.66,0.17,0.056,0.027,2,0
ITM008,Yogurt,Dairy,HH011,3.63,1.59,0.456,0.113,4,1
ITM012,Cooking Oil,Pantry,HH008,0.85,0.15,0.051,0.034,4,0
ITM015,Butter,Dairy,HH017,1.29,0.2,0.093,0.024,2,0
ITM002,Eggs,Dairy,HH013,7.18,1.07,0.453,0.111,1,0
ITM006,Chicken Breast,Meat,HH014,1.06,0.91,0.433,0.244,2,1
ITM013,Frozen Peas,Frozen,HH020,1.93,0.4,0.103,0.07,3,0
ITM002,Eggs,Dairy,HH009,2.56,0.83,0.423,0.082,3,1
ITM004,Rice,Grains,HH006,1.18,0.5,0.092,0.071,2,1
ITM013,Frozen Peas,Frozen,HH015,1.46,0.57,0.11,0.04,3,0
ITM012,Cooking Oil,Pantry,HH008,0.69,0.18,0.071,0.008,5,1
ITM008,Yogurt,Dairy,HH008,9.2,1.98,0.574,0.296,1,0
ITM005,Ice Cream,Frozen,HH016,4.24,0.74,0.122,0.024,2,0
ITM014,Orange Juice,Beverages,HH008,6.56,1.15,0.442,0.125,1,0
ITM007,Tomatoes,Produce,HH017,5.27,0.85,0.362,0.189,4,0
ITM001,Milk,Dairy,HH005,10.82,1.78,0.35,0.144,3,0
ITM011,Cereal,Pantry,HH014,0.73,0.31,0.126,0.039,5,1
ITM006,Chicken Breast,Meat,HH017,2.16,0.94,0.384,0.088,4,1
ITM009,Cheese,Dairy,HH006,1.05,0.32,0.097,0.076,3,1
ITM007,Tomatoes,Produce,HH003,3.32,0.73,0.407,0.195,3,1
ITM009,Cheese,Dairy,HH009,1.08,0.33,0.157,0.118,5,1
ITM005,Ice Cream,Frozen,HH016,2.78,0.59,0.163,0.08,5,0
ITM015,Butter,Dairy,HH010,0.91,0.3,0.057,0.031,5,0
ITM007,Tomatoes,Produce,HH016,0.83,0.85,0.269,0.129,4,1
ITM012,Cooking Oil,Pantry,HH012,0.71,0.17,0.042,0.005,4,0
ITM008,Yogurt,Dairy,HH005,6.72,1.68,0.39,0.155,3,0
ITM010,Bananas,Produce,HH017,5.53,1.54,0.36,0.071,1,0
ITM010,Bananas,Produce,HH004,3.47,0.98,0.539,0.07,5,1
ITM001,Milk,Dairy,HH018,11.57,2.07,0.571,0.331,1,0
ITM003,Bread,Bakery,HH011,2.25,1.29,0.381,0.107,2,1
ITM004,Rice,Grains,HH019,0.24,0.31,0.226,0.12,5,1
ITM011,Cereal,Pantry,HH003,2.0,0.34,0.135,0.091,1,0
ITM014,Orange Juice,Beverages,HH004,4.02,0.69,0.406,0.123,3,0
ITM006,Chicken Breast,Meat,HH007,6.59,1.01,0.372,0.164,5,0
ITM010,Bananas,Produce,HH017,8.78,1.44,0.323,0.248,4,0
ITM004,Rice,Grains,HH001,1.71,0.48,0.148,0.043,2,0
ITM006,Chicken Breast,Meat,HH006,3.03,1.08,0.174,0.054,1,0
ITM003,Bread,Bakery,HH015,4.29,1.13,0.27,0.111,1,0
ITM001,Milk,Dairy,HH002,7.1,2.16,0.669,0.34,2,1
ITM008,Yogurt,Dairy,HH005,9.43,1.61,0.272,0.122,4,0
ITM008,Yogurt,Dairy,HH001,4.31,1.48,0.402,0.19,1,1
ITM012,Cooking Oil,Pantry,HH012,0.32,0.14,0.059,0.032,4,1
ITM004,Rice,Grains,HH001,2.19,0.38,0.091,0.011,3,0
ITM005,Ice Cream,Frozen,HH010,1.04,0.4,0.123,0.071,4,1
ITM008,Yogurt,Dairy,HH018,5.4,1.54,0.577,0.443,3,0
ITM007,Tomatoes,Produce,HH013,5.73,0.99,0.521,0.102,3,0
ITM014,Orange Juice,Beverages,HH009,5.77,1.07,0.344,0.111,5,0
ITM004,Rice,Grains,HH005,0.63,0.58,0.067,0.015,4,1
ITM004,Rice,Grains,HH013,2.34,0.48,0.175,0.053,3,0
ITM003,Bread,Bakery,HH013,9.26,1.46,0.775,0.112,5,0
ITM001,Milk,Dairy,HH012,0.84,1.55,0.421,0.175,4,1
ITM011,Cereal,Pantry,HH006,1.08,0.27,0.078,0.019,5,0
ITM004,Rice,Grains,HH017,1.79,0.41,0.192,0.113,5,0
ITM011,Cereal,Pantry,HH011,0.14,0.22,0.075,0.059,2,1
ITM014,Orange Juice,Beverages,HH011,4.81,0.72,0.174,0.022,1,0
ITM005,Ice Cream,Frozen,HH020,2.95,0.5,0.148,0.107,2,0
ITM004,Rice,Grains,HH011,2.13,0.54,0.106,0.037,3,0
ITM001,Milk,Dairy,HH015,2.53,1.59,0.326,0.247,4,1
ITM010,Bananas,Produce,HH017,4.35,1.26,0.303,0.195,1,0
ITM004,Rice,Grains,HH008,1.24,0.46,0.232,0.103,3,1
ITM008,Yogurt,Dairy,HH012,0.9,1.27,0.378,0.114,4,1
ITM013,Frozen Peas,Frozen,HH010,3.23,0.49,0.08,0.06,1,0
ITM001,Milk,Dairy,HH011,2.77,1.95,0.568,0.422,2,1
ITM014,Orange Juice,Beverages,HH007,3.36,0.66,0.312,0.188,5,1
ITM014,Orange Juice,Beverages,HH014,2.06,1.14,0.468,0.362,3,1
ITM004,Rice,Grains,HH019,2.19,0.32,0.253,0.178,3,0
ITM013,Frozen Peas,Frozen,HH001,0.52,0.47,0.156,0.039,1,1
ITM013,Frozen Peas,Frozen,HH001,1.54,0.47,0.139,0.052,4,0
ITM014,Orange Juice,Beverages,HH011,2.7,0.76,0.226,0.048,2,0
ITM001,Milk,Dairy,HH009,10.2,1.68,0.963,0.269,4,0
ITM002,Eggs,Dairy,HH014,5.07,1.1,0.612,0.481,2,1
ITM007,Tomatoes,Produce,HH009,5.09,0.9,0.509,0.352,4,0
ITM008,Yogurt,Dairy,HH009,4.29,1.17,0.891,0.322,5,1
ITM008,Yogurt,Dairy,HH001,5.35,1.4,0.512,0.219,4,1
ITM013,Frozen Peas,Frozen,HH015,1.06,0.53,0.073,0.042,4,1
ITM007,Tomatoes,Produce,HH013,5.22,1.04,0.443,0.116,4,0
ITM010,Bananas,Produce,HH010,7.41,1.36,0.202,0.098,3,0
ITM010,Bananas,Produce,HH008,1.02,1.35,0.482,0.068,2,1
ITM008,Yogurt,Dairy,HH018,9.98,1.45,0.692,0.527,5,0
ITM014,Orange Juice,Beverages,HH010,5.06,1.02,0.221,0.171,5,0
ITM014,Orange Juice,Beverages,HH016,1.95,0.76,0.203,0.127,3,1
ITM007,Tomatoes,Produce,HH010,0.95,1.05,0.2,0.067,3,1
ITM010,Bananas,Produce,HH007,7.34,1.05,0.357,0.248,3,0
ITM013,Frozen Peas,Frozen,HH003,1.07,0.32,0.23,0.173,2,1
ITM011,Cereal,Pantry,HH018,0.78,0.24,0.127,0.067,5,1
ITM010,Bananas,Produce,HH010,3.78,1.36,0.185,0.128,3,0
ITM003,Bread,Bakery,HH017,7.29,1.06,0.462,0.231,2,0
ITM011,Cereal,Pantry,HH009,0.84,0.31,0.128,0.046,5,1
ITM005,Ice Cream,Frozen,HH010,3.74,0.61,0.12,0.037,1,0
ITM007,Tomatoes,Produce,HH006,5.23,1.14,0.286,0.182,5,0
ITM009,Cheese,Dairy,HH001,0.94,0.27,0.094,0.055,2,1
ITM006,Chicken Breast,Meat,HH018,4.16,1.05,0.443,0.255,2,1
ITM010,Bananas,Produce,HH011,1.99,1.0,0.295,0.116,2,1
ITM010,Bananas,Produce,HH016,3.61,1.27,0.334,0.034,2,0
ITM011,Cereal,Pantry,HH003,0.98,0.21,0.132,0.071,1,0
ITM003,Bread,Bakery,HH017,5.2,1.99,0.539,0.358,5,1
ITM009,Cheese,Dairy,HH013,1.44,0.25,0.139,0.056,3,1
ITM013,Frozen Peas,Frozen,HH009,2.4,0.35,0.197,0.075,2,0
ITM014,Orange Juice,Beverages,HH018,5.1,1.14,0.439,0.288,4,0
ITM015,Butter,Dairy,HH007,0.45,0.3,0.074,0.052,4,1
ITM003,Bread,Bakery,HH015,11.9,1.95,0.218,0.154,2,0
ITM002,Eggs,Dairy,HH008,0.74,0.97,0.384,0.245,4,1
ITM004,Rice,Grains,HH015,3.11,0.59,0.078,0.055,1,0
ITM012,Cooking Oil,Pantry,HH011,0.5,0.11,0.031,0.012,3,0
ITM007,Tomatoes,Produce,HH011,3.4,0.95,0.339,0.138,1,1
ITM004,Rice,Grains,HH003,0.92,0.47,0.182,0.116,5,1
ITM011,Cereal,Pantry,HH008,1.58,0.29,0.122,0.051,4,0
ITM015,Butter,Dairy,HH014,0.34,0.17,0.096,0.041,2,1
ITM004,Rice,Grains,HH010,0.37,0.37,0.07,0.01,4,1
ITM001,Milk,Dairy,HH004,6.57,1.84,1.042,0.765,2,0
ITM012,Cooking Oil,Pantry,HH016,0.6,0.18,0.034,0.019,5,0
ITM012,Cooking Oil,Pantry,HH002,0.55,0.18,0.04,0.017,2,0
ITM006,Chicken Breast,Meat,HH006,4.65,0.97,0.247,0.155,4,0
ITM007,Tomatoes,Produce,HH019,1.43,0.95,0.617,0.424,5,1
ITM008,Yogurt,Dairy,HH014,6.38,1.72,0.737,0.509,3,1
ITM008,Yogurt,Dairy,HH006,1.4,1.89,0.297,0.038,1,1
ITM004,Rice,Grains,HH006,0.89,0.42,0.15,0.12,2,1
ITM007,Tomatoes,Produce,HH007,6.42,1.15,0.324,0.169,4,0
ITM004,Rice,Grains,HH006,2.19,0.56,0.126,0.036,3,0
ITM014,Orange Juice,Beverages,HH010,4.15,0.86,0.218,0.077,5,0
ITM002,Eggs,Dairy,HH017,7.82,1.38,0.348,0.099,3,0
ITM004,Rice,Grains,HH017,1.57,0.43,0.109,0.084,5,0
ITM010,Bananas,Produce,HH003,4.29,1.34,0.604,0.279,5,1
ITM010,Bananas,Produce,HH014,5.8,1.07,0.65,0.461,3,1
ITM004,Rice,Grains,HH009,1.32,0.42,0.233,0.078,3,1
ITM001,Milk,Dairy,HH004,14.14,2.04,0.883,0.348,4,0
ITM006,Chicken Breast,Meat,HH018,8.06,1.19,0.399,0.236,5,0
ITM001,Milk,Dairy,HH010,3.32,2.3,0.305,0.153,5,1
ITM010,Bananas,Produce,HH020,1.68,0.92,0.272,0.129,5,1
ITM010,Bananas,Produce,HH017,5.58,0.99,0.295,0.07,4,0
ITM014,Orange Juice,Beverages,HH008,4.8,0.88,0.456,0.302,2,0
ITM006,Chicken Breast,Meat,HH020,0.96,0.77,0.139,0.079,3,1
ITM011,Cereal,Pantry,HH005,1.18,0.34,0.065,0.008,5,0
ITM012,Cooking Oil,Pantry,HH003,0.17,0.11,0.071,0.036,4,1
ITM001,Milk,Dairy,HH003,9.3,1.98,0.707,0.545,4,0
ITM005,Ice Cream,Frozen,HH010,2.5,0.49,0.129,0.095,3,0
ITM011,Cereal,Pantry,HH020,1.27,0.25,0.05,0.02,3,0
ITM006,Chicken Breast,Meat,HH019,4.26,0.88,0.517,0.109,3,1
ITM014,Orange Juice,Beverages,HH013,3.73,0.69,0.468,0.356,5,0
ITM010,Bananas,Produce,HH015,5.07,1.41,0.298,0.2,4,0
ITM008,Yogurt,Dairy,HH020,9.53,1.93,0.213,0.025,3,0
ITM009,Cheese,Dairy,HH002,1.27,0.27,0.122,0.081,2,0
ITM009,Cheese,Dairy,HH003,1.5,0.24,0.15,0.093,3,0
ITM005,Ice Cream,Frozen,HH007,2.98,0.57,0.162,0.083,1,0
ITM002,Eggs,Dairy,HH005,3.7,0.98,0.31,0.082,5,0
ITM009,Cheese,Dairy,HH008,0.92,0.34,0.098,0.041,2,0
ITM003,Bread,Bakery,HH002,1.07,1.2,0.5,0.111,1,1
ITM012,Cooking Oil,Pantry,HH006,0.6,0.15,0.034,0.02,3,0
ITM015,Butter,Dairy,HH003,0.89,0.2,0.069,0.009,3,0
ITM014,Orange Juice,Beverages,HH016,5.91,0.86,0.306,0.194,3,0
ITM006,Chicken Breast,Meat,HH019,3.75,0.81,0.299,0.152,1,0
ITM012,Cooking Oil,Pantry,HH004,0.88,0.19,0.078,0.015,2,0
ITM014,Orange Juice,Beverages,HH017,2.54,1.01,0.3,0.126,4,1
ITM001,Milk,Dairy,HH002,4.8,1.91,0.479,0.176,5,1
ITM014,Orange Juice,Beverages,HH013,1.52,1.01,0.32,0.045,1,1
ITM005,Ice Cream,Frozen,HH018,1.18,0.54,0.291,0.102,5,1
ITM001,Milk,Dairy,HH004,7.56,1.42,0.91,0.133,1,1
ITM001,Milk,Dairy,HH016,15.88,2.39,0.444,0.229,1,0
ITM010,Bananas,Produce,HH017,2.32,1.46,0.328,0.219,4,1
ITM007,Tomatoes,Produce,HH001,6.11,1.26,0.303,0.199,5,0
ITM009,Cheese,Dairy,HH019,0.64,0.25,0.117,0.07,2,1
ITM009,Cheese,Dairy,HH001,0.42,0.21,0.065,0.009,5,1
ITM004,Rice,Grains,HH013,0.99,0.49,0.23,0.103,4,1
ITM015,Butter,Dairy,HH005,1.39,0.2,0.035,0.005,5,0
ITM003,Bread,Bakery,HH009,2.98,1.57,0.811,0.389,3,1
ITM013,Frozen Peas,Frozen,HH015,1.77,0.4,0.079,0.041,3,0
ITM008,Yogurt,Dairy,HH006,8.37,1.75,0.501,0.279,5,0
ITM002,Eggs,Dairy,HH006,0.96,1.38,0.298,0.116,3,1
ITM015,Butter,Dairy,HH020,1.41,0.32,0.043,0.024,5,0
ITM014,Orange Juice,Beverages,HH020,2.53,0.61,0.175,0.132,4,0
ITM004,Rice,Grains,HH006,1.83,0.57,0.156,0.117,3,0
ITM009,Cheese,Dairy,HH016,1.08,0.29,0.092,0.072,3,0
ITM011,Cereal,Pantry,HH015,0.82,0.26,0.061,0.041,2,0
ITM010,Bananas,Produce,HH011,6.89,1.44,0.248,0.06,2,0
ITM002,Eggs,Dairy,HH016,1.82,1.03,0.312,0.049,5,1
ITM001,Milk,Dairy,HH004,2.22,1.3,0.756,0.461,1,1
ITM005,Ice Cream,Frozen,HH004,2.12,0.7,0.272,0.047,5,1
ITM005,Ice Cream,Frozen,HH020,1.91,0.61,0.129,0.023,1,0
ITM001,Milk,Dairy,HH019,10.59,1.92,1.049,0.455,3,1
ITM002,Eggs,Dairy,HH018,2.9,1.01,0.561,0.395,3,1
ITM013,Frozen Peas,Frozen,HH016,0.94,0.58,0.11,0.021,2,1
ITM002,Eggs,Dairy,HH005,4.11,1.04,0.284,0.043,4,0
ITM014,Orange Juice,Beverages,HH001,2.02,0.64,0.216,0.086,5,1
ITM006,Chicken Breast,Meat,HH007,2.94,0.71,0.367,0.244,2,1
ITM014,Orange Juice,Beverages,HH015,0.84,0.8,0.13,0.015,4,1
ITM005,Ice Cream,Frozen,HH012,1.22,0.75,0.154,0.059,2,1
ITM006,Chicken Breast,Meat,HH014,3.67,0.69,0.324,0.194,4,0
ITM014,Orange Juice,Beverages,HH018,4.36,0.83,0.304,0.196,3,0
ITM010,Bananas,Produce,HH011,4.22,0.98,0.28,0.066,1,0
ITM015,Butter,Dairy,HH010,1.36,0.24,0.057,0.028,5,0
ITM011,Cereal,Pantry,HH016,1.96,0.29,0.057,0.041,4,0
ITM003,Bread,Bakery,HH004,11.71,1.77,0.625,0.219,2,0
ITM005,Ice Cream,Frozen,HH018,2.95,0.65,0.214,0.082,4,0
ITM012,Cooking Oil,Pantry,HH016,0.14,0.11,0.037,0.028,3,1
ITM014,Orange Juice,Beverages,HH020,0.62,0.92,0.216,0.167,4,1
ITM015,Butter,Dairy,HH006,0.77,0.23,0.057,0.007,3,0
ITM013,Frozen Peas,Frozen,HH019,0.55,0.47,0.167,0.112,3,1
ITM007,Tomatoes,Produce,HH020,2.04,0.85,0.238,0.026,4,1
ITM007,Tomatoes,Produce,HH008,3.06,0.86,0.411,0.176,3,1
ITM009,Cheese,Dairy,HH016,0.85,0.24,0.058,0.011,1,0
ITM003,Bread,Bakery,HH005,11.77,1.9,0.345,0.195,4,0
ITM007,Tomatoes,Produce,HH011,3.41,0.85,0.358,0.284,1,0
ITM012,Cooking Oil,Pantry,HH010,0.58,0.13,0.031,0.025,4,0
ITM007,Tomatoes,Produce,HH012,4.85,1.17,0.299,0.155,1,0
ITM011,Cereal,Pantry,HH007,0.97,0.32,0.117,0.013,1,1
ITM012,Cooking Oil,Pantry,HH019,0.36,0.12,0.059,0.014,5,1
ITM014,Orange Juice,Beverages,HH018,5.62,1.01,0.271,0.177,5,0
ITM003,Bread,Bakery,HH012,4.24,1.89,0.552,0.292,4,1
ITM006,Chicken Breast,Meat,HH008,7.09,1.2,0.432,0.109,4,0
ITM007,Tomatoes,Produce,HH017,2.36,0.82,0.335,0.123,1,1
ITM003,Bread,Bakery,HH004,1.5,1.3,0.568,0.389,3,1
ITM014,Orange Juice,Beverages,HH006,1.86,1.02,0.266,0.154,2,1
ITM008,Yogurt,Dairy,HH006,11.22,1.64,0.381,0.128,3,0
ITM009,Cheese,Dairy,HH001,1.68,0.39,0.073,0.027,3,0
ITM001,Milk,Dairy,HH006,1.32,2.4,0.601,0.404,1,1
ITM011,Cereal,Pantry,HH003,0.2,0.23,0.124,0.089,2,1
ITM001,Milk,Dairy,HH005,6.28,1.38,0.417,0.287,4,0
ITM004,Rice,Grains,HH005,1.02,0.42,0.077,0.025,4,0
ITM002,Eggs,Dairy,HH014,5.86,1.5,0.41,0.135,5,0
ITM008,Yogurt,Dairy,HH016,8.26,1.28,0.293,0.168,3,0
ITM003,Bread,Bakery,HH012,5.65,1.13,0.625,0.47,5,1
ITM003,Bread,Bakery,HH020,5.21,1.52,0.387,0.261,1,0
ITM015,Butter,Dairy,HH003,0.56,0.18,0.097,0.039,3,1
ITM001,Milk,Dairy,HH002,5.44,1.22,0.431,0.059,3,0
ITM011,Cereal,Pantry,HH005,0.88,0.24,0.065,0.035,4,0
ITM006,Chicken Breast,Meat,HH013,1.11,0.9,0.399,0.28,3,1
ITM010,Bananas,Produce,HH009,5.4,1.43,0.466,0.181,1,0
ITM002,Eggs,Dairy,HH015,1.77,0.94,0.242,0.033,4,1
ITM001,Milk,Dairy,HH016,8.3,2.28,0.579,0.231,3,0
ITM007,Tomatoes,Produce,HH019,3.01,0.82,0.352,0.107,2,1
ITM005,Ice Cream,Frozen,HH017,5.27,0.76,0.202,0.14,1,0
ITM007,Tomatoes,Produce,HH016,4.87,1.05,0.282,0.095,1,0
ITM004,Rice,Grains,HH018,1.05,0.5,0.191,0.094,2,1
ITM006,Chicken Breast,Meat,HH008,2.84,0.99,0.423,0.287,4,1
ITM013,Frozen Peas,Frozen,HH009,2.94,0.52,0.155,0.118,4,0
ITM008,Yogurt,Dairy,HH009,5.43,1.22,0.608,0.183,1,0
ITM004,Rice,Grains,HH006,0.61,0.33,0.12,0.037,3,1
ITM009,Cheese,Dairy,HH003,2.06,0.31,0.1,0.047,5,0
ITM003,Bread,Bakery,HH014,2.54,1.65,0.822,0.405,5,1
ITM002,Eggs,Dairy,HH008,5.73,0.91,0.466,0.182,1,0
ITM014,Orange Juice,Beverages,HH012,2.74,0.95,0.298,0.168,3,1
ITM007,Tomatoes,Produce,HH007,2.8,1.26,0.247,0.14,3,0
ITM011,Cereal,Pantry,HH008,0.89,0.29,0.129,0.049,2,1
ITM014,Orange Juice,Beverages,HH003,5.79,1.08,0.372,0.227,3,0
ITM008,Yogurt,Dairy,HH001,3.71,1.62,0.491,0.3,2,1
ITM006,Chicken Breast,Meat,HH009,2.08,1.01,0.357,0.089,4,1
ITM011,Cereal,Pantry,HH006,1.11,0.27,0.077,0.025,3,0
ITM002,Eggs,Dairy,HH019,1.0,1.56,0.505,0.397,2,1
ITM005,Ice Cream,Frozen,HH002,2.68,0.54,0.206,0.155,5,0
ITM012,Cooking Oil,Pantry,HH010,0.23,0.15,0.033,0.024,5,1
ITM012,Cooking Oil,Pantry,HH003,0.16,0.16,0.077,0.017,5,1
ITM001,Milk,Dairy,HH009,9.87,2.19,1.084,0.412,3,0
ITM001,Milk,Dairy,HH007,3.74,1.63,0.6,0.375,2,1
ITM015,Butter,Dairy,HH010,1.04,0.18,0.048,0.013,1,0
ITM012,Cooking Oil,Pantry,HH010,1.26,0.19,0.029,0.021,2,0
ITM006,Chicken Breast,Meat,HH002,5.7,1.14,0.367,0.235,2,0
ITM001,Milk,Dairy,HH008,13.51,2.3,0.621,0.066,3,0
ITM002,Eggs,Dairy,HH020,6.71,1.59,0.262,0.067,1,0
ITM010,Bananas,Produce,HH006,4.9,1.39,0.411,0.145,2,0
ITM015,Butter,Dairy,HH001,0.66,0.3,0.046,0.036,5,0
ITM008,Yogurt,Dairy,HH008,2.24,1.67,0.579,0.276,4,1
ITM010,Bananas,Produce,HH014,8.41,1.25,0.515,0.382,5,0
ITM011,Cereal,Pantry,HH013,0.57,0.29,0.09,0.071,4,1
ITM004,Rice,Grains,HH010,0.7,0.53,0.107,0.079,2,1
ITM002,Eggs,Dairy,HH010,8.54,1.51,0.295,0.177,4,0
ITM013,Frozen Peas,Frozen,HH015,2.53,0.46,0.086,0.021,4,0
ITM007,Tomatoes,Produce,HH015,0.55,0.93,0.207,0.107,5,1
ITM011,Cereal,Pantry,HH001,0.87,0.35,0.101,0.058,5,1
ITM005,Ice Cream,Frozen,HH018,2.23,0.66,0.187,0.055,3,0
ITM005,Ice Cream,Frozen,HH009,3.13,0.58,0.233,0.029,5,0
ITM011,Cereal,Pantry,HH007,2.26,0.35,0.126,0.063,4,0
ITM005,Ice Cream,Frozen,HH003,1.74,0.56,0.241,0.089,1,1
ITM008,Yogurt,Dairy,HH009,8.49,1.4,0.801,0.524,2,0
ITM010,Bananas,Produce,HH019,3.77,1.16,0.579,0.165,2,1
ITM006,Chicken Breast,Meat,HH008,4.12,0.72,0.385,0.124,2,0
ITM013,Frozen Peas,Frozen,HH004,1.02,0.42,0.247,0.168,2,1
ITM003,Bread,Bakery,HH005,2.16,1.24,0.25,0.094,2,1
ITM005,Ice Cream,Frozen,HH019,0.43,0.74,0.234,0.13,4,1
ITM007,Tomatoes,Produce,HH004,4.19,1.34,0.591,0.459,4,1
ITM001,Milk,Dairy,HH012,2.64,1.77,0.678,0.496,1,1
ITM008,Yogurt,Dairy,HH011,3.2,1.19,0.346,0.16,3,1
ITM004,Rice,Grains,HH013,0.36,0.36,0.205,0.095,5,1
ITM006,Chicken Breast,Meat,HH010,1.03,1.12,0.233,0.091,4,1
ITM014,Orange Juice,Beverages,HH019,0.57,0.95,0.435,0.126,1,1
ITM002,Eggs,Dairy,HH015,6.95,1.3,0.218,0.131,1,0
ITM009,Cheese,Dairy,HH012,1.31,0.21,0.121,0.093,1,1
ITM002,Eggs,Dairy,HH016,2.76,1.33,0.384,0.164,1,1
ITM012,Cooking Oil,Pantry,HH008,0.46,0.18,0.064,0.026,5,1
ITM004,Rice,Grains,HH001,1.21,0.31,0.136,0.101,5,0
ITM005,Ice Cream,Frozen,HH007,4.25,0.65,0.171,0.068,2,0
ITM005,Ice Cream,Frozen,HH005,0.5,0.5,0.146,0.058,3,1
ITM005,Ice Cream,Frozen,HH001,1.73,0.6,0.138,0.108,2,0
ITM010,Bananas,Produce,HH003,2.27,0.85,0.468,0.314,3,1
ITM001,Milk,Dairy,HH013,2.68,1.46,0.837,0.571,3,1
ITM014,Orange Juice,Beverages,HH011,5.87,0.96,0.254,0.178,2,0
ITM008,Yogurt,Dairy,HH002,6.96,1.36,0.475,0.117,5,0
ITM013,Frozen Peas,Frozen,HH001,1.82,0.56,0.138,0.102,3,1
ITM009,Cheese,Dairy,HH016,1.42,0.26,0.059,0.041,4,0
ITM015,Butter,Dairy,HH002,0.74,0.32,0.065,0.01,3,0
ITM008,Yogurt,Dairy,HH009,7.17,1.74,0.549,0.264,4,0
ITM003,Bread,Bakery,HH012,2.6,1.64,0.59,0.331,2,1
ITM003,Bread,Bakery,HH020,8.6,1.98,0.279,0.121,5,0
ITM011,Cereal,Pantry,HH009,1.75,0.29,0.163,0.089,2,0
ITM001,Milk,Dairy,HH018,12.42,2.2,0.774,0.366,4,0
ITM003,Bread,Bakery,HH002,8.47,1.34,0.431,0.295,2,0
ITM009,Cheese,Dairy,HH009,1.12,0.35,0.113,0.017,5,1
ITM009,Cheese,Dairy,HH007,0.35,0.21,0.118,0.06,1,1
ITM008,Yogurt,Dairy,HH014,8.09,1.92,0.763,0.416,3,1
ITM003,Bread,Bakery,HH002,1.57,1.03,0.488,0.147,3,1
ITM015,Butter,Dairy,HH015,0.57,0.3,0.04,0.024,5,0
ITM009,Cheese,Dairy,HH005,1.05,0.33,0.071,0.012,1,0
ITM011,Cereal,Pantry,HH002,0.37,0.22,0.118,0.077,5,1
ITM010,Bananas,Produce,HH007,1.39,1.54,0.426,0.336,4,1
ITM009,Cheese,Dairy,HH006,1.62,0.31,0.094,0.048,1,0
ITM013,Frozen Peas,Frozen,HH016,0.72,0.48,0.151,0.076,3,1
ITM010,Bananas,Produce,HH005,6.39,1.06,0.185,0.074,5,0
ITM013,Frozen Peas,Frozen,HH017,0.68,0.37,0.167,0.098,4,1
ITM001,Milk,Dairy,HH015,11.03,2.09,0.412,0.095,5,0
ITM008,Yogurt,Dairy,HH007,3.95,1.41,0.6,0.243,3,1
ITM012,Cooking Oil,Pantry,HH003,0.79,0.12,0.077,0.044,5,0
ITM011,Cereal,Pantry,HH011,0.93,0.32,0.062,0.03,2,0
ITM008,Yogurt,Dairy,HH008,10.34,1.92,0.525,0.182,3,0
ITM013,Frozen Peas,Frozen,HH015,0.63,0.33,0.082,0.058,1,1
ITM013,Frozen Peas,Frozen,HH017,0.74,0.45,0.121,0.032,4,1
ITM003,Bread,Bakery,HH004,6.79,1.52,0.85,0.249,1,0
ITM005,Ice Cream,Frozen,HH012,2.75,0.78,0.244,0.03,4,0
ITM002,Eggs,Dairy,HH002,3.63,0.91,0.459,0.098,5,1
ITM001,Milk,Dairy,HH013,7.35,2.21,0.51,0.177,3,0
ITM013,Frozen Peas,Frozen,HH001,2.52,0.59,0.132,0.089,1,0
ITM001,Milk,Dairy,HH012,3.01,1.64,0.754,0.523,4,1
ITM015,Butter,Dairy,HH003,0.76,0.24,0.096,0.037,1,1
ITM008,Yogurt,Dairy,HH012,6.22,1.57,0.437,0.183,3,0
ITM002,Eggs,Dairy,HH020,0.78,0.96,0.207,0.109,2,1
ITM015,Butter,Dairy,HH001,1.76,0.26,0.067,0.039,4,0
ITM014,Orange Juice,Beverages,HH020,4.94,1.07,0.209,0.141,1,0
ITM013,Frozen Peas,Frozen,HH007,3.15,0.5,0.155,0.041,1,0
ITM015,Butter,Dairy,HH001,1.14,0.23,0.051,0.04,2,0
ITM001,Milk,Dairy,HH017,1.51,1.44,0.473,0.146,2,1
ITM012,Cooking Oil,Pantry,HH002,0.2,0.2,0.057,0.016,3,1
ITM009,Cheese,Dairy,HH008,1.37,0.27,0.154,0.064,1,0
ITM014,Orange Juice,Beverages,HH017,1.19,1.08,0.294,0.118,3,1
ITM015,Butter,Dairy,HH019,0.26,0.28,0.138,0.082,3,1
ITM007,Tomatoes,Produce,HH014,1.48,1.15,0.627,0.285,5,1
ITM009,Cheese,Dairy,HH004,0.84,0.32,0.172,0.125,2,1
ITM001,Milk,Dairy,HH008,3.05,1.59,0.535,0.082,4,1
ITM003,Bread,Bakery,HH011,10.99,1.87,0.374,0.171,3,0
ITM002,Eggs,Dairy,HH010,10.39,1.57,0.268,0.202,5,0
ITM012,Cooking Oil,Pantry,HH015,0.42,0.17,0.03,0.01,1,0
ITM004,Rice,Grains,HH005,1.48,0.34,0.092,0.018,1,0
ITM010,Bananas,Produce,HH001,8.38,1.56,0.346,0.157,5,0
ITM010,Bananas,Produce,HH001,5.07,1.26,0.235,0.139,3,0
ITM007,Tomatoes,Produce,HH004,4.72,1.38,0.56,0.145,1,1
ITM008,Yogurt,Dairy,HH011,2.23,1.43,0.366,0.162,3,1
ITM006,Chicken Breast,Meat,HH010,2.04,1.07,0.136,0.072,3,0
ITM015,Butter,Dairy,HH013,0.74,0.3,0.075,0.038,1,0
ITM007,Tomatoes,Produce,HH002,3.71,1.02,0.364,0.178,5,1
ITM013,Frozen Peas,Frozen,HH020,2.56,0.46,0.069,0.038,3,0
ITM002,Eggs,Dairy,HH001,4.82,1.14,0.365,0.087,1,0
ITM005,Ice Cream,Frozen,HH013,2.68,0.47,0.22,0.118,5,0
ITM014,Orange Juice,Beverages,HH001,5.06,1.01,0.195,0.074,2,0
ITM001,Milk,Dairy,HH001,6.79,1.61,0.438,0.133,3,0
ITM008,Yogurt,Dairy,HH012,1.5,1.2,0.481,0.231,2,1
ITM006,Chicken Breast,Meat,HH008,2.57,1.18,0.341,0.121,2,1
ITM009,Cheese,Dairy,HH015,1.5,0.22,0.07,0.029,5,0
ITM007,Tomatoes,Produce,HH015,2.52,0.72,0.148,0.019,3,0
ITM012,Cooking Oil,Pantry,HH017,1.22,0.19,0.045,0.028,3,0
ITM003,Bread,Bakery,HH018,6.58,1.65,0.732,0.457,4,1
ITM004,Rice,Grains,HH004,1.18,0.34,0.212,0.134,5,1
ITM004,Rice,Grains,HH004,3.88,0.59,0.23,0.078,4,0
ITM007,Tomatoes,Produce,HH011,5.49,1.38,0.315,0.074,5,0
ITM014,Orange Juice,Beverages,HH018,5.14,0.88,0.383,0.169,5,0
ITM011,Cereal,Pantry,HH018,1.23,0.24,0.094,0.043,1,0
ITM013,Frozen Peas,Frozen,HH016,1.37,0.54,0.096,0.059,5,0
ITM007,Tomatoes,Produce,HH010,4.51,1.04,0.247,0.074,1,0
ITM007,Tomatoes,Produce,HH012,4.48,0.84,0.25,0.148,2,0
ITM013,Frozen Peas,Frozen,HH013,0.87,0.32,0.15,0.094,5,1
ITM014,Orange Juice,Beverages,HH008,4.49,0.66,0.427,0.257,2,0
ITM007,Tomatoes,Produce,HH017,8.67,1.25,0.258,0.194,5,0
ITM007,Tomatoes,Produce,HH016,2.04,0.88,0.227,0.174,3,1
ITM003,Bread,Bakery,HH016,8.9,1.31,0.368,0.158,2,0
ITM010,Bananas,Produce,HH010,3.35,1.18,0.273,0.152,2,0
ITM015,Butter,Dairy,HH002,0.78,0.23,0.061,0.045,2,0
ITM012,Cooking Oil,Pantry,HH005,0.68,0.13,0.024,0.006,4,0
ITM006,Chicken Breast,Meat,HH011,4.41,1.04,0.28,0.085,5,0
ITM009,Cheese,Dairy,HH013,1.5,0.38,0.103,0.046,1,0
ITM005,Ice Cream,Frozen,HH011,1.7,0.57,0.173,0.133,4,0
ITM004,Rice,Grains,HH014,1.49,0.34,0.253,0.121,4,1
ITM012,Cooking Oil,Pantry,HH004,0.14,0.11,0.08,0.01,5,1
ITM002,Eggs,Dairy,HH009,6.13,1.57,0.44,0.224,1,0
ITM006,Chicken Breast,Meat,HH010,6.4,0.94,0.186,0.036,2,0
ITM004,Rice,Grains,HH001,0.74,0.32,0.114,0.078,1,1
ITM004,Rice,Grains,HH020,1.43,0.59,0.098,0.021,4,0
ITM009,Cheese,Dairy,HH003,0.62,0.21,0.099,0.056,4,1
ITM001,Milk,Dairy,HH002,6.16,1.81,0.542,0.192,3,1
ITM002,Eggs,Dairy,HH007,3.14,1.2,0.297,0.208,5,1
ITM013,Frozen Peas,Frozen,HH020,0.25,0.35,0.064,0.049,3,1
ITM002,Eggs,Dairy,HH005,6.05,1.3,0.182,0.088,2,0
ITM007,Tomatoes,Produce,HH012,7.83,1.23,0.294,0.207,4,0
ITM014,Orange Juice,Beverages,HH008,3.23,1.04,0.373,0.145,1,1
ITM001,Milk,Dairy,HH006,7.6,1.94,0.478,0.272,3,0
ITM006,Chicken Breast,Meat,HH015,3.17,1.12,0.183,0.064,3,0
ITM014,Orange Juice,Beverages,HH012,1.26,0.71,0.296,0.042,2,1
ITM006,Chicken Breast,Meat,HH003,3.28,0.81,0.448,0.146,1,0
ITM001,Milk,Dairy,HH010,4.33,1.62,0.347,0.084,3,0
ITM011,Cereal,Pantry,HH002,1.54,0.37,0.072,0.032,1,0
ITM005,Ice Cream,Frozen,HH009,1.29,0.79,0.319,0.102,1,1
ITM009,Cheese,Dairy,HH006,1.0,0.27,0.058,0.007,1,0
ITM013,Frozen Peas,Frozen,HH008,0.56,0.56,0.186,0.114,5,1
ITM005,Ice Cream,Frozen,HH001,3.65,0.66,0.182,0.04,5,0
ITM009,Cheese,Dairy,HH020,0.96,0.2,0.051,0.024,1,0
ITM010,Bananas,Produce,HH003,5.36,0.89,0.418,0.333,5,0
ITM009,Cheese,Dairy,HH008,0.28,0.27,0.127,0.066,1,1
ITM006,Chicken Breast,Meat,HH007,2.99,0.62,0.255,0.11,4,0
ITM008,Yogurt,Dairy,HH009,2.04,1.57,0.635,0.077,1,1
ITM012,Cooking Oil,Pantry,HH005,0.59,0.16,0.029,0.014,3,0
ITM003,Bread,Bakery,HH016,4.33,1.19,0.451,0.162,1,1
ITM013,Frozen Peas,Frozen,HH012,3.25,0.47,0.171,0.081,5,0
ITM010,Bananas,Produce,HH006,1.5,0.94,0.279,0.029,3,1
ITM012,Cooking Oil,Pantry,HH018,0.48,0.14,0.075,0.009,1,1
ITM011,Cereal,Pantry,HH006,0.48,0.29,0.064,0.025,4,1
ITM002,Eggs,Dairy,HH003,4.47,0.91,0.473,0.262,5,0
ITM006,Chicken Breast,Meat,HH017,2.94,0.99,0.321,0.222,2,1
ITM002,Eggs,Dairy,HH007,2.35,0.94,0.364,0.18,3,1
ITM010,Bananas,Produce,HH004,4.26,1.29,0.428,0.332,2,0
ITM006,Chicken Breast,Meat,HH018,3.91,0.83,0.317,0.192,1,0
ITM015,Butter,Dairy,HH001,0.8,0.17,0.058,0.034,5,0
ITM014,Orange Juice,Beverages,HH010,3.66,0.73,0.211,0.065,1,0
ITM009,Cheese,Dairy,HH005,1.94,0.31,0.065,0.031,2,0
ITM007,Tomatoes,Produce,HH012,4.81,1.13,0.437,0.211,5,0
ITM012,Cooking Oil,Pantry,HH001,0.85,0.16,0.04,0.024,4,0
ITM008,Yogurt,Dairy,HH014,1.97,1.05,0.606,0.349,3,1
ITM003,Bread,Bakery,HH014,1.2,1.99,0.692,0.452,5,1
ITM005,Ice Cream,Frozen,HH011,1.38,0.5,0.151,0.099,1,1
ITM015,Butter,Dairy,HH003,0.29,0.22,0.118,0.022,3,1
ITM010,Bananas,Produce,HH001,4.88,0.95,0.407,0.058,5,0
ITM004,Rice,Grains,HH008,0.88,0.56,0.189,0.117,4,1
ITM014,Orange Juice,Beverages,HH019,1.8,0.8,0.316,0.166,4,1
ITM008,Yogurt,Dairy,HH003,10.17,1.9,0.635,0.264,1,0
ITM009,Cheese,Dairy,HH009,1.1,0.32,0.153,0.07,5,1
ITM002,Eggs,Dairy,HH002,6.1,1.16,0.308,0.092,2,0
ITM004,Rice,Grains,HH007,0.51,0.42,0.152,0.08,1,1
ITM008,Yogurt,Dairy,HH014,3.05,1.6,0.885,0.55,2,1
ITM008,Yogurt,Dairy,HH002,1.72,1.17,0.562,0.06,4,1
ITM004,Rice,Grains,HH004,2.12,0.38,0.254,0.108,1,1
ITM015,Butter,Dairy,HH011,0.97,0.18,0.072,0.039,3,0
ITM013,Frozen Peas,Frozen,HH018,2.01,0.31,0.201,0.145,5,0
ITM004,Rice,Grains,HH006,2.04,0.37,0.12,0.021,1,0
ITM012,Cooking Oil,Pantry,HH007,0.3,0.12,0.054,0.026,5,1
ITM013,Frozen Peas,Frozen,HH015,0.35,0.51,0.108,0.069,1,1
ITM004,Rice,Grains,HH014,0.9,0.55,0.252,0.141,2,1
ITM011,Cereal,Pantry,HH018,1.71,0.37,0.12,0.065,3,0
ITM011,Cereal,Pantry,HH002,0.61,0.27,0.099,0.015,4,1
ITM005,Ice Cream,Frozen,HH003,1.46,0.41,0.217,0.095,3,1
ITM008,Yogurt,Dairy,HH020,3.02,1.19,0.352,0.109,2,1
ITM014,Orange Juice,Beverages,HH013,5.4,0.94,0.449,0.09,3,0
ITM004,Rice,Grains,HH003,1.22,0.37,0.172,0.127,3,1
ITM008,Yogurt,Dairy,HH007,5.07,1.84,0.506,0.104,4,1
ITM009,Cheese,Dairy,HH019,0.68,0.26,0.148,0.097,1,1
ITM012,Cooking Oil,Pantry,HH014,1.0,0.17,0.062,0.043,2,0
ITM011,Cereal,Pantry,HH007,1.27,0.22,0.099,0.015,4,0
ITM004,Rice,Grains,HH008,1.3,0.38,0.133,0.063,4,1
ITM004,Rice,Grains,HH004,3.55,0.58,0.151,0.117,2,0
ITM014,Orange Juice,Beverages,HH010,2.65,0.78,0.231,0.143,2,0
ITM009,Cheese,Dairy,HH011,2.5,0.38,0.079,0.027,3,0
ITM009,Cheese,Dairy,HH020,1.54,0.27,0.047,0.009,4,0
ITM004,Rice,Grains,HH005,2.78,0.59,0.09,0.021,3,0
ITM014,Orange Juice,Beverages,HH003,0.95,0.85,0.329,0.122,2,1
ITM011,Cereal,Pantry,HH006,1.13,0.36,0.07,0.014,3,0
ITM005,Ice Cream,Frozen,HH004,1.57,0.67,0.344,0.057,4,1
ITM015,Butter,Dairy,HH003,0.54,0.2,0.11,0.08,1,1
ITM002,Eggs,Dairy,HH018,2.79,0.84,0.4,0.14,5,1
ITM004,Rice,Grains,HH020,1.36,0.35,0.108,0.04,1,0
ITM011,Cereal,Pantry,HH016,0.58,0.31,0.068,0.013,5,1
ITM002,Eggs,Dairy,HH019,5.12,1.42,0.509,0.079,5,0
ITM002,Eggs,Dairy,HH006,6.35,1.47,0.28,0.085,4,0
ITM006,Chicken Breast,Meat,HH007,4.32,1.17,0.38,0.246,3,0
ITM006,Chicken Breast,Meat,HH003,1.89,0.88,0.35,0.085,5,1
ITM011,Cereal,Pantry,HH019,0.78,0.39,0.134,0.06,1,1
ITM001,Milk,Dairy,HH011,2.84,2.28,0.463,0.108,5,1
ITM001,Milk,Dairy,HH006,14.6,2.35,0.484,0.192,5,0
ITM006,Chicken Breast,Meat,HH013,1.13,1.08,0.255,0.196,4,1
ITM004,Rice,Grains,HH007,2.48,0.41,0.189,0.045,5,0
ITM006,Chicken Breast,Meat,HH008,4.97,0.84,0.283,0.058,4,0
ITM005,Ice Cream,Frozen,HH012,2.56,0.57,0.194,0.069,4,0
ITM011,Cereal,Pantry,HH015,0.49,0.25,0.046,0.005,4,1
ITM005,Ice Cream,Frozen,HH017,0.74,0.7,0.247,0.126,4,1
ITM014,Orange Juice,Beverages,HH011,2.24,0.66,0.193,0.089,1,0
ITM014,Orange Juice,Beverages,HH005,3.56,0.74,0.128,0.086,3,0
ITM002,Eggs,Dairy,HH016,4.11,0.81,0.226,0.074,2,0
ITM006,Chicken Breast,Meat,HH003,0.4,0.64,0.33,0.135,5,1
ITM012,Cooking Oil,Pantry,HH012,0.8,0.17,0.057,0.027,2,0
ITM007,Tomatoes,Produce,HH019,5.86,0.86,0.472,0.236,4,0
ITM006,Chicken Breast,Meat,HH009,4.48,1.07,0.405,0.09,5,0
ITM015,Butter,Dairy,HH015,1.1,0.29,0.054,0.024,3,0
ITM003,Bread,Bakery,HH005,1.67,1.38,0.219,0.093,1,1
ITM002,Eggs,Dairy,HH008,3.7,1.53,0.602,0.083,5,1
ITM007,Tomatoes,Produce,HH008,5.3,1.07,0.361,0.066,2,0
ITM011,Cereal,Pantry,HH011,1.62,0.38,0.067,0.053,3,0
ITM006,Chicken Breast,Meat,HH010,2.86,0.61,0.143,0.111,1,0
ITM012,Cooking Oil,Pantry,HH010,0.53,0.18,0.036,0.005,2,0
ITM013,Frozen Peas,Frozen,HH004,3.41,0.57,0.163,0.113,5,0
ITM014,Orange Juice,Beverages,HH017,5.6,1.03,0.326,0.132,4,0
ITM002,Eggs,Dairy,HH018,7.08,1.07,0.569,0.403,2,0
ITM002,Eggs,Dairy,HH019,9.19,1.57,0.655,0.226,5,0
ITM012,Cooking Oil,Pantry,HH013,0.64,0.17,0.067,0.036,3,1
ITM010,Bananas,Produce,HH008,2.91,0.85,0.528,0.204,4,1
ITM015,Butter,Dairy,HH019,0.43,0.31,0.121,0.036,5,1
ITM004,Rice,Grains,HH019,2.79,0.57,0.239,0.156,3,0
ITM014,Orange Juice,Beverages,HH006,4.42,0.96,0.169,0.075,2,0
ITM015,Butter,Dairy,HH006,1.25,0.2,0.051,0.008,2,0
ITM010,Bananas,Produce,HH008,0.73,1.34,0.512,0.358,5,1
ITM008,Yogurt,Dairy,HH018,7.3,1.62,0.472,0.254,1,0
ITM010,Bananas,Produce,HH006,4.22,1.16,0.343,0.109,3,0
ITM003,Bread,Bakery,HH007,6.67,1.34,0.528,0.156,3,0
ITM006,Chicken Breast,Meat,HH012,1.33,0.73,0.368,0.058,1,1
ITM002,Eggs,Dairy,HH017,4.38,0.88,0.345,0.264,3,0
ITM009,Cheese,Dairy,HH019,1.33,0.27,0.126,0.07,1,0
ITM008,Yogurt,Dairy,HH004,1.68,1.28,0.565,0.432,4,1
ITM002,Eggs,Dairy,HH009,6.18,1.56,0.527,0.099,5,0
ITM002,Eggs,Dairy,HH013,3.5,1.37,0.597,0.103,5,1
